{
  "domain": "104.131.146.26",
  "urls": [
    "http://104.131.146.26/"
  ],
  "names": [
    "Okan Gul"
  ],
  "descriptions": [],
  "pictures": [],
  "hcard": {},
  "rel_mes": [],
  "crawl_start": "2017-06-10T05:43:51",
  "crawl_end": "2017-06-10T05:43:51",
  "num_pages": 1,
  "total_html_size": 16229,
  "servers": [
    "Apache (Ubuntu)"
  ],
  "tags": [],
  "endpoints": {},
  "links_out": 9,
  "links_in": 0,
  "links": {
    "github.com": {
      "out": {
        "other": 2
      },
      "score": 1
    },
    "www.linkedin.com": {
      "out": {
        "other": 2
      },
      "score": 1
    },
    "facebook.com/okan.gul.7731": {
      "out": {
        "other": 2
      },
      "score": 1
    },
    "www.instagram.com": {
      "out": {
        "other": 2
      },
      "score": 1
    },
    "OkanGulResume.pdf": {
      "out": {
        "other": 1
      },
      "score": 0.499
    }
  }
}