{
  "domain": "1500wordmtu.com",
  "urls": [
    "http://www.1500wordmtu.com/profile/lindner",
    "https://google.com/+PaulLindner",
    "https://twitter.com/lindner",
    "https://facebook.com/plindner",
    "https://linkedin.com/in/plindner",
    "https://github.com/lindner",
    "https://lindner.livejournal.com",
    "http://slashdot.org/~lindner",
    "https://profile.typepad.com/lindner",
    "http://last.fm/user/plindner",
    "http://klout.com/lindner",
    "https://medium.com/@lindner",
    "https://www.openhub.net/accounts/plindner",
    "https://flickr.com/people/plindner",
    "https://www.reddit.com/u/paullindner",
    "http://www.songkick.com/users/lindner",
    "http://scholar.google.com/citations?user=ES59CB0AAAAJ",
    "http://search.cpan.org/~lindner",
    "https://news.ycombinator.com/user?id=lindner",
    "https://archive.org/details/@paul_lindner",
    "https://youtube.com/c/paullindner",
    "https://onename.com/lindner",
    "https://makamaka.me/@lindner"
  ],
  "names": [
    "Paul Lindner",
    "1500 Word MTU"
  ],
  "descriptions": [
    "I make the internet a better place.",
    "The online life of Paul Lindner"
  ],
  "pictures": [
    "http://www.1500wordmtu.com/file/0aa48b90951ef3beced2d4250f029d75/thumb.jpg"
  ],
  "hcard": {
    "properties": {
      "email": [
        "mailto:lindner@inuus.com"
      ],
      "name": [
        "Paul Lindner"
      ],
      "note": [
        {
          "html": "<div class=\"highlightedText\">\n<p>I make the internet a better place.</p>\n</div> ",
          "value": "\nI make the internet a better place.\n "
        }
      ],
      "photo": [
        "http://www.1500wordmtu.com/file/0aa48b90951ef3beced2d4250f029d75/thumb.jpg"
      ],
      "profile": [
        "Paul Lindner"
      ],
      "url": [
        "http://www.1500wordmtu.com/profile/lindner",
        "http://www.1500wordmtu.com/profile/lindner",
        "https://google.com/+PaulLindner",
        "https://twitter.com/lindner",
        "https://facebook.com/plindner",
        "https://linkedin.com/in/plindner",
        "https://github.com/lindner",
        "https://lindner.livejournal.com",
        "http://slashdot.org/~lindner",
        "https://profile.typepad.com/lindner",
        "http://last.fm/user/plindner",
        "http://klout.com/lindner",
        "https://medium.com/@lindner",
        "https://www.openhub.net/accounts/plindner",
        "https://flickr.com/people/plindner",
        "https://www.reddit.com/u/paullindner",
        "http://www.songkick.com/users/lindner",
        "http://scholar.google.com/citations?user=ES59CB0AAAAJ",
        "http://search.cpan.org/~lindner",
        "https://news.ycombinator.com/user?id=lindner",
        "https://archive.org/details/@paul_lindner",
        "https://youtube.com/c/paullindner",
        "https://onename.com/lindner",
        "https://makamaka.me/@lindner"
      ]
    },
    "type": [
      "h-card"
    ]
  },
  "rel_mes": [
    "https://google.com/+PaulLindner",
    "https://twitter.com/lindner",
    "https://facebook.com/plindner",
    "https://linkedin.com/in/plindner",
    "https://github.com/lindner",
    "https://lindner.livejournal.com",
    "http://slashdot.org/~lindner",
    "https://profile.typepad.com/lindner",
    "http://last.fm/user/plindner",
    "http://klout.com/lindner",
    "https://medium.com/@lindner",
    "https://www.openhub.net/accounts/plindner",
    "https://flickr.com/people/plindner",
    "https://www.reddit.com/u/paullindner",
    "http://www.songkick.com/users/lindner",
    "http://scholar.google.com/citations?user=ES59CB0AAAAJ",
    "http://search.cpan.org/~lindner",
    "mailto:lindner@inuus.com",
    "https://news.ycombinator.com/user?id=lindner",
    "https://archive.org/details/@paul_lindner",
    "https://youtube.com/c/paullindner",
    "https://onename.com/lindner",
    "https://makamaka.me/@lindner"
  ],
  "tags": [
    "relme",
    "IRC"
  ],
  "endpoints": {},
  "crawl_start": "2017-05-19T22:41:56.737394",
  "crawl_end": "2017-05-19T22:41:56.737394",
  "links_out": 0,
  "links_in": 41,
  "links": {
    "chat.indieweb.org": {
      "in": {
        "other": 33
      },
      "score": 1
    },
    "indieweb.org": {
      "in": {
        "other": 6
      },
      "score": 0.511
    },
    "www.rmendes.net": {
      "in": {
        "other": 2
      },
      "score": 0.198
    }
  }
}