{
  "domain": "2012.aaronparecki.com",
  "urls": [
    "http://2012.aaronparecki.com/"
  ],
  "names": [
    "Aaron Parecki"
  ],
  "descriptions": [],
  "pictures": [
    "http://2012.aaronparecki.com/favicon.ico"
  ],
  "hcard": {},
  "rel_mes": [
    "https://twitter.com/aaronpk",
    "https://github.com/aaronpk",
    "http://www.linkedin.com/in/aaronparecki",
    "http://profiles.google.com/aaron.parecki",
    "http://facebook.com/aaronpk",
    "http://www.flickr.com/people/aaronpk/",
    "http://foursquare.com/aaronpk",
    "http://geoloqi.com/aaronpk"
  ],
  "crawl_start": "2017-04-30T01:57:40",
  "crawl_end": "2017-04-30T01:58:26",
  "num_pages": 36,
  "total_html_size": 669939,
  "servers": [
    "nginx",
    "MediaWiki"
  ],
  "mf2_classes": [
    "h-card"
  ],
  "tags": [
    "relme",
    "webmention.io"
  ],
  "endpoints": {},
  "links_out": 1190,
  "links_in": 17,
  "links": {
    "github.com": {
      "out": {
        "other": 316
      },
      "score": 1
    },
    "aaronparecki.com": {
      "out": {
        "other": 90
      },
      "in": {
        "other": 12
      },
      "score": 0.816
    },
    "twitter.com/aaronpk": {
      "out": {
        "other": 79
      },
      "score": 0.784
    },
    "siliconflorist.com": {
      "out": {
        "other": 70
      },
      "score": 0.766
    },
    "geoloqi.com": {
      "out": {
        "other": 59
      },
      "score": 0.740
    },
    "www.flickr.com": {
      "out": {
        "other": 45
      },
      "score": 0.698
    },
    "www.linkedin.com": {
      "out": {
        "other": 38
      },
      "score": 0.671
    },
    "foursquare.com": {
      "out": {
        "other": 38
      },
      "score": 0.671
    },
    "lanyrd.com": {
      "out": {
        "other": 38
      },
      "score": 0.671
    },
    "plancast.com": {
      "out": {
        "other": 38
      },
      "score": 0.671
    },
    "facebook.com/aaronpk": {
      "out": {
        "other": 38
      },
      "score": 0.671
    },
    "profiles.google.com": {
      "out": {
        "other": 38
      },
      "score": 0.671
    },
    "old.aaronparecki.com": {
      "out": {
        "other": 36
      },
      "score": 0.664
    },
    "mediawiki.org": {
      "out": {
        "other": 36
      },
      "score": 0.664
    },
    "caseorganic.com": {
      "out": {
        "other": 13
      },
      "score": 0.505
    },
    "aaron.pk": {
      "out": {
        "other": 11
      },
      "score": 0.479
    },
    "techcrunch.com": {
      "out": {
        "other": 8
      },
      "score": 0.429
    },
    "www.readwriteweb.com": {
      "out": {
        "other": 6
      },
      "score": 0.384
    },
    "opensourcebridge.org": {
      "out": {
        "other": 5
      },
      "score": 0.357
    },
    "www.bizjournals.com": {
      "out": {
        "other": 4
      },
      "score": 0.322
    },
    "www.slideshare.net": {
      "out": {
        "other": 4
      },
      "score": 0.322
    },
    "www.oregonlive.com": {
      "out": {
        "other": 4
      },
      "score": 0.322
    },
    "wiki.projectnerdhaus.com": {
      "out": {
        "other": 4
      },
      "score": 0.322
    },
    "springcreekcoffee.com": {
      "out": {
        "other": 4
      },
      "score": 0.322
    },
    "www.adobe.com": {
      "out": {
        "other": 4
      },
      "score": 0.322
    },
    "www.youtube.com": {
      "out": {
        "other": 3
      },
      "score": 0.278
    },
    "realdesignonline.com": {
      "out": {
        "other": 3
      },
      "score": 0.278
    },
    "flickr.com": {
      "out": {
        "other": 3
      },
      "score": 0.278
    },
    "groups.google.com": {
      "out": {
        "other": 3
      },
      "score": 0.278
    },
    "blogs.wweek.com": {
      "out": {
        "other": 3
      },
      "score": 0.278
    },
    "cpwebtool.org": {
      "out": {
        "other": 3
      },
      "score": 0.278
    },
    "www.elementaltechnologies.com": {
      "out": {
        "other": 3
      },
      "score": 0.278
    },
    "pin13.net": {
      "out": {
        "other": 3
      },
      "score": 0.278
    },
    "mobileportland.com": {
      "out": {
        "other": 2
      },
      "score": 0.216
    },
    "indieweb.org": {
      "in": {
        "other": 4
      },
      "score": 0.216
    },
    "oredev.org": {
      "out": {
        "other": 2
      },
      "score": 0.216
    },
    "www.oregonbusiness.com": {
      "out": {
        "other": 2
      },
      "score": 0.216
    },
    "lcb.uoregon.edu": {
      "out": {
        "other": 2
      },
      "score": 0.216
    },
    "www.cnn.com": {
      "out": {
        "other": 2
      },
      "score": 0.216
    },
    "blog.tropo.com": {
      "out": {
        "other": 2
      },
      "score": 0.216
    },
    "www.mediawiki.org": {
      "out": {
        "other": 2
      },
      "score": 0.216
    },
    "cloudability.com": {
      "out": {
        "other": 2
      },
      "score": 0.216
    },
    "www.kickstarter.com": {
      "out": {
        "other": 2
      },
      "score": 0.216
    },
    "thingsido.aaronparecki.com": {
      "out": {
        "other": 2
      },
      "score": 0.216
    },
    "www.oscon.com": {
      "out": {
        "other": 2
      },
      "score": 0.216
    },
    "oakhazelnut.com": {
      "out": {
        "other": 2
      },
      "score": 0.216
    },
    "www.crowdcompass.com": {
      "out": {
        "other": 2
      },
      "score": 0.216
    },
    "chirpify.com": {
      "out": {
        "other": 2
      },
      "score": 0.216
    },
    "blogs.forbes.com": {
      "out": {
        "other": 2
      },
      "score": 0.216
    },
    "honors.uoregon.edu": {
      "out": {
        "other": 2
      },
      "score": 0.216
    },
    "mashable.com": {
      "out": {
        "other": 2
      },
      "score": 0.216
    },
    "tantek.pbworks.com": {
      "out": {
        "other": 2
      },
      "score": 0.216
    },
    "www.geekwire.com": {
      "out": {
        "other": 2
      },
      "score": 0.216
    },
    "blog.stepchangegroup.com": {
      "out": {
        "other": 2
      },
      "score": 0.216
    },
    "quicksilverleads.com": {
      "out": {
        "other": 2
      },
      "score": 0.216
    },
    "www.cs.uoregon.edu": {
      "out": {
        "other": 2
      },
      "score": 0.216
    },
    "www.webvisionsevent.com": {
      "out": {
        "other": 2
      },
      "score": 0.216
    },
    "www.google.com": {
      "out": {
        "other": 2
      },
      "score": 0.216
    },
    "iea.uoregon.edu": {
      "out": {
        "other": 2
      },
      "score": 0.216
    },
    "twitter.com/caseorganic": {
      "out": {
        "other": 2
      },
      "score": 0.216
    },
    "envs.uoregon.edu": {
      "out": {
        "other": 1
      },
      "score": 0.107
    },
    "developers.geoloqi.com": {
      "out": {
        "other": 1
      },
      "score": 0.107
    },
    "parecki.com": {
      "out": {
        "other": 1
      },
      "score": 0.107
    },
    "www.athletepath.com": {
      "out": {
        "other": 1
      },
      "score": 0.107
    },
    "www.jewishportland.org": {
      "out": {
        "other": 1
      },
      "score": 0.107
    },
    "business.cocc.edu": {
      "out": {
        "other": 1
      },
      "score": 0.107
    },
    "soukllc.com": {
      "out": {
        "other": 1
      },
      "score": 0.107
    },
    "where2conf.com": {
      "out": {
        "other": 1
      },
      "score": 0.107
    },
    "radar.oreilly.com": {
      "out": {
        "other": 1
      },
      "score": 0.107
    },
    "www.undertheradarblog.com": {
      "out": {
        "other": 1
      },
      "score": 0.107
    },
    "www.aaronparecki.com": {
      "out": {
        "other": 1
      },
      "score": 0.107
    },
    "www.sweetspotdiabetes.com": {
      "out": {
        "other": 1
      },
      "score": 0.107
    },
    "www.trapster.com": {
      "out": {
        "other": 1
      },
      "score": 0.107
    },
    "www.xconomy.com": {
      "out": {
        "other": 1
      },
      "score": 0.107
    },
    "jdsutter.com": {
      "out": {
        "other": 1
      },
      "score": 0.107
    },
    "creativecommons.org": {
      "out": {
        "other": 1
      },
      "score": 0.107
    },
    "donpark.org": {
      "out": {
        "other": 1
      },
      "score": 0.107
    },
    "graphthis.me": {
      "out": {
        "other": 1
      },
      "score": 0.107
    },
    "vendscreen.com": {
      "out": {
        "other": 1
      },
      "score": 0.107
    },
    "www.uccpathways.org": {
      "out": {
        "other": 1
      },
      "score": 0.107
    },
    "benwerd.com": {
      "out": {
        "other": 1
      },
      "score": 0.107
    },
    "fearnomusic.org": {
      "out": {
        "other": 1
      },
      "score": 0.107
    },
    "walmartlabs.blogspot.com": {
      "out": {
        "other": 1
      },
      "score": 0.107
    },
    "www.andy-roberts.net": {
      "out": {
        "other": 1
      },
      "score": 0.107
    },
    "twitter.com/epicwheelworks": {
      "out": {
        "other": 1
      },
      "score": 0.107
    },
    "qbnz.com": {
      "out": {
        "other": 1
      },
      "score": 0.107
    },
    "vimeo.com": {
      "out": {
        "other": 1
      },
      "score": 0.107
    },
    "vizify.com": {
      "out": {
        "other": 1
      },
      "score": 0.107
    },
    "developer.apple.com": {
      "out": {
        "other": 1
      },
      "score": 0.107
    },
    "schedule.sxsw.com": {
      "out": {
        "other": 1
      },
      "score": 0.107
    },
    "geneehrbar.com": {
      "out": {
        "other": 1
      },
      "score": 0.107
    },
    "www.roguecc.edu": {
      "out": {
        "other": 1
      },
      "score": 0.107
    },
    "itunes.apple.com": {
      "out": {
        "other": 1
      },
      "score": 0.107
    },
    "dropbox.com": {
      "out": {
        "other": 1
      },
      "score": 0.107
    },
    "unplugged11.webdirections.org": {
      "out": {
        "other": 1
      },
      "score": 0.107
    },
    "www.benrik.co.uk": {
      "out": {
        "other": 1
      },
      "score": 0.107
    },
    "oreillynet.com": {
      "out": {
        "other": 1
      },
      "score": 0.107
    },
    "www.sustainablebusinessoregon.com": {
      "out": {
        "other": 1
      },
      "score": 0.107
    },
    "panelpicker.sxsw.com": {
      "out": {
        "other": 1
      },
      "score": 0.107
    },
    "www.duoconbrio.com": {
      "out": {
        "other": 1
      },
      "score": 0.107
    },
    "twitter.com": {
      "out": {
        "other": 1
      },
      "score": 0.107
    },
    "www.teuscher-lab.com": {
      "out": {
        "other": 1
      },
      "score": 0.107
    },
    "example.com": {
      "out": {
        "other": 1
      },
      "score": 0.107
    },
    "sonar.me": {
      "out": {
        "other": 1
      },
      "score": 0.107
    },
    "moodle.org": {
      "out": {
        "other": 1
      },
      "score": 0.107
    },
    "testflightapp.com": {
      "out": {
        "other": 1
      },
      "score": 0.107
    },
    "urbanairship.com": {
      "out": {
        "other": 1
      },
      "score": 0.107
    },
    "www.organonweb.com": {
      "out": {
        "other": 1
      },
      "score": 0.107
    },
    "developer.android.com": {
      "out": {
        "other": 1
      },
      "score": 0.107
    },
    "puppetlabs.com": {
      "out": {
        "other": 1
      },
      "score": 0.107
    },
    "quizlet.com": {
      "out": {
        "other": 1
      },
      "score": 0.107
    },
    "socialuxe.com": {
      "out": {
        "other": 1
      },
      "score": 0.107
    },
    "www.paidnorthwest.com": {
      "out": {
        "other": 1
      },
      "score": 0.107
    },
    "oregon.ctepathways.org": {
      "out": {
        "other": 1
      },
      "score": 0.107
    },
    "4-tell.com": {
      "out": {
        "other": 1
      },
      "score": 0.107
    },
    "blogtown.portlandmercury.com": {
      "out": {
        "other": 1
      },
      "score": 0.107
    },
    "www.tropo.com": {
      "out": {
        "other": 1
      },
      "score": 0.107
    },
    "www.ustream.tv": {
      "out": {
        "other": 1
      },
      "score": 0.107
    },
    "raven.me": {
      "out": {
        "other": 1
      },
      "score": 0.107
    },
    "www.rennygleeson.com": {
      "out": {
        "other": 1
      },
      "score": 0.107
    },
    "www.themetiscenter.com": {
      "out": {
        "other": 1
      },
      "score": 0.107
    },
    "anth.ro": {
      "out": {
        "other": 1
      },
      "score": 0.107
    },
    "luckysort.com": {
      "out": {
        "other": 1
      },
      "score": 0.107
    },
    "portland.cyborgcamp.com": {
      "out": {
        "other": 1
      },
      "score": 0.107
    },
    "www.sustainabilityleaders.org": {
      "out": {
        "other": 1
      },
      "score": 0.107
    },
    "en.oreilly.com": {
      "out": {
        "other": 1
      },
      "score": 0.107
    },
    "www.finsmes.com": {
      "out": {
        "other": 1
      },
      "score": 0.107
    },
    "blog.cloudability.com": {
      "out": {
        "other": 1
      },
      "score": 0.107
    },
    "1910.charnelton.com": {
      "out": {
        "other": 1
      },
      "score": 0.107
    },
    "tropo.com": {
      "out": {
        "other": 1
      },
      "score": 0.107
    },
    "www.agapemusicstylings.com": {
      "out": {
        "other": 1
      },
      "score": 0.107
    },
    "www.core77.com": {
      "out": {
        "other": 1
      },
      "score": 0.107
    },
    "lanecc.edu": {
      "out": {
        "other": 1
      },
      "score": 0.107
    },
    "www.ehartwell.com": {
      "out": {
        "other": 1
      },
      "score": 0.107
    },
    "meetgatsby.com": {
      "out": {
        "other": 1
      },
      "score": 0.107
    },
    "paulgu.com": {
      "out": {
        "other": 1
      },
      "score": 0.107
    },
    "www.semaphoria.com": {
      "out": {
        "other": 1
      },
      "score": 0.107
    },
    "jeffmcneill.com": {
      "out": {
        "other": 1
      },
      "score": 0.107
    },
    "portland.startupweekend.org": {
      "out": {
        "other": 1
      },
      "score": 0.107
    },
    "thenextweb.com": {
      "out": {
        "other": 1
      },
      "score": 0.107
    },
    "mobileorchard.com": {
      "out": {
        "other": 1
      },
      "score": 0.107
    },
    "ymainc.org": {
      "out": {
        "other": 1
      },
      "score": 0.107
    },
    "federatedsocialweb.net": {
      "out": {
        "other": 1
      },
      "score": 0.107
    },
    "netdot.uoregon.edu": {
      "out": {
        "other": 1
      },
      "score": 0.107
    },
    "data.seattle.gov": {
      "out": {
        "other": 1
      },
      "score": 0.107
    },
    "neverusethisfont.com": {
      "out": {
        "other": 1
      },
      "score": 0.107
    },
    "opensearch.org": {
      "out": {
        "other": 1
      },
      "score": 0.107
    },
    "www.vimeo.com": {
      "out": {
        "other": 1
      },
      "score": 0.107
    },
    "chat.indieweb.org": {
      "in": {
        "other": 1
      },
      "score": 0
    }
  }
}