{
  "domain": "2016.indieweb.org",
  "urls": [
    "http://2016.indieweb.org/"
  ],
  "names": [
    "IndieWeb Summit 2016 - Portland, Oregon",
    "IndieWeb Summit - June 3-5, 2016 - Portland, Oregon"
  ],
  "descriptions": [
    "The sixth annual gathering for independent web creators of all kinds, from graphic artists, to designers, UX engineers, coders, hackers, to share ideas, actively work on creating for their own personal websites, and build upon each others creations."
  ],
  "pictures": [
    "http://2016.indieweb.org/assets/2014-indieweb-movement.jpg"
  ],
  "hcard": {},
  "rel_mes": [],
  "crawl_start": "2017-05-11T21:04:03",
  "crawl_end": "2017-05-11T21:04:03",
  "num_pages": 1,
  "total_html_size": 26871,
  "servers": [
    "nginx"
  ],
  "mf2_classes": [
    "h-event"
  ],
  "tags": [
    "bridgy",
    "community",
    "webmention.io",
    "webmention"
  ],
  "endpoints": {
    "webmention": [
      "http://2016.indieweb.org/webmention.php"
    ]
  },
  "links_out": 83,
  "links_in": 979,
  "links": {
    "indieweb.org": {
      "in": {
        "other": 290
      },
      "score": 1
    },
    "adactio.com": {
      "in": {
        "bookmark-of": 112,
        "other": 2
      },
      "score": 0.956
    },
    "stream.boffosocko.com": {
      "in": {
        "other": 58,
        "in-reply-to": 26
      },
      "out": {
        "other": 3
      },
      "score": 0.929
    },
    "werd.io": {
      "out": {
        "other": 3
      },
      "in": {
        "in-reply-to": 8,
        "other": 116
      },
      "score": 0.898
    },
    "chat.indieweb.org": {
      "in": {
        "other": 158
      },
      "score": 0.892
    },
    "aaronparecki.com": {
      "out": {
        "other": 3
      },
      "in": {
        "other": 49,
        "in-reply-to": 11
      },
      "score": 0.829
    },
    "www.yourmom.io": {
      "out": {
        "other": 3
      },
      "in": {
        "in-reply-to": 7
      },
      "score": 0.654
    },
    "david.shanske.com": {
      "out": {
        "other": 3
      },
      "in": {
        "in-reply-to": 7
      },
      "score": 0.654
    },
    "known.kevinmarks.com": {
      "in": {
        "in-reply-to": 5
      },
      "out": {
        "other": 3
      },
      "score": 0.605
    },
    "rhiaro.co.uk": {
      "out": {
        "other": 3
      },
      "in": {
        "other": 24
      },
      "score": 0.600
    },
    "tantek.com": {
      "in": {
        "in-reply-to": 2,
        "other": 12
      },
      "out": {
        "other": 3
      },
      "score": 0.587
    },
    "kylewm.com": {
      "in": {
        "other": 10,
        "in-reply-to": 2
      },
      "out": {
        "other": 3
      },
      "score": 0.575
    },
    "www.rmendes.net": {
      "out": {
        "other": 3
      },
      "in": {
        "in-reply-to": 4
      },
      "score": 0.575
    },
    "jeena.net": {
      "in": {
        "in-reply-to": 4
      },
      "out": {
        "other": 3
      },
      "score": 0.575
    },
    "known.npdoty.name": {
      "in": {
        "in-reply-to": 4
      },
      "score": 0.529
    },
    "veganstraightedge.com": {
      "out": {
        "other": 3
      },
      "in": {
        "other": 2,
        "in-reply-to": 2
      },
      "score": 0.510
    },
    "notenoughneon.com": {
      "out": {
        "other": 3
      },
      "in": {
        "other": 1,
        "in-reply-to": 2
      },
      "score": 0.499
    },
    "indiewebcamp.com": {
      "out": {
        "other": 8
      },
      "score": 0.489
    },
    "herestomwiththeweather.com": {
      "in": {
        "other": 4,
        "in-reply-to": 2
      },
      "out": {
        "other": 1
      },
      "score": 0.489
    },
    "www.evdemon.org": {
      "in": {
        "in-reply-to": 3
      },
      "score": 0.478
    },
    "jfrndz.com": {
      "out": {
        "other": 3
      },
      "in": {
        "other": 1,
        "in-reply-to": 1
      },
      "score": 0.437
    },
    "scottgruber.me": {
      "in": {
        "in-reply-to": 1
      },
      "out": {
        "other": 3
      },
      "score": 0.423
    },
    "martymcgui.re": {
      "in": {
        "other": 1,
        "in-reply-to": 2
      },
      "score": 0.423
    },
    "willnorris.com": {
      "out": {
        "other": 3
      },
      "in": {
        "in-reply-to": 1
      },
      "score": 0.423
    },
    "snarfed.org": {
      "in": {
        "in-reply-to": 2
      },
      "score": 0.406
    },
    "bear.im": {
      "in": {
        "in-reply-to": 2
      },
      "score": 0.406
    },
    "gregorlove.com": {
      "in": {
        "other": 3
      },
      "out": {
        "other": 3
      },
      "score": 0.388
    },
    "www.webrocker.de": {
      "in": {
        "other": 8
      },
      "score": 0.367
    },
    "jj.isgeek.net": {
      "in": {
        "in-reply-to": 1,
        "other": 1
      },
      "score": 0.316
    },
    "cassie.wtf": {
      "out": {
        "other": 3
      },
      "score": 0.316
    },
    "www.altsalt.net": {
      "out": {
        "other": 3
      },
      "score": 0.316
    },
    "www.kevinmarks.com": {
      "in": {
        "other": 4
      },
      "score": 0.245
    },
    "unicyclic.com": {
      "in": {
        "other": 4
      },
      "score": 0.245
    },
    "brid.gy": {
      "out": {
        "other": 2
      },
      "score": 0.245
    },
    "miklb.com": {
      "in": {
        "other": 4
      },
      "score": 0.245
    },
    "vadio.com": {
      "out": {
        "other": 2
      },
      "score": 0.245
    },
    "nlnet.nl": {
      "out": {
        "other": 2
      },
      "score": 0.245
    },
    "www.kevin-marks.com": {
      "in": {
        "other": 4
      },
      "score": 0.245
    },
    "jothut.com": {
      "in": {
        "other": 3
      },
      "score": 0.194
    },
    "marcthiele.com": {
      "in": {
        "other": 3
      },
      "score": 0.194
    },
    "indiewebweek.indieweb.org": {
      "in": {
        "other": 2
      },
      "score": 0.122
    },
    "mozilla.org": {
      "out": {
        "other": 1
      },
      "score": 0.122
    },
    "tyler.cat": {
      "out": {
        "other": 1
      },
      "score": 0.122
    },
    "tilde.town": {
      "out": {
        "other": 1
      },
      "score": 0.122
    },
    "parecki.com": {
      "out": {
        "other": 1
      },
      "score": 0.122
    },
    "twitter.com/indiewebcamp": {
      "out": {
        "other": 1
      },
      "score": 0.122
    },
    "eric.pdxhub.org": {
      "out": {
        "other": 1
      },
      "score": 0.122
    },
    "sovrn.com": {
      "out": {
        "other": 1
      },
      "score": 0.122
    },
    "xangis.com": {
      "out": {
        "other": 1
      },
      "score": 0.122
    },
    "facebook.com/indiewebcamp": {
      "out": {
        "other": 1
      },
      "score": 0.122
    },
    "goo.gl": {
      "out": {
        "other": 1
      },
      "score": 0.122
    },
    "tickets.indieweb.org": {
      "out": {
        "other": 1
      },
      "score": 0.122
    },
    "jimpick.com": {
      "in": {
        "other": 1
      },
      "score": 0
    },
    "beyondtellerrand.com": {
      "in": {
        "other": 1
      },
      "score": 0
    },
    "derhess.de": {
      "in": {
        "other": 1
      },
      "score": 0
    },
    "loadaverage.org": {
      "in": {
        "other": 1
      },
      "score": 0
    }
  }
}