{
  "domain": "2017.indieweb.org",
  "urls": [
    "https://2017.indieweb.org/"
  ],
  "names": [
    "IndieWeb Summit 2017 - Portland, Oregon",
    "IndieWeb Summit - June 24-25, 2017 - Portland, Oregon"
  ],
  "descriptions": [
    "The seventh annual gathering for independent web creators of all kinds, from graphic artists, to designers, UX engineers, coders, hackers, to share ideas, actively work on creating for their own personal websites, and build upon each others creations."
  ],
  "pictures": [
    "https://2017.indieweb.org/assets/2014-indieweb-movement.jpg"
  ],
  "hcard": {},
  "rel_mes": [],
  "crawl_start": "2017-05-11T21:04:07",
  "crawl_end": "2017-05-11T21:05:53",
  "num_pages": 2,
  "total_html_size": 38058,
  "servers": [
    "nginx"
  ],
  "mf2_classes": [
    "h-event"
  ],
  "tags": [
    "bridgy",
    "community",
    "webmention.io",
    "webmention"
  ],
  "endpoints": {
    "webmention": [
      "https://2017.indieweb.org/webmention.php"
    ]
  },
  "links_out": 83,
  "links_in": 195,
  "links": {
    "stream.boffosocko.com": {
      "out": {
        "other": 3
      },
      "in": {
        "other": 43,
        "in-reply-to": 28
      },
      "score": 1
    },
    "cleverdevil.io": {
      "in": {
        "in-reply-to": 18
      },
      "out": {
        "other": 3
      },
      "score": 0.870
    },
    "aaronparecki.com": {
      "in": {
        "in-reply-to": 14
      },
      "out": {
        "other": 3
      },
      "score": 0.826
    },
    "dougbeal.com": {
      "in": {
        "in-reply-to": 12
      },
      "out": {
        "other": 3
      },
      "score": 0.800
    },
    "indieweb.org": {
      "in": {
        "other": 18
      },
      "out": {
        "other": 12
      },
      "score": 0.714
    },
    "snarfed.org": {
      "in": {
        "in-reply-to": 3,
        "other": 3
      },
      "out": {
        "other": 3
      },
      "score": 0.607
    },
    "www.altsalt.net": {
      "in": {
        "in-reply-to": 2
      },
      "out": {
        "other": 6
      },
      "score": 0.590
    },
    "martymcgui.re": {
      "in": {
        "other": 15
      },
      "out": {
        "other": 3
      },
      "score": 0.580
    },
    "gregorlove.com": {
      "out": {
        "other": 6
      },
      "in": {
        "other": 7
      },
      "score": 0.561
    },
    "chat.indieweb.org": {
      "in": {
        "other": 19
      },
      "score": 0.561
    },
    "tantek.com": {
      "in": {
        "in-reply-to": 1,
        "other": 3
      },
      "out": {
        "other": 3
      },
      "score": 0.504
    },
    "herestomwiththeweather.com": {
      "in": {
        "in-reply-to": 2
      },
      "score": 0.439
    },
    "www.craftycorvid.com": {
      "in": {
        "in-reply-to": 2
      },
      "score": 0.439
    },
    "licit.li": {
      "in": {
        "in-reply-to": 2
      },
      "score": 0.439
    },
    "www.marliwilliams.com": {
      "out": {
        "other": 2
      },
      "score": 0.265
    },
    "facebook.com/10205860140564648": {
      "out": {
        "other": 2
      },
      "score": 0.265
    },
    "indiewebcamp.com": {
      "out": {
        "other": 2
      },
      "score": 0.265
    },
    "stambaughdesigns.co": {
      "out": {
        "other": 2
      },
      "score": 0.265
    },
    "www.3dcorp.us": {
      "out": {
        "other": 2
      },
      "score": 0.265
    },
    "brid.gy": {
      "out": {
        "other": 2
      },
      "score": 0.265
    },
    "jenson.org": {
      "out": {
        "other": 2
      },
      "score": 0.265
    },
    "pdx360view.com": {
      "out": {
        "other": 2
      },
      "score": 0.265
    },
    "micro.blog": {
      "out": {
        "other": 2
      },
      "score": 0.265
    },
    "Andrew.Kvalhe.im": {
      "out": {
        "other": 2
      },
      "score": 0.265
    },
    "facebook.com/indiewebcamp": {
      "out": {
        "other": 2
      },
      "score": 0.265
    },
    "opencollective.com": {
      "out": {
        "other": 2
      },
      "score": 0.265
    },
    "grant.codes": {
      "out": {
        "other": 2
      },
      "score": 0.265
    },
    "twitter.com/indiewebcamp": {
      "out": {
        "other": 2
      },
      "score": 0.265
    },
    "Astateofkate.com": {
      "out": {
        "other": 2
      },
      "score": 0.265
    },
    "facebook.com/10101819064462146": {
      "out": {
        "other": 2
      },
      "score": 0.265
    },
    "podviaznikov.com": {
      "out": {
        "other": 2
      },
      "score": 0.265
    },
    "brid-gy.appspot.com": {
      "out": {
        "other": 2
      },
      "score": 0.265
    },
    "jothut.com": {
      "in": {
        "other": 3
      },
      "score": 0.210
    },
    "tickets.indieweb.org": {
      "out": {
        "other": 1
      },
      "score": 0.132
    },
    "ti.to": {
      "out": {
        "other": 1
      },
      "score": 0.132
    }
  }
}