{
  "domain": "20cwt.uk",
  "urls": [
    "https://20cwt.uk/twitter.com/20cwt",
    "https://20cwt.uk/profile/20cwt",
    "https://keybase.io/20cwt",
    "https://untappd.com/user/20cwt",
    "http://twitter.com/20cwt"
  ],
  "names": [
    "tony",
    "twenty hundredweight",
    "20cwt"
  ],
  "descriptions": [
    "inane witter from an disturbed northern gibbon\nremember - we don't do facebook, google+ or myspace\n \n 20cwt\n\n\n 20cwt\n\n\n 20cwt",
    "An anti-social website. Go away."
  ],
  "pictures": [
    "https://20cwt.uk/file/d8ab198f88690f017ed19be8beb78058"
  ],
  "hcard": {
    "properties": {
      "name": [
        "tony"
      ],
      "note": [
        {
          "html": "<div class=\"highlightedText\">\n<p>inane witter from an disturbed northern gibbon</p>\n<p>remember - we don't do facebook, google+ or myspace</p>\n</div> <p class=\"url-container\">\n<i class=\"fa fa-key\"></i> <a class=\"u-url\" href=\"https://keybase.io/20cwt\" rel=\"me\">20cwt</a>\n</p>\n<p class=\"url-container\">\n<i class=\"fa fa-beer\"></i> <a class=\"u-url\" href=\"https://untappd.com/user/20cwt\" rel=\"me\">20cwt</a>\n</p>\n<p class=\"url-container\">\n<i class=\"fa fa-twitter\"></i> <a class=\"u-url\" href=\"http://twitter.com/20cwt\" rel=\"me\">20cwt</a>\n</p>\n",
          "value": "\ninane witter from an disturbed northern gibbon\nremember - we don't do facebook, google+ or myspace\n \n 20cwt\n\n\n 20cwt\n\n\n 20cwt\n\n"
        }
      ],
      "photo": [
        "https://20cwt.uk/file/d8ab198f88690f017ed19be8beb78058"
      ],
      "profile": [
        "tony"
      ],
      "url": [
        "https://20cwt.uk/twitter.com/20cwt",
        "https://20cwt.uk/profile/20cwt",
        "https://20cwt.uk/profile/20cwt",
        "https://keybase.io/20cwt",
        "https://untappd.com/user/20cwt",
        "http://twitter.com/20cwt"
      ]
    },
    "type": [
      "h-card"
    ]
  },
  "rel_mes": [
    "https://keybase.io/20cwt",
    "https://untappd.com/user/20cwt",
    "https://20cwt.uk/twitter.com/20cwt",
    "http://twitter.com/20cwt"
  ],
  "crawl_start": "2017-04-27T07:52:21",
  "crawl_end": "2017-04-27T08:39:31",
  "num_pages": 1626,
  "total_html_size": 51688724,
  "servers": [
    "Apache",
    "Known"
  ],
  "mf2_classes": [
    "h-entry",
    "h-geo",
    "h-card",
    "h-event",
    "h-cite"
  ],
  "tags": [
    "relme",
    "bridgy",
    "webmention",
    "micropub",
    "authorization",
    "token",
    "websub",
    "Known"
  ],
  "endpoints": {
    "webmention": [
      "https://20cwt.uk/webmention/"
    ],
    "micropub": [
      "https://20cwt.uk/micropub/endpoint"
    ],
    "authorization": [
      "https://20cwt.uk/indieauth/auth"
    ],
    "token": [
      "https://20cwt.uk/indieauth/token"
    ],
    "websub": [
      "https://withknown.superfeedr.com/"
    ]
  },
  "links_out": 8916,
  "links_in": 10,
  "links": {
    "withknown.com": {
      "out": {
        "other": 1626
      },
      "score": 1
    },
    "www.20cwt.uk": {
      "out": {
        "in-reply-to": 5,
        "other": 1308
      },
      "score": 0.975
    },
    "facebook.com/20cwt": {
      "out": {
        "other": 1198
      },
      "score": 0.962
    },
    "twitter.com/20cwt": {
      "out": {
        "other": 934
      },
      "score": 0.931
    },
    "untappd.com": {
      "out": {
        "other": 885
      },
      "score": 0.925
    },
    "facebook.com": {
      "out": {
        "other": 885
      },
      "score": 0.925
    },
    "instagram.com": {
      "out": {
        "other": 885
      },
      "score": 0.925
    },
    "keybase.io": {
      "out": {
        "other": 885
      },
      "score": 0.925
    },
    "mark.beech.org.uk": {
      "in": {
        "in-reply-to": 4
      },
      "out": {
        "in-reply-to": 4,
        "other": 44
      },
      "score": 0.618
    },
    "twitter.com/deltrems": {
      "out": {
        "other": 27
      },
      "score": 0.493
    },
    "www.flickr.com": {
      "out": {
        "other": 16
      },
      "score": 0.429
    },
    "www.journeycheck.com": {
      "out": {
        "other": 13
      },
      "score": 0.403
    },
    "the.beech.org.uk": {
      "out": {
        "other": 12
      },
      "score": 0.393
    },
    "twitter.com/mj_oleary": {
      "out": {
        "other": 11
      },
      "score": 0.382
    },
    "www.loonyparty.com": {
      "out": {
        "other": 7
      },
      "score": 0.326
    },
    "twitter.com/SignorinaDani": {
      "out": {
        "other": 6
      },
      "score": 0.307
    },
    "www.urbandictionary.com": {
      "out": {
        "other": 6
      },
      "score": 0.307
    },
    "www.gwr.com": {
      "out": {
        "other": 6
      },
      "score": 0.307
    },
    "www.katg.co.uk": {
      "out": {
        "other": 6
      },
      "score": 0.307
    },
    "weeklydesktop.tumblr.com": {
      "out": {
        "other": 5
      },
      "score": 0.284
    },
    "www.blackpool.gov.uk": {
      "out": {
        "other": 5
      },
      "score": 0.284
    },
    "davmail.sourceforge.net": {
      "out": {
        "other": 5
      },
      "score": 0.284
    },
    "tinyurl.com": {
      "out": {
        "other": 5
      },
      "score": 0.284
    },
    "twitter.com/JCgossip": {
      "out": {
        "other": 4
      },
      "score": 0.257
    },
    "twitter.com/TheMarkBeech": {
      "out": {
        "other": 4
      },
      "score": 0.257
    },
    "twitter.com/merseytart": {
      "out": {
        "other": 4
      },
      "score": 0.257
    },
    "www.merseytart.com": {
      "out": {
        "other": 4
      },
      "score": 0.257
    },
    "www.southernrailway.com": {
      "out": {
        "other": 4
      },
      "score": 0.257
    },
    "twitter.com/daily_sketcher": {
      "out": {
        "other": 4
      },
      "score": 0.257
    },
    "m.tfl.gov.uk": {
      "out": {
        "other": 3
      },
      "score": 0.221
    },
    "twitter.com/Official_MRLP": {
      "out": {
        "other": 3
      },
      "score": 0.221
    },
    "twitter.com/LythamLifeStyle": {
      "out": {
        "other": 3
      },
      "score": 0.221
    },
    "m.jcheck.com": {
      "out": {
        "other": 3
      },
      "score": 0.221
    },
    "tfl.gov.uk": {
      "out": {
        "other": 3
      },
      "score": 0.221
    },
    "brid.gy": {
      "in": {
        "other": 6
      },
      "score": 0.221
    },
    "twitter.com/EvanPritchard3": {
      "out": {
        "other": 2
      },
      "score": 0.172
    },
    "twitter.com/HannahdolceMcDo": {
      "out": {
        "other": 2
      },
      "score": 0.172
    },
    "twitter.com/SimonHi1961": {
      "out": {
        "other": 2
      },
      "score": 0.172
    },
    "facebook.com/1863680507236134": {
      "out": {
        "other": 2
      },
      "score": 0.172
    },
    "lythamlifeandstyle.co.uk": {
      "out": {
        "other": 2
      },
      "score": 0.172
    },
    "www.thameslinkrailway.com": {
      "out": {
        "other": 2
      },
      "score": 0.172
    },
    "m.journeycheck.com": {
      "out": {
        "other": 2
      },
      "score": 0.172
    },
    "twitter.com/ProducerSte": {
      "out": {
        "other": 2
      },
      "score": 0.172
    },
    "pda.jcheck.com": {
      "out": {
        "other": 2
      },
      "score": 0.172
    },
    "twitter.com/southernrailuk": {
      "out": {
        "other": 2
      },
      "score": 0.172
    },
    "twitter.com/sw_trains": {
      "out": {
        "other": 2
      },
      "score": 0.172
    },
    "wap.jcheck.com": {
      "out": {
        "other": 2
      },
      "score": 0.172
    },
    "twitter.com/patrick_snow": {
      "out": {
        "other": 2
      },
      "score": 0.172
    },
    "facebook.com/232521823820364": {
      "out": {
        "other": 2
      },
      "score": 0.172
    },
    "prestran.de": {
      "out": {
        "other": 2
      },
      "score": 0.172
    },
    "twitter.com/sevenhelz": {
      "out": {
        "other": 2
      },
      "score": 0.172
    },
    "twitter.com/LachlanMain": {
      "out": {
        "other": 2
      },
      "score": 0.172
    },
    "twitter.com/nargizkz1": {
      "out": {
        "other": 2
      },
      "score": 0.172
    },
    "www.heathrowconnect.com": {
      "out": {
        "other": 2
      },
      "score": 0.172
    },
    "twitter.com/sbridgeshuttle": {
      "out": {
        "other": 1
      },
      "score": 0.0857
    },
    "twitter.com/emtrains": {
      "out": {
        "other": 1
      },
      "score": 0.0857
    },
    "twitter.com/gnrailuk": {
      "out": {
        "other": 1
      },
      "score": 0.0857
    },
    "twitter.com/northernassist": {
      "out": {
        "other": 1
      },
      "score": 0.0857
    },
    "twitter.com/virgin_trainsec": {
      "out": {
        "other": 1
      },
      "score": 0.0857
    },
    "wirralgrammarboys.com": {
      "out": {
        "other": 1
      },
      "score": 0.0857
    },
    "twitter.com/hull_trains": {
      "out": {
        "other": 1
      },
      "score": 0.0857
    },
    "twitter.com/c2c_rail": {
      "out": {
        "other": 1
      },
      "score": 0.0857
    },
    "twitter.com/ldnoverground": {
      "out": {
        "other": 1
      },
      "score": 0.0857
    },
    "www.nationalrail.co.uk": {
      "out": {
        "other": 1
      },
      "score": 0.0857
    },
    "twitter.com/virgintrains": {
      "out": {
        "other": 1
      },
      "score": 0.0857
    },
    "ciltuk.org.uk": {
      "out": {
        "other": 1
      },
      "score": 0.0857
    },
    "www.ucl.ac.uk": {
      "out": {
        "other": 1
      },
      "score": 0.0857
    },
    "twitter.com/tlrailuk": {
      "out": {
        "other": 1
      },
      "score": 0.0857
    },
    "www.eastmidlandstrains.co.uk": {
      "out": {
        "other": 1
      },
      "score": 0.0857
    },
    "www.eurostar.com": {
      "out": {
        "other": 1
      },
      "score": 0.0857
    },
    "bolton.ac.uk": {
      "out": {
        "other": 1
      },
      "score": 0.0857
    },
    "pbs.twimg.com": {
      "out": {
        "other": 1
      },
      "score": 0.0857
    },
    "twitter.com/londonmidland": {
      "out": {
        "other": 1
      },
      "score": 0.0857
    },
    "twitter.com/tfltravelalerts": {
      "out": {
        "other": 1
      },
      "score": 0.0857
    },
    "www.grandcentralrail.com": {
      "out": {
        "other": 1
      },
      "score": 0.0857
    },
    "www.crosscountrytrains.co.uk": {
      "out": {
        "other": 1
      },
      "score": 0.0857
    },
    "loonyparty.com": {
      "out": {
        "other": 1
      },
      "score": 0.0857
    },
    "twitter.com/eurostar": {
      "out": {
        "other": 1
      },
      "score": 0.0857
    },
    "twitter.com/crosscountryuk": {
      "out": {
        "other": 1
      },
      "score": 0.0857
    },
    "twitter.com/gwrhelp": {
      "out": {
        "other": 1
      },
      "score": 0.0857
    },
    "www.virgintrainseastcoast.com": {
      "out": {
        "other": 1
      },
      "score": 0.0857
    },
    "www.jdwetherspoon.co.uk": {
      "out": {
        "other": 1
      },
      "score": 0.0857
    },
    "m.nationalrail.co.uk": {
      "out": {
        "other": 1
      },
      "score": 0.0857
    },
    "twitter.com/scotrail": {
      "out": {
        "other": 1
      },
      "score": 0.0857
    },
    "twitter.com/se_railway": {
      "out": {
        "other": 1
      },
      "score": 0.0857
    },
    "twitter.com/tflrail": {
      "out": {
        "other": 1
      },
      "score": 0.0857
    },
    "twitter.com/tpexpresstrains": {
      "out": {
        "other": 1
      },
      "score": 0.0857
    },
    "www.paging.vodafone.net": {
      "out": {
        "other": 1
      },
      "score": 0.0857
    },
    "bha.org.uk": {
      "out": {
        "other": 1
      },
      "score": 0.0857
    },
    "twitter.com/gc_rail": {
      "out": {
        "other": 1
      },
      "score": 0.0857
    },
    "what-if.xkcd.com": {
      "out": {
        "other": 1
      },
      "score": 0.0857
    },
    "www.stanstedexpress.com": {
      "out": {
        "other": 1
      },
      "score": 0.0857
    },
    "unitetheunion.org": {
      "out": {
        "other": 1
      },
      "score": 0.0857
    },
    "twitter.com/nationalrailenq": {
      "out": {
        "other": 1
      },
      "score": 0.0857
    },
    "twitter.com/translink_ni": {
      "out": {
        "other": 1
      },
      "score": 0.0857
    },
    "twitter.com/arrivatw": {
      "out": {
        "other": 1
      },
      "score": 0.0857
    },
    "twitter.com/chilternrailway": {
      "out": {
        "other": 1
      },
      "score": 0.0857
    },
    "twitter.com/greateranglia": {
      "out": {
        "other": 1
      },
      "score": 0.0857
    },
    "twitter.com/merseyrail": {
      "out": {
        "other": 1
      },
      "score": 0.0857
    },
    "twitter.com/heathrowexpress": {
      "out": {
        "other": 1
      },
      "score": 0.0857
    },
    "twitter.com/stansted_exp": {
      "out": {
        "other": 1
      },
      "score": 0.0857
    },
    "www.merseyrail.org": {
      "out": {
        "other": 1
      },
      "score": 0.0857
    },
    "www.journeycheck.southwesttrains.co.uk": {
      "out": {
        "other": 1
      },
      "score": 0.0857
    },
    "twitter.com/CalSleeper": {
      "out": {
        "other": 1
      },
      "score": 0.0857
    }
  }
}