{
  "domain": "2muchin4mation.com",
  "urls": [
    "http://2muchin4mation.com/"
  ],
  "names": [
    "english - Too much information"
  ],
  "descriptions": [],
  "pictures": [],
  "hcard": {},
  "rel_mes": [
    "https://twitter.com/2muchin4mation",
    "https://facebook.com/2muchin4mation",
    "mailto:way@toomuchinformation.de"
  ],
  "tags": [
    "relme",
    "bridgy",
    "webmention.io"
  ],
  "endpoints": {},
  "crawl_start": "2017-05-19T22:43:03.498536",
  "crawl_end": "2017-05-19T22:43:03.498536",
  "links_out": 0,
  "links_in": 30097,
  "links": {
    "toomuchinformation.de": {
      "in": {
        "other": 30021
      },
      "score": 1
    },
    "loadaverage.org": {
      "in": {
        "other": 49
      },
      "score": 0.378
    },
    "io.schiessle.org": {
      "in": {
        "other": 27
      },
      "score": 0.320
    }
  }
}