{
  "domain": "4c4d.com",
  "urls": [
    "http://4c4d.com/"
  ],
  "names": [
    "4c4d.com"
  ],
  "descriptions": [],
  "pictures": [],
  "hcard": {},
  "rel_mes": [],
  "crawl_start": "2017-04-23T22:42:35",
  "crawl_end": "2017-04-23T22:42:35",
  "num_pages": 1,
  "total_html_size": 60,
  "servers": [
    "nginx"
  ],
  "tags": [
    "IRC"
  ],
  "endpoints": {},
  "links_out": 0,
  "links_in": 1985,
  "links": {
    "indieweb.org": {
      "in": {
        "other": 1309
      },
      "score": 1
    },
    "chat.indieweb.org": {
      "in": {
        "other": 652
      },
      "score": 0.903
    },
    "known.kevinmarks.com": {
      "in": {
        "other": 18
      },
      "score": 0.403
    },
    "www.kevin-marks.com": {
      "in": {
        "other": 3
      },
      "score": 0.153
    },
    "www.kevinmarks.com": {
      "in": {
        "other": 3
      },
      "score": 0.153
    }
  }
}