{
  "domain": "6a68.net",
  "urls": [
    "http://6a68.net/"
  ],
  "names": [
    "6a68.net"
  ],
  "descriptions": [
    "tech blog // jared hirsch // ¯\\_(ツ)_/¯\n"
  ],
  "pictures": [],
  "hcard": {},
  "rel_mes": [],
  "crawl_start": "2017-04-23T22:42:35",
  "crawl_end": "2017-04-23T22:42:38",
  "num_pages": 5,
  "total_html_size": 45848,
  "servers": [
    "GitHub.com"
  ],
  "tags": [
    "IRC"
  ],
  "endpoints": {},
  "links_out": 19,
  "links_in": 11,
  "links": {
    "github.com": {
      "out": {
        "other": 6
      },
      "score": 1
    },
    "twitter.com/6a68": {
      "out": {
        "other": 5
      },
      "score": 0.927
    },
    "indieweb.org": {
      "in": {
        "other": 9
      },
      "score": 0.887
    },
    "wiki.mozilla.org": {
      "out": {
        "other": 2
      },
      "score": 0.560
    },
    "chat.indieweb.org": {
      "in": {
        "other": 2
      },
      "score": 0.279
    },
    "micropipes.com": {
      "out": {
        "other": 1
      },
      "score": 0.279
    },
    "testpilot.firefox.com": {
      "out": {
        "other": 1
      },
      "score": 0.279
    },
    "dxr.mozilla.org": {
      "out": {
        "other": 1
      },
      "score": 0.279
    },
    "developer.mozilla.org": {
      "out": {
        "other": 1
      },
      "score": 0.279
    },
    "mail.mozilla.org": {
      "out": {
        "other": 1
      },
      "score": 0.279
    },
    "producingoss.com": {
      "out": {
        "other": 1
      },
      "score": 0.279
    }
  }
}