{
  "domain": "90days.john-ellison.com",
  "urls": [
    "http://90days.john-ellison.com/profile/johnellison",
    "http://john-ellison.com/",
    "http://writings.john-ellison.com/",
    "https://twitter.com/iamjohnellison",
    "https://facebook.com/iamjohnellison",
    "http://linkedin.com/in/jbellison/",
    "https://instagram.com/jbellison11/",
    "https://github.com/johnellison"
  ],
  "names": [
    "John Ellison",
    "90 Days"
  ],
  "descriptions": [
    "Hi, I'm John Ellison. This is a 90-day blog project that chronicles some of my work experience at Clearleft as a UX Designer.",
    "90 Days of UX Design at Clearleft"
  ],
  "pictures": [
    "http://90days.john-ellison.com/file/9fbea3d9a1af233522c5a7ddd3bbf91c/thumb.jpg"
  ],
  "hcard": {
    "properties": {
      "name": [
        "John Ellison"
      ],
      "note": [
        {
          "html": "<div class=\"highlightedText\">\n<p>Hi, I'm John Ellison. This is a 90-day blog project that chronicles some of my work experience at Clearleft as a UX Designer.</p>\n</div>",
          "value": "\nHi, I'm John Ellison. This is a 90-day blog project that chronicles some of my work experience at Clearleft as a UX Designer.\n"
        }
      ],
      "photo": [
        "http://90days.john-ellison.com/file/9fbea3d9a1af233522c5a7ddd3bbf91c/thumb.jpg"
      ],
      "profile": [
        "John Ellison"
      ],
      "url": [
        "http://90days.john-ellison.com/profile/johnellison",
        "http://90days.john-ellison.com/profile/johnellison",
        "http://john-ellison.com/",
        "http://writings.john-ellison.com/",
        "https://twitter.com/iamjohnellison",
        "https://facebook.com/iamjohnellison",
        "http://linkedin.com/in/jbellison/",
        "https://instagram.com/jbellison11/",
        "https://github.com/johnellison"
      ]
    },
    "type": [
      "h-card"
    ]
  },
  "rel_mes": [
    "http://john-ellison.com/",
    "http://writings.john-ellison.com/",
    "https://twitter.com/iamjohnellison",
    "https://facebook.com/iamjohnellison",
    "http://linkedin.com/in/jbellison/",
    "https://instagram.com/jbellison11/",
    "https://github.com/johnellison"
  ],
  "crawl_start": "2017-04-27T07:52:20",
  "crawl_end": "2017-04-27T08:02:20",
  "num_pages": 685,
  "total_html_size": 25369282,
  "servers": [
    "nginx (Ubuntu)",
    "nginx",
    "Known"
  ],
  "mf2_classes": [
    "h-entry",
    "h-card"
  ],
  "tags": [
    "relme",
    "bridgy",
    "webmention",
    "websub",
    "Known"
  ],
  "endpoints": {
    "webmention": [
      "http://90days.john-ellison.com/webmention/",
      "https://90days.john-ellison.com/webmention/"
    ],
    "websub": [
      "https://withknown.superfeedr.com/"
    ]
  },
  "links_out": 5910,
  "links_in": 302,
  "links": {
    "withknown.com": {
      "out": {
        "other": 685
      },
      "score": 1
    },
    "clearleft.com": {
      "out": {
        "other": 622
      },
      "score": 0.986
    },
    "john-ellison.com": {
      "out": {
        "in-reply-to": 2,
        "other": 338
      },
      "in": {
        "other": 11
      },
      "score": 0.909
    },
    "twitter.com/iamjohnellison": {
      "out": {
        "other": 335
      },
      "score": 0.902
    },
    "writings.john-ellison.com": {
      "out": {
        "other": 310
      },
      "score": 0.891
    },
    "linkedin.com": {
      "out": {
        "other": 293
      },
      "score": 0.882
    },
    "instagram.com": {
      "out": {
        "other": 293
      },
      "score": 0.882
    },
    "facebook.com/iamjohnellison": {
      "out": {
        "other": 293
      },
      "score": 0.882
    },
    "github.com": {
      "out": {
        "other": 293
      },
      "score": 0.882
    },
    "adactio.com": {
      "in": {
        "other": 113,
        "bookmark-of": 165
      },
      "out": {
        "other": 14
      },
      "score": 0.852
    },
    "wolfcubdigital.co.uk": {
      "out": {
        "other": 219
      },
      "score": 0.842
    },
    "clearleftinterns.tumblr.com": {
      "out": {
        "other": 162,
        "in-reply-to": 4
      },
      "score": 0.817
    },
    "smithery.co": {
      "out": {
        "other": 106
      },
      "score": 0.742
    },
    "clearleft": {
      "out": {
        "other": 46,
        "in-reply-to": 6
      },
      "score": 0.695
    },
    "twitter.com/willsh": {
      "out": {
        "other": 72
      },
      "score": 0.688
    },
    "www.ted.com": {
      "out": {
        "other": 72
      },
      "score": 0.688
    },
    "refugee.community": {
      "out": {
        "in-reply-to": 2,
        "other": 58
      },
      "score": 0.680
    },
    "twitter.com/electriksheep": {
      "out": {
        "other": 53
      },
      "score": 0.645
    },
    "twitter.com/AnnaLAllan": {
      "out": {
        "other": 53
      },
      "score": 0.645
    },
    "www.onyerbike.cc": {
      "out": {
        "other": 53
      },
      "score": 0.645
    },
    "clagnut.com": {
      "out": {
        "other": 53
      },
      "score": 0.645
    },
    "dconstruct.org": {
      "out": {
        "other": 53
      },
      "score": 0.645
    },
    "twitter.com/fraser_hamilton": {
      "out": {
        "other": 53
      },
      "score": 0.645
    },
    "www.chrisdavegreen.com": {
      "out": {
        "other": 53
      },
      "score": 0.645
    },
    "solvetherefugeecrisis.com": {
      "out": {
        "other": 40,
        "in-reply-to": 2
      },
      "score": 0.639
    },
    "www.amazon.co.uk": {
      "out": {
        "other": 49
      },
      "score": 0.634
    },
    "trello.com": {
      "out": {
        "in-reply-to": 2,
        "other": 36
      },
      "score": 0.626
    },
    "www.periscope.tv": {
      "out": {
        "other": 34,
        "in-reply-to": 2
      },
      "score": 0.620
    },
    "en.wikipedia.org": {
      "out": {
        "other": 44
      },
      "score": 0.620
    },
    "medium.com": {
      "out": {
        "other": 42
      },
      "score": 0.614
    },
    "twitter.com/Sugatam": {
      "out": {
        "other": 38
      },
      "score": 0.600
    },
    "beingwildthings.com": {
      "out": {
        "other": 35
      },
      "score": 0.589
    },
    "www.happystartupsummer.camp": {
      "out": {
        "other": 35
      },
      "score": 0.589
    },
    "www.gv.com": {
      "out": {
        "other": 34
      },
      "score": 0.584
    },
    "www.uxforthemasses.com": {
      "out": {
        "in-reply-to": 2,
        "other": 18
      },
      "score": 0.558
    },
    "twitter.com/eldevri": {
      "out": {
        "other": 28
      },
      "score": 0.558
    },
    "twitter.com/clearleft": {
      "out": {
        "other": 28
      },
      "score": 0.558
    },
    "www.yelp.com": {
      "out": {
        "other": 27
      },
      "score": 0.553
    },
    "docs.google.com": {
      "out": {
        "other": 27
      },
      "score": 0.553
    },
    "bytes-talk.solvetherefugeecrisis.com": {
      "out": {
        "in-reply-to": 2,
        "other": 16
      },
      "score": 0.547
    },
    "slack-files.com": {
      "out": {
        "other": 16,
        "in-reply-to": 2
      },
      "score": 0.547
    },
    "www.amazon.com": {
      "out": {
        "other": 26
      },
      "score": 0.547
    },
    "byandyparker.com": {
      "out": {
        "other": 22
      },
      "score": 0.524
    },
    "books.noisetrade.com": {
      "out": {
        "other": 22
      },
      "score": 0.524
    },
    "designingtogetherbook.com": {
      "out": {
        "other": 22
      },
      "score": 0.524
    },
    "twitter.com/donaldmiller": {
      "out": {
        "other": 22
      },
      "score": 0.524
    },
    "www.designerhangout.co": {
      "out": {
        "other": 19
      },
      "score": 0.504
    },
    "silverbackapp.com": {
      "out": {
        "other": 19
      },
      "score": 0.504
    },
    "twitter.com/jacobrogelberg": {
      "out": {
        "other": 19
      },
      "score": 0.504
    },
    "madebymike.com.au": {
      "out": {
        "other": 19
      },
      "score": 0.504
    },
    "twitter.com/oswald808": {
      "out": {
        "other": 18
      },
      "score": 0.496
    },
    "www.bytesconf.co.uk": {
      "out": {
        "other": 18
      },
      "score": 0.496
    },
    "philippenash.bandcamp.com": {
      "out": {
        "other": 18
      },
      "score": 0.496
    },
    "drop4drop.org": {
      "out": {
        "other": 18
      },
      "score": 0.496
    },
    "www.liquidlight.co.uk": {
      "out": {
        "other": 18
      },
      "score": 0.496
    },
    "abandofbrothers.org.uk": {
      "out": {
        "other": 18
      },
      "score": 0.496
    },
    "hackfarm.org": {
      "out": {
        "other": 17
      },
      "score": 0.489
    },
    "www.designingtheconversation.com": {
      "out": {
        "other": 17
      },
      "score": 0.489
    },
    "www.redbeard.org.uk": {
      "out": {
        "other": 16
      },
      "score": 0.481
    },
    "www.airsquirrels.com": {
      "out": {
        "other": 14
      },
      "score": 0.461
    },
    "truby.com": {
      "out": {
        "other": 14
      },
      "score": 0.461
    },
    "edinburghbanners.co.uk": {
      "out": {
        "other": 12
      },
      "score": 0.440
    },
    "www.randomhouse.com": {
      "out": {
        "other": 12
      },
      "score": 0.440
    },
    "www.scribd.com": {
      "out": {
        "other": 12
      },
      "score": 0.440
    },
    "www.lottejackson.com": {
      "out": {
        "other": 12
      },
      "score": 0.440
    },
    "twitter.com/monikabansal28": {
      "out": {
        "other": 11
      },
      "score": 0.428
    },
    "ilovefreegle.org": {
      "out": {
        "other": 10
      },
      "score": 0.416
    },
    "www.poetryfoundation.org": {
      "out": {
        "other": 10
      },
      "score": 0.416
    },
    "facebook.com/CityReuseDepot": {
      "out": {
        "other": 10
      },
      "score": 0.416
    },
    "www.silobrighton.com": {
      "out": {
        "other": 10
      },
      "score": 0.416
    },
    "www.sysbrighton.co.uk": {
      "out": {
        "other": 10
      },
      "score": 0.416
    },
    "solita.tumblr.com": {
      "out": {
        "other": 10
      },
      "score": 0.416
    },
    "periscope.tv": {
      "out": {
        "other": 10
      },
      "score": 0.416
    },
    "facebook.com/BrightonWasteHouse": {
      "out": {
        "other": 10
      },
      "score": 0.416
    },
    "facebook.com/FlorenceRoadMarket": {
      "out": {
        "other": 10
      },
      "score": 0.416
    },
    "onechurchbrighton.org": {
      "out": {
        "other": 10
      },
      "score": 0.416
    },
    "rootstogrowth.org.uk": {
      "out": {
        "other": 10
      },
      "score": 0.416
    },
    "www.goodreads.com": {
      "out": {
        "other": 10
      },
      "score": 0.416
    },
    "twitter.com/benjaminparry": {
      "out": {
        "other": 10
      },
      "score": 0.416
    },
    "www.brighton-hove.gov.uk": {
      "out": {
        "other": 10
      },
      "score": 0.416
    },
    "www.quora.com": {
      "out": {
        "other": 9
      },
      "score": 0.400
    },
    "bohemiancoding.com": {
      "out": {
        "other": 9
      },
      "score": 0.400
    },
    "simplebits.com": {
      "out": {
        "other": 9
      },
      "score": 0.400
    },
    "twitter.com/brownorama": {
      "out": {
        "other": 9
      },
      "score": 0.400
    },
    "www.digitalocean.com": {
      "out": {
        "other": 9
      },
      "score": 0.400
    },
    "www.invisionapp.com": {
      "out": {
        "other": 9
      },
      "score": 0.400
    },
    "andybudd.com": {
      "out": {
        "other": 9
      },
      "score": 0.400
    },
    "www-personal.umich.edu": {
      "out": {
        "other": 4,
        "in-reply-to": 1
      },
      "score": 0.400
    },
    "abookapart.com": {
      "out": {
        "other": 9
      },
      "score": 0.400
    },
    "benjamin.parry.is": {
      "out": {
        "other": 8
      },
      "in": {
        "other": 1
      },
      "score": 0.392
    },
    "twitter.com/adactio": {
      "out": {
        "other": 8
      },
      "score": 0.384
    },
    "twitter.com/DesignerHangout": {
      "out": {
        "other": 8
      },
      "score": 0.384
    },
    "clickob.com": {
      "out": {
        "other": 6
      },
      "score": 0.343
    },
    "cdevroe.com": {
      "in": {
        "other": 12
      },
      "score": 0.343
    },
    "charlesroper.com": {
      "out": {
        "other": 6
      },
      "score": 0.343
    },
    "yellowlight.io": {
      "out": {
        "other": 6
      },
      "score": 0.343
    },
    "www.tekrevue.com": {
      "out": {
        "other": 5
      },
      "score": 0.319
    },
    "2015.dconstruct.org": {
      "out": {
        "other": 5
      },
      "score": 0.319
    },
    "www.copic-shop.co.uk": {
      "out": {
        "other": 5
      },
      "score": 0.319
    },
    "twitter.com/bensauer": {
      "out": {
        "other": 4
      },
      "score": 0.288
    },
    "twitter.com/mynameisbryce": {
      "out": {
        "other": 4
      },
      "score": 0.288
    },
    "designerhangout.co": {
      "out": {
        "other": 4
      },
      "score": 0.288
    },
    "www.eldevri.co.uk": {
      "out": {
        "other": 4
      },
      "score": 0.288
    },
    "twitter.com/philjackson": {
      "out": {
        "other": 4
      },
      "score": 0.288
    },
    "twitter.com/charlesroper": {
      "out": {
        "other": 4
      },
      "score": 0.288
    },
    "twitter.com/UXcountry": {
      "out": {
        "other": 4
      },
      "score": 0.288
    },
    "twitter.com/FirstPMJob": {
      "out": {
        "other": 4
      },
      "score": 0.288
    },
    "twitter.com/robbevan": {
      "out": {
        "other": 4
      },
      "score": 0.288
    },
    "twitter.com/jeffhecker": {
      "out": {
        "other": 4
      },
      "score": 0.288
    },
    "twitter.com/kurtlohmann": {
      "out": {
        "other": 2
      },
      "score": 0.193
    },
    "Clearleft.com": {
      "out": {
        "other": 2
      },
      "score": 0.193
    },
    "twitter.com/BenJAdams_": {
      "out": {
        "other": 2
      },
      "score": 0.193
    }
  }
}