{
  "domain": "aakritishroff.com",
  "urls": [
    "http://aakritishroff.github.io"
  ],
  "names": [
    "Aakriti Shroff"
  ],
  "descriptions": [],
  "pictures": [
    "http://aakritishroff.com/photo.jpg"
  ],
  "hcard": {
    "properties": {
      "adr": [
        {
          "properties": {
            "name": [
              "MA"
            ]
          },
          "type": [
            "h-adr"
          ],
          "value": "MA"
        }
      ],
      "email": [
        "mailto:ak.aakriti@gmail.com"
      ],
      "locality": [
        {
          "properties": {
            "name": [
              "MA"
            ]
          },
          "type": [
            "h-adr"
          ],
          "value": "MA"
        }
      ],
      "name": [
        "Aakriti Shroff"
      ],
      "photo": [
        "http://aakritishroff.com/photo.jpg"
      ],
      "url": [
        "http://aakritishroff.github.io"
      ]
    },
    "type": [
      "h-card"
    ]
  },
  "rel_mes": [
    "http://aakritishroff.github.io",
    "https://twitter.com/aakritishroff"
  ],
  "crawl_start": "2017-06-09T17:33:25",
  "crawl_end": "2017-06-09T17:33:25",
  "num_pages": 1,
  "total_html_size": 10544,
  "servers": [
    "GitHub.com"
  ],
  "mf2_classes": [
    "h-card"
  ],
  "tags": [
    "relme"
  ],
  "endpoints": {},
  "links_out": 3,
  "links_in": 10,
  "links": {
    "indieweb.org": {
      "in": {
        "other": 8
      },
      "score": 1
    },
    "aakritishroff.github.io": {
      "out": {
        "other": 1
      },
      "score": 0.333
    },
    "gmail.com": {
      "out": {
        "other": 1
      },
      "score": 0.333
    },
    "chat.indieweb.org": {
      "in": {
        "other": 2
      },
      "score": 0.333
    },
    "tel": {
      "out": {
        "other": 1
      },
      "score": 0.333
    }
  }
}