{
  "domain": "aaronegibson.com",
  "urls": [
    "http://aaronegibson.com/"
  ],
  "names": [
    "aaronegibson.com is almost here!"
  ],
  "descriptions": [
    "The owner of this domain has not yet uploaded their website."
  ],
  "pictures": [],
  "hcard": {},
  "rel_mes": [],
  "crawl_start": "2017-04-27T07:44:49",
  "crawl_end": "2017-04-27T07:44:49",
  "num_pages": 1,
  "total_html_size": 749,
  "servers": [
    "Apache"
  ],
  "tags": [
    "bridgy"
  ],
  "endpoints": {},
  "links_out": 3,
  "links_in": 46,
  "links": {
    "known.kevinmarks.com": {
      "in": {
        "in-reply-to": 3,
        "other": 5
      },
      "score": 1
    },
    "brid.gy": {
      "in": {
        "other": 8
      },
      "score": 0.693
    },
    "indieweb.org": {
      "in": {
        "other": 8
      },
      "score": 0.693
    },
    "aaronparecki.com": {
      "in": {
        "other": 4
      },
      "score": 0.463
    },
    "adactio.com": {
      "in": {
        "other": 4
      },
      "score": 0.463
    },
    "chat.indieweb.org": {
      "in": {
        "other": 4
      },
      "score": 0.463
    },
    "mapkyca.com": {
      "in": {
        "other": 4
      },
      "score": 0.463
    },
    "stream.boffosocko.com": {
      "in": {
        "other": 4
      },
      "score": 0.463
    },
    "dreamhost.com": {
      "out": {
        "other": 1
      },
      "score": 0.231
    },
    "help.dreamhost.com": {
      "out": {
        "other": 1
      },
      "score": 0.231
    },
    "kylewm.com": {
      "in": {
        "other": 2
      },
      "score": 0.231
    },
    "panel.dreamhost.com": {
      "out": {
        "other": 1
      },
      "score": 0.231
    }
  }
}