{
  "domain": "aaron-gustafson.com",
  "urls": [
    "https://www.aaron-gustafson.com/"
  ],
  "names": [
    "Hi! - Aaron Gustafson",
    "Hi!",
    "Aaron Gustafson"
  ],
  "descriptions": [
    "Hi, Iâm Aaron and I work on the Web."
  ],
  "pictures": [
    "https://www.aaron-gustafson.comfavicon.png",
    "https://www.aaron-gustafson.com/i/og-logo.png"
  ],
  "hcard": {},
  "rel_mes": [],
  "tags": [
    "bridgy",
    "webmention.io"
  ],
  "endpoints": {},
  "crawl_start": "2017-05-19T22:43:11.914462",
  "crawl_end": "2017-05-19T22:43:11.914462",
  "links_out": 0,
  "links_in": 1048,
  "links": {
    "adactio.com": {
      "in": {
        "bookmark-of": 332,
        "other": 500
      },
      "score": 1
    },
    "known.kylewm.com": {
      "in": {
        "in-reply-to": 24
      },
      "score": 0.678
    },
    "aaronparecki.com": {
      "in": {
        "in-reply-to": 7,
        "other": 15
      },
      "score": 0.554
    },
    "www.aaron-gustafson.com": {
      "in": {
        "other": 43
      },
      "score": 0.533
    },
    "indieweb.org": {
      "in": {
        "other": 34
      },
      "score": 0.5
    },
    "kylewm.com": {
      "in": {
        "other": 1,
        "in-reply-to": 6
      },
      "score": 0.486
    },
    "known.npdoty.name": {
      "in": {
        "in-reply-to": 6
      },
      "score": 0.482
    },
    "jeena.net": {
      "in": {
        "in-reply-to": 4
      },
      "score": 0.425
    },
    "xtof.withknown.com": {
      "in": {
        "other": 17
      },
      "score": 0.401
    },
    "chat.indieweb.org": {
      "in": {
        "other": 17
      },
      "score": 0.401
    },
    "meyerweb.com": {
      "in": {
        "other": 11
      },
      "score": 0.340
    },
    "sixtwothree.org": {
      "in": {
        "other": 9
      },
      "score": 0.312
    },
    "brid.gy": {
      "in": {
        "other": 7
      },
      "score": 0.276
    },
    "davidjohnmead.com": {
      "in": {
        "other": 6
      },
      "score": 0.254
    },
    "tantek.com": {
      "in": {
        "in-reply-to": 1
      },
      "score": 0.228
    },
    "beyondtellerrand.com": {
      "in": {
        "other": 2
      },
      "score": 0.0982
    },
    "kartikprabhu.com": {
      "in": {
        "other": 2
      },
      "score": 0.0982
    },
    "snarfed.org": {
      "in": {
        "like-of": 1
      },
      "score": 0.0982
    },
    "vanderwal.net": {
      "in": {
        "other": 1
      },
      "score": 0
    },
    "vasilis.nl": {
      "in": {
        "other": 1
      },
      "score": 0
    },
    "davidakennedy.com": {
      "in": {
        "other": 1
      },
      "score": 0
    }
  }
}