{
  "domain": "aaroncole.com",
  "urls": [
    "http://aaroncole.com/"
  ],
  "names": [
    "Aaron Cole – Husband, Dad, Web Nerd",
    "Aaron Cole"
  ],
  "descriptions": [
    "Husband, Dad, Web Nerd"
  ],
  "pictures": [
    "http://aaroncole.com/wp-content/uploads/2016/11/84398630a7fdf4c0c6e728238b82a709.jpeg",
    "https://s0.wp.com/i/blank.jpg"
  ],
  "hcard": {},
  "rel_mes": [],
  "crawl_start": "2017-06-09T17:33:25",
  "crawl_end": "2017-06-09T18:28:54",
  "num_pages": 1801,
  "total_html_size": 130090404,
  "servers": [
    "Apache",
    "WordPress"
  ],
  "mf2_classes": [
    "h-card",
    "h-entry",
    "h-feed"
  ],
  "tags": [
    "WordPress"
  ],
  "endpoints": {},
  "links_out": 7754,
  "links_in": 0,
  "links": {
    "www.linkedin.com": {
      "out": {
        "other": 1801
      },
      "score": 1
    },
    "www.flickr.com": {
      "out": {
        "other": 1801
      },
      "score": 1
    },
    "wordpress.org": {
      "out": {
        "other": 1801
      },
      "score": 1
    },
    "github.com": {
      "out": {
        "other": 1801
      },
      "score": 1
    },
    "ift.tt": {
      "out": {
        "other": 342
      },
      "score": 0.797
    },
    "aaroncole.files.wordpress.com": {
      "out": {
        "other": 20
      },
      "score": 0.451
    },
    "www.theverge.com": {
      "out": {
        "other": 20
      },
      "score": 0.451
    },
    "arstechnica.co.uk": {
      "out": {
        "other": 16
      },
      "score": 0.424
    },
    "www.wired.com": {
      "out": {
        "other": 14
      },
      "score": 0.407
    },
    "aaroncole.wordpress.com": {
      "out": {
        "other": 14
      },
      "score": 0.407
    },
    "billmoyers.com": {
      "out": {
        "other": 10
      },
      "score": 0.366
    },
    "99percentinvisible.org": {
      "out": {
        "other": 10
      },
      "score": 0.366
    },
    "soap.stanford.edu": {
      "out": {
        "other": 9
      },
      "score": 0.353
    },
    "www.456bereastreet.com": {
      "out": {
        "other": 9
      },
      "score": 0.353
    },
    "www.stanford.edu": {
      "out": {
        "other": 9
      },
      "score": 0.353
    },
    "www.w3.org": {
      "out": {
        "other": 9
      },
      "score": 0.353
    },
    "nyti.ms": {
      "out": {
        "other": 8
      },
      "score": 0.338
    },
    "farm8.staticflickr.com": {
      "out": {
        "other": 8
      },
      "score": 0.338
    },
    "news.stanford.edu": {
      "out": {
        "other": 8
      },
      "score": 0.338
    },
    "lin-clark.com": {
      "out": {
        "other": 7
      },
      "score": 0.322
    },
    "jsfiddle.net": {
      "out": {
        "other": 6
      },
      "score": 0.303
    },
    "drupal.org": {
      "out": {
        "other": 6
      },
      "score": 0.303
    },
    "qz.com": {
      "out": {
        "other": 5
      },
      "score": 0.281
    },
    "facebook.com/timothy.david.snyder": {
      "out": {
        "other": 5
      },
      "score": 0.281
    },
    "freakonomics.com": {
      "out": {
        "other": 5
      },
      "score": 0.281
    },
    "blog.evernote.com": {
      "out": {
        "other": 4
      },
      "score": 0.254
    },
    "uncrate.com": {
      "out": {
        "other": 4
      },
      "score": 0.254
    },
    "vimeo.com": {
      "out": {
        "other": 1
      },
      "score": 0.0846
    },
    "www.nytimes.com": {
      "out": {
        "other": 1
      },
      "score": 0.0846
    }
  }
}