{
  "domain": "abandonedbones.withknown.com",
  "urls": [
    "https://abandonedbones.withknown.com/profile/npalmeter",
    "http://www.abandonedbones.com"
  ],
  "names": [
    "Nicole Palmeter",
    "Abandoned Bones"
  ],
  "descriptions": [
    "Student of Anthropology, wife, mother.",
    "Anthropology of death and burial"
  ],
  "pictures": [
    "https://abandonedbones.withknown.com/file/59ffd5681c5d32c4d9f00456301126e6/thumb.jpg"
  ],
  "hcard": {
    "properties": {
      "name": [
        "Nicole Palmeter"
      ],
      "note": [
        {
          "html": "<div class=\"highlightedText\">\n<p>Student of Anthropology, wife, mother.</p>\n</div>",
          "value": "\nStudent of Anthropology, wife, mother.\n"
        }
      ],
      "photo": [
        "https://abandonedbones.withknown.com/file/59ffd5681c5d32c4d9f00456301126e6/thumb.jpg"
      ],
      "profile": [
        "Nicole Palmeter"
      ],
      "url": [
        "https://abandonedbones.withknown.com/profile/npalmeter",
        "https://abandonedbones.withknown.com/profile/npalmeter",
        "http://www.abandonedbones.com"
      ]
    },
    "type": [
      "h-card"
    ]
  },
  "rel_mes": [
    "http://www.abandonedbones.com"
  ],
  "crawl_start": "2017-04-27T07:52:21",
  "crawl_end": "2017-04-27T07:52:33",
  "num_pages": 14,
  "total_html_size": 265180,
  "servers": [
    "Apache",
    "Known"
  ],
  "mf2_classes": [
    "h-card",
    "h-entry"
  ],
  "tags": [
    "relme",
    "bridgy",
    "webmention",
    "websub",
    "Known"
  ],
  "endpoints": {
    "webmention": [
      "https://abandonedbones.withknown.com/webmention/"
    ],
    "websub": [
      "http://withknown.superfeedr.com/"
    ]
  },
  "links_out": 18,
  "links_in": 2,
  "links": {
    "www.abandonedbones.com": {
      "out": {
        "other": 9
      },
      "score": 1
    },
    "onlinecourselady.pbworks.com": {
      "out": {
        "other": 5
      },
      "score": 0.796
    },
    "www.pinterest.com": {
      "out": {
        "other": 4
      },
      "score": 0.720
    },
    "brid.gy": {
      "in": {
        "other": 2
      },
      "score": 0.240
    }
  }
}