{
  "domain": "abrah.am",
  "urls": [
    "https://abrah.am",
    "https://abrah.am/"
  ],
  "names": [
    "Abraham Williams"
  ],
  "descriptions": [
    "Abraham Williams is a web engineer working for Bendyworks in Madison, WI."
  ],
  "pictures": [
    "https://abrah.am/img/abraham-192.jpg",
    "https://abrah.am/favicon.ico",
    "https://abrah.am/img/abraham-512.jpg"
  ],
  "hcard": {},
  "rel_mes": [
    "https://plus.google.com/+abrahamwilliams"
  ],
  "tags": [
    "relme"
  ],
  "endpoints": {},
  "crawl_start": "2017-06-11T14:29:53.549966",
  "crawl_end": "2017-06-11T14:29:53.549966",
  "links_out": 0,
  "links_in": 3,
  "links": {
    "shiflett.org": {
      "in": {
        "other": 2
      },
      "score": 1
    },
    "ar.al": {
      "in": {
        "other": 1
      },
      "score": 0
    }
  }
}