{
  "domain": "absolonkent.net",
  "urls": [
    "http://absolonkent.net/profile/absolonkent",
    "http://absolonkent.com",
    "http://twitter.com/absolonkent",
    "https://www.facebook.com/absolonkent",
    "https://plus.google.com/+AbsolonKent1",
    "https://www.linkedin.com/in/absolonkent",
    "http://absolonkent.tumblr.com/",
    "https://instagram.com/absolonkent/",
    "https://www.flickr.com/photos/absolonkent/",
    "http://500px.com/absolonkent",
    "https://github.com/absolonkent"
  ],
  "names": [
    "Absolon Kent",
    "Absolon's World"
  ],
  "descriptions": [
    "Husband, Father, Man of God",
    "A quick look into the life of a husband, a father, and a man of God"
  ],
  "pictures": [
    "http://absolonkent.net/file/c8c307c8ffd7f8c64f2e6f86a2940f1e/thumb.jpg",
    "http://absolonkent.net/gfx/logos/logo_k.png"
  ],
  "hcard": {
    "properties": {
      "name": [
        "Absolon Kent"
      ],
      "note": [
        {
          "html": "<div class=\"highlightedText\">\n<p>Husband, Father, Man of God</p>\n</div> ",
          "value": "\nHusband, Father, Man of God\n "
        }
      ],
      "photo": [
        "http://absolonkent.net/file/c8c307c8ffd7f8c64f2e6f86a2940f1e/thumb.jpg"
      ],
      "profile": [
        "Absolon Kent"
      ],
      "tel": [
        "+17575591406"
      ],
      "url": [
        "http://absolonkent.net/profile/absolonkent",
        "http://absolonkent.net/profile/absolonkent",
        "http://absolonkent.com",
        "http://twitter.com/absolonkent",
        "https://www.facebook.com/absolonkent",
        "https://plus.google.com/+AbsolonKent1",
        "https://www.linkedin.com/in/absolonkent",
        "http://absolonkent.tumblr.com/",
        "https://instagram.com/absolonkent/",
        "https://www.flickr.com/photos/absolonkent/",
        "http://500px.com/absolonkent",
        "https://github.com/absolonkent"
      ]
    },
    "type": [
      "h-card"
    ]
  },
  "rel_mes": [
    "http://absolonkent.com",
    "http://twitter.com/absolonkent",
    "https://www.facebook.com/absolonkent",
    "https://plus.google.com/+AbsolonKent1",
    "https://www.linkedin.com/in/absolonkent",
    "http://absolonkent.tumblr.com/",
    "https://instagram.com/absolonkent/",
    "https://www.flickr.com/photos/absolonkent/",
    "http://500px.com/absolonkent",
    "https://github.com/absolonkent",
    "sms:+17575591406"
  ],
  "crawl_start": "2017-04-27T07:52:20",
  "crawl_end": "2017-04-27T08:45:00",
  "num_pages": 3914,
  "total_html_size": 126927924,
  "servers": [
    "Apache",
    "Known"
  ],
  "mf2_classes": [
    "h-geo",
    "h-card",
    "h-entry"
  ],
  "tags": [
    "relme",
    "bridgy",
    "webmention",
    "micropub",
    "authorization",
    "token",
    "websub",
    "Known"
  ],
  "endpoints": {
    "webmention": [
      "http://absolonkent.net/webmention/"
    ],
    "micropub": [
      "http://absolonkent.net/micropub/endpoint"
    ],
    "authorization": [
      "http://absolonkent.net/indieauth/auth"
    ],
    "token": [
      "http://absolonkent.net/indieauth/token"
    ],
    "websub": [
      "http://withknown.superfeedr.com/"
    ]
  },
  "links_out": 38295,
  "links_in": 36,
  "links": {
    "www.flickr.com": {
      "out": {
        "other": 4368
      },
      "score": 1
    },
    "withknown.com": {
      "out": {
        "other": 3910
      },
      "score": 0.987
    },
    "instagram.com": {
      "out": {
        "other": 3358
      },
      "score": 0.970
    },
    "www.instagram.com": {
      "out": {
        "other": 2592
      },
      "score": 0.942
    },
    "twitter.com/absolonkent": {
      "out": {
        "other": 2142
      },
      "score": 0.921
    },
    "absolonkent.tumblr.com": {
      "out": {
        "other": 2116
      },
      "score": 0.920
    },
    "github.com": {
      "out": {
        "other": 2116
      },
      "score": 0.920
    },
    "facebook.com/absolonkent": {
      "out": {
        "other": 2116
      },
      "score": 0.920
    },
    "www.linkedin.com": {
      "out": {
        "other": 2116
      },
      "score": 0.920
    },
    "absolonkent.com": {
      "out": {
        "other": 2116
      },
      "score": 0.920
    },
    "plus.google.com/+AbsolonKent1": {
      "out": {
        "other": 2116
      },
      "score": 0.920
    },
    "sms": {
      "out": {
        "other": 2116
      },
      "score": 0.920
    },
    "500px.com": {
      "out": {
        "other": 2116
      },
      "score": 0.920
    },
    "www.absolonkent.net": {
      "out": {
        "other": 1581
      },
      "score": 0.888
    },
    "www.absolonkent.com": {
      "out": {
        "other": 1184
      },
      "score": 0.856
    },
    "vimeo.com": {
      "out": {
        "other": 519
      },
      "score": 0.765
    },
    "kid-museum.org": {
      "out": {
        "other": 156
      },
      "score": 0.632
    },
    "www.nmai.si.edu": {
      "out": {
        "other": 148
      },
      "score": 0.627
    },
    "savannahstate.edu": {
      "out": {
        "other": 148
      },
      "score": 0.627
    },
    "www.mnh.si.edu": {
      "out": {
        "other": 148
      },
      "score": 0.627
    },
    "OwnYourGram.com": {
      "out": {
        "other": 143
      },
      "score": 0.623
    },
    "2015bestnine.com": {
      "out": {
        "other": 144
      },
      "score": 0.623
    },
    "ownyourgram.com": {
      "out": {
        "other": 143
      },
      "score": 0.623
    },
    "facebook.com/events": {
      "out": {
        "in-reply-to": 20
      },
      "score": 0.584
    },
    "ssunaa.org": {
      "out": {
        "other": 90
      },
      "score": 0.572
    },
    "www.ssunaa.com": {
      "out": {
        "other": 87
      },
      "score": 0.568
    },
    "facebook.com/SavStAlumni": {
      "out": {
        "other": 76
      },
      "score": 0.553
    },
    "theworshipcenter24cog.org": {
      "out": {
        "other": 75
      },
      "score": 0.552
    },
    "www.amazon.com": {
      "out": {
        "other": 67
      },
      "score": 0.540
    },
    "posterous.absolonkent.com": {
      "out": {
        "other": 37
      },
      "score": 0.474
    },
    "posterous.com": {
      "out": {
        "other": 37
      },
      "score": 0.474
    },
    "blackandmarriedwithkids.com": {
      "out": {
        "other": 35
      },
      "score": 0.468
    },
    "facebook.com/media": {
      "out": {
        "other": 28
      },
      "score": 0.444
    },
    "www.barryrobinson.org": {
      "out": {
        "other": 20
      },
      "score": 0.406
    },
    "supertigerfoundation.org": {
      "out": {
        "other": 18
      },
      "score": 0.394
    },
    "www.vettix.org": {
      "out": {
        "other": 17
      },
      "score": 0.389
    },
    "brid.gy": {
      "in": {
        "other": 28
      },
      "score": 0.367
    },
    "masoncrestpto.org": {
      "out": {
        "other": 12
      },
      "score": 0.350
    },
    "www.navy.mil": {
      "out": {
        "other": 9
      },
      "score": 0.318
    },
    "twitter.com/rachelscott_tls": {
      "out": {
        "other": 5
      },
      "score": 0.253
    },
    "twitter.com/jockosims": {
      "out": {
        "other": 5
      },
      "score": 0.253
    },
    "www.youtube.com": {
      "out": {
        "other": 4
      },
      "score": 0.229
    },
    "alphaphilambda.com": {
      "out": {
        "other": 4
      },
      "score": 0.229
    },
    "twitter.com/theLASTshipfans": {
      "out": {
        "other": 4
      },
      "score": 0.229
    },
    "twitter.com/bluepeaceful": {
      "out": {
        "other": 4
      },
      "score": 0.229
    },
    "indieweb.org": {
      "in": {
        "other": 6
      },
      "score": 0.197
    },
    "twitter.com/arsenault_judy": {
      "out": {
        "other": 2
      },
      "score": 0.153
    },
    "brid-gy.appspot.com": {
      "out": {
        "other": 2
      },
      "score": 0.153
    },
    "twitter.com/perfectGApeach": {
      "out": {
        "other": 2
      },
      "score": 0.153
    },
    "twitter.com/gabiazevedodesa": {
      "out": {
        "other": 2
      },
      "score": 0.153
    },
    "twitter.com/AlexaGuerra_": {
      "out": {
        "other": 2
      },
      "score": 0.153
    },
    "twitter.com/careersultan": {
      "out": {
        "other": 2
      },
      "score": 0.153
    },
    "twitter.com/raven1066": {
      "out": {
        "other": 2
      },
      "score": 0.153
    },
    "twitter.com/VictoriaELee": {
      "out": {
        "other": 2
      },
      "score": 0.153
    },
    "twitter.com/SimpleS0cial": {
      "out": {
        "other": 2
      },
      "score": 0.153
    },
    "www.orioninternational.com": {
      "out": {
        "other": 2
      },
      "score": 0.153
    },
    "twitter.com/stephenabess": {
      "out": {
        "other": 2
      },
      "score": 0.153
    },
    "twitter.com/tam042868": {
      "out": {
        "other": 2
      },
      "score": 0.153
    },
    "twitter.com/measyb": {
      "out": {
        "other": 2
      },
      "score": 0.153
    },
    "twitter.com/GladersPants": {
      "out": {
        "other": 2
      },
      "score": 0.153
    },
    "chat.indieweb.org": {
      "in": {
        "other": 2
      },
      "score": 0.0763
    },
    "webmention.org": {
      "out": {
        "other": 1
      },
      "score": 0.0763
    }
  }
}