{
  "domain": "acegiak.machinespirit.net",
  "urls": [
    "http://machinespirit.net/"
  ],
  "names": [
    "MachineSpirit"
  ],
  "descriptions": [],
  "pictures": [],
  "hcard": {},
  "rel_mes": [],
  "tags": [
    "bridgy",
    "elder"
  ],
  "endpoints": {},
  "crawl_start": "2017-05-19T22:44:22.446270",
  "crawl_end": "2017-05-19T22:44:22.446270",
  "links_out": 0,
  "links_in": 214,
  "links": {
    "acegiak.net": {
      "in": {
        "other": 100
      },
      "score": 1
    },
    "indieweb.org": {
      "in": {
        "other": 66
      },
      "score": 0.909
    },
    "chat.indieweb.org": {
      "in": {
        "other": 33
      },
      "score": 0.759
    },
    "waterpigs.co.uk": {
      "in": {
        "other": 8
      },
      "score": 0.451
    },
    "aaronparecki.com": {
      "in": {
        "other": 6
      },
      "score": 0.388
    },
    "kylewm.com": {
      "in": {
        "other": 1
      },
      "score": 0
    }
  }
}