{
  "domain": "achangeiscoming.net",
  "urls": [
    "http://achangeiscoming.net/"
  ],
  "names": [
    "A Change Is Coming - Software, culture, social computing, diversity, and more",
    "A Change Is Coming"
  ],
  "descriptions": [
    "Software, culture, social computing, diversity, and more"
  ],
  "pictures": [
    "http://achangeiscoming.net/wp-content/uploads/sites/7/2016/09/cropped-pink-background-32x32.jpg",
    "http://achangeiscoming.net/wp-content/uploads/sites/7/2016/09/cropped-pink-background-192x192.jpg"
  ],
  "hcard": {},
  "rel_mes": [
    "https://twitter.com/jdp23",
    "https://www.facebook.com/522a719281cee8222b000003"
  ],
  "crawl_start": "2017-04-23T22:42:35",
  "crawl_end": "2017-04-23T22:46:06",
  "num_pages": 41,
  "total_html_size": 1001496,
  "servers": [
    "Apache (Ubuntu)",
    "WordPress"
  ],
  "mf2_classes": [
    "h-as-article"
  ],
  "tags": [
    "relme",
    "IRC",
    "webmention",
    "micropub",
    "authorization",
    "token",
    "WordPress"
  ],
  "endpoints": {
    "webmention": [
      "http://achangeiscoming.net/?webmention=endpoint"
    ],
    "micropub": [
      "http://achangeiscoming.net/?micropub=endpoint"
    ],
    "authorization": [
      "https://indieauth.com/auth"
    ],
    "token": [
      "https://tokens.indieauth.com/token"
    ]
  },
  "links_out": 385,
  "links_in": 661,
  "links": {
    "indieweb.org": {
      "in": {
        "other": 334
      },
      "score": 1
    },
    "creativecommons.org": {
      "out": {
        "other": 82
      },
      "score": 0.878
    },
    "chat.indieweb.org": {
      "in": {
        "other": 158
      },
      "score": 0.871
    },
    "kallistixf.dreamwidth.org": {
      "in": {
        "other": 122
      },
      "score": 0.826
    },
    "medium.com": {
      "out": {
        "other": 40
      },
      "score": 0.754
    },
    "schedule.sxsw.com": {
      "out": {
        "other": 31
      },
      "score": 0.711
    },
    "opensourcebridge.org": {
      "out": {
        "other": 17
      },
      "score": 0.608
    },
    "stream.tapestrymaker.net": {
      "in": {
        "other": 29
      },
      "out": {
        "other": 2
      },
      "score": 0.602
    },
    "www.talesfromthe.net": {
      "out": {
        "other": 12
      },
      "score": 0.547
    },
    "news.ycombinator.com": {
      "out": {
        "other": 11
      },
      "score": 0.532
    },
    "dl.acm.org": {
      "out": {
        "other": 10
      },
      "score": 0.516
    },
    "sf16.techinclusion.co": {
      "out": {
        "other": 6
      },
      "score": 0.427
    },
    "brid.gy": {
      "in": {
        "other": 11
      },
      "score": 0.413
    },
    "twitter.com/jdp23": {
      "out": {
        "other": 4
      },
      "score": 0.358
    },
    "talesfromthe.net": {
      "out": {
        "other": 4
      },
      "score": 0.358
    },
    "www.buzzfeed.com": {
      "out": {
        "other": 4
      },
      "score": 0.358
    },
    "kylewm.com": {
      "in": {
        "other": 7
      },
      "score": 0.336
    },
    "www.alterconf.com": {
      "out": {
        "other": 3
      },
      "score": 0.308
    },
    "twitter.com/ArlanWasHere": {
      "out": {
        "other": 3
      },
      "score": 0.308
    },
    "www.propublica.org": {
      "out": {
        "other": 3
      },
      "score": 0.308
    },
    "www.dreamwidth.org": {
      "out": {
        "other": 3
      },
      "score": 0.308
    },
    "twitter.com/EricaJoy": {
      "out": {
        "other": 3
      },
      "score": 0.308
    },
    "www.nytimes.com": {
      "out": {
        "other": 3
      },
      "score": 0.308
    },
    "www.slideshare.net": {
      "out": {
        "other": 2
      },
      "score": 0.239
    },
    "oliverhaimson.com": {
      "out": {
        "other": 2
      },
      "score": 0.239
    },
    "scholar.google.com": {
      "out": {
        "other": 2
      },
      "score": 0.239
    },
    "jilldimond.com": {
      "out": {
        "other": 2
      },
      "score": 0.239
    },
    "www.transhack.org": {
      "out": {
        "other": 2
      },
      "score": 0.239
    },
    "centerformediajustice.org": {
      "out": {
        "other": 2
      },
      "score": 0.239
    },
    "twitter.com/nmsanchez": {
      "out": {
        "other": 2
      },
      "score": 0.239
    },
    "feministcscw2015.wordpress.com": {
      "out": {
        "other": 2
      },
      "score": 0.239
    },
    "obamawhitehouse.archives.gov": {
      "out": {
        "other": 2
      },
      "score": 0.239
    },
    "www.wired.com": {
      "out": {
        "other": 2
      },
      "score": 0.239
    },
    "money.cnn.com": {
      "out": {
        "other": 2
      },
      "score": 0.239
    },
    "www.theguardian.com": {
      "out": {
        "other": 2
      },
      "score": 0.239
    },
    "lesbianswhotech.org": {
      "out": {
        "other": 2
      },
      "score": 0.239
    },
    "ccid2.files.wordpress.com": {
      "out": {
        "other": 2
      },
      "score": 0.239
    },
    "www.usatoday.com": {
      "out": {
        "other": 2
      },
      "score": 0.239
    },
    "twitter.com/cbracy": {
      "out": {
        "other": 2
      },
      "score": 0.239
    },
    "twitter.com/hypatiadotca": {
      "out": {
        "other": 2
      },
      "score": 0.239
    },
    "twitter.com/MaddyDono": {
      "out": {
        "other": 2
      },
      "score": 0.239
    },
    "www.torproject.org": {
      "out": {
        "other": 2
      },
      "score": 0.239
    },
    "blog.techinclusion.co": {
      "out": {
        "other": 2
      },
      "score": 0.239
    },
    "www.ihollaback.org": {
      "out": {
        "other": 2
      },
      "score": 0.239
    },
    "www.inc.com": {
      "out": {
        "other": 2
      },
      "score": 0.239
    },
    "geekfeminism.wikia.com": {
      "out": {
        "other": 2
      },
      "score": 0.239
    },
    "iwc.oxfordjournals.org": {
      "out": {
        "other": 2
      },
      "score": 0.239
    },
    "civichall.org": {
      "out": {
        "other": 2
      },
      "score": 0.239
    },
    "www.linkedin.com": {
      "out": {
        "other": 2
      },
      "score": 0.239
    },
    "www.wsj.com": {
      "out": {
        "other": 2
      },
      "score": 0.239
    },
    "sth.sagepub.com": {
      "out": {
        "other": 2
      },
      "score": 0.239
    },
    "thurst.in": {
      "out": {
        "other": 2
      },
      "score": 0.239
    },
    "www.osfeels.com": {
      "out": {
        "other": 2
      },
      "score": 0.239
    },
    "en.wikipedia.org": {
      "out": {
        "other": 2
      },
      "score": 0.239
    },
    "facebook.com/groups": {
      "out": {
        "other": 1
      },
      "score": 0.119
    },
    "interactions.acm.org": {
      "out": {
        "other": 1
      },
      "score": 0.119
    },
    "twitter.com/techinclusionco": {
      "out": {
        "other": 1
      },
      "score": 0.119
    },
    "twitter.com/paulg": {
      "out": {
        "other": 1
      },
      "score": 0.119
    },
    "www.flickr.com": {
      "out": {
        "other": 1
      },
      "score": 0.119
    },
    "www.slate.com": {
      "out": {
        "other": 1
      },
      "score": 0.119
    },
    "twitter.com/cyantist": {
      "out": {
        "other": 1
      },
      "score": 0.119
    },
    "mic.com": {
      "out": {
        "other": 1
      },
      "score": 0.119
    },
    "www.resistancemanual.org": {
      "out": {
        "other": 1
      },
      "score": 0.119
    },
    "www.theatlantic.com": {
      "out": {
        "other": 1
      },
      "score": 0.119
    },
    "frameshiftconsulting.com": {
      "out": {
        "other": 1
      },
      "score": 0.119
    },
    "gendermag.org": {
      "out": {
        "other": 1
      },
      "score": 0.119
    },
    "get-fisa-right.wikifoundry.com": {
      "out": {
        "other": 1
      },
      "score": 0.119
    },
    "blackyouthproject.com": {
      "out": {
        "other": 1
      },
      "score": 0.119
    },
    "toot.cat": {
      "out": {
        "other": 1
      },
      "score": 0.119
    },
    "www.blackenterprise.com": {
      "out": {
        "other": 1
      },
      "score": 0.119
    },
    "iheartmob.org": {
      "out": {
        "other": 1
      },
      "score": 0.119
    },
    "jezebel.com": {
      "out": {
        "other": 1
      },
      "score": 0.119
    },
    "kernelmag.dailydot.com": {
      "out": {
        "other": 1
      },
      "score": 0.119
    },
    "www.northeastern.edu": {
      "out": {
        "other": 1
      },
      "score": 0.119
    },
    "www.andshecodes.com": {
      "out": {
        "other": 1
      },
      "score": 0.119
    },
    "www.recode.net": {
      "out": {
        "other": 1
      },
      "score": 0.119
    },
    "diasp.org": {
      "out": {
        "other": 1
      },
      "score": 0.119
    },
    "msrvideo.vo.msecnd.net": {
      "out": {
        "other": 1
      },
      "score": 0.119
    },
    "www.righto.com": {
      "out": {
        "other": 1
      },
      "score": 0.119
    },
    "plus.google.com/u": {
      "out": {
        "other": 1
      },
      "score": 0.119
    },
    "www.dnalounge.com": {
      "out": {
        "other": 1
      },
      "score": 0.119
    },
    "www.technologyreview.com": {
      "out": {
        "other": 1
      },
      "score": 0.119
    },
    "paginaspersonales.deusto.es": {
      "out": {
        "other": 1
      },
      "score": 0.119
    },
    "www.eff.org": {
      "out": {
        "other": 1
      },
      "score": 0.119
    },
    "www.optyva.com": {
      "out": {
        "other": 1
      },
      "score": 0.119
    },
    "amj.aom.org": {
      "out": {
        "other": 1
      },
      "score": 0.119
    },
    "www.newtechnorthwest.com": {
      "out": {
        "other": 1
      },
      "score": 0.119
    },
    "www.thenation.com": {
      "out": {
        "other": 1
      },
      "score": 0.119
    },
    "www.youtube.com": {
      "out": {
        "other": 1
      },
      "score": 0.119
    },
    "anildash.com": {
      "out": {
        "other": 1
      },
      "score": 0.119
    },
    "thurst.myshopify.com": {
      "out": {
        "other": 1
      },
      "score": 0.119
    },
    "www.aclu.org": {
      "out": {
        "other": 1
      },
      "score": 0.119
    },
    "projectinclude.org": {
      "out": {
        "other": 1
      },
      "score": 0.119
    },
    "techcrunch.com": {
      "out": {
        "other": 1
      },
      "score": 0.119
    },
    "research.microsoft.com": {
      "out": {
        "other": 1
      },
      "score": 0.119
    },
    "fusion.net": {
      "out": {
        "other": 1
      },
      "score": 0.119
    },
    "www.newyorker.com": {
      "out": {
        "other": 1
      },
      "score": 0.119
    },
    "www.mercurynews.com": {
      "out": {
        "other": 1
      },
      "score": 0.119
    },
    "adadevacademy.tumblr.com": {
      "out": {
        "other": 1
      },
      "score": 0.119
    },
    "twitter.com/jilliancyork": {
      "out": {
        "other": 1
      },
      "score": 0.119
    },
    "www.iep.utm.edu": {
      "out": {
        "other": 1
      },
      "score": 0.119
    },
    "www.new.facebook.com": {
      "out": {
        "other": 1
      },
      "score": 0.119
    },
    "www.womenwhotech.com": {
      "out": {
        "other": 1
      },
      "score": 0.119
    },
    "bordc.org": {
      "out": {
        "other": 1
      },
      "score": 0.119
    },
    "laboratorium.net": {
      "out": {
        "other": 1
      },
      "score": 0.119
    },
    "www.o.school": {
      "out": {
        "other": 1
      },
      "score": 0.119
    },
    "twitter.com/abbymalds": {
      "out": {
        "other": 1
      },
      "score": 0.119
    },
    "www.huffingtonpost.com": {
      "out": {
        "other": 1
      },
      "score": 0.119
    },
    "blog.ycombinator.com": {
      "out": {
        "other": 1
      },
      "score": 0.119
    },
    "twitter.com/mjg59": {
      "out": {
        "other": 1
      },
      "score": 0.119
    },
    "asq.sagepub.com": {
      "out": {
        "other": 1
      },
      "score": 0.119
    },
    "cfp.wikia.com": {
      "out": {
        "other": 1
      },
      "score": 0.119
    },
    "twitter.com/digitalsista": {
      "out": {
        "other": 1
      },
      "score": 0.119
    },
    "www.amazon.com": {
      "out": {
        "other": 1
      },
      "score": 0.119
    },
    "www.engadget.com": {
      "out": {
        "other": 1
      },
      "score": 0.119
    },
    "p2pt0.wikifoundry.com": {
      "out": {
        "other": 1
      },
      "score": 0.119
    },
    "www.benedelman.org": {
      "out": {
        "other": 1
      },
      "score": 0.119
    },
    "twitter.com/shanley": {
      "out": {
        "other": 1
      },
      "score": 0.119
    },
    "www.geekwire.com": {
      "out": {
        "other": 1
      },
      "score": 0.119
    },
    "engr.oregonstate.edu": {
      "out": {
        "other": 1
      },
      "score": 0.119
    },
    "investor.fb.com": {
      "out": {
        "other": 1
      },
      "score": 0.119
    },
    "twitter.com/zeynep": {
      "out": {
        "other": 1
      },
      "score": 0.119
    },
    "twitter.com/violetblue": {
      "out": {
        "other": 1
      },
      "score": 0.119
    },
    "www.tandfonline.com": {
      "out": {
        "other": 1
      },
      "score": 0.119
    },
    "www.achangeiscoming.net": {
      "out": {
        "other": 1
      },
      "score": 0.119
    },
    "www.owasp.org": {
      "out": {
        "other": 1
      },
      "score": 0.119
    },
    "storify.com": {
      "out": {
        "other": 1
      },
      "score": 0.119
    },
    "twitter.com/Pinboard": {
      "out": {
        "other": 1
      },
      "score": 0.119
    },
    "hackeducation.com": {
      "out": {
        "other": 1
      },
      "score": 0.119
    },
    "twitter.com/KathrynFinney": {
      "out": {
        "other": 1
      },
      "score": 0.119
    },
    "www.cc.gatech.edu": {
      "out": {
        "other": 1
      },
      "score": 0.119
    },
    "www.scottaaronson.com": {
      "out": {
        "other": 1
      },
      "score": 0.119
    },
    "alexjs.com": {
      "out": {
        "other": 1
      },
      "score": 0.119
    },
    "docs.google.com": {
      "out": {
        "other": 1
      },
      "score": 0.119
    },
    "www.cfp2010.org": {
      "out": {
        "other": 1
      },
      "score": 0.119
    },
    "www.djangoproject.com": {
      "out": {
        "other": 1
      },
      "score": 0.119
    }
  }
}