{
  "domain": "acti.link",
  "urls": [
    "https://acti.link/"
  ],
  "names": [
    "0"
  ],
  "descriptions": [],
  "pictures": [],
  "hcard": {
    "properties": {
      "name": [
        "0"
      ],
      "url": [
        "https://acti.link/"
      ]
    },
    "type": [
      "h-card"
    ],
    "value": "0"
  },
  "rel_mes": [
    "https://github.com/acti-link"
  ],
  "crawl_start": "2017-04-30T01:57:41",
  "crawl_end": "2017-04-30T01:57:41",
  "num_pages": 1,
  "total_html_size": 708,
  "servers": [
    "nginx"
  ],
  "mf2_classes": [
    "h-feed"
  ],
  "tags": [
    "relme",
    "webmention.io"
  ],
  "endpoints": {},
  "links_out": 0,
  "links_in": 3,
  "links": {
    "indieweb.org": {
      "in": {
        "other": 2
      },
      "score": 1
    },
    "chat.indieweb.org": {
      "in": {
        "other": 1
      },
      "score": 0
    }
  }
}