{
  "domain": "activity.animalcrackerdeathparade.net",
  "urls": [
    "http://activity.animalcrackerdeathparade.net/"
  ],
  "names": [
    "Online activity of ACDP Comics",
    "ACDP Comics"
  ],
  "descriptions": [
    "Online activity of ACDP Comics"
  ],
  "pictures": [
    "http://activity.animalcrackerdeathparade.net/file/30c8d5a291f9bc43c17a9193b4fdcfe7/thumb.png"
  ],
  "hcard": {},
  "rel_mes": [],
  "crawl_start": "2017-04-27T07:52:20",
  "crawl_end": "2017-04-27T07:52:49",
  "num_pages": 28,
  "total_html_size": 679831,
  "servers": [
    "nginx",
    "Known"
  ],
  "mf2_classes": [
    "h-card",
    "h-entry"
  ],
  "tags": [
    "bridgy",
    "webmention",
    "micropub",
    "authorization",
    "token",
    "websub",
    "Known"
  ],
  "endpoints": {
    "webmention": [
      "http://activity.animalcrackerdeathparade.net/webmention/"
    ],
    "micropub": [
      "http://activity.animalcrackerdeathparade.net/micropub/endpoint"
    ],
    "authorization": [
      "https://indieauth.com/auth"
    ],
    "token": [
      "http://activity.animalcrackerdeathparade.net/indieauth/token"
    ],
    "websub": [
      "https://withknown.superfeedr.com/"
    ]
  },
  "links_out": 214,
  "links_in": 1,
  "links": {
    "facebook.com/131911736878148": {
      "out": {
        "other": 50
      },
      "score": 1
    },
    "tapastic.com": {
      "out": {
        "other": 34
      },
      "score": 0.915
    },
    "withknown.com": {
      "out": {
        "other": 28
      },
      "score": 0.874
    },
    "twitter.com/camcallahan": {
      "out": {
        "other": 15
      },
      "score": 0.738
    },
    "facebook.com/200400753": {
      "out": {
        "other": 10
      },
      "score": 0.651
    },
    "stream.cameroncallahan.net": {
      "out": {
        "other": 10
      },
      "score": 0.651
    },
    "twitter.com/vertigojones": {
      "out": {
        "other": 7
      },
      "score": 0.573
    },
    "twitter.com/ACDPcomics": {
      "out": {
        "other": 6
      },
      "score": 0.538
    },
    "gum.co": {
      "out": {
        "other": 5
      },
      "score": 0.499
    },
    "twitter.com/AllenWiggs": {
      "out": {
        "other": 3
      },
      "score": 0.388
    },
    "facebook.com/10153567778474676": {
      "out": {
        "other": 2
      },
      "score": 0.302
    },
    "facebook.com/1646471952290538": {
      "out": {
        "other": 2
      },
      "score": 0.302
    },
    "facebook.com/532705080227756": {
      "out": {
        "other": 2
      },
      "score": 0.302
    },
    "facebook.com/1637213009872057": {
      "out": {
        "other": 2
      },
      "score": 0.302
    },
    "www.allenwiggs.com": {
      "out": {
        "other": 2
      },
      "score": 0.302
    },
    "facebook.com/135150153510058": {
      "out": {
        "other": 2
      },
      "score": 0.302
    },
    "facebook.com/136638220027249": {
      "out": {
        "other": 2
      },
      "score": 0.302
    },
    "facebook.com/1626666127602124": {
      "out": {
        "other": 2
      },
      "score": 0.302
    },
    "facebook.com/1675552549347616": {
      "out": {
        "other": 2
      },
      "score": 0.302
    },
    "facebook.com/1513976742258199": {
      "out": {
        "other": 2
      },
      "score": 0.302
    },
    "twitter.com/ComicBlitzApp": {
      "out": {
        "other": 2
      },
      "score": 0.302
    },
    "facebook.com/203228813342038": {
      "out": {
        "other": 2
      },
      "score": 0.302
    },
    "facebook.com/1661253307446245": {
      "out": {
        "other": 2
      },
      "score": 0.302
    },
    "facebook.com/1211079038907949": {
      "out": {
        "other": 2
      },
      "score": 0.302
    },
    "facebook.com/608105749328132": {
      "out": {
        "other": 2
      },
      "score": 0.302
    },
    "facebook.com/1726108350951826": {
      "out": {
        "other": 2
      },
      "score": 0.302
    },
    "twitter.com/ComicsOfTheDay": {
      "out": {
        "other": 2
      },
      "score": 0.302
    },
    "facebook.com/1490354884626869": {
      "out": {
        "other": 2
      },
      "score": 0.302
    },
    "facebook.com/1079237682116255": {
      "out": {
        "other": 2
      },
      "score": 0.302
    },
    "facebook.com/1516954545292098": {
      "out": {
        "other": 2
      },
      "score": 0.302
    },
    "facebook.com/457837547736468": {
      "out": {
        "other": 2
      },
      "score": 0.302
    },
    "facebook.com/1704333513136745": {
      "out": {
        "other": 2
      },
      "score": 0.302
    },
    "facebook.com/1688975178055498": {
      "out": {
        "other": 2
      },
      "score": 0.302
    },
    "brid.gy": {
      "in": {
        "other": 1
      },
      "score": 0
    }
  }
}