{
  "domain": "adamsimpson.net",
  "urls": [
    "http://adamsimpson.net/"
  ],
  "names": [
    "adamsimpson.net"
  ],
  "descriptions": [
    "The design and development log of Adam Simpson."
  ],
  "pictures": [
    "https://adamsimpson.net/favicon-32x32.png",
    "https://adamsimpson.net/android-chrome-192x192.png",
    "https://adamsimpson.net/favicon-96x96.png",
    "https://adamsimpson.net/favicon-16x16.png"
  ],
  "hcard": {},
  "rel_mes": [
    "http://twitter.com/a_simpson",
    "http://github.com/asimpson"
  ],
  "crawl_start": "2017-04-27T07:52:21",
  "crawl_end": "2017-04-27T07:53:33",
  "num_pages": 109,
  "total_html_size": 987581,
  "servers": [
    "AmazonS3"
  ],
  "mf2_classes": [
    "h-entry"
  ],
  "tags": [
    "relme",
    "bridgy",
    "webmention"
  ],
  "endpoints": {
    "webmention": [
      "http://api.adamsimpson.net/webmention"
    ]
  },
  "links_out": 983,
  "links_in": 37,
  "links": {
    "github.com": {
      "out": {
        "other": 161
      },
      "score": 1
    },
    "twitter.com/a_simpson": {
      "out": {
        "other": 125
      },
      "score": 0.957
    },
    "wordpress.org": {
      "out": {
        "other": 111
      },
      "score": 0.936
    },
    "chunkhost.com": {
      "out": {
        "other": 110
      },
      "score": 0.934
    },
    "api.adamsimpson.net": {
      "out": {
        "other": 108
      },
      "score": 0.932
    },
    "gist.github.com": {
      "out": {
        "other": 10
      },
      "score": 0.520
    },
    "huffduffer.com": {
      "out": {
        "other": 1
      },
      "in": {
        "other": 16
      },
      "score": 0.501
    },
    "www.manton.org": {
      "in": {
        "other": 11
      },
      "out": {
        "other": 3
      },
      "score": 0.490
    },
    "adactio.com": {
      "in": {
        "other": 8
      },
      "out": {
        "other": 3
      },
      "score": 0.458
    },
    "codex.wordpress.org": {
      "out": {
        "other": 7
      },
      "score": 0.458
    },
    "t.co": {
      "out": {
        "other": 7
      },
      "score": 0.458
    },
    "the-pastry-box-project.net": {
      "out": {
        "other": 7
      },
      "score": 0.458
    },
    "seesparkbox.com": {
      "out": {
        "other": 6
      },
      "score": 0.430
    },
    "ifttt.com": {
      "out": {
        "other": 6
      },
      "score": 0.430
    },
    "daringfireball.net": {
      "out": {
        "other": 5
      },
      "score": 0.399
    },
    "medium.com": {
      "out": {
        "other": 4
      },
      "score": 0.360
    },
    "www.heroku.com": {
      "out": {
        "other": 4
      },
      "score": 0.360
    },
    "www.bigspaceship.com": {
      "out": {
        "other": 3
      },
      "score": 0.310
    },
    "www.iawriter.com": {
      "out": {
        "other": 3
      },
      "score": 0.310
    },
    "twitter.com/avclark": {
      "out": {
        "other": 3
      },
      "score": 0.310
    },
    "ben-evans.com": {
      "out": {
        "other": 3
      },
      "score": 0.310
    },
    "amzn.to": {
      "out": {
        "other": 3
      },
      "score": 0.310
    },
    "www.marco.org": {
      "out": {
        "other": 3
      },
      "score": 0.310
    },
    "www.hover.com": {
      "out": {
        "other": 3
      },
      "score": 0.310
    },
    "css-tricks.com": {
      "out": {
        "other": 3
      },
      "score": 0.310
    },
    "tapbots.com": {
      "out": {
        "other": 3
      },
      "score": 0.310
    },
    "www.adamsimpson.net": {
      "out": {
        "other": 3
      },
      "score": 0.310
    },
    "dashes.com": {
      "out": {
        "other": 3
      },
      "score": 0.310
    },
    "shawnblanc.net": {
      "out": {
        "other": 3
      },
      "score": 0.310
    },
    "www.elyseholladay.com": {
      "out": {
        "other": 3
      },
      "score": 0.310
    },
    "bradfrostweb.com": {
      "out": {
        "other": 2
      },
      "score": 0.241
    },
    "jlongster.com": {
      "out": {
        "other": 2
      },
      "score": 0.241
    },
    "nicolashery.com": {
      "out": {
        "other": 2
      },
      "score": 0.241
    },
    "twitter.com/jamesallworth": {
      "out": {
        "other": 2
      },
      "score": 0.241
    },
    "blog.rickmonro.com": {
      "out": {
        "other": 2
      },
      "score": 0.241
    },
    "contentsmagazine.com": {
      "out": {
        "other": 2
      },
      "score": 0.241
    },
    "blog.sanctum.geek.nz": {
      "out": {
        "other": 2
      },
      "score": 0.241
    },
    "exponent.fm": {
      "out": {
        "other": 2
      },
      "score": 0.241
    },
    "en.wikipedia.org": {
      "out": {
        "other": 2
      },
      "score": 0.241
    },
    "nginx.com": {
      "out": {
        "other": 2
      },
      "score": 0.241
    },
    "www.sublimetext.com": {
      "out": {
        "other": 2
      },
      "score": 0.241
    },
    "thegentlymad.com": {
      "out": {
        "other": 2
      },
      "score": 0.241
    },
    "www.dropbox.com": {
      "out": {
        "other": 2
      },
      "score": 0.241
    },
    "www.hanselman.com": {
      "out": {
        "other": 2
      },
      "score": 0.241
    },
    "appcubby.com": {
      "out": {
        "other": 2
      },
      "score": 0.241
    },
    "www.instapaper.com": {
      "out": {
        "other": 2
      },
      "score": 0.241
    },
    "support.apple.com": {
      "out": {
        "other": 2
      },
      "score": 0.241
    },
    "chrisbowler.com": {
      "out": {
        "other": 2
      },
      "score": 0.241
    },
    "dougblack.io": {
      "out": {
        "other": 2
      },
      "score": 0.241
    },
    "twitter.com/behoff": {
      "out": {
        "other": 2
      },
      "score": 0.241
    },
    "craigmod.com": {
      "out": {
        "other": 2
      },
      "score": 0.241
    },
    "wynnnetherland.com": {
      "out": {
        "other": 2
      },
      "score": 0.241
    },
    "blogs.aws.amazon.com": {
      "out": {
        "other": 2
      },
      "score": 0.241
    },
    "brettterpstra.com": {
      "out": {
        "other": 2
      },
      "score": 0.241
    },
    "www.alfredapp.com": {
      "out": {
        "other": 2
      },
      "score": 0.241
    },
    "37signals.com": {
      "out": {
        "other": 2
      },
      "score": 0.241
    },
    "www.twilio.com": {
      "out": {
        "other": 2
      },
      "score": 0.241
    },
    "en.m.wikipedia.org": {
      "out": {
        "other": 2
      },
      "score": 0.241
    },
    "mondaybynoon.com": {
      "out": {
        "other": 2
      },
      "score": 0.241
    },
    "twitter.com/seanwashington": {
      "out": {
        "other": 2
      },
      "score": 0.241
    },
    "www.jordanm.co.uk": {
      "out": {
        "other": 2
      },
      "score": 0.241
    },
    "gemcityjs.com": {
      "out": {
        "other": 2
      },
      "score": 0.241
    },
    "www.t-mobile.com": {
      "out": {
        "other": 2
      },
      "score": 0.241
    },
    "alpha.app.net": {
      "out": {
        "other": 2
      },
      "score": 0.241
    },
    "docs.npmjs.com": {
      "out": {
        "other": 2
      },
      "score": 0.241
    },
    "twitter.com/GlennF": {
      "out": {
        "other": 2
      },
      "score": 0.241
    },
    "twitter.com/csswizardry": {
      "out": {
        "other": 2
      },
      "score": 0.241
    },
    "facebook.github.io": {
      "out": {
        "other": 2
      },
      "score": 0.241
    },
    "babeljs.io": {
      "out": {
        "other": 2
      },
      "score": 0.241
    },
    "jeffkreeftmeijer.com": {
      "out": {
        "other": 2
      },
      "score": 0.241
    },
    "www.readability.com": {
      "out": {
        "other": 2
      },
      "score": 0.241
    },
    "www.eff.org": {
      "out": {
        "other": 2
      },
      "score": 0.241
    },
    "pinboard.in": {
      "out": {
        "other": 2
      },
      "score": 0.241
    },
    "www.doubletwist.com": {
      "out": {
        "other": 1
      },
      "score": 0.120
    },
    "siteleaf.com": {
      "out": {
        "other": 1
      },
      "score": 0.120
    },
    "twitter.com/YouTube": {
      "out": {
        "other": 1
      },
      "score": 0.120
    },
    "clickontyler.com": {
      "out": {
        "other": 1
      },
      "score": 0.120
    },
    "fi.google.com": {
      "out": {
        "other": 1
      },
      "score": 0.120
    },
    "simplenoteapp.com": {
      "out": {
        "other": 1
      },
      "score": 0.120
    },
    "www.haystacksoftware.com": {
      "out": {
        "other": 1
      },
      "score": 0.120
    },
    "coderrr.com": {
      "out": {
        "other": 1
      },
      "score": 0.120
    },
    "fluidapp.com": {
      "out": {
        "other": 1
      },
      "score": 0.120
    },
    "tools.google.com": {
      "out": {
        "other": 1
      },
      "score": 0.120
    },
    "trentwalton.com": {
      "out": {
        "other": 1
      },
      "score": 0.120
    },
    "devcenter.heroku.com": {
      "out": {
        "other": 1
      },
      "score": 0.120
    },
    "polytroncorporation.com": {
      "out": {
        "other": 1
      },
      "score": 0.120
    },
    "reactjs.com": {
      "out": {
        "other": 1
      },
      "score": 0.120
    },
    "thenextweb.com": {
      "out": {
        "other": 1
      },
      "score": 0.120
    },
    "ting.com": {
      "out": {
        "other": 1
      },
      "score": 0.120
    },
    "sqlite.org": {
      "out": {
        "other": 1
      },
      "score": 0.120
    },
    "cdixon.org": {
      "out": {
        "other": 1
      },
      "score": 0.120
    },
    "darcyclarke.me": {
      "out": {
        "other": 1
      },
      "score": 0.120
    },
    "twilio.com": {
      "out": {
        "other": 1
      },
      "score": 0.120
    },
    "twitter.com/xander76": {
      "out": {
        "other": 1
      },
      "score": 0.120
    },
    "dewith.com": {
      "out": {
        "other": 1
      },
      "score": 0.120
    },
    "www.raspberrypi.org": {
      "out": {
        "other": 1
      },
      "score": 0.120
    },
    "www.tweaking4all.com": {
      "out": {
        "other": 1
      },
      "score": 0.120
    },
    "cocoapods.org": {
      "out": {
        "other": 1
      },
      "score": 0.120
    },
    "maps.google.com": {
      "out": {
        "other": 1
      },
      "score": 0.120
    },
    "paulirish.com": {
      "out": {
        "other": 1
      },
      "score": 0.120
    },
    "twitter.com/ConallLaverty": {
      "out": {
        "other": 1
      },
      "score": 0.120
    },
    "vimawesome.com": {
      "out": {
        "other": 1
      },
      "score": 0.120
    },
    "www.linode.com": {
      "out": {
        "other": 1
      },
      "score": 0.120
    },
    "aleksandarsavic.com": {
      "out": {
        "other": 1
      },
      "score": 0.120
    },
    "buy.indiegamethemovie.com": {
      "out": {
        "other": 1
      },
      "score": 0.120
    },
    "developer.rottentomatoes.com": {
      "out": {
        "other": 1
      },
      "score": 0.120
    },
    "duckduckgo.com": {
      "out": {
        "other": 1
      },
      "score": 0.120
    },
    "eloquentjavascript.net": {
      "out": {
        "other": 1
      },
      "score": 0.120
    },
    "iconfactory.com": {
      "out": {
        "other": 1
      },
      "score": 0.120
    },
    "twitter.com/BillSimmons": {
      "out": {
        "other": 1
      },
      "score": 0.120
    },
    "twitter.com/benedictevans": {
      "out": {
        "other": 1
      },
      "score": 0.120
    },
    "www.randsinrepose.com": {
      "out": {
        "other": 1
      },
      "score": 0.120
    },
    "addyosmani.com": {
      "out": {
        "other": 1
      },
      "score": 0.120
    },
    "markedapp.com": {
      "out": {
        "other": 1
      },
      "score": 0.120
    },
    "mediaqueri.es": {
      "out": {
        "other": 1
      },
      "score": 0.120
    },
    "phantomjs.org": {
      "out": {
        "other": 1
      },
      "score": 0.120
    },
    "www.npmjs.com": {
      "out": {
        "other": 1
      },
      "score": 0.120
    },
    "esbueno.noahstokes.com": {
      "out": {
        "other": 1
      },
      "score": 0.120
    },
    "www.fastmail.com": {
      "out": {
        "other": 1
      },
      "score": 0.120
    },
    "www.zeldman.com": {
      "out": {
        "other": 1
      },
      "score": 0.120
    },
    "kylesteed.com": {
      "out": {
        "other": 1
      },
      "score": 0.120
    },
    "readlists.com": {
      "out": {
        "other": 1
      },
      "score": 0.120
    },
    "twitter.com/khoi": {
      "out": {
        "other": 1
      },
      "score": 0.120
    },
    "www.cedarville.edu": {
      "out": {
        "other": 1
      },
      "score": 0.120
    },
    "www.coinbase.com": {
      "out": {
        "other": 1
      },
      "score": 0.120
    },
    "twitter.com/motherfuton": {
      "out": {
        "other": 1
      },
      "score": 0.120
    },
    "doubletwist.com": {
      "out": {
        "other": 1
      },
      "score": 0.120
    },
    "git-scm.com": {
      "out": {
        "other": 1
      },
      "score": 0.120
    },
    "mugurel.sumanariu.ro": {
      "out": {
        "other": 1
      },
      "score": 0.120
    },
    "www.ampproject.org": {
      "out": {
        "other": 1
      },
      "score": 0.120
    },
    "www.crmarsh.com": {
      "out": {
        "other": 1
      },
      "score": 0.120
    },
    "www.fewloosescrews.com": {
      "out": {
        "other": 1
      },
      "score": 0.120
    },
    "dayoneapp.com": {
      "out": {
        "other": 1
      },
      "score": 0.120
    },
    "forums.dropbox.com": {
      "out": {
        "other": 1
      },
      "score": 0.120
    },
    "paulstamatiou.com": {
      "out": {
        "other": 1
      },
      "score": 0.120
    },
    "rottentomatoes.com": {
      "out": {
        "other": 1
      },
      "score": 0.120
    },
    "twitter.com/reactjs": {
      "out": {
        "other": 1
      },
      "score": 0.120
    },
    "vimeo.com": {
      "out": {
        "other": 1
      },
      "score": 0.120
    },
    "www.namecheap.com": {
      "out": {
        "other": 1
      },
      "score": 0.120
    },
    "www.youtube.com": {
      "out": {
        "other": 1
      },
      "score": 0.120
    },
    "dropshado.ws": {
      "out": {
        "other": 1
      },
      "score": 0.120
    },
    "emojitracker.com": {
      "out": {
        "other": 1
      },
      "score": 0.120
    },
    "evening-edition.com": {
      "out": {
        "other": 1
      },
      "score": 0.120
    },
    "flippinawesome.org": {
      "out": {
        "other": 1
      },
      "score": 0.120
    },
    "squaredeye.com": {
      "out": {
        "other": 1
      },
      "score": 0.120
    },
    "tedkulp.com": {
      "out": {
        "other": 1
      },
      "score": 0.120
    },
    "www.csszengarden.com": {
      "out": {
        "other": 1
      },
      "score": 0.120
    },
    "www.hogbaysoftware.com": {
      "out": {
        "other": 1
      },
      "score": 0.120
    },
    "www.scottberkun.com": {
      "out": {
        "other": 1
      },
      "score": 0.120
    },
    "www.zaarly.com": {
      "out": {
        "other": 1
      },
      "score": 0.120
    },
    "blog.wia.io": {
      "out": {
        "other": 1
      },
      "score": 0.120
    },
    "www.elijahmanor.com": {
      "out": {
        "other": 1
      },
      "score": 0.120
    },
    "en.wiktionary.org": {
      "out": {
        "other": 1
      },
      "score": 0.120
    },
    "macsparky.com": {
      "out": {
        "other": 1
      },
      "score": 0.120
    },
    "oauth.net": {
      "out": {
        "other": 1
      },
      "score": 0.120
    },
    "www.ansible.com": {
      "out": {
        "other": 1
      },
      "score": 0.120
    },
    "charliepratt.com": {
      "out": {
        "other": 1
      },
      "score": 0.120
    },
    "sprint.ly": {
      "out": {
        "other": 1
      },
      "score": 0.120
    },
    "twitter.com/Medium": {
      "out": {
        "other": 1
      },
      "score": 0.120
    },
    "www.siteleaf.com": {
      "out": {
        "other": 1
      },
      "score": 0.120
    },
    "blog.kylesteed.com": {
      "out": {
        "other": 1
      },
      "score": 0.120
    },
    "developer.mozilla.org": {
      "out": {
        "other": 1
      },
      "score": 0.120
    },
    "techcrunch.com": {
      "out": {
        "other": 1
      },
      "score": 0.120
    },
    "twitter.com/aaronbushnell": {
      "out": {
        "other": 1
      },
      "score": 0.120
    },
    "www.richsomerfield.com": {
      "out": {
        "other": 1
      },
      "score": 0.120
    },
    "inotify.aiken.cz": {
      "out": {
        "other": 1
      },
      "score": 0.120
    },
    "www.macworld.com": {
      "out": {
        "other": 1
      },
      "score": 0.120
    },
    "instantarticles.fb.com": {
      "out": {
        "other": 1
      },
      "score": 0.120
    },
    "twitter.com/h0d3r": {
      "out": {
        "other": 1
      },
      "score": 0.120
    },
    "uxmag.com": {
      "out": {
        "other": 1
      },
      "score": 0.120
    },
    "prepaid-phones.t-mobile.com": {
      "out": {
        "other": 1
      },
      "score": 0.120
    },
    "nginx.org": {
      "out": {
        "other": 1
      },
      "score": 0.120
    },
    "prismjs.com": {
      "out": {
        "other": 1
      },
      "score": 0.120
    },
    "tiffanijonesbrown.com": {
      "out": {
        "other": 1
      },
      "score": 0.120
    },
    "twitter.com/craigmod": {
      "out": {
        "other": 1
      },
      "score": 0.120
    },
    "www.abookapart.com": {
      "out": {
        "other": 1
      },
      "score": 0.120
    },
    "blog.jackcheng.com": {
      "out": {
        "other": 1
      },
      "score": 0.120
    },
    "www.gnu.org": {
      "out": {
        "other": 1
      },
      "score": 0.120
    },
    "ytrss.co": {
      "out": {
        "other": 1
      },
      "score": 0.120
    },
    "unitscale.com": {
      "out": {
        "other": 1
      },
      "score": 0.120
    },
    "boxcar.io": {
      "out": {
        "other": 1
      },
      "score": 0.120
    },
    "vemedio.com": {
      "out": {
        "other": 1
      },
      "score": 0.120
    },
    "stackoverflow.com": {
      "out": {
        "other": 1
      },
      "score": 0.120
    },
    "www.markboulton.co.uk": {
      "out": {
        "other": 1
      },
      "score": 0.120
    },
    "blog.heroku.com": {
      "out": {
        "other": 1
      },
      "score": 0.120
    },
    "caniuse.com": {
      "out": {
        "other": 1
      },
      "score": 0.120
    },
    "www.simple.com": {
      "out": {
        "other": 1
      },
      "score": 0.120
    },
    "app.net": {
      "out": {
        "other": 1
      },
      "score": 0.120
    },
    "gruntjs.com": {
      "out": {
        "other": 1
      },
      "score": 0.120
    },
    "maxgif.com": {
      "out": {
        "other": 1
      },
      "score": 0.120
    },
    "twitter.com/benthompson": {
      "out": {
        "other": 1
      },
      "score": 0.120
    },
    "www.espn.com": {
      "out": {
        "other": 1
      },
      "score": 0.120
    },
    "www.vonage.com": {
      "out": {
        "other": 1
      },
      "score": 0.120
    },
    "www.wordpress.org": {
      "out": {
        "other": 1
      },
      "score": 0.120
    },
    "dnsimple.com": {
      "out": {
        "other": 1
      },
      "score": 0.120
    },
    "gettingstartedwithraspberrypi.tumblr.com": {
      "out": {
        "other": 1
      },
      "score": 0.120
    },
    "sourceforge.net": {
      "out": {
        "other": 1
      },
      "score": 0.120
    },
    "design.org": {
      "out": {
        "other": 1
      },
      "score": 0.120
    },
    "robin.sloan.usesthis.com": {
      "out": {
        "other": 1
      },
      "score": 0.120
    },
    "twitter.com/JOE_co_uk": {
      "out": {
        "other": 1
      },
      "score": 0.120
    },
    "microjs.com": {
      "out": {
        "other": 1
      },
      "score": 0.120
    },
    "www.fiercewireless.com": {
      "out": {
        "other": 1
      },
      "score": 0.120
    },
    "www.news.me": {
      "out": {
        "other": 1
      },
      "score": 0.120
    },
    "bitbucket.org": {
      "out": {
        "other": 1
      },
      "score": 0.120
    },
    "bitly.com": {
      "out": {
        "other": 1
      },
      "score": 0.120
    },
    "alwaysreadthemanual.com": {
      "out": {
        "other": 1
      },
      "score": 0.120
    },
    "dev.twitter.com": {
      "out": {
        "other": 1
      },
      "score": 0.120
    },
    "developer.apple.com": {
      "out": {
        "other": 1
      },
      "score": 0.120
    },
    "theringer.com": {
      "out": {
        "other": 1
      },
      "score": 0.120
    },
    "markdownr.com": {
      "out": {
        "other": 1
      },
      "score": 0.120
    },
    "twitter.com/GemCityJS": {
      "out": {
        "other": 1
      },
      "score": 0.120
    },
    "wezfurlong.org": {
      "out": {
        "other": 1
      },
      "score": 0.120
    },
    "www.lukew.com": {
      "out": {
        "other": 1
      },
      "score": 0.120
    },
    "alexbilz.com": {
      "out": {
        "other": 1
      },
      "score": 0.120
    },
    "cameron-michael.tumblr.com": {
      "out": {
        "other": 1
      },
      "score": 0.120
    },
    "eveningsamurai.wordpress.com": {
      "out": {
        "other": 1
      },
      "score": 0.120
    },
    "mizage.com": {
      "out": {
        "other": 1
      },
      "score": 0.120
    },
    "muledesign.com": {
      "out": {
        "other": 1
      },
      "score": 0.120
    },
    "twitter.com/SlexAxton": {
      "out": {
        "other": 1
      },
      "score": 0.120
    },
    "csswizardry.com": {
      "out": {
        "other": 1
      },
      "score": 0.120
    },
    "panic.com": {
      "out": {
        "other": 1
      },
      "score": 0.120
    },
    "www.amazon.com": {
      "out": {
        "other": 1
      },
      "score": 0.120
    },
    "www.flickr.com": {
      "out": {
        "other": 1
      },
      "score": 0.120
    },
    "bywordapp.com": {
      "out": {
        "other": 1
      },
      "score": 0.120
    },
    "jackmcdade.com": {
      "out": {
        "other": 1
      },
      "score": 0.120
    },
    "www.robinsloan.com": {
      "out": {
        "other": 1
      },
      "score": 0.120
    },
    "code.facebook.com": {
      "out": {
        "other": 1
      },
      "score": 0.120
    },
    "sendgrid.com": {
      "out": {
        "other": 1
      },
      "score": 0.120
    },
    "tinyletter.com": {
      "out": {
        "other": 1
      },
      "score": 0.120
    },
    "www.allampersandall.com": {
      "out": {
        "other": 1
      },
      "score": 0.120
    },
    "zylstra.wordpress.com": {
      "out": {
        "other": 1
      },
      "score": 0.120
    },
    "david.heinemeierhansson.com": {
      "out": {
        "other": 1
      },
      "score": 0.120
    },
    "help.sprint.ly": {
      "out": {
        "other": 1
      },
      "score": 0.120
    },
    "twitter.com/jackmcdade": {
      "out": {
        "other": 1
      },
      "score": 0.120
    },
    "twitter.com/mjackson": {
      "out": {
        "other": 1
      },
      "score": 0.120
    },
    "sparrowmailapp.com": {
      "out": {
        "other": 1
      },
      "score": 0.120
    },
    "www.polygon.com": {
      "out": {
        "other": 1
      },
      "score": 0.120
    },
    "cujojs.com": {
      "out": {
        "other": 1
      },
      "score": 0.120
    },
    "samsoff.es": {
      "out": {
        "other": 1
      },
      "score": 0.120
    },
    "web-design-weekly.com": {
      "out": {
        "other": 1
      },
      "score": 0.120
    },
    "askubuntu.com": {
      "out": {
        "other": 1
      },
      "score": 0.120
    },
    "blog.cloudfour.com": {
      "out": {
        "other": 1
      },
      "score": 0.120
    },
    "blog.jgc.org": {
      "out": {
        "other": 1
      },
      "score": 0.120
    },
    "media.giphy.com": {
      "out": {
        "other": 1
      },
      "score": 0.120
    },
    "brooksreview.net": {
      "out": {
        "other": 1
      },
      "score": 0.120
    },
    "jekyllrb.com": {
      "out": {
        "other": 1
      },
      "score": 0.120
    },
    "pm2.keymetrics.io": {
      "out": {
        "other": 1
      },
      "score": 0.120
    },
    "scripting.com": {
      "out": {
        "other": 1
      },
      "score": 0.120
    },
    "www.seesparkbox.com": {
      "out": {
        "other": 1
      },
      "score": 0.120
    },
    "lambda-talk.adamsimpson.net": {
      "out": {
        "other": 1
      },
      "score": 0.120
    },
    "quaintproject.wordpress.com": {
      "out": {
        "other": 1
      },
      "score": 0.120
    },
    "tjholowaychuk.com": {
      "out": {
        "other": 1
      },
      "score": 0.120
    },
    "www.merriam-webster.com": {
      "out": {
        "other": 1
      },
      "score": 0.120
    },
    "brid.gy": {
      "in": {
        "other": 2
      },
      "score": 0.120
    }
  }
}