{
  "domain": "adamprocter.co.uk",
  "urls": [
    "http://adamprocter.co.uk/"
  ],
  "names": [
    "Adam Procter - Educator & Experience Designer (UX)"
  ],
  "descriptions": [
    "Adam Procter is an Educator & Experience Designer (UX), Currently he is Acting Programme Leader for BA (Hons) Games Design & Art and a Senior Teaching Fellow in Digital Media BA (Hons) Graphic Arts at Winchester School of Art (WSA).</a> He  also makes Apps, Web stuff and working as UX and UI designer, developer and consultant."
  ],
  "pictures": [],
  "hcard": {},
  "rel_mes": [
    "http://www.twitter.com/adamprocter",
    "http://www.flickr.com/photos/procter",
    "https://www.pinboard.in/u:adamprocter",
    "http://www.foursquare.com/adamprocter",
    "http://www.github.com/adamprocter"
  ],
  "crawl_start": "2017-04-27T07:52:20",
  "crawl_end": "2017-04-27T07:52:20",
  "num_pages": 1,
  "total_html_size": 9901,
  "servers": [
    "nginx",
    "Lovingly created using Typecast (http://typecast.com) on//"
  ],
  "tags": [
    "relme",
    "bridgy",
    "webmention.io",
    "webmention"
  ],
  "endpoints": {
    "webmention": [
      "https://webmention.io/adamprocter.co.uk/webmention"
    ]
  },
  "links_out": 34,
  "links_in": 36,
  "links": {
    "barryfrost.com": {
      "in": {
        "other": 16
      },
      "score": 1
    },
    "researchnot.es": {
      "in": {
        "other": 11
      },
      "score": 0.866
    },
    "itunes.apple.com": {
      "out": {
        "other": 3
      },
      "score": 0.646
    },
    "barryf.uk": {
      "in": {
        "other": 6
      },
      "score": 0.646
    },
    "www.flickr.com": {
      "out": {
        "other": 2
      },
      "score": 0.502
    },
    "meanwhile.soton.ac.uk": {
      "out": {
        "other": 2
      },
      "score": 0.502
    },
    "dctr.pro": {
      "out": {
        "other": 2
      },
      "score": 0.502
    },
    "twitter.com/adamprocter": {
      "out": {
        "other": 2
      },
      "score": 0.502
    },
    "brid.gy": {
      "in": {
        "other": 3
      },
      "score": 0.397
    },
    "www.groovyapps.co.uk": {
      "out": {
        "other": 1
      },
      "score": 0.250
    },
    "vimeo.com": {
      "out": {
        "other": 1
      },
      "score": 0.250
    },
    "inkubator.io": {
      "out": {
        "other": 1
      },
      "score": 0.250
    },
    "www.intermediasolutions.com": {
      "out": {
        "other": 1
      },
      "score": 0.250
    },
    "www.github.com": {
      "out": {
        "other": 1
      },
      "score": 0.250
    },
    "www.youtube.com": {
      "out": {
        "other": 1
      },
      "score": 0.250
    },
    "www.afcdons.net": {
      "out": {
        "other": 1
      },
      "score": 0.250
    },
    "wsa.soton.ac.uk": {
      "out": {
        "other": 1
      },
      "score": 0.250
    },
    "www.book-lab.org": {
      "out": {
        "other": 1
      },
      "score": 0.250
    },
    "www.dave-gibbons.com": {
      "out": {
        "other": 1
      },
      "score": 0.250
    },
    "www.eazy-print.com": {
      "out": {
        "other": 1
      },
      "score": 0.250
    },
    "www.vimeo.com": {
      "out": {
        "other": 1
      },
      "score": 0.250
    },
    "www.goodreads.com": {
      "out": {
        "other": 1
      },
      "score": 0.250
    },
    "www.pinboard.in": {
      "out": {
        "other": 1
      },
      "score": 0.250
    },
    "eprints.soton.ac.uk": {
      "out": {
        "other": 1
      },
      "score": 0.250
    },
    "notes.adamprocter.co.uk": {
      "out": {
        "other": 1
      },
      "score": 0.250
    },
    "www.10dayswinchester.org": {
      "out": {
        "other": 1
      },
      "score": 0.250
    },
    "www.robertedsouza.com": {
      "out": {
        "other": 1
      },
      "score": 0.250
    },
    "www.recyclehistory.com": {
      "out": {
        "other": 1
      },
      "score": 0.250
    },
    "www.cite.soton.ac.uk": {
      "out": {
        "other": 1
      },
      "score": 0.250
    },
    "www.foursquare.com": {
      "out": {
        "other": 1
      },
      "score": 0.250
    },
    "wsa.wikidot.com": {
      "out": {
        "other": 1
      },
      "score": 0.250
    },
    "www.professionalflutetuition.co.uk": {
      "out": {
        "other": 1
      },
      "score": 0.250
    }
  }
}