{
  "domain": "adambrault.com",
  "urls": [
    "http://adambrault.com/"
  ],
  "names": [
    "Adam Brault"
  ],
  "descriptions": [],
  "pictures": [],
  "hcard": {},
  "rel_mes": [
    "https://twitter.com/adambrault",
    "https://github.com/adambrault"
  ],
  "crawl_start": "2017-06-09T17:33:25",
  "crawl_end": "2017-06-09T17:34:07",
  "num_pages": 110,
  "total_html_size": 760344,
  "servers": [
    "SurgeCDN"
  ],
  "tags": [
    "relme"
  ],
  "endpoints": {},
  "links_out": 736,
  "links_in": 39,
  "links": {
    "andyet.com": {
      "out": {
        "other": 117
      },
      "score": 1
    },
    "twitter.com/adambrault": {
      "out": {
        "other": 114
      },
      "score": 0.995
    },
    "github.com": {
      "out": {
        "other": 113
      },
      "score": 0.993
    },
    "eepurl.com": {
      "out": {
        "other": 111
      },
      "score": 0.989
    },
    "brault.io": {
      "out": {
        "other": 102
      },
      "score": 0.974
    },
    "aaronparecki.com": {
      "in": {
        "in-reply-to": 8
      },
      "score": 0.676
    },
    "en.wikipedia.org": {
      "out": {
        "other": 8
      },
      "score": 0.507
    },
    "andyet.net": {
      "out": {
        "other": 8
      },
      "score": 0.507
    },
    "twitter.com/ajleon": {
      "out": {
        "other": 8
      },
      "score": 0.507
    },
    "twitter.com": {
      "out": {
        "other": 7
      },
      "score": 0.484
    },
    "www.youtube.com": {
      "out": {
        "other": 7
      },
      "score": 0.484
    },
    "brioconference.com": {
      "out": {
        "other": 7
      },
      "score": 0.484
    },
    "2013.realtimeconf.com": {
      "out": {
        "other": 6
      },
      "score": 0.454
    },
    "fusespc.com": {
      "out": {
        "other": 5
      },
      "score": 0.421
    },
    "evilpacket.net": {
      "out": {
        "other": 5
      },
      "score": 0.421
    },
    "speakerdeck.com": {
      "out": {
        "other": 4
      },
      "score": 0.381
    },
    "www.jofreeman.com": {
      "out": {
        "other": 4
      },
      "score": 0.381
    },
    "indieweb.org": {
      "in": {
        "other": 8
      },
      "score": 0.381
    },
    "t.co": {
      "out": {
        "other": 4
      },
      "score": 0.381
    },
    "twitter.com/xuhulk": {
      "out": {
        "other": 4
      },
      "score": 0.381
    },
    "twitter.com/mike_speegle": {
      "out": {
        "other": 3
      },
      "score": 0.328
    },
    "talky.io": {
      "out": {
        "other": 3
      },
      "score": 0.328
    },
    "meyerweb.com": {
      "out": {
        "other": 3
      },
      "score": 0.328
    },
    "www.amazon.com": {
      "out": {
        "other": 3
      },
      "score": 0.328
    },
    "www.ncbi.nlm.nih.gov": {
      "out": {
        "other": 3
      },
      "score": 0.328
    },
    "www.twitshift.com": {
      "out": {
        "other": 3
      },
      "score": 0.328
    },
    "100.luciasoto.es": {
      "out": {
        "other": 3
      },
      "score": 0.328
    },
    "twitter.com/mikeal": {
      "out": {
        "other": 3
      },
      "score": 0.328
    },
    "timehop.com": {
      "out": {
        "other": 3
      },
      "score": 0.328
    },
    "twitter.com/fritzy": {
      "out": {
        "other": 3
      },
      "score": 0.328
    },
    "mattheweppelsheimer.com": {
      "in": {
        "other": 5
      },
      "score": 0.295
    },
    "toomuchinformation.de": {
      "in": {
        "other": 5
      },
      "score": 0.295
    },
    "twitter.com/adam_baldwin": {
      "out": {
        "other": 2
      },
      "score": 0.255
    },
    "sprw.me": {
      "out": {
        "other": 2
      },
      "score": 0.255
    },
    "xmpp.org": {
      "out": {
        "other": 2
      },
      "score": 0.255
    },
    "twitter.com/amydearest": {
      "out": {
        "other": 2
      },
      "score": 0.255
    },
    "www.kevin-marks.com": {
      "in": {
        "other": 4
      },
      "score": 0.255
    },
    "1ll.us": {
      "out": {
        "other": 2
      },
      "score": 0.255
    },
    "misfit-inc.com": {
      "out": {
        "other": 2
      },
      "score": 0.255
    },
    "mattgemmell.com": {
      "out": {
        "other": 2
      },
      "score": 0.255
    },
    "www.kevinmarks.com": {
      "in": {
        "other": 4
      },
      "score": 0.255
    },
    "www.meetup.com": {
      "out": {
        "other": 2
      },
      "score": 0.255
    },
    "jofreeman.com": {
      "out": {
        "other": 2
      },
      "score": 0.255
    },
    "twitter.com/natevw": {
      "out": {
        "other": 2
      },
      "score": 0.255
    },
    "www.theguardian.com": {
      "out": {
        "other": 2
      },
      "score": 0.255
    },
    "paddy.io": {
      "in": {
        "other": 3
      },
      "score": 0.201
    },
    "photos4.meetupstatic.com": {
      "out": {
        "other": 1
      },
      "score": 0.127
    },
    "experience.realtimeconf.com": {
      "out": {
        "other": 1
      },
      "score": 0.127
    },
    "online.wsj.com": {
      "out": {
        "other": 1
      },
      "score": 0.127
    },
    "bettertogethertc.com": {
      "out": {
        "other": 1
      },
      "score": 0.127
    },
    "farukat.es": {
      "out": {
        "other": 1
      },
      "score": 0.127
    },
    "realtimeconf.com": {
      "out": {
        "other": 1
      },
      "score": 0.127
    },
    "directgiving.org": {
      "out": {
        "other": 1
      },
      "score": 0.127
    },
    "www.mansionhouse.ie": {
      "out": {
        "other": 1
      },
      "score": 0.127
    },
    "www.misfit-inc.com": {
      "out": {
        "other": 1
      },
      "score": 0.127
    },
    "economics-files.pomona.edu": {
      "out": {
        "other": 1
      },
      "score": 0.127
    },
    "sendmetoschool.com": {
      "out": {
        "other": 1
      },
      "score": 0.127
    },
    "www.linkedin.com": {
      "out": {
        "other": 1
      },
      "score": 0.127
    },
    "andyetconf.com": {
      "out": {
        "other": 1
      },
      "score": 0.127
    },
    "techcrunch.com": {
      "out": {
        "other": 1
      },
      "score": 0.127
    },
    "twitter.com/grelement": {
      "out": {
        "other": 1
      },
      "score": 0.127
    },
    "wiki.xmpp.org": {
      "out": {
        "other": 1
      },
      "score": 0.127
    },
    "thepot-luck.com": {
      "out": {
        "other": 1
      },
      "score": 0.127
    },
    "nodesecurity.io": {
      "out": {
        "other": 1
      },
      "score": 0.127
    },
    "arstechnica.com": {
      "out": {
        "other": 1
      },
      "score": 0.127
    },
    "jsconf.eu": {
      "out": {
        "other": 1
      },
      "score": 0.127
    },
    "twitter.com/wraithgar": {
      "out": {
        "other": 1
      },
      "score": 0.127
    },
    "www.indiegogo.com": {
      "out": {
        "other": 1
      },
      "score": 0.127
    },
    "bit.ly": {
      "out": {
        "other": 1
      },
      "score": 0.127
    },
    "lavabit.com": {
      "out": {
        "other": 1
      },
      "score": 0.127
    },
    "www.futurealoof.com": {
      "out": {
        "other": 1
      },
      "score": 0.127
    },
    "twitter.com/dougwaltman": {
      "out": {
        "other": 1
      },
      "score": 0.127
    },
    "twitter.com/erikralston": {
      "out": {
        "other": 1
      },
      "score": 0.127
    },
    "incamexican.com": {
      "out": {
        "other": 1
      },
      "score": 0.127
    },
    "37signals.com": {
      "out": {
        "other": 1
      },
      "score": 0.127
    },
    "agoodcorner.com": {
      "out": {
        "other": 1
      },
      "score": 0.127
    },
    "tricitiespublicmarket.com": {
      "out": {
        "other": 1
      },
      "score": 0.127
    },
    "liftsecurity.io": {
      "out": {
        "other": 1
      },
      "score": 0.127
    },
    "flexrentalsolutions.com": {
      "out": {
        "other": 1
      },
      "score": 0.127
    },
    "twitter.com/thesharpeway": {
      "out": {
        "other": 1
      },
      "score": 0.127
    },
    "2012.funconf.com": {
      "out": {
        "other": 1
      },
      "score": 0.127
    },
    "1thingapp.com": {
      "out": {
        "other": 1
      },
      "score": 0.127
    },
    "twitter.com/shenoalawrence": {
      "out": {
        "other": 1
      },
      "score": 0.127
    },
    "expertnovice.com": {
      "out": {
        "other": 1
      },
      "score": 0.127
    },
    "www.google.com": {
      "out": {
        "other": 1
      },
      "score": 0.127
    },
    "chat.indieweb.org": {
      "in": {
        "other": 2
      },
      "score": 0.127
    },
    "vimeo.com": {
      "out": {
        "other": 1
      },
      "score": 0.127
    },
    "twitter.com/henrikjoreteg": {
      "out": {
        "other": 1
      },
      "score": 0.127
    },
    "andbang.com": {
      "out": {
        "other": 1
      },
      "score": 0.127
    },
    "twitter.com/paulca": {
      "out": {
        "other": 1
      },
      "score": 0.127
    },
    "joreteg.com": {
      "out": {
        "other": 1
      },
      "score": 0.127
    },
    "tri-cities.startupweekend.org": {
      "out": {
        "other": 1
      },
      "score": 0.127
    },
    "twitter.com/bschm": {
      "out": {
        "other": 1
      },
      "score": 0.127
    },
    "thebrianmanley": {
      "out": {
        "other": 1
      },
      "score": 0.127
    },
    "www.thebeautyjackson.com": {
      "out": {
        "other": 1
      },
      "score": 0.127
    },
    "2013.brioconference.com": {
      "out": {
        "other": 1
      },
      "score": 0.127
    },
    "enemygatedown.com": {
      "out": {
        "other": 1
      },
      "score": 0.127
    }
  }
}