{
  "domain": "adhipg.in",
  "urls": [
    "http://adhipg.in/"
  ],
  "names": [
    "Adhip Gupta"
  ],
  "descriptions": [
    "Hello, there. I’m Adhip Gupta - a programmer based out of Brighton in the United Kingdom. I work out of The Skiff and spend my days building …"
  ],
  "pictures": [
    "http://adhipg.in/favicon.png"
  ],
  "hcard": {},
  "rel_mes": [
    "http://twitter.com/adhipg",
    "http://github.com/adhipg",
    "http://news.ycombinator.com/user?id=adhipg",
    "http://foursquare.com/adhipg",
    "http://thisismyjam.com/adhipg"
  ],
  "crawl_start": "2017-06-09T17:33:25",
  "crawl_end": "2017-06-09T17:33:25",
  "num_pages": 1,
  "total_html_size": 5128,
  "servers": [
    "GitHub.com"
  ],
  "tags": [
    "relme"
  ],
  "endpoints": {},
  "links_out": 9,
  "links_in": 3,
  "links": {
    "twitter.com/adhipg": {
      "out": {
        "other": 2
      },
      "score": 1
    },
    "github.com": {
      "out": {
        "other": 1
      },
      "score": 0.499
    },
    "octopress.org": {
      "out": {
        "other": 1
      },
      "score": 0.499
    },
    "nodejs.org": {
      "out": {
        "other": 1
      },
      "score": 0.499
    },
    "foursquare.com": {
      "out": {
        "other": 1
      },
      "score": 0.499
    },
    "indieweb.org": {
      "in": {
        "other": 2
      },
      "score": 0.499
    },
    "thisismyjam.com": {
      "out": {
        "other": 1
      },
      "score": 0.499
    },
    "news.ycombinator.com": {
      "out": {
        "other": 1
      },
      "score": 0.499
    },
    "theskiff.org": {
      "out": {
        "other": 1
      },
      "score": 0.499
    },
    "chat.indieweb.org": {
      "in": {
        "other": 1
      },
      "score": 0
    }
  }
}