{
  "domain": "adrianistan.eu",
  "urls": [
    "http://adrianistan.eu/"
  ],
  "names": [
    "Adrianistan - Adrián Arroyo Calle"
  ],
  "descriptions": [],
  "pictures": [],
  "hcard": {},
  "rel_mes": [],
  "crawl_start": "2017-04-30T01:57:40",
  "crawl_end": "2017-04-30T01:57:45",
  "num_pages": 8,
  "total_html_size": 81440,
  "servers": [
    "GitHub.com",
    "Hugo"
  ],
  "tags": [],
  "endpoints": {},
  "links_out": 95,
  "links_in": 1,
  "links": {
    "adf.ly": {
      "out": {
        "other": 23
      },
      "score": 1
    },
    "088c86ad17877b56f1f5b533a3b5292acc1cb0d9.googledrive.com": {
      "out": {
        "other": 6
      },
      "score": 0.648
    },
    "latex": {
      "out": {
        "other": 5
      },
      "score": 0.601
    },
    "github.com": {
      "out": {
        "other": 5
      },
      "score": 0.601
    },
    "blog.adrianistan.eu": {
      "out": {
        "other": 3
      },
      "score": 0.467
    },
    "infografia": {
      "out": {
        "other": 3
      },
      "score": 0.467
    },
    "bitcoin": {
      "out": {
        "other": 2
      },
      "score": 0.363
    },
    "twitter.com/share": {
      "out": {
        "other": 2
      },
      "score": 0.363
    },
    "creativecommons.org": {
      "out": {
        "other": 2
      },
      "score": 0.363
    },
    "www.tuenti.com": {
      "out": {
        "other": 2
      },
      "score": 0.363
    },
    "play.google.com": {
      "out": {
        "other": 2
      },
      "score": 0.363
    },
    "www.facebook.com": {
      "out": {
        "other": 1
      },
      "score": 0.181
    },
    "www.khronos.org": {
      "out": {
        "other": 1
      },
      "score": 0.181
    },
    "bitbucket.org": {
      "out": {
        "other": 1
      },
      "score": 0.181
    },
    "www.agapea.com": {
      "out": {
        "other": 1
      },
      "score": 0.181
    },
    "sns.qzone.qq.com": {
      "out": {
        "other": 1
      },
      "score": 0.181
    },
    "www.casadellibro.com": {
      "out": {
        "other": 1
      },
      "score": 0.181
    },
    "adrianarroyocalle.gitbooks.io": {
      "out": {
        "other": 1
      },
      "score": 0.181
    },
    "www.smashwords.com": {
      "out": {
        "other": 1
      },
      "score": 0.181
    },
    "vkontakte.ru": {
      "out": {
        "other": 1
      },
      "score": 0.181
    },
    "eepurl.com": {
      "out": {
        "other": 1
      },
      "score": 0.181
    },
    "simpleicons.org": {
      "out": {
        "other": 1
      },
      "score": 0.181
    },
    "line.me": {
      "out": {
        "other": 1
      },
      "score": 0.181
    },
    "youtu.be": {
      "out": {
        "other": 1
      },
      "score": 0.181
    },
    "reddit.com": {
      "out": {
        "other": 1
      },
      "score": 0.181
    },
    "www.lulu.com": {
      "out": {
        "other": 1
      },
      "score": 0.181
    },
    "digg.com": {
      "out": {
        "other": 1
      },
      "score": 0.181
    },
    "www.google.com": {
      "out": {
        "other": 1
      },
      "score": 0.181
    },
    "adrianarroyocalle.github.io": {
      "out": {
        "other": 1
      },
      "score": 0.181
    },
    "ftp.wxwidgets.org": {
      "out": {
        "other": 1
      },
      "score": 0.181
    },
    "send": {
      "out": {
        "other": 1
      },
      "score": 0.181
    },
    "www.linkedin.com": {
      "out": {
        "other": 1
      },
      "score": 0.181
    },
    "forward": {
      "out": {
        "other": 1
      },
      "score": 0.181
    },
    "es.slideshare.net": {
      "out": {
        "other": 1
      },
      "score": 0.181
    },
    "www.tumblr.com": {
      "out": {
        "other": 1
      },
      "score": 0.181
    },
    "mailto": {
      "out": {
        "other": 1
      },
      "score": 0.181
    },
    "pinterest.com": {
      "out": {
        "other": 1
      },
      "score": 0.181
    },
    "www.paypal.me": {
      "out": {
        "other": 1
      },
      "score": 0.181
    },
    "www.blurb.es": {
      "out": {
        "other": 1
      },
      "score": 0.181
    },
    "www.elcorteingles.es": {
      "out": {
        "other": 1
      },
      "score": 0.181
    },
    "gratipay.com": {
      "out": {
        "other": 1
      },
      "score": 0.181
    },
    "telegram.me": {
      "out": {
        "other": 1
      },
      "score": 0.181
    },
    "plus.google.com/share": {
      "out": {
        "other": 1
      },
      "score": 0.181
    },
    "www.bol.com": {
      "out": {
        "other": 1
      },
      "score": 0.181
    },
    "twitter.com/michigangraham": {
      "out": {
        "other": 1
      },
      "score": 0.181
    },
    "getpocket.com": {
      "out": {
        "other": 1
      },
      "score": 0.181
    },
    "payhip.com": {
      "out": {
        "other": 1
      },
      "score": 0.181
    },
    "affiliates.mozilla.org": {
      "out": {
        "other": 1
      },
      "score": 0.181
    },
    "paypal.me": {
      "out": {
        "other": 1
      },
      "score": 0.181
    },
    "service.weibo.com": {
      "out": {
        "other": 1
      },
      "score": 0.181
    },
    "www.ultimacomic.es": {
      "out": {
        "other": 1
      },
      "score": 0.181
    },
    "loadaverage.org": {
      "in": {
        "other": 1
      },
      "score": 0
    }
  }
}