{
  "domain": "aeb.sr",
  "urls": [
    "http://aeb.sr/"
  ],
  "names": [
    "aeb.sr a.k.a Antoine Butler Sr",
    "aeb.sr"
  ],
  "descriptions": [
    "Purveyor of quirky verbosity, parables and dope rhymes. Maker. Rider. Gambler. Shooter. UI Engineer."
  ],
  "pictures": [
    "http://aeb.sr/favicon.ico",
    "http://aeb.sr/assets/images/mr-peacock.jpg"
  ],
  "hcard": {},
  "rel_mes": [
    "https://twitter.com/aebsr",
    "https://github.com/aebsr"
  ],
  "crawl_start": "2017-06-09T17:33:25",
  "crawl_end": "2017-06-09T17:33:52",
  "num_pages": 49,
  "total_html_size": 663142,
  "servers": [
    "GitHub.com"
  ],
  "tags": [
    "relme",
    "webmention"
  ],
  "endpoints": {
    "webmention": [
      "https://webmention.io/aeb.sr/webmention"
    ]
  },
  "links_out": 306,
  "links_in": 5,
  "links": {
    "twitter.com/aebsr": {
      "out": {
        "other": 22
      },
      "score": 1
    },
    "github.com": {
      "out": {
        "other": 20
      },
      "score": 0.976
    },
    "jekyllrb.com": {
      "out": {
        "other": 19
      },
      "score": 0.963
    },
    "genius.com": {
      "out": {
        "other": 17
      },
      "score": 0.934
    },
    "codepen.io": {
      "out": {
        "other": 13
      },
      "score": 0.862
    },
    "rd.io": {
      "out": {
        "other": 13
      },
      "score": 0.862
    },
    "archive.aneventapart.com": {
      "out": {
        "other": 12
      },
      "score": 0.841
    },
    "rapgenius.com": {
      "out": {
        "other": 8
      },
      "score": 0.733
    },
    "aneventapart.com": {
      "out": {
        "other": 7
      },
      "score": 0.698
    },
    "2014.cssconf.com": {
      "out": {
        "other": 7
      },
      "score": 0.698
    },
    "plus.google.com/share": {
      "out": {
        "other": 5
      },
      "score": 0.608
    },
    "twitter.com/hashtag": {
      "out": {
        "other": 5
      },
      "score": 0.608
    },
    "www.facebook.com": {
      "out": {
        "other": 5
      },
      "score": 0.608
    },
    "twitter.com/share": {
      "out": {
        "other": 5
      },
      "score": 0.608
    },
    "en.wikipedia.org": {
      "out": {
        "other": 4
      },
      "score": 0.550
    },
    "www.kickstarter.com": {
      "out": {
        "other": 4
      },
      "score": 0.550
    },
    "rap.genius.com": {
      "out": {
        "other": 4
      },
      "score": 0.550
    },
    "twitter.com/search": {
      "out": {
        "other": 4
      },
      "score": 0.550
    },
    "www.flickr.com": {
      "out": {
        "other": 3
      },
      "score": 0.474
    },
    "twitter.com/kelleymbutler": {
      "out": {
        "other": 3
      },
      "score": 0.474
    },
    "speakerdeck.com": {
      "out": {
        "other": 3
      },
      "score": 0.474
    },
    "www.youtube.com": {
      "out": {
        "other": 3
      },
      "score": 0.474
    },
    "t.co": {
      "out": {
        "other": 3
      },
      "score": 0.474
    },
    "www.hzdg.com": {
      "out": {
        "other": 3
      },
      "score": 0.474
    },
    "hzdg.com": {
      "out": {
        "other": 3
      },
      "score": 0.474
    },
    "sixtwothree.org": {
      "out": {
        "other": 1
      },
      "in": {
        "other": 3
      },
      "score": 0.426
    },
    "weareallaweso.me": {
      "out": {
        "other": 2
      },
      "score": 0.368
    },
    "stet.editorially.com": {
      "out": {
        "other": 2
      },
      "score": 0.368
    },
    "goinswriter.com": {
      "out": {
        "other": 2
      },
      "score": 0.368
    },
    "www.smashingmagazine.com": {
      "out": {
        "other": 2
      },
      "score": 0.368
    },
    "gist.github.com": {
      "out": {
        "other": 2
      },
      "score": 0.368
    },
    "sketch.bysusanlin.com": {
      "out": {
        "other": 2
      },
      "score": 0.368
    },
    "trevor_davis": {
      "out": {
        "other": 2
      },
      "score": 0.368
    },
    "www.cnn.com": {
      "out": {
        "other": 2
      },
      "score": 0.368
    },
    "oddiseemmg.bandcamp.com": {
      "out": {
        "other": 2
      },
      "score": 0.368
    },
    "bmoresponsive.com": {
      "out": {
        "other": 2
      },
      "score": 0.368
    },
    "html5doctor.com": {
      "out": {
        "other": 2
      },
      "score": 0.368
    },
    "www.creativebloq.com": {
      "out": {
        "other": 2
      },
      "score": 0.368
    },
    "imandrewcohen.com": {
      "out": {
        "other": 2
      },
      "score": 0.368
    },
    "articles.orlandosentinel.com": {
      "out": {
        "other": 2
      },
      "score": 0.368
    },
    "www.airbagindustries.com": {
      "out": {
        "other": 2
      },
      "score": 0.368
    },
    "twitter.com/andrewcohen": {
      "out": {
        "other": 2
      },
      "score": 0.368
    },
    "twitter.com/meyerweb": {
      "out": {
        "other": 2
      },
      "score": 0.368
    },
    "www.100prooftattoo.com": {
      "out": {
        "other": 2
      },
      "score": 0.368
    },
    "editorially.com": {
      "out": {
        "other": 2
      },
      "score": 0.368
    },
    "twitter.com/stubbornella": {
      "out": {
        "other": 2
      },
      "score": 0.368
    },
    "www.zeldman.com": {
      "out": {
        "other": 2
      },
      "score": 0.368
    },
    "ianstormtaylor.com": {
      "out": {
        "other": 1
      },
      "score": 0.183
    },
    "www.dreamworks.com": {
      "out": {
        "other": 1
      },
      "score": 0.183
    },
    "csste.st": {
      "out": {
        "other": 1
      },
      "score": 0.183
    },
    "strength-exchange.goldsgym.com": {
      "out": {
        "other": 1
      },
      "score": 0.183
    },
    "twitter.com/zachleat": {
      "out": {
        "other": 1
      },
      "score": 0.183
    },
    "nclud.com": {
      "out": {
        "other": 1
      },
      "score": 0.183
    },
    "twitter.com/leaverou": {
      "out": {
        "other": 1
      },
      "score": 0.183
    },
    "fueled.com": {
      "out": {
        "other": 1
      },
      "score": 0.183
    },
    "twitter.com/lwilliams": {
      "out": {
        "other": 1
      },
      "score": 0.183
    },
    "twitter.com/kingkool68": {
      "out": {
        "other": 1
      },
      "score": 0.183
    },
    "twitter.com/voodootikigod": {
      "out": {
        "other": 1
      },
      "score": 0.183
    },
    "flic.kr": {
      "out": {
        "other": 1
      },
      "score": 0.183
    },
    "hzdg.tumblr.com": {
      "out": {
        "other": 1
      },
      "score": 0.183
    },
    "twitter.com/jsmooth995": {
      "out": {
        "other": 1
      },
      "score": 0.183
    },
    "twitter.com/bysusanlin": {
      "out": {
        "other": 1
      },
      "score": 0.183
    },
    "www.accessibilitycampdc.org": {
      "out": {
        "other": 1
      },
      "score": 0.183
    },
    "usps.com": {
      "out": {
        "other": 1
      },
      "score": 0.183
    },
    "www.yegor256.com": {
      "out": {
        "other": 1
      },
      "score": 0.183
    },
    "twitter.com/jbrw1984": {
      "out": {
        "other": 1
      },
      "score": 0.183
    },
    "twitter.com/creldredge": {
      "out": {
        "other": 1
      },
      "score": 0.183
    },
    "twitter.com/llimllib": {
      "out": {
        "other": 1
      },
      "score": 0.183
    },
    "unmatchedstyle.com": {
      "out": {
        "other": 1
      },
      "score": 0.183
    },
    "docs.google.com": {
      "out": {
        "other": 1
      },
      "score": 0.183
    },
    "www.simple.com": {
      "out": {
        "other": 1
      },
      "score": 0.183
    },
    "filamentgroup.com": {
      "out": {
        "other": 1
      },
      "score": 0.183
    },
    "rabidlogic.com": {
      "out": {
        "other": 1
      },
      "score": 0.183
    },
    "twitter.com/jessabean": {
      "out": {
        "other": 1
      },
      "score": 0.183
    },
    "www.vwserviceandparts.com": {
      "out": {
        "other": 1
      },
      "score": 0.183
    },
    "www.metrolyrics.com": {
      "out": {
        "other": 1
      },
      "score": 0.183
    },
    "smacss.com": {
      "out": {
        "other": 1
      },
      "score": 0.183
    },
    "washington.org": {
      "out": {
        "other": 1
      },
      "score": 0.183
    },
    "akqa.com": {
      "out": {
        "other": 1
      },
      "score": 0.183
    },
    "twitter.com/opower": {
      "out": {
        "other": 1
      },
      "score": 0.183
    },
    "twitter.com/gacdc": {
      "out": {
        "other": 1
      },
      "score": 0.183
    },
    "twitter.com/javierios": {
      "out": {
        "other": 1
      },
      "score": 0.183
    },
    "www.hulu.com": {
      "out": {
        "other": 1
      },
      "score": 0.183
    },
    "eightshapes.com": {
      "out": {
        "other": 1
      },
      "score": 0.183
    },
    "prandall.com": {
      "out": {
        "other": 1
      },
      "score": 0.183
    },
    "sarasoueidan.com": {
      "out": {
        "other": 1
      },
      "score": 0.183
    },
    "www.slideshare.net": {
      "out": {
        "other": 1
      },
      "score": 0.183
    },
    "twitter.com/toekneestuck": {
      "out": {
        "other": 1
      },
      "score": 0.183
    },
    "cburgmer.github.io": {
      "out": {
        "other": 1
      },
      "score": 0.183
    },
    "adactio.com": {
      "in": {
        "other": 2
      },
      "score": 0.183
    },
    "www.w3.org": {
      "out": {
        "other": 1
      },
      "score": 0.183
    },
    "articulatelifestyle.com": {
      "out": {
        "other": 1
      },
      "score": 0.183
    },
    "www.ritzcarlton.com": {
      "out": {
        "other": 1
      },
      "score": 0.183
    },
    "support.google.com": {
      "out": {
        "other": 1
      },
      "score": 0.183
    },
    "handcraftedcss.com": {
      "out": {
        "other": 1
      },
      "score": 0.183
    },
    "ti.to": {
      "out": {
        "other": 1
      },
      "score": 0.183
    },
    "twitter.com/cburgmer": {
      "out": {
        "other": 1
      },
      "score": 0.183
    },
    "www.nola.com": {
      "out": {
        "other": 1
      },
      "score": 0.183
    },
    "2014.jsconf.us": {
      "out": {
        "other": 1
      },
      "score": 0.183
    },
    "poetry.rapgenius.com": {
      "out": {
        "other": 1
      },
      "score": 0.183
    },
    "twitter.com/simple": {
      "out": {
        "other": 1
      },
      "score": 0.183
    },
    "twitter.com/smarty": {
      "out": {
        "other": 1
      },
      "score": 0.183
    },
    "twitter.com/itsairwick": {
      "out": {
        "other": 1
      },
      "score": 0.183
    },
    "geeksadventureclub.com": {
      "out": {
        "other": 1
      },
      "score": 0.183
    },
    "2014.xoxofest.com": {
      "out": {
        "other": 1
      },
      "score": 0.183
    },
    "cssconf.com": {
      "out": {
        "other": 1
      },
      "score": 0.183
    },
    "jeffcroft.com": {
      "out": {
        "other": 1
      },
      "score": 0.183
    },
    "parks.nv.gov": {
      "out": {
        "other": 1
      },
      "score": 0.183
    },
    "twitter.com/feather": {
      "out": {
        "other": 1
      },
      "score": 0.183
    },
    "twitter.com/jfc3": {
      "out": {
        "other": 1
      },
      "score": 0.183
    },
    "twitter.com/beep": {
      "out": {
        "other": 1
      },
      "score": 0.183
    },
    "twitter.com/blanksky": {
      "out": {
        "other": 1
      },
      "score": 0.183
    },
    "open.spotify.com": {
      "out": {
        "other": 1
      },
      "score": 0.183
    },
    "twitter.com/paul_irish": {
      "out": {
        "other": 1
      },
      "score": 0.183
    },
    "www.abookapart.com": {
      "out": {
        "other": 1
      },
      "score": 0.183
    },
    "www.imdb.com": {
      "out": {
        "other": 1
      },
      "score": 0.183
    }
  }
}