{
  "domain": "aegibson.withknown.com",
  "urls": [
    "http://aegibson.withknown.com/"
  ],
  "names": [
    "HugeDomains.com - AeGibson.com is for sale (Ae Gibson)"
  ],
  "descriptions": [],
  "pictures": [],
  "hcard": {},
  "rel_mes": [],
  "tags": [],
  "endpoints": {},
  "crawl_start": "2017-06-11T14:30:08.345817",
  "crawl_end": "2017-06-11T14:30:08.345817",
  "links_out": 0,
  "links_in": 5,
  "links": {
    "known.kevinmarks.com": {
      "in": {
        "other": 4
      },
      "score": 1
    },
    "brid.gy": {
      "in": {
        "other": 1
      },
      "score": 0
    }
  }
}