{
  "domain": "aegibson.com",
  "urls": [
    "http://aegibson.com/"
  ],
  "names": [
    "HugeDomains.com - AeGibson.com is for sale (Ae Gibson)"
  ],
  "descriptions": [],
  "pictures": [],
  "hcard": {},
  "rel_mes": [],
  "tags": [
    "bridgy"
  ],
  "endpoints": {},
  "crawl_start": "2017-05-19T22:44:38.472402",
  "crawl_end": "2017-05-19T22:44:38.472402",
  "links_out": 0,
  "links_in": 108,
  "links": {
    "loadaverage.org": {
      "in": {
        "other": 73,
        "in-reply-to": 8
      },
      "score": 1
    },
    "indieweb.org": {
      "in": {
        "other": 10
      },
      "score": 0.486
    },
    "chat.indieweb.org": {
      "in": {
        "other": 5
      },
      "score": 0.340
    },
    "known.kylewm.com": {
      "in": {
        "other": 5
      },
      "score": 0.340
    },
    "snarfed.org": {
      "in": {
        "like-of": 2
      },
      "score": 0.294
    },
    "aaronparecki.com": {
      "in": {
        "other": 4
      },
      "score": 0.294
    },
    "brid.gy": {
      "in": {
        "other": 1
      },
      "score": 0
    }
  }
}