{
  "domain": "aheadrobot.com",
  "urls": [
    "https://aheadrobot.com/"
  ],
  "names": [
    "Ahead, Robot! | Survival of the easiest",
    "Ahead, Robot!"
  ],
  "descriptions": [
    "Survival of the easiest"
  ],
  "pictures": [
    "https://secure.gravatar.com/blavatar/da837a3504c2af0554a58ecce0c11a5d?s=32",
    "https://secure.gravatar.com/blavatar/da837a3504c2af0554a58ecce0c11a5d?s=200&ts=1495259079"
  ],
  "hcard": {},
  "rel_mes": [
    "https://twitter.com/smagdali",
    "https://github.com/smagdali"
  ],
  "crawl_start": "2017-04-23T22:42:36",
  "crawl_end": "2017-04-23T22:43:18",
  "num_pages": 14,
  "total_html_size": 897224,
  "servers": [
    "nginx",
    "WordPress.com"
  ],
  "mf2_classes": [
    "h-entry"
  ],
  "tags": [
    "relme",
    "IRC"
  ],
  "endpoints": {},
  "links_out": 498,
  "links_in": 6,
  "links": {
    "www.flickr.com": {
      "out": {
        "other": 160
      },
      "score": 1
    },
    "javascript": {
      "out": {
        "other": 45
      },
      "score": 0.780
    },
    "wordpress.com": {
      "out": {
        "other": 31
      },
      "score": 0.716
    },
    "www.mocality.com": {
      "out": {
        "other": 20
      },
      "score": 0.640
    },
    "www.writetothem.com": {
      "out": {
        "other": 17
      },
      "score": 0.612
    },
    "github.com": {
      "out": {
        "other": 17
      },
      "score": 0.612
    },
    "www.moo.com": {
      "out": {
        "other": 14
      },
      "score": 0.577
    },
    "www.multiply.com": {
      "out": {
        "other": 14
      },
      "score": 0.577
    },
    "twitter.com/smagdali": {
      "out": {
        "other": 14
      },
      "score": 0.577
    },
    "www.theyworkforyou.com": {
      "out": {
        "other": 14
      },
      "score": 0.577
    },
    "www.mih.com": {
      "out": {
        "other": 14
      },
      "score": 0.577
    },
    "www.upmystreet.com": {
      "out": {
        "other": 14
      },
      "score": 0.577
    },
    "wordpress.org": {
      "out": {
        "other": 14
      },
      "score": 0.577
    },
    "gravatar.com": {
      "out": {
        "other": 9
      },
      "score": 0.501
    },
    "web.archive.org": {
      "out": {
        "other": 6
      },
      "score": 0.430
    },
    "www.mocality.co.ke": {
      "out": {
        "other": 6
      },
      "score": 0.430
    },
    "rewiredstate.org": {
      "out": {
        "other": 6
      },
      "score": 0.430
    },
    "www.paulayoung.co.uk": {
      "out": {
        "other": 4
      },
      "score": 0.360
    },
    "en.wikibooks.org": {
      "out": {
        "other": 3
      },
      "score": 0.310
    },
    "www.faxyourgp.com": {
      "out": {
        "other": 3
      },
      "score": 0.310
    },
    "www.telegraph.co.uk": {
      "out": {
        "other": 3
      },
      "score": 0.310
    },
    "www.jobberman.com": {
      "out": {
        "other": 3
      },
      "score": 0.310
    },
    "www.villagetelco.org": {
      "out": {
        "other": 3
      },
      "score": 0.310
    },
    "www.theriverclubafrica.com": {
      "out": {
        "other": 3
      },
      "score": 0.310
    },
    "www.barcampnairobi.com": {
      "out": {
        "other": 3
      },
      "score": 0.310
    },
    "www.ushahidi.com": {
      "out": {
        "other": 3
      },
      "score": 0.310
    },
    "www.ihub.co.ke": {
      "out": {
        "other": 3
      },
      "score": 0.310
    },
    "jobberman.com": {
      "out": {
        "other": 3
      },
      "score": 0.310
    },
    "www.medconfidential.org": {
      "out": {
        "other": 3
      },
      "score": 0.310
    },
    "smagdali.files.wordpress.com": {
      "out": {
        "other": 3
      },
      "score": 0.310
    },
    "www.symbiotic.co.ke": {
      "out": {
        "other": 3
      },
      "score": 0.310
    },
    "www.gov.uk": {
      "out": {
        "other": 3
      },
      "score": 0.310
    },
    "makerfaireafrica.com": {
      "out": {
        "other": 3
      },
      "score": 0.310
    },
    "kalahari.co.ke": {
      "out": {
        "other": 3
      },
      "score": 0.310
    },
    "www.pesapal.com": {
      "out": {
        "other": 3
      },
      "score": 0.310
    },
    "techcrunch.com": {
      "out": {
        "other": 3
      },
      "score": 0.310
    },
    "ihub.co.ke": {
      "out": {
        "other": 3
      },
      "score": 0.310
    },
    "www.mysociety.org": {
      "out": {
        "other": 3
      },
      "score": 0.310
    },
    "eatout.co.ke": {
      "out": {
        "other": 3
      },
      "score": 0.310
    },
    "maps.google.com": {
      "out": {
        "other": 3
      },
      "score": 0.310
    },
    "twitter.com/sarahcuda": {
      "out": {
        "other": 3
      },
      "score": 0.310
    },
    "indieweb.org": {
      "in": {
        "other": 5
      },
      "score": 0.279
    },
    "creativecommons.org": {
      "out": {
        "other": 2
      },
      "score": 0.241
    },
    "twitter.com/minor9th": {
      "out": {
        "other": 2
      },
      "score": 0.241
    },
    "twitter.com/jamescronin": {
      "out": {
        "other": 2
      },
      "score": 0.241
    },
    "twitter.com/kerrching": {
      "out": {
        "other": 2
      },
      "score": 0.241
    },
    "twitter.com/paul_a_young": {
      "out": {
        "other": 2
      },
      "score": 0.241
    },
    "chat.indieweb.org": {
      "in": {
        "other": 1
      },
      "score": 0
    }
  }
}