{
  "domain": "airbornesurfer.com",
  "urls": [
    "http://airbornesurfer.com/"
  ],
  "names": [
    "AirborneSurfer.com - Adventitious Geekery and other distractions created or curated by Matthew \"Atari\" Eargle",
    "AirborneSurfer.com"
  ],
  "descriptions": [
    "Adventitious Geekery and other distractions created or curated by Matthew \"Atari\" Eargle"
  ],
  "pictures": [
    "https://i2.wp.com/airbornesurfer.com/wp-content/uploads/2016/01/cropped-atari-kid-big.gif?fit=32%2C32",
    "https://i2.wp.com/airbornesurfer.com/wp-content/uploads/2016/01/cropped-atari-kid-big.gif?fit=192%2C192"
  ],
  "hcard": {},
  "rel_mes": [
    "https://twitter.com/airbornesurfer",
    "https://plus.google.com/+MatthewEargle"
  ],
  "crawl_start": "2017-04-27T07:52:20",
  "crawl_end": "2017-04-28T14:08:01",
  "num_pages": 9826,
  "total_html_size": 675485368,
  "servers": [
    "Apache",
    "Piwigo (aka PWG), see piwigo.org"
  ],
  "mf2_classes": [
    "h-entry",
    "h-card",
    "h-as-reply",
    "h-feed",
    "h-as-mention"
  ],
  "tags": [
    "relme",
    "bridgy",
    "webmention",
    "micropub",
    "authorization",
    "token",
    "generator"
  ],
  "endpoints": {
    "webmention": [
      "http://airbornesurfer.com/wp-json/webmention/1.0/endpoint"
    ],
    "micropub": [
      "http://airbornesurfer.com/?micropub=endpoint"
    ],
    "authorization": [
      "https://indieauth.com/auth"
    ],
    "token": [
      "https://tokens.indieauth.com/token"
    ],
    "generator": [
      "https://wordpress.org/"
    ]
  },
  "links_out": 334477,
  "links_in": 168,
  "links": {
    "index.php": {
      "out": {
        "other": 194562
      },
      "score": 1
    },
    "picture.php": {
      "out": {
        "other": 22933
      },
      "score": 0.829
    },
    "twitter.com/airbornesurfer": {
      "out": {
        "other": 16237
      },
      "score": 0.806
    },
    "facebook.com/matt.eargle": {
      "out": {
        "other": 14904
      },
      "score": 0.798
    },
    "plus.google.com/+MatthewEargle": {
      "out": {
        "other": 14957
      },
      "score": 0.798
    },
    "wordpress.org": {
      "out": {
        "other": 8094
      },
      "score": 0.751
    },
    "linkedin.com": {
      "out": {
        "other": 7452
      },
      "score": 0.745
    },
    "youtube.com": {
      "out": {
        "other": 7453
      },
      "score": 0.745
    },
    "www.periscope.tv": {
      "out": {
        "other": 7452
      },
      "score": 0.745
    },
    "adactio.com": {
      "in": {
        "bookmark-of": 70,
        "other": 2
      },
      "out": {
        "other": 3983
      },
      "score": 0.698
    },
    "indiewebcamp.com": {
      "out": {
        "other": 3985
      },
      "score": 0.696
    },
    "facebook.com/1490933893": {
      "out": {
        "other": 2971
      },
      "score": 0.674
    },
    "search.php": {
      "out": {
        "other": 2360
      },
      "score": 0.656
    },
    "password.php": {
      "out": {
        "other": 2362
      },
      "score": 0.656
    },
    "tags.php": {
      "out": {
        "other": 2361
      },
      "score": 0.656
    },
    "about.php": {
      "out": {
        "other": 2360
      },
      "score": 0.656
    },
    "comments.php": {
      "out": {
        "other": 2360
      },
      "score": 0.656
    },
    "piwigo.org": {
      "out": {
        "other": 2364
      },
      "score": 0.656
    },
    "www.wired.com": {
      "out": {
        "other": 1696
      },
      "score": 0.630
    },
    "i1.wp.com": {
      "out": {
        "other": 992
      },
      "score": 0.588
    },
    "i2.wp.com": {
      "out": {
        "other": 896
      },
      "score": 0.581
    },
    "i0.wp.com": {
      "out": {
        "other": 863
      },
      "score": 0.578
    },
    "boingboing.net": {
      "out": {
        "other": 516
      },
      "score": 0.538
    },
    "untappd.com": {
      "out": {
        "other": 331
      },
      "score": 0.504
    },
    "airbornesurfer.wordpress.com": {
      "out": {
        "other": 283
      },
      "score": 0.491
    },
    "aviationhumor.net": {
      "out": {
        "other": 206
      },
      "score": 0.467
    },
    "twitter.com/JonsCrazyTweets": {
      "out": {
        "other": 196
      },
      "score": 0.463
    },
    "arstechnica.com": {
      "out": {
        "other": 192
      },
      "score": 0.461
    },
    "www.youtube.com": {
      "out": {
        "other": 192
      },
      "score": 0.461
    },
    "xkcd.com": {
      "out": {
        "other": 176
      },
      "score": 0.454
    },
    "en.wikipedia.org": {
      "out": {
        "other": 163
      },
      "score": 0.449
    },
    "www.theguardian.com": {
      "out": {
        "other": 154
      },
      "score": 0.444
    },
    "www.theatlantic.com": {
      "out": {
        "other": 151
      },
      "score": 0.443
    },
    "www.eff.org": {
      "out": {
        "other": 133
      },
      "score": 0.433
    },
    "motherboard.vice.com": {
      "out": {
        "other": 130
      },
      "score": 0.431
    },
    "web.archive.org": {
      "out": {
        "other": 112
      },
      "score": 0.419
    },
    "www.bbc.com": {
      "out": {
        "other": 105
      },
      "score": 0.415
    },
    "gizmodo.com": {
      "out": {
        "other": 101
      },
      "score": 0.412
    },
    "www.atlasobscura.com": {
      "out": {
        "other": 98
      },
      "score": 0.409
    },
    "www.amazon.com": {
      "out": {
        "other": 96
      },
      "score": 0.408
    },
    "www.washingtonpost.com": {
      "out": {
        "other": 87
      },
      "score": 0.4
    },
    "www.theverge.com": {
      "out": {
        "other": 85
      },
      "score": 0.398
    },
    "www.vox.com": {
      "out": {
        "other": 84
      },
      "score": 0.397
    },
    "www.newyorker.com": {
      "out": {
        "other": 78
      },
      "score": 0.391
    },
    "kodi.wiki": {
      "out": {
        "other": 77
      },
      "score": 0.391
    },
    "theoatmeal.com": {
      "out": {
        "other": 75
      },
      "score": 0.388
    },
    "qz.com": {
      "out": {
        "other": 71
      },
      "score": 0.384
    },
    "imgur.com": {
      "out": {
        "other": 68
      },
      "score": 0.381
    },
    "medium.com": {
      "out": {
        "other": 67
      },
      "score": 0.380
    },
    "www.bloomberg.com": {
      "out": {
        "other": 63
      },
      "score": 0.375
    },
    "digg.com": {
      "out": {
        "other": 61
      },
      "score": 0.372
    },
    "plus.google.com/112999014096523285790": {
      "out": {
        "other": 59
      },
      "score": 0.370
    },
    "www.nytimes.com": {
      "out": {
        "other": 57
      },
      "score": 0.367
    },
    "www.popularmechanics.com": {
      "out": {
        "other": 56
      },
      "score": 0.366
    },
    "vimeo.com": {
      "out": {
        "other": 54
      },
      "score": 0.363
    },
    "www.slate.com": {
      "out": {
        "other": 51
      },
      "score": 0.358
    },
    "twmfrntman.deviantart.com": {
      "out": {
        "other": 50
      },
      "score": 0.357
    },
    "www.techdirt.com": {
      "out": {
        "other": 49
      },
      "score": 0.355
    },
    "www.hollywoodreporter.com": {
      "out": {
        "other": 49
      },
      "score": 0.355
    },
    "www.airbornesurfer.com": {
      "out": {
        "other": 48
      },
      "score": 0.353
    },
    "www.npr.org": {
      "out": {
        "other": 47
      },
      "score": 0.352
    },
    "www.thedailybeast.com": {
      "out": {
        "other": 46
      },
      "score": 0.350
    },
    "www.citylab.com": {
      "out": {
        "other": 44
      },
      "score": 0.347
    },
    "www.buzzfeed.com": {
      "out": {
        "other": 43
      },
      "score": 0.345
    },
    "www.cracked.com": {
      "out": {
        "other": 43
      },
      "score": 0.345
    },
    "vinepair.com": {
      "out": {
        "other": 40
      },
      "score": 0.340
    },
    "www.goodreads.com": {
      "out": {
        "other": 40
      },
      "score": 0.340
    },
    "www.politico.com": {
      "out": {
        "other": 37
      },
      "score": 0.333
    },
    "fusion.net": {
      "out": {
        "other": 37
      },
      "score": 0.333
    },
    "teamcoco.com": {
      "out": {
        "other": 35
      },
      "score": 0.329
    },
    "wp.me": {
      "out": {
        "other": 35
      },
      "score": 0.329
    },
    "www.myspace.com": {
      "out": {
        "other": 34
      },
      "score": 0.327
    },
    "s1118.photobucket.com": {
      "out": {
        "other": 34
      },
      "score": 0.327
    },
    "firstlook.org": {
      "out": {
        "other": 33
      },
      "score": 0.325
    },
    "variety.com": {
      "out": {
        "other": 32
      },
      "score": 0.322
    },
    "kotaku.com": {
      "out": {
        "other": 32
      },
      "score": 0.322
    },
    "zipzapmac.com": {
      "out": {
        "other": 32
      },
      "score": 0.322
    },
    "io9.com": {
      "out": {
        "other": 31
      },
      "score": 0.320
    },
    "javascript": {
      "out": {
        "other": 30
      },
      "score": 0.317
    },
    "theintercept.com": {
      "out": {
        "other": 30
      },
      "score": 0.317
    },
    "www.latimes.com": {
      "out": {
        "other": 30
      },
      "score": 0.317
    },
    "mentalfloss.com": {
      "out": {
        "other": 29
      },
      "score": 0.315
    },
    "priceonomics.com": {
      "out": {
        "other": 29
      },
      "score": 0.315
    },
    "chainsawsuit.com": {
      "out": {
        "other": 29
      },
      "score": 0.315
    },
    "archive.org": {
      "out": {
        "other": 28
      },
      "score": 0.312
    },
    "afterburn.podbean.com": {
      "out": {
        "other": 26
      },
      "score": 0.306
    },
    "firstwefeast.com": {
      "out": {
        "other": 25
      },
      "score": 0.303
    },
    "kernelmag.dailydot.com": {
      "out": {
        "other": 24
      },
      "score": 0.3
    },
    "twitter.com/erikhentell": {
      "out": {
        "other": 24
      },
      "score": 0.3
    },
    "www.reddit.com": {
      "out": {
        "other": 24
      },
      "score": 0.3
    },
    "www.foxnews.com": {
      "out": {
        "other": 24
      },
      "score": 0.3
    },
    "www.fastcompany.com": {
      "out": {
        "other": 24
      },
      "score": 0.3
    },
    "www.wikihow.com": {
      "out": {
        "other": 24
      },
      "score": 0.3
    },
    "www.aerospaceweb.org": {
      "out": {
        "other": 24
      },
      "score": 0.3
    },
    "runkeeper.com": {
      "out": {
        "other": 23
      },
      "score": 0.297
    },
    "www.huffingtonpost.com": {
      "out": {
        "other": 23
      },
      "score": 0.297
    },
    "time.com": {
      "out": {
        "other": 23
      },
      "score": 0.297
    },
    "lifehacker.com": {
      "out": {
        "other": 23
      },
      "score": 0.297
    },
    "www.vice.com": {
      "out": {
        "other": 22
      },
      "score": 0.293
    },
    "www.newrepublic.com": {
      "out": {
        "other": 22
      },
      "score": 0.293
    },
    "github.com": {
      "out": {
        "other": 22
      },
      "score": 0.293
    },
    "killscreen.com": {
      "out": {
        "other": 22
      },
      "score": 0.293
    },
    "foxtrotalpha.jalopnik.com": {
      "out": {
        "other": 22
      },
      "score": 0.293
    },
    "www.cnn.com": {
      "out": {
        "other": 22
      },
      "score": 0.293
    },
    "brid.gy": {
      "in": {
        "other": 43
      },
      "score": 0.291
    },
    "www.propublica.org": {
      "out": {
        "other": 21
      },
      "score": 0.290
    },
    "uproxx.com": {
      "out": {
        "other": 21
      },
      "score": 0.290
    },
    "consumerist.com": {
      "out": {
        "other": 21
      },
      "score": 0.290
    },
    "www.bbcamerica.com": {
      "out": {
        "other": 20
      },
      "score": 0.286
    },
    "www.iflscience.com": {
      "out": {
        "other": 20
      },
      "score": 0.286
    },
    "www.microsoft.com": {
      "out": {
        "other": 20
      },
      "score": 0.286
    },
    "www.andertoons.com": {
      "out": {
        "other": 20
      },
      "score": 0.286
    },
    "www.dailydot.com": {
      "out": {
        "other": 20
      },
      "score": 0.286
    },
    "www.outsideonline.com": {
      "out": {
        "other": 20
      },
      "score": 0.286
    },
    "new.spring.me": {
      "out": {
        "other": 20
      },
      "score": 0.286
    },
    "kodi.tv": {
      "out": {
        "other": 19
      },
      "score": 0.282
    },
    "news.vice.com": {
      "out": {
        "other": 19
      },
      "score": 0.282
    },
    "www.apple.com": {
      "out": {
        "other": 19
      },
      "score": 0.282
    },
    "techcrunch.com": {
      "out": {
        "other": 19
      },
      "score": 0.282
    },
    "www.kcet.org": {
      "out": {
        "other": 18
      },
      "score": 0.278
    },
    "www.tuxera.com": {
      "out": {
        "other": 18
      },
      "score": 0.278
    },
    "www.code42.com": {
      "out": {
        "other": 18
      },
      "score": 0.278
    },
    "www.eventghost.org": {
      "out": {
        "other": 18
      },
      "score": 0.278
    },
    "mashable.com": {
      "out": {
        "other": 18
      },
      "score": 0.278
    },
    "www.fitocracy.com": {
      "out": {
        "other": 18
      },
      "score": 0.278
    },
    "recode.net": {
      "out": {
        "other": 18
      },
      "score": 0.278
    },
    "www.99x.com": {
      "out": {
        "other": 17
      },
      "score": 0.274
    },
    "www.atlantasrockstation.com": {
      "out": {
        "other": 17
      },
      "score": 0.274
    },
    "fivethirtyeight.com": {
      "out": {
        "other": 17
      },
      "score": 0.274
    },
    "torrentfreak.com": {
      "out": {
        "other": 17
      },
      "score": 0.274
    },
    "www.nybooks.com": {
      "out": {
        "other": 17
      },
      "score": 0.274
    },
    "www.electriccowboy.com": {
      "out": {
        "other": 17
      },
      "score": 0.274
    },
    "indieweb.org": {
      "in": {
        "other": 34
      },
      "score": 0.274
    },
    "rehabmusic.com": {
      "out": {
        "other": 17
      },
      "score": 0.274
    },
    "wildbillsatlanta.com": {
      "out": {
        "other": 17
      },
      "score": 0.274
    },
    "facebook.com/needeepmusic": {
      "out": {
        "other": 17
      },
      "score": 0.274
    },
    "www.vanityfair.com": {
      "out": {
        "other": 17
      },
      "score": 0.274
    },
    "www.eachnotesecure.com": {
      "out": {
        "other": 17
      },
      "score": 0.274
    },
    "winlirc.sourceforge.net": {
      "out": {
        "other": 17
      },
      "score": 0.274
    },
    "ducks.nhl.com": {
      "out": {
        "other": 17
      },
      "score": 0.274
    },
    "www.avclub.com": {
      "out": {
        "other": 17
      },
      "score": 0.274
    },
    "starbaratlanta.com": {
      "out": {
        "other": 17
      },
      "score": 0.274
    },
    "thehill.com": {
      "out": {
        "other": 17
      },
      "score": 0.274
    },
    "www.q100atlanta.com": {
      "out": {
        "other": 17
      },
      "score": 0.274
    },
    "www.680thefan.com": {
      "out": {
        "other": 17
      },
      "score": 0.274
    },
    "reason.com": {
      "out": {
        "other": 17
      },
      "score": 0.274
    },
    "www.sonicbids.com": {
      "out": {
        "other": 17
      },
      "score": 0.274
    },
    "www.benjaminworrel.com": {
      "out": {
        "other": 16
      },
      "score": 0.269
    },
    "www.polygon.com": {
      "out": {
        "other": 16
      },
      "score": 0.269
    },
    "twitter.com/KatyHawke010167": {
      "out": {
        "other": 16
      },
      "score": 0.269
    },
    "twitter.com/VictorRSolis": {
      "out": {
        "other": 16
      },
      "score": 0.269
    },
    "www.libretro.com": {
      "out": {
        "other": 16
      },
      "score": 0.269
    },
    "www.macleans.ca": {
      "out": {
        "other": 16
      },
      "score": 0.269
    },
    "readonlymemory.vg": {
      "out": {
        "other": 16
      },
      "score": 0.269
    },
    "www.technologyreview.com": {
      "out": {
        "other": 16
      },
      "score": 0.269
    },
    "paleofuture.gizmodo.com": {
      "out": {
        "other": 16
      },
      "score": 0.269
    },
    "geekologie.com": {
      "out": {
        "other": 16
      },
      "score": 0.269
    },
    "www.laweekly.com": {
      "out": {
        "other": 16
      },
      "score": 0.269
    },
    "luckypeach.com": {
      "out": {
        "other": 16
      },
      "score": 0.269
    },
    "www.smithsonianmag.com": {
      "out": {
        "other": 16
      },
      "score": 0.269
    },
    "soundcloud.com": {
      "out": {
        "other": 16
      },
      "score": 0.269
    },
    "www.telegraph.co.uk": {
      "out": {
        "other": 16
      },
      "score": 0.269
    },
    "arstechnica.co.uk": {
      "out": {
        "other": 15
      },
      "score": 0.264
    },
    "www.forbes.com": {
      "out": {
        "other": 15
      },
      "score": 0.264
    },
    "hplusbiopolitics.wordpress.com": {
      "out": {
        "other": 15
      },
      "score": 0.264
    },
    "science.jrank.org": {
      "out": {
        "other": 15
      },
      "score": 0.264
    },
    "lastone2sherlockisasissy.tumblr.com": {
      "out": {
        "other": 15
      },
      "score": 0.264
    },
    "links999.net": {
      "out": {
        "other": 15
      },
      "score": 0.264
    },
    "www.newsrx.com": {
      "out": {
        "other": 15
      },
      "score": 0.264
    },
    "www.theage.com.au": {
      "out": {
        "other": 15
      },
      "score": 0.264
    },
    "www.eaglespeak.us": {
      "out": {
        "other": 15
      },
      "score": 0.264
    },
    "papers.ssrn.com": {
      "out": {
        "other": 15
      },
      "score": 0.264
    },
    "aeon.co": {
      "out": {
        "other": 15
      },
      "score": 0.264
    },
    "news.bbc.co.uk": {
      "out": {
        "other": 15
      },
      "score": 0.264
    },
    "www.cs.washington.edu": {
      "out": {
        "other": 15
      },
      "score": 0.264
    },
    "healthcare.zdnet.com": {
      "out": {
        "other": 15
      },
      "score": 0.264
    },
    "www.nature.com": {
      "out": {
        "other": 15
      },
      "score": 0.264
    },
    "www.reuters.com": {
      "out": {
        "other": 15
      },
      "score": 0.264
    },
    "www.mozilla.org": {
      "out": {
        "other": 15
      },
      "score": 0.264
    },
    "www.msnbc.msn.com": {
      "out": {
        "other": 15
      },
      "score": 0.264
    },
    "andsomeguysblog.blogspot.com": {
      "out": {
        "other": 14
      },
      "score": 0.258
    },
    "www.noip.com": {
      "out": {
        "other": 14
      },
      "score": 0.258
    },
    "www.engadget.com": {
      "out": {
        "other": 14
      },
      "score": 0.258
    },
    "www.mtv.com": {
      "out": {
        "other": 14
      },
      "score": 0.258
    },
    "foreignpolicy.com": {
      "out": {
        "other": 14
      },
      "score": 0.258
    },
    "gabrielrodriguez.deviantart.com": {
      "out": {
        "other": 14
      },
      "score": 0.258
    },
    "www.navytimes.com": {
      "out": {
        "other": 14
      },
      "score": 0.258
    },
    "www.flightglobal.com": {
      "out": {
        "other": 14
      },
      "score": 0.258
    },
    "www.xkcd.com": {
      "out": {
        "other": 14
      },
      "score": 0.258
    },
    "www.finalcall.com": {
      "out": {
        "other": 14
      },
      "score": 0.258
    },
    "lcdsmartie.sourceforge.net": {
      "out": {
        "other": 14
      },
      "score": 0.258
    },
    "worldwritable.com": {
      "out": {
        "other": 14
      },
      "score": 0.258
    },
    "xbmc4lcdsmartie.codeplex.com": {
      "out": {
        "other": 14
      },
      "score": 0.258
    },
    "swinsian.com": {
      "out": {
        "other": 14
      },
      "score": 0.258
    },
    "englishrussia.com": {
      "out": {
        "other": 14
      },
      "score": 0.258
    },
    "www.quantamagazine.org": {
      "out": {
        "other": 14
      },
      "score": 0.258
    },
    "www.spiegel.de": {
      "out": {
        "other": 13
      },
      "score": 0.253
    },
    "www.kickstarter.com": {
      "out": {
        "other": 13
      },
      "score": 0.253
    },
    "www.collectorsweekly.com": {
      "out": {
        "other": 13
      },
      "score": 0.253
    },
    "banshee-project.org": {
      "out": {
        "other": 13
      },
      "score": 0.253
    },
    "openid.net": {
      "out": {
        "other": 13
      },
      "score": 0.253
    },
    "www.moosebutter.com": {
      "out": {
        "other": 13
      },
      "score": 0.253
    },
    "www.hopesandfears.com": {
      "out": {
        "other": 13
      },
      "score": 0.253
    },
    "www.justhelicopters.com": {
      "out": {
        "other": 13
      },
      "score": 0.253
    },
    "online.wsj.com": {
      "out": {
        "other": 12
      },
      "score": 0.247
    },
    "americancensorship.org": {
      "out": {
        "other": 12
      },
      "score": 0.247
    },
    "coloringforgrownups.com": {
      "out": {
        "other": 12
      },
      "score": 0.247
    },
    "3eanuts.com": {
      "out": {
        "other": 12
      },
      "score": 0.247
    },
    "dirkloechel.deviantart.com": {
      "out": {
        "other": 12
      },
      "score": 0.247
    },
    "www.bldgblog.com": {
      "out": {
        "other": 12
      },
      "score": 0.247
    },
    "nerdist.com": {
      "out": {
        "other": 12
      },
      "score": 0.247
    },
    "makezine.com": {
      "out": {
        "other": 12
      },
      "score": 0.247
    },
    "thedailyshow.cc.com": {
      "out": {
        "other": 12
      },
      "score": 0.247
    },
    "sourceforge.net": {
      "out": {
        "other": 12
      },
      "score": 0.247
    },
    "www.stumbleupon.com": {
      "out": {
        "other": 12
      },
      "score": 0.247
    },
    "in.reuters.com": {
      "out": {
        "other": 12
      },
      "score": 0.247
    },
    "twitter.com/mrwpg": {
      "out": {
        "other": 12
      },
      "score": 0.247
    },
    "deadspin.com": {
      "out": {
        "other": 12
      },
      "score": 0.247
    },
    "fluidapp.com": {
      "out": {
        "other": 12
      },
      "score": 0.247
    },
    "petapixel.com": {
      "out": {
        "other": 12
      },
      "score": 0.247
    },
    "www.csoonline.com": {
      "out": {
        "other": 12
      },
      "score": 0.247
    },
    "handbrake.fr": {
      "out": {
        "other": 12
      },
      "score": 0.247
    },
    "mobile.reuters.com": {
      "out": {
        "other": 12
      },
      "score": 0.247
    },
    "www.aero-news.net": {
      "out": {
        "other": 12
      },
      "score": 0.247
    },
    "www.foxtrot.com": {
      "out": {
        "other": 12
      },
      "score": 0.247
    },
    "synergy-project.org": {
      "out": {
        "other": 12
      },
      "score": 0.247
    },
    "www.aclu.org": {
      "out": {
        "other": 12
      },
      "score": 0.247
    },
    "boortz.com": {
      "out": {
        "other": 12
      },
      "score": 0.247
    },
    "fightforthefuture.org": {
      "out": {
        "other": 12
      },
      "score": 0.247
    },
    "www.intel.com": {
      "out": {
        "other": 11
      },
      "score": 0.240
    },
    "gawker.com": {
      "out": {
        "other": 11
      },
      "score": 0.240
    },
    "www.zdnet.com": {
      "out": {
        "other": 11
      },
      "score": 0.240
    },
    "www.macworld.com": {
      "out": {
        "other": 11
      },
      "score": 0.240
    },
    "www.google.com": {
      "out": {
        "other": 11
      },
      "score": 0.240
    },
    "laughingsquid.com": {
      "out": {
        "other": 11
      },
      "score": 0.240
    },
    "www.scientificamerican.com": {
      "out": {
        "other": 11
      },
      "score": 0.240
    },
    "money.cnn.com": {
      "out": {
        "other": 11
      },
      "score": 0.240
    },
    "adage.com": {
      "out": {
        "other": 10
      },
      "score": 0.233
    },
    "store.sharespace.org": {
      "out": {
        "other": 10
      },
      "score": 0.233
    },
    "www.geeksofdoom.com": {
      "out": {
        "other": 10
      },
      "score": 0.233
    },
    "io9.gizmodo.com": {
      "out": {
        "other": 10
      },
      "score": 0.233
    },
    "twitter.com/14thdoc": {
      "out": {
        "other": 10
      },
      "score": 0.233
    },
    "drive.google.com": {
      "out": {
        "other": 10
      },
      "score": 0.233
    },
    "www.theglobeandmail.com": {
      "out": {
        "other": 10
      },
      "score": 0.233
    },
    "flashbak.com": {
      "out": {
        "other": 10
      },
      "score": 0.233
    },
    "waitbutwhy.com": {
      "out": {
        "other": 10
      },
      "score": 0.233
    },
    "i1118.photobucket.com": {
      "out": {
        "other": 10
      },
      "score": 0.233
    },
    "theundefeated.com": {
      "out": {
        "other": 10
      },
      "score": 0.233
    },
    "blog.myspace.com": {
      "out": {
        "other": 10
      },
      "score": 0.233
    },
    "nautil.us": {
      "out": {
        "other": 10
      },
      "score": 0.233
    },
    "www.cad-comic.com": {
      "out": {
        "other": 10
      },
      "score": 0.233
    },
    "www.insidethemagic.net": {
      "out": {
        "other": 10
      },
      "score": 0.233
    },
    "learning2share.blogspot.com": {
      "out": {
        "other": 10
      },
      "score": 0.233
    },
    "newrepublic.com": {
      "out": {
        "other": 10
      },
      "score": 0.233
    },
    "dragon-con.pbworks.com": {
      "out": {
        "other": 10
      },
      "score": 0.233
    },
    "forum.kodi.tv": {
      "out": {
        "other": 10
      },
      "score": 0.233
    },
    "vintage-ads.livejournal.com": {
      "out": {
        "other": 10
      },
      "score": 0.233
    },
    "teespring.com": {
      "out": {
        "other": 10
      },
      "score": 0.233
    },
    "artsbeat.blogs.nytimes.com": {
      "out": {
        "other": 10
      },
      "score": 0.233
    },
    "theweek.com": {
      "out": {
        "other": 10
      },
      "score": 0.233
    },
    "www.7-zip.org": {
      "out": {
        "other": 10
      },
      "score": 0.233
    },
    "grantland.com": {
      "out": {
        "other": 10
      },
      "score": 0.233
    },
    "phenomena.nationalgeographic.com": {
      "out": {
        "other": 10
      },
      "score": 0.233
    },
    "www.wsj.com": {
      "out": {
        "other": 10
      },
      "score": 0.233
    },
    "adequateman.deadspin.com": {
      "out": {
        "other": 10
      },
      "score": 0.233
    },
    "awfulannouncing.com": {
      "out": {
        "other": 10
      },
      "score": 0.233
    },
    "www.theparisreview.org": {
      "out": {
        "other": 10
      },
      "score": 0.233
    },
    "www.zombiesrungame.com": {
      "out": {
        "other": 10
      },
      "score": 0.233
    },
    "www.atlantatimemachine.com": {
      "out": {
        "other": 10
      },
      "score": 0.233
    },
    "www.inverse.com": {
      "out": {
        "other": 10
      },
      "score": 0.233
    },
    "www.salon.com": {
      "out": {
        "other": 10
      },
      "score": 0.233
    },
    "www.nbcnews.com": {
      "out": {
        "other": 10
      },
      "score": 0.233
    },
    "www.theonion.com": {
      "out": {
        "other": 10
      },
      "score": 0.233
    },
    "virginiagentlenerd.tumblr.com": {
      "out": {
        "other": 10
      },
      "score": 0.233
    },
    "theringer.com": {
      "out": {
        "other": 10
      },
      "score": 0.233
    },
    "www.economist.com": {
      "out": {
        "other": 10
      },
      "score": 0.233
    },
    "ninjaink.deviantart.com": {
      "out": {
        "other": 10
      },
      "score": 0.233
    },
    "www.nasa.gov": {
      "out": {
        "other": 9
      },
      "score": 0.224
    },
    "www.chicagotribune.com": {
      "out": {
        "other": 9
      },
      "score": 0.224
    },
    "www.kodi.tv": {
      "out": {
        "other": 9
      },
      "score": 0.224
    },
    "victor70.comicgenesis.com": {
      "out": {
        "other": 9
      },
      "score": 0.224
    },
    "www.ptesquad.com": {
      "out": {
        "other": 9
      },
      "score": 0.224
    },
    "mobile.nytimes.com": {
      "out": {
        "other": 9
      },
      "score": 0.224
    },
    "www.nationaljournal.com": {
      "out": {
        "other": 9
      },
      "score": 0.224
    },
    "bluepeterschnitzel.bandcamp.com": {
      "out": {
        "other": 9
      },
      "score": 0.224
    },
    "www.reverbnation.com": {
      "out": {
        "other": 9
      },
      "score": 0.224
    },
    "www.teamviewer.com": {
      "out": {
        "other": 9
      },
      "score": 0.224
    },
    "blog.longreads.com": {
      "out": {
        "other": 9
      },
      "score": 0.224
    },
    "chat.indieweb.org": {
      "in": {
        "other": 17
      },
      "score": 0.219
    },
    "www.teleread.com": {
      "out": {
        "other": 8
      },
      "score": 0.215
    },
    "www.pcworld.com": {
      "out": {
        "other": 8
      },
      "score": 0.215
    },
    "www.scmp.com": {
      "out": {
        "other": 8
      },
      "score": 0.215
    },
    "hackaday.com": {
      "out": {
        "other": 8
      },
      "score": 0.215
    },
    "www.washingtontimes.com": {
      "out": {
        "other": 8
      },
      "score": 0.215
    },
    "yatse.tv": {
      "out": {
        "other": 8
      },
      "score": 0.215
    },
    "espn.go.com": {
      "out": {
        "other": 8
      },
      "score": 0.215
    },
    "rsf.org": {
      "out": {
        "other": 8
      },
      "score": 0.215
    },
    "www.koingosw.com": {
      "out": {
        "other": 8
      },
      "score": 0.215
    },
    "www.blogthings.com": {
      "out": {
        "other": 8
      },
      "score": 0.215
    },
    "takeoffyourshoe.ytmnd.com": {
      "out": {
        "other": 8
      },
      "score": 0.215
    },
    "blackbag.gawker.com": {
      "out": {
        "other": 8
      },
      "score": 0.215
    },
    "www.360cities.net": {
      "out": {
        "other": 8
      },
      "score": 0.215
    },
    "www.smh.com.au": {
      "out": {
        "other": 8
      },
      "score": 0.215
    },
    "archive.wired.com": {
      "out": {
        "other": 8
      },
      "score": 0.215
    },
    "www.stripes.com": {
      "out": {
        "other": 8
      },
      "score": 0.215
    },
    "thelongandshort.org": {
      "out": {
        "other": 8
      },
      "score": 0.215
    },
    "explosm.net": {
      "out": {
        "other": 8
      },
      "score": 0.215
    },
    "advocacy.mozilla.org": {
      "out": {
        "other": 8
      },
      "score": 0.215
    },
    "svs.gsfc.nasa.gov": {
      "out": {
        "other": 8
      },
      "score": 0.215
    },
    "www.lirc.org": {
      "out": {
        "other": 8
      },
      "score": 0.215
    },
    "fortune.com": {
      "out": {
        "other": 8
      },
      "score": 0.215
    },
    "observer.com": {
      "out": {
        "other": 8
      },
      "score": 0.215
    },
    "www.thrillist.com": {
      "out": {
        "other": 8
      },
      "score": 0.215
    },
    "bigstory.ap.org": {
      "out": {
        "other": 8
      },
      "score": 0.215
    },
    "nukethefridge.com": {
      "out": {
        "other": 8
      },
      "score": 0.215
    },
    "www.dazeddigital.com": {
      "out": {
        "other": 8
      },
      "score": 0.215
    },
    "www.hq.nasa.gov": {
      "out": {
        "other": 8
      },
      "score": 0.215
    },
    "www.thefiscaltimes.com": {
      "out": {
        "other": 8
      },
      "score": 0.215
    },
    "hollyjordan.net": {
      "out": {
        "other": 8
      },
      "score": 0.215
    },
    "m.nautil.us": {
      "out": {
        "other": 8
      },
      "score": 0.215
    },
    "www.cntraveler.com": {
      "out": {
        "other": 8
      },
      "score": 0.215
    },
    "schuylertowne.com": {
      "out": {
        "other": 8
      },
      "score": 0.215
    },
    "www.artofthetitle.com": {
      "out": {
        "other": 8
      },
      "score": 0.215
    },
    "noisey.vice.com": {
      "out": {
        "other": 8
      },
      "score": 0.215
    },
    "www.shauninman.com": {
      "out": {
        "other": 8
      },
      "score": 0.215
    },
    "fsfe.org": {
      "out": {
        "other": 8
      },
      "score": 0.215
    },
    "www.tandfonline.com": {
      "out": {
        "other": 8
      },
      "score": 0.215
    },
    "www.time.com": {
      "out": {
        "other": 8
      },
      "score": 0.215
    },
    "mirrors.kodi.tv": {
      "out": {
        "other": 8
      },
      "score": 0.215
    },
    "r.duckduckgo.com": {
      "out": {
        "other": 8
      },
      "score": 0.215
    },
    "twitter.com/GeorgiaRetweet": {
      "out": {
        "other": 8
      },
      "score": 0.215
    },
    "theconcourse.deadspin.com": {
      "out": {
        "other": 8
      },
      "score": 0.215
    },
    "extensions.services.openoffice.org": {
      "out": {
        "other": 8
      },
      "score": 0.215
    },
    "www.eater.com": {
      "out": {
        "other": 8
      },
      "score": 0.215
    },
    "www.philosophersbeard.org": {
      "out": {
        "other": 8
      },
      "score": 0.215
    },
    "news.cnet.com": {
      "out": {
        "other": 8
      },
      "score": 0.215
    },
    "thecreatorsproject.vice.com": {
      "out": {
        "other": 8
      },
      "score": 0.215
    },
    "www.alternet.org": {
      "out": {
        "other": 8
      },
      "score": 0.215
    },
    "mic.com": {
      "out": {
        "other": 8
      },
      "score": 0.215
    },
    "play.google.com": {
      "out": {
        "other": 8
      },
      "score": 0.215
    },
    "www.damninteresting.com": {
      "out": {
        "other": 8
      },
      "score": 0.215
    },
    "www.newgrounds.com": {
      "out": {
        "other": 8
      },
      "score": 0.215
    },
    "www.itunes.com": {
      "out": {
        "other": 8
      },
      "score": 0.215
    },
    "manydullknives.smackjeeves.com": {
      "out": {
        "other": 8
      },
      "score": 0.215
    },
    "rebooters.us1.list-manage.com": {
      "out": {
        "other": 8
      },
      "score": 0.215
    },
    "bgr.com": {
      "out": {
        "other": 8
      },
      "score": 0.215
    },
    "www.huckmagazine.com": {
      "out": {
        "other": 8
      },
      "score": 0.215
    },
    "downloads.sourceforge.net": {
      "out": {
        "other": 7
      },
      "score": 0.205
    },
    "www.computerworld.com": {
      "out": {
        "other": 7
      },
      "score": 0.205
    },
    "cinemassacre.com": {
      "out": {
        "other": 7
      },
      "score": 0.205
    },
    "www.koenhendrix.com": {
      "out": {
        "other": 7
      },
      "score": 0.205
    },
    "buildbot.libretro.com": {
      "out": {
        "other": 7
      },
      "score": 0.205
    },
    "code.google.com": {
      "out": {
        "other": 7
      },
      "score": 0.205
    },
    "01.org": {
      "out": {
        "other": 7
      },
      "score": 0.205
    },
    "support.google.com": {
      "out": {
        "other": 7
      },
      "score": 0.205
    },
    "twitter.com/stevenb18": {
      "out": {
        "other": 7
      },
      "score": 0.205
    },
    "www.doubletwist.com": {
      "out": {
        "other": 7
      },
      "score": 0.205
    },
    "doc.owncloud.org": {
      "out": {
        "other": 7
      },
      "score": 0.205
    },
    "jalopnik.com": {
      "out": {
        "other": 7
      },
      "score": 0.205
    },
    "www.openssh.com": {
      "out": {
        "other": 7
      },
      "score": 0.205
    },
    "www.servicemerchandise.com": {
      "out": {
        "other": 7
      },
      "score": 0.205
    },
    "www.owncloud.org": {
      "out": {
        "other": 7
      },
      "score": 0.205
    },
    "security.appspot.com": {
      "out": {
        "other": 7
      },
      "score": 0.205
    },
    "servicemerchandise.com": {
      "out": {
        "other": 7
      },
      "score": 0.205
    },
    "www.nmediapc.com": {
      "out": {
        "other": 7
      },
      "score": 0.205
    },
    "arnoldkling.com": {
      "out": {
        "other": 7
      },
      "score": 0.205
    },
    "www.royalgazette.com": {
      "out": {
        "other": 7
      },
      "score": 0.205
    },
    "www.howtoforge.com": {
      "out": {
        "other": 7
      },
      "score": 0.205
    },
    "www.xbmc.org": {
      "out": {
        "other": 7
      },
      "score": 0.205
    },
    "www.929dave.fm": {
      "out": {
        "other": 7
      },
      "score": 0.205
    },
    "www.ubuntu.com": {
      "out": {
        "other": 7
      },
      "score": 0.205
    },
    "amarok.kde.org": {
      "out": {
        "other": 6
      },
      "score": 0.192
    },
    "twitter.com/3D_Genuity": {
      "out": {
        "other": 6
      },
      "score": 0.192
    },
    "wdwtravels-wdwtravels.blogspot.com": {
      "out": {
        "other": 6
      },
      "score": 0.192
    },
    "www.roadandtrack.com": {
      "out": {
        "other": 6
      },
      "score": 0.192
    },
    "www.omgubuntu.co.uk": {
      "out": {
        "other": 6
      },
      "score": 0.192
    },
    "www.sopastrike.com": {
      "out": {
        "other": 6
      },
      "score": 0.192
    },
    "www.utorrent.com": {
      "out": {
        "other": 6
      },
      "score": 0.192
    },
    "venturebeat.com": {
      "out": {
        "other": 6
      },
      "score": 0.192
    },
    "www.spin.com": {
      "out": {
        "other": 6
      },
      "score": 0.192
    },
    "www.ifttt.com": {
      "out": {
        "other": 6
      },
      "score": 0.192
    },
    "wiki.filezilla-project.org": {
      "out": {
        "other": 6
      },
      "score": 0.192
    },
    "www.businessinsider.com": {
      "out": {
        "other": 6
      },
      "score": 0.192
    },
    "www.clearchannelsucks.org": {
      "out": {
        "other": 6
      },
      "score": 0.192
    },
    "www.transmissionbt.com": {
      "out": {
        "other": 6
      },
      "score": 0.192
    },
    "lirc.sourceforge.net": {
      "out": {
        "other": 6
      },
      "score": 0.192
    },
    "projectsecretidentity.org": {
      "out": {
        "other": 6
      },
      "score": 0.192
    },
    "www.historytoday.com": {
      "out": {
        "other": 6
      },
      "score": 0.192
    },
    "www.amplifyingglass.com": {
      "out": {
        "other": 6
      },
      "score": 0.192
    },
    "www.diyphotography.net": {
      "out": {
        "other": 6
      },
      "score": 0.192
    },
    "laist.com": {
      "out": {
        "other": 6
      },
      "score": 0.192
    },
    "www.sacbee.com": {
      "out": {
        "other": 6
      },
      "score": 0.192
    },
    "deluge-torrent.org": {
      "out": {
        "other": 6
      },
      "score": 0.192
    },
    "www.11alive.com": {
      "out": {
        "other": 6
      },
      "score": 0.192
    },
    "www.i-mockery.com": {
      "out": {
        "other": 6
      },
      "score": 0.192
    },
    "www.theinertia.com": {
      "out": {
        "other": 6
      },
      "score": 0.192
    },
    "projects.gnome.org": {
      "out": {
        "other": 6
      },
      "score": 0.192
    },
    "twitter.com/Brava10": {
      "out": {
        "other": 6
      },
      "score": 0.192
    },
    "www.collegehumor.com": {
      "out": {
        "other": 6
      },
      "score": 0.192
    },
    "ascii.textfiles.com": {
      "out": {
        "other": 6
      },
      "score": 0.192
    },
    "www.clearchannel.com": {
      "out": {
        "other": 6
      },
      "score": 0.192
    },
    "www.rollingstone.com": {
      "out": {
        "other": 6
      },
      "score": 0.192
    },
    "launchpad.net": {
      "out": {
        "other": 6
      },
      "score": 0.192
    },
    "support.lenovo.com": {
      "out": {
        "other": 6
      },
      "score": 0.192
    },
    "www.last.fm": {
      "out": {
        "other": 6
      },
      "score": 0.192
    },
    "aht.seriouseats.com": {
      "out": {
        "other": 6
      },
      "score": 0.192
    },
    "asaingram.blogspot.com": {
      "out": {
        "other": 6
      },
      "score": 0.192
    },
    "blogs.myspace.com": {
      "out": {
        "other": 6
      },
      "score": 0.192
    },
    "www.odditycentral.com": {
      "out": {
        "other": 6
      },
      "score": 0.192
    },
    "www.videolan.org": {
      "out": {
        "other": 6
      },
      "score": 0.192
    },
    "filezilla-project.org": {
      "out": {
        "other": 6
      },
      "score": 0.192
    },
    "www.ocregister.com": {
      "out": {
        "other": 6
      },
      "score": 0.192
    },
    "arcadeblogger.com": {
      "out": {
        "other": 6
      },
      "score": 0.192
    },
    "www.exaile.org": {
      "out": {
        "other": 6
      },
      "score": 0.192
    },
    "www.people.com": {
      "out": {
        "other": 6
      },
      "score": 0.192
    },
    "www.publicintegrity.org": {
      "out": {
        "other": 6
      },
      "score": 0.192
    },
    "reallifemag.com": {
      "out": {
        "other": 6
      },
      "score": 0.192
    },
    "www.atr.org": {
      "out": {
        "other": 6
      },
      "score": 0.192
    },
    "www.alphr.com": {
      "out": {
        "other": 6
      },
      "score": 0.192
    },
    "timharford.com": {
      "out": {
        "other": 6
      },
      "score": 0.192
    },
    "www.symmetrymagazine.org": {
      "out": {
        "other": 6
      },
      "score": 0.192
    },
    "www.listen-project.org": {
      "out": {
        "other": 6
      },
      "score": 0.192
    },
    "www.fairtax.org": {
      "out": {
        "other": 6
      },
      "score": 0.192
    },
    "www.fastcodesign.com": {
      "out": {
        "other": 6
      },
      "score": 0.192
    },
    "twitter.com/AlisonDisney1": {
      "out": {
        "other": 6
      },
      "score": 0.192
    },
    "twitter.com/ryanruppe": {
      "out": {
        "other": 6
      },
      "score": 0.192
    },
    "www.popsci.com": {
      "out": {
        "other": 6
      },
      "score": 0.192
    },
    "www.wearethemighty.com": {
      "out": {
        "other": 6
      },
      "score": 0.192
    },
    "popeyemalta.com": {
      "out": {
        "other": 6
      },
      "score": 0.192
    },
    "ubuntuone.com": {
      "out": {
        "other": 6
      },
      "score": 0.192
    },
    "www.ew.com": {
      "out": {
        "other": 6
      },
      "score": 0.192
    },
    "www.smbc-comics.com": {
      "out": {
        "other": 6
      },
      "score": 0.192
    },
    "www.theawl.com": {
      "out": {
        "other": 6
      },
      "score": 0.192
    },
    "indefinitelywild.gizmodo.com": {
      "out": {
        "other": 6
      },
      "score": 0.192
    },
    "socks-studio.com": {
      "out": {
        "other": 6
      },
      "score": 0.192
    },
    "www.dorkly.com": {
      "out": {
        "other": 6
      },
      "score": 0.192
    },
    "www.nakedcapitalism.com": {
      "out": {
        "other": 6
      },
      "score": 0.192
    },
    "www.redreporter.com": {
      "out": {
        "other": 6
      },
      "score": 0.192
    },
    "www.thebestofecuador.com": {
      "out": {
        "other": 6
      },
      "score": 0.192
    },
    "www.fightforthefuture.org": {
      "out": {
        "other": 6
      },
      "score": 0.192
    },
    "www.heritage.org": {
      "out": {
        "other": 6
      },
      "score": 0.192
    },
    "sports.vice.com": {
      "out": {
        "other": 6
      },
      "score": 0.192
    },
    "twitter.com/AlteredKarma": {
      "out": {
        "other": 6
      },
      "score": 0.192
    },
    "abc11.com": {
      "out": {
        "other": 6
      },
      "score": 0.192
    },
    "www.rockpapershotgun.com": {
      "out": {
        "other": 6
      },
      "score": 0.192
    },
    "ammori.org": {
      "out": {
        "other": 6
      },
      "score": 0.192
    },
    "twitter.com/KestrelMeters": {
      "out": {
        "other": 6
      },
      "score": 0.192
    },
    "zenpencils.com": {
      "out": {
        "other": 6
      },
      "score": 0.192
    },
    "blog.hubspot.com": {
      "out": {
        "other": 6
      },
      "score": 0.192
    },
    "gothamist.com": {
      "out": {
        "other": 6
      },
      "score": 0.192
    },
    "pigeonsandplanes.com": {
      "out": {
        "other": 6
      },
      "score": 0.192
    },
    "www.bostonmagazine.com": {
      "out": {
        "other": 6
      },
      "score": 0.192
    },
    "www.capitalgazette.com": {
      "out": {
        "other": 6
      },
      "score": 0.192
    },
    "en.rocketnews24.com": {
      "out": {
        "other": 6
      },
      "score": 0.192
    },
    "support.apple.com": {
      "out": {
        "other": 6
      },
      "score": 0.192
    },
    "www.paragon-software.com": {
      "out": {
        "other": 6
      },
      "score": 0.192
    },
    "www.pcpro.co.uk": {
      "out": {
        "other": 5
      },
      "score": 0.178
    },
    "twitter.com/brainwise": {
      "out": {
        "other": 5
      },
      "score": 0.178
    },
    "funnybin.tumblr.com": {
      "out": {
        "other": 5
      },
      "score": 0.178
    },
    "www.atlantamagazine.com": {
      "out": {
        "other": 5
      },
      "score": 0.178
    },
    "www.angelfire.com": {
      "out": {
        "other": 5
      },
      "score": 0.178
    },
    "www.kansascity.com": {
      "out": {
        "other": 5
      },
      "score": 0.178
    },
    "sportsworld.nbcsports.com": {
      "out": {
        "other": 5
      },
      "score": 0.178
    },
    "www.indiegogo.com": {
      "out": {
        "other": 5
      },
      "score": 0.178
    },
    "www.jwz.org": {
      "out": {
        "other": 5
      },
      "score": 0.178
    },
    "superuser.com": {
      "out": {
        "other": 5
      },
      "score": 0.178
    },
    "hbr.org": {
      "out": {
        "other": 5
      },
      "score": 0.178
    },
    "www.urbian.biz": {
      "out": {
        "other": 5
      },
      "score": 0.178
    },
    "myapokalips.com": {
      "out": {
        "other": 5
      },
      "score": 0.178
    },
    "www.createspace.com": {
      "out": {
        "other": 5
      },
      "score": 0.178
    },
    "app.box.com": {
      "out": {
        "other": 5
      },
      "score": 0.178
    },
    "m.fastcompany.com": {
      "out": {
        "other": 5
      },
      "score": 0.178
    },
    "roadlesstravelled.me": {
      "out": {
        "other": 5
      },
      "score": 0.178
    },
    "esquire_kazakhstan.yvision.kz": {
      "out": {
        "other": 5
      },
      "score": 0.178
    },
    "www.allbutforgottenoldies.net": {
      "out": {
        "other": 5
      },
      "score": 0.178
    },
    "twitter.com/r2d2dukfan": {
      "out": {
        "other": 5
      },
      "score": 0.178
    },
    "tsaoutofourpants.wordpress.com": {
      "out": {
        "other": 5
      },
      "score": 0.178
    },
    "www.thinkatheist.com": {
      "out": {
        "other": 5
      },
      "score": 0.178
    },
    "blog.wikimedia.org": {
      "out": {
        "other": 5
      },
      "score": 0.178
    },
    "www.anaheimcalling.com": {
      "out": {
        "other": 5
      },
      "score": 0.178
    },
    "bleacherreport.com": {
      "out": {
        "other": 5
      },
      "score": 0.178
    },
    "theconversation.com": {
      "out": {
        "other": 5
      },
      "score": 0.178
    },
    "www.avg.com": {
      "out": {
        "other": 5
      },
      "score": 0.178
    },
    "www.irdial.com": {
      "out": {
        "other": 5
      },
      "score": 0.178
    },
    "loudwire.com": {
      "out": {
        "other": 5
      },
      "score": 0.178
    },
    "www.quora.com": {
      "out": {
        "other": 5
      },
      "score": 0.178
    },
    "imgs.xkcd.com": {
      "out": {
        "other": 5
      },
      "score": 0.178
    },
    "lubuntu.net": {
      "out": {
        "other": 5
      },
      "score": 0.178
    },
    "www.bhinsights.com": {
      "out": {
        "other": 5
      },
      "score": 0.178
    },
    "www.mcsweeneys.net": {
      "out": {
        "other": 5
      },
      "score": 0.178
    },
    "lxde.org": {
      "out": {
        "other": 5
      },
      "score": 0.178
    },
    "totallylookslike.icanhascheezburger.com": {
      "out": {
        "other": 5
      },
      "score": 0.178
    },
    "www.raspberrypi.org": {
      "out": {
        "other": 5
      },
      "score": 0.178
    },
    "www.instagram.com": {
      "out": {
        "other": 5
      },
      "score": 0.178
    },
    "www.wunderlist.com": {
      "out": {
        "other": 5
      },
      "score": 0.178
    },
    "www.doctoroctoroc.com": {
      "out": {
        "other": 5
      },
      "score": 0.178
    },
    "oldspicevoicemail.com": {
      "out": {
        "other": 5
      },
      "score": 0.178
    },
    "www.sdcard.org": {
      "out": {
        "other": 5
      },
      "score": 0.178
    },
    "enable-javascript.com": {
      "out": {
        "other": 5
      },
      "score": 0.178
    },
    "www.realtek.com.tw": {
      "out": {
        "other": 5
      },
      "score": 0.178
    },
    "ptesquad.blogspot.com": {
      "out": {
        "other": 5
      },
      "score": 0.178
    },
    "narrative.ly": {
      "out": {
        "other": 5
      },
      "score": 0.178
    },
    "owncloud.org": {
      "out": {
        "other": 5
      },
      "score": 0.178
    },
    "www.craigslist.org": {
      "out": {
        "other": 4
      },
      "score": 0.161
    },
    "www.anorak.co.uk": {
      "out": {
        "other": 4
      },
      "score": 0.161
    },
    "www.cbs46.com": {
      "out": {
        "other": 4
      },
      "score": 0.161
    },
    "astronomynow.com": {
      "out": {
        "other": 4
      },
      "score": 0.161
    },
    "blog.wfmu.org": {
      "out": {
        "other": 4
      },
      "score": 0.161
    },
    "www.eaa.org": {
      "out": {
        "other": 4
      },
      "score": 0.161
    },
    "www.newscientist.com": {
      "out": {
        "other": 4
      },
      "score": 0.161
    },
    "tacticalshit.com": {
      "out": {
        "other": 4
      },
      "score": 0.161
    },
    "tvtropes.org": {
      "out": {
        "other": 4
      },
      "score": 0.161
    },
    "twitter.com/BiggBbrandon": {
      "out": {
        "other": 4
      },
      "score": 0.161
    },
    "extension765.com": {
      "out": {
        "other": 4
      },
      "score": 0.161
    },
    "linux.die.net": {
      "out": {
        "other": 4
      },
      "score": 0.161
    },
    "twitter.com/jandita_prciosa": {
      "out": {
        "other": 4
      },
      "score": 0.161
    },
    "www.consumerfinance.gov": {
      "out": {
        "other": 4
      },
      "score": 0.161
    },
    "betanews.com": {
      "out": {
        "other": 4
      },
      "score": 0.161
    },
    "wabe.org": {
      "out": {
        "other": 4
      },
      "score": 0.161
    },
    "www.redmondpie.com": {
      "out": {
        "other": 4
      },
      "score": 0.161
    },
    "militaryarms.blogspot.com": {
      "out": {
        "other": 4
      },
      "score": 0.161
    },
    "sfglobe.com": {
      "out": {
        "other": 4
      },
      "score": 0.161
    },
    "www.ajc.com": {
      "out": {
        "other": 4
      },
      "score": 0.161
    },
    "www.topgear.com": {
      "out": {
        "other": 4
      },
      "score": 0.161
    },
    "phys.org": {
      "out": {
        "other": 4
      },
      "score": 0.161
    },
    "twitter.com/TheRealNimoy": {
      "out": {
        "other": 4
      },
      "score": 0.161
    },
    "www.bloombergview.com": {
      "out": {
        "other": 4
      },
      "score": 0.161
    },
    "www.rantsports.com": {
      "out": {
        "other": 4
      },
      "score": 0.161
    },
    "www.sonypictures.com": {
      "out": {
        "other": 4
      },
      "score": 0.161
    },
    "www.cnclabs.com": {
      "out": {
        "other": 4
      },
      "score": 0.161
    },
    "www.drivethrurpg.com": {
      "out": {
        "other": 4
      },
      "score": 0.161
    },
    "www.topgunday.com": {
      "out": {
        "other": 4
      },
      "score": 0.161
    },
    "www.deathandtaxesmag.com": {
      "out": {
        "other": 4
      },
      "score": 0.161
    },
    "miehana.blogspot.com": {
      "out": {
        "other": 4
      },
      "score": 0.161
    },
    "twitter.com/exmobabybychkov": {
      "out": {
        "other": 4
      },
      "score": 0.161
    },
    "twitter.com/infosecretwit": {
      "out": {
        "other": 4
      },
      "score": 0.161
    },
    "mimesislaw.com": {
      "out": {
        "other": 4
      },
      "score": 0.161
    },
    "publicdomainreview.org": {
      "out": {
        "other": 4
      },
      "score": 0.161
    },
    "waldenlabs.com": {
      "out": {
        "other": 4
      },
      "score": 0.161
    },
    "abc7news.com": {
      "out": {
        "other": 4
      },
      "score": 0.161
    },
    "myaccount.google.com": {
      "out": {
        "other": 4
      },
      "score": 0.161
    },
    "thevane.gawker.com": {
      "out": {
        "other": 4
      },
      "score": 0.161
    },
    "twitter.com/Anime_RTs": {
      "out": {
        "other": 4
      },
      "score": 0.161
    },
    "twitter.com/BeingExample": {
      "out": {
        "other": 4
      },
      "score": 0.161
    },
    "www.laobserved.com": {
      "out": {
        "other": 4
      },
      "score": 0.161
    },
    "www.themoscowtimes.com": {
      "out": {
        "other": 4
      },
      "score": 0.161
    },
    "twitter.com/3DPrintMonkey": {
      "out": {
        "other": 4
      },
      "score": 0.161
    },
    "instance.objectorientedfaith.com": {
      "out": {
        "other": 4
      },
      "score": 0.161
    },
    "twitter.com/T_utis": {
      "out": {
        "other": 4
      },
      "score": 0.161
    },
    "www.aopa.org": {
      "out": {
        "other": 4
      },
      "score": 0.161
    },
    "twitter.com/ferris_bueller_": {
      "out": {
        "other": 4
      },
      "score": 0.161
    },
    "twitter.com/sectest9": {
      "out": {
        "other": 4
      },
      "score": 0.161
    },
    "www.angelfire.lycos.com": {
      "out": {
        "other": 4
      },
      "score": 0.161
    },
    "www.archaeology.org": {
      "out": {
        "other": 4
      },
      "score": 0.161
    },
    "www.dankitchen.com": {
      "out": {
        "other": 4
      },
      "score": 0.161
    },
    "www.isidewith.com": {
      "out": {
        "other": 4
      },
      "score": 0.161
    },
    "www.multivax.com": {
      "out": {
        "other": 4
      },
      "score": 0.161
    },
    "feedproxy.google.com": {
      "out": {
        "other": 4
      },
      "score": 0.161
    },
    "web.law.duke.edu": {
      "out": {
        "other": 4
      },
      "score": 0.161
    },
    "buzz.blog.ajc.com": {
      "out": {
        "other": 4
      },
      "score": 0.161
    },
    "edition.cnn.com": {
      "out": {
        "other": 4
      },
      "score": 0.161
    },
    "roadsandkingdoms.com": {
      "out": {
        "other": 4
      },
      "score": 0.161
    },
    "www.hockeyfights.com": {
      "out": {
        "other": 4
      },
      "score": 0.161
    },
    "adblockplus.org": {
      "out": {
        "other": 4
      },
      "score": 0.161
    },
    "www.tuneupmedia.com": {
      "out": {
        "other": 4
      },
      "score": 0.161
    },
    "media.boingboing.net": {
      "out": {
        "other": 4
      },
      "score": 0.161
    },
    "timeline.com": {
      "out": {
        "other": 4
      },
      "score": 0.161
    },
    "wherethegodslive.com": {
      "out": {
        "other": 4
      },
      "score": 0.161
    },
    "www.usatoday.com": {
      "out": {
        "other": 4
      },
      "score": 0.161
    },
    "bookitprogram.com": {
      "out": {
        "other": 4
      },
      "score": 0.161
    },
    "laphamsquarterly.org": {
      "out": {
        "other": 4
      },
      "score": 0.161
    },
    "miehana.blogspot.in": {
      "out": {
        "other": 4
      },
      "score": 0.161
    },
    "openmedia.org": {
      "out": {
        "other": 4
      },
      "score": 0.161
    },
    "stories.weather.com": {
      "out": {
        "other": 4
      },
      "score": 0.161
    },
    "twitter.com/WhatsNewYork": {
      "out": {
        "other": 4
      },
      "score": 0.161
    },
    "coolmaterial.com": {
      "out": {
        "other": 4
      },
      "score": 0.161
    },
    "www.clickhole.com": {
      "out": {
        "other": 4
      },
      "score": 0.161
    },
    "www.independent.co.uk": {
      "out": {
        "other": 4
      },
      "score": 0.161
    },
    "news.nationalgeographic.com": {
      "out": {
        "other": 4
      },
      "score": 0.161
    },
    "www.hendohover.com": {
      "out": {
        "other": 4
      },
      "score": 0.161
    },
    "www.livescience.com": {
      "out": {
        "other": 4
      },
      "score": 0.161
    },
    "www.nola.com": {
      "out": {
        "other": 4
      },
      "score": 0.161
    },
    "www.thehighdefinite.com": {
      "out": {
        "other": 4
      },
      "score": 0.161
    },
    "airportcod.es": {
      "out": {
        "other": 4
      },
      "score": 0.161
    },
    "thewalrus.ca": {
      "out": {
        "other": 4
      },
      "score": 0.161
    },
    "www.dontevenreply.com": {
      "out": {
        "other": 4
      },
      "score": 0.161
    },
    "twitter.com/R2D2DUKFAN": {
      "out": {
        "other": 4
      },
      "score": 0.161
    },
    "www.breitbart.com": {
      "out": {
        "other": 4
      },
      "score": 0.161
    },
    "america.aljazeera.com": {
      "out": {
        "other": 4
      },
      "score": 0.161
    },
    "www.sbnation.com": {
      "out": {
        "other": 4
      },
      "score": 0.161
    },
    "twitter.com/bkgblogerxv": {
      "out": {
        "other": 4
      },
      "score": 0.161
    },
    "twitter.com/shutup_andrew": {
      "out": {
        "other": 4
      },
      "score": 0.161
    },
    "www.cnet.com": {
      "out": {
        "other": 4
      },
      "score": 0.161
    },
    "www.ftdichip.com": {
      "out": {
        "other": 4
      },
      "score": 0.161
    },
    "www.winehq.org": {
      "out": {
        "other": 4
      },
      "score": 0.161
    },
    "movieweb.com": {
      "out": {
        "other": 4
      },
      "score": 0.161
    },
    "upvoted.com": {
      "out": {
        "other": 4
      },
      "score": 0.161
    },
    "atomic-overlook.com": {
      "out": {
        "other": 4
      },
      "score": 0.161
    },
    "jsmess.textfiles.com": {
      "out": {
        "other": 4
      },
      "score": 0.161
    },
    "www.codeweavers.com": {
      "out": {
        "other": 4
      },
      "score": 0.161
    },
    "www.dogzillahotdogs.com": {
      "out": {
        "other": 4
      },
      "score": 0.161
    },
    "facebook.com/thedailyshow": {
      "out": {
        "other": 4
      },
      "score": 0.161
    },
    "niemanreports.org": {
      "out": {
        "other": 4
      },
      "score": 0.161
    },
    "twitter.com/CoffeeCrewUk": {
      "out": {
        "other": 4
      },
      "score": 0.161
    },
    "www.billboard.com": {
      "out": {
        "other": 4
      },
      "score": 0.161
    },
    "www.cjr.org": {
      "out": {
        "other": 4
      },
      "score": 0.161
    },
    "phasezero.gawker.com": {
      "out": {
        "other": 4
      },
      "score": 0.161
    },
    "www.saveyourprivacypolicy.org": {
      "out": {
        "other": 4
      },
      "score": 0.161
    },
    "nplusonemag.com": {
      "out": {
        "other": 4
      },
      "score": 0.161
    },
    "4.bp.blogspot.com": {
      "out": {
        "other": 3
      },
      "score": 0.139
    },
    "www.museumofplay.org": {
      "out": {
        "other": 3
      },
      "score": 0.139
    },
    "www.pri.org": {
      "out": {
        "other": 3
      },
      "score": 0.139
    },
    "psx-scene.com": {
      "out": {
        "other": 3
      },
      "score": 0.139
    },
    "sanfrancisco.cbslocal.com": {
      "out": {
        "other": 3
      },
      "score": 0.139
    },
    "backchannel.com": {
      "out": {
        "other": 3
      },
      "score": 0.139
    },
    "arxiv.org": {
      "out": {
        "other": 3
      },
      "score": 0.139
    },
    "socialmediaweek.org": {
      "out": {
        "other": 3
      },
      "score": 0.139
    },
    "broadly.vice.com": {
      "out": {
        "other": 3
      },
      "score": 0.139
    },
    "www.nextgov.com": {
      "out": {
        "other": 3
      },
      "score": 0.139
    },
    "twitter.com/ErlTyriss": {
      "out": {
        "other": 3
      },
      "score": 0.139
    },
    "www.twxxd.com": {
      "out": {
        "other": 3
      },
      "score": 0.139
    },
    "thinkprogress.org": {
      "out": {
        "other": 3
      },
      "score": 0.139
    },
    "www.nerdist.com": {
      "out": {
        "other": 3
      },
      "score": 0.139
    },
    "tantek.com": {
      "in": {
        "like-of": 1
      },
      "out": {
        "other": 2
      },
      "score": 0.139
    },
    "dissenter.firedoglake.com": {
      "out": {
        "other": 3
      },
      "score": 0.139
    },
    "gigaom.com": {
      "out": {
        "other": 3
      },
      "score": 0.139
    },
    "www.ibtimes.com": {
      "out": {
        "other": 3
      },
      "score": 0.139
    },
    "www.sunnyskyz.com": {
      "out": {
        "other": 3
      },
      "score": 0.139
    },
    "fair.org": {
      "out": {
        "other": 3
      },
      "score": 0.139
    },
    "heavensgate.com": {
      "out": {
        "other": 3
      },
      "score": 0.139
    },
    "www.mariopiano.com": {
      "out": {
        "other": 3
      },
      "score": 0.139
    },
    "www.tickld.com": {
      "out": {
        "other": 3
      },
      "score": 0.139
    },
    "viewaskew.com": {
      "out": {
        "other": 3
      },
      "score": 0.139
    },
    "www.xojane.com": {
      "out": {
        "other": 3
      },
      "score": 0.139
    },
    "youtu.be": {
      "out": {
        "other": 3
      },
      "score": 0.139
    },
    "i.imgur.com": {
      "out": {
        "other": 3
      },
      "score": 0.139
    },
    "www.boeing.com": {
      "out": {
        "other": 3
      },
      "score": 0.139
    },
    "twitter.com/diodenschein": {
      "out": {
        "other": 3
      },
      "score": 0.139
    },
    "twitter.com/jordanhollya": {
      "out": {
        "other": 3
      },
      "score": 0.139
    },
    "twitter.com/search": {
      "out": {
        "other": 3
      },
      "score": 0.139
    },
    "www.dailymail.co.uk": {
      "out": {
        "other": 3
      },
      "score": 0.139
    },
    "www.airliners.net": {
      "out": {
        "other": 3
      },
      "score": 0.139
    },
    "brucesterling.tumblr.com": {
      "out": {
        "other": 3
      },
      "score": 0.139
    },
    "twitter.com/callmemochelle": {
      "out": {
        "other": 3
      },
      "score": 0.139
    },
    "latimesblogs.latimes.com": {
      "out": {
        "other": 3
      },
      "score": 0.139
    },
    "thehairpin.com": {
      "out": {
        "other": 3
      },
      "score": 0.139
    },
    "www.jsonline.com": {
      "out": {
        "other": 3
      },
      "score": 0.139
    },
    "www.wingsofrescue.org": {
      "out": {
        "other": 3
      },
      "score": 0.139
    },
    "m.nextgov.com": {
      "out": {
        "other": 3
      },
      "score": 0.139
    },
    "samkaat.deviantart.com": {
      "out": {
        "other": 3
      },
      "score": 0.139
    },
    "twitter.com/vincedorse": {
      "out": {
        "other": 3
      },
      "score": 0.139
    },
    "www.steveirwinday.org": {
      "out": {
        "other": 3
      },
      "score": 0.139
    },
    "apps.tempel.org": {
      "out": {
        "other": 3
      },
      "score": 0.139
    },
    "un-gif-dans-ta-gueule.tumblr.com": {
      "out": {
        "other": 3
      },
      "score": 0.139
    },
    "www.metrowestdailynews.com": {
      "out": {
        "other": 3
      },
      "score": 0.139
    },
    "www.starwarsuncut.com": {
      "out": {
        "other": 3
      },
      "score": 0.139
    },
    "magazine.good.is": {
      "out": {
        "other": 3
      },
      "score": 0.139
    },
    "vt.tumblr.com": {
      "out": {
        "other": 3
      },
      "score": 0.139
    },
    "www.dnainfo.com": {
      "out": {
        "other": 3
      },
      "score": 0.139
    },
    "www.muckrock.com": {
      "out": {
        "other": 3
      },
      "score": 0.139
    },
    "tenonedesign.com": {
      "out": {
        "other": 3
      },
      "score": 0.139
    },
    "bitbucket.org": {
      "out": {
        "other": 3
      },
      "score": 0.139
    },
    "insidescoopsf.sfgate.com": {
      "out": {
        "other": 3
      },
      "score": 0.139
    },
    "www.ted.com": {
      "out": {
        "other": 3
      },
      "score": 0.139
    },
    "news.discovery.com": {
      "out": {
        "other": 3
      },
      "score": 0.139
    },
    "slipperyskip.com": {
      "out": {
        "other": 3
      },
      "score": 0.139
    },
    "vanwinkles.com": {
      "out": {
        "other": 3
      },
      "score": 0.139
    },
    "www.FCC.gov": {
      "out": {
        "other": 3
      },
      "score": 0.139
    },
    "www.cyoa.com": {
      "out": {
        "other": 3
      },
      "score": 0.139
    },
    "www.pewinternet.org": {
      "out": {
        "other": 3
      },
      "score": 0.139
    },
    "news.stanford.edu": {
      "out": {
        "other": 3
      },
      "score": 0.139
    },
    "www.pleated-jeans.com": {
      "out": {
        "other": 3
      },
      "score": 0.139
    },
    "www.sfchronicle.com": {
      "out": {
        "other": 3
      },
      "score": 0.139
    },
    "www.homestarrunner.com": {
      "out": {
        "other": 3
      },
      "score": 0.139
    },
    "lifecs.likai.org": {
      "out": {
        "other": 3
      },
      "score": 0.139
    },
    "samuel-warde.com": {
      "out": {
        "other": 3
      },
      "score": 0.139
    },
    "ktla.com": {
      "out": {
        "other": 3
      },
      "score": 0.139
    },
    "www.sciencedaily.com": {
      "out": {
        "other": 3
      },
      "score": 0.139
    },
    "gregorlove.com": {
      "out": {
        "other": 2
      },
      "in": {
        "other": 1
      },
      "score": 0.125
    },
    "aersia.net": {
      "out": {
        "other": 2
      },
      "score": 0.108
    },
    "twitter.com/kizzyfdi35": {
      "out": {
        "other": 2
      },
      "score": 0.108
    },
    "www.animenewsnetwork.com": {
      "out": {
        "other": 2
      },
      "score": 0.108
    },
    "twitter.com/Alterniverse": {
      "out": {
        "other": 2
      },
      "score": 0.108
    },
    "www.sneakycards.net": {
      "out": {
        "other": 2
      },
      "score": 0.108
    },
    "twitter.com/TechnoFails": {
      "out": {
        "other": 2
      },
      "score": 0.108
    },
    "twitter.com/pet1713": {
      "out": {
        "other": 2
      },
      "score": 0.108
    },
    "7online.com": {
      "out": {
        "other": 2
      },
      "score": 0.108
    },
    "munchies.vice.com": {
      "out": {
        "other": 2
      },
      "score": 0.108
    },
    "twitter.com/ArizonaRetweet": {
      "out": {
        "other": 2
      },
      "score": 0.108
    },
    "twitter.com/LyleMcDouchebag": {
      "out": {
        "other": 2
      },
      "score": 0.108
    },
    "twitter.com/hal2814": {
      "out": {
        "other": 2
      },
      "score": 0.108
    },
    "twitter.com/mekki": {
      "out": {
        "other": 2
      },
      "score": 0.108
    },
    "www.ijreview.com": {
      "out": {
        "other": 2
      },
      "score": 0.108
    },
    "twitter.com/Arturo_JOK3R_": {
      "out": {
        "other": 2
      },
      "score": 0.108
    },
    "twitter.com/MovieSharer": {
      "out": {
        "other": 2
      },
      "score": 0.108
    },
    "twitter.com/RikMende": {
      "out": {
        "other": 2
      },
      "score": 0.108
    },
    "twitter.com/YannPugi": {
      "out": {
        "other": 2
      },
      "score": 0.108
    },
    "twitter.com/jackmcd": {
      "out": {
        "other": 2
      },
      "score": 0.108
    },
    "twitter.com/mebeanbag": {
      "out": {
        "other": 2
      },
      "score": 0.108
    },
    "twitter.com/JoshCrewsReally": {
      "out": {
        "other": 2
      },
      "score": 0.108
    },
    "twitter.com/brettj5": {
      "out": {
        "other": 2
      },
      "score": 0.108
    },
    "twitter.com/dr_hofsteder": {
      "out": {
        "other": 2
      },
      "score": 0.108
    },
    "twitter.com/the_arcade_bot": {
      "out": {
        "other": 2
      },
      "score": 0.108
    },
    "www.mirror.co.uk": {
      "out": {
        "other": 2
      },
      "score": 0.108
    },
    "twitter.com/BoringBurton": {
      "out": {
        "other": 2
      },
      "score": 0.108
    },
    "twitter.com/cakikeith": {
      "out": {
        "other": 2
      },
      "score": 0.108
    },
    "www.doyou10q.com": {
      "out": {
        "other": 2
      },
      "score": 0.108
    },
    "twitter.com/greco_james": {
      "out": {
        "other": 2
      },
      "score": 0.108
    },
    "www.publicpolicypolling.com": {
      "out": {
        "other": 2
      },
      "score": 0.108
    },
    "www.slashgear.com": {
      "out": {
        "other": 2
      },
      "score": 0.108
    },
    "dangerousminds.net": {
      "out": {
        "other": 2
      },
      "score": 0.108
    },
    "news.yahoo.com": {
      "out": {
        "other": 2
      },
      "score": 0.108
    },
    "twitter.com/AshBATGIRLBiebs": {
      "out": {
        "other": 2
      },
      "score": 0.108
    },
    "twitter.com/pidayrt": {
      "out": {
        "other": 2
      },
      "score": 0.108
    },
    "www.seriouseats.com": {
      "out": {
        "other": 2
      },
      "score": 0.108
    },
    "m.mentalfloss.com": {
      "out": {
        "other": 2
      },
      "score": 0.108
    },
    "twitter.com/AircraftBooks": {
      "out": {
        "other": 2
      },
      "score": 0.108
    },
    "www.journals.uchicago.edu": {
      "out": {
        "other": 2
      },
      "score": 0.108
    },
    "entire.spacebar.org": {
      "out": {
        "other": 2
      },
      "score": 0.108
    },
    "twitter.com/BhamNetwork": {
      "out": {
        "other": 2
      },
      "score": 0.108
    },
    "twitter.com/DumpSandwich": {
      "out": {
        "other": 2
      },
      "score": 0.108
    },
    "twitter.com/Karly32aep": {
      "out": {
        "other": 2
      },
      "score": 0.108
    },
    "twitter.com/UnwetterBot": {
      "out": {
        "other": 2
      },
      "score": 0.108
    },
    "twitter.com/alcan7": {
      "out": {
        "other": 2
      },
      "score": 0.108
    },
    "www.seattletimes.com": {
      "out": {
        "other": 2
      },
      "score": 0.108
    },
    "gmail.com": {
      "out": {
        "other": 2
      },
      "score": 0.108
    },
    "twitter.com/AdamDechanel": {
      "out": {
        "other": 2
      },
      "score": 0.108
    },
    "twitter.com/RosalitaMoog": {
      "out": {
        "other": 2
      },
      "score": 0.108
    },
    "us.beamly.com": {
      "out": {
        "other": 2
      },
      "score": 0.108
    },
    "twitter.com/Quaylbama": {
      "out": {
        "other": 2
      },
      "score": 0.108
    },
    "twitter.com/ZacharieWinston": {
      "out": {
        "other": 2
      },
      "score": 0.108
    },
    "www.addictinginfo.org": {
      "out": {
        "other": 2
      },
      "score": 0.108
    },
    "twitter.com/CrossStitchClub": {
      "out": {
        "other": 2
      },
      "score": 0.108
    },
    "twitter.com/RePao": {
      "out": {
        "other": 2
      },
      "score": 0.108
    },
    "twitter.com/oceans45": {
      "out": {
        "other": 2
      },
      "score": 0.108
    },
    "twitter.com/sam1969white": {
      "out": {
        "other": 2
      },
      "score": 0.108
    },
    "twitter.com/speterbuilt": {
      "out": {
        "other": 2
      },
      "score": 0.108
    },
    "www.news-journalonline.com": {
      "out": {
        "other": 2
      },
      "score": 0.108
    },
    "abc7.com": {
      "out": {
        "other": 2
      },
      "score": 0.108
    },
    "twitter.com/DawnCullo": {
      "out": {
        "other": 2
      },
      "score": 0.108
    },
    "twitter.com/USEmbassySuva": {
      "out": {
        "other": 2
      },
      "score": 0.108
    },
    "bb9.berlinbiennale.de": {
      "out": {
        "other": 2
      },
      "score": 0.108
    },
    "krebsonsecurity.com": {
      "out": {
        "other": 2
      },
      "score": 0.108
    },
    "thebulletin.org": {
      "out": {
        "other": 2
      },
      "score": 0.108
    },
    "twitter.com/Cyber_Dystopia": {
      "out": {
        "other": 2
      },
      "score": 0.108
    },
    "www.newsnet5.com": {
      "out": {
        "other": 2
      },
      "score": 0.108
    },
    "www.unitconversion.org": {
      "out": {
        "other": 2
      },
      "score": 0.108
    },
    "jezebel.com": {
      "out": {
        "other": 2
      },
      "score": 0.108
    },
    "twitter.com/Car__Dude": {
      "out": {
        "other": 2
      },
      "score": 0.108
    },
    "twitter.com/InfographicsIts": {
      "out": {
        "other": 2
      },
      "score": 0.108
    },
    "twitter.com/RobinofLeyLines": {
      "out": {
        "other": 2
      },
      "score": 0.108
    },
    "twitter.com/ashok_jaswal": {
      "out": {
        "other": 2
      },
      "score": 0.108
    },
    "www.costar.com": {
      "out": {
        "other": 2
      },
      "score": 0.108
    },
    "www.thedailymash.co.uk": {
      "out": {
        "other": 2
      },
      "score": 0.108
    },
    "identification.php": {
      "out": {
        "other": 2
      },
      "score": 0.108
    },
    "twitter.com/tnRelationships": {
      "out": {
        "other": 2
      },
      "score": 0.108
    },
    "consumer.ftc.gov": {
      "out": {
        "other": 2
      },
      "score": 0.108
    },
    "twitter.com/DustBunnyMafia": {
      "out": {
        "other": 2
      },
      "score": 0.108
    },
    "www.showbiz411.com": {
      "out": {
        "other": 2
      },
      "score": 0.108
    },
    "queriesforjohn.blogspot.com": {
      "out": {
        "other": 2
      },
      "score": 0.108
    },
    "twitter.com/LittleJiams": {
      "out": {
        "other": 2
      },
      "score": 0.108
    },
    "twitter.com/pwcc": {
      "out": {
        "other": 2
      },
      "score": 0.108
    },
    "www.nzherald.co.nz": {
      "out": {
        "other": 2
      },
      "score": 0.108
    },
    "twitter.com/xkwMZxQXoZRnMrz": {
      "out": {
        "other": 2
      },
      "score": 0.108
    },
    "www.ase.tufts.edu": {
      "out": {
        "other": 2
      },
      "score": 0.108
    },
    "bostinno.streetwise.co": {
      "out": {
        "other": 2
      },
      "score": 0.108
    },
    "cms.fightforthefuture.org": {
      "out": {
        "other": 2
      },
      "score": 0.108
    },
    "twitter.com/mattward75": {
      "out": {
        "other": 2
      },
      "score": 0.108
    },
    "twitter.com/AMDSFILMS": {
      "out": {
        "other": 2
      },
      "score": 0.108
    },
    "twitter.com/BigDataTweetBot": {
      "out": {
        "other": 2
      },
      "score": 0.108
    },
    "twitter.com/Build3dprinter": {
      "out": {
        "other": 2
      },
      "score": 0.108
    },
    "twitter.com/TGHDarthVader": {
      "out": {
        "other": 2
      },
      "score": 0.108
    },
    "twitter.com/printhuman": {
      "out": {
        "other": 2
      },
      "score": 0.108
    },
    "foodspin.deadspin.com": {
      "out": {
        "other": 2
      },
      "score": 0.108
    },
    "t.co": {
      "out": {
        "other": 2
      },
      "score": 0.108
    },
    "twitter.com/brainchatbot": {
      "out": {
        "other": 2
      },
      "score": 0.108
    },
    "twitter.com/robert_g_rand": {
      "out": {
        "other": 2
      },
      "score": 0.108
    },
    "twitter.com/table38": {
      "out": {
        "other": 2
      },
      "score": 0.108
    },
    "www.wsbtv.com": {
      "out": {
        "other": 2
      },
      "score": 0.108
    },
    "blog.wired.com": {
      "out": {
        "other": 2
      },
      "score": 0.108
    },
    "register.php": {
      "out": {
        "other": 2
      },
      "score": 0.108
    },
    "twitter.com/GeekSmashTweets": {
      "out": {
        "other": 2
      },
      "score": 0.108
    },
    "twitter.com/chinamanblue": {
      "out": {
        "other": 2
      },
      "score": 0.108
    },
    "vip.aersia.net": {
      "out": {
        "other": 2
      },
      "score": 0.108
    },
    "www.hakaimagazine.com": {
      "out": {
        "other": 2
      },
      "score": 0.108
    },
    "twitter.com/KevinClipner1": {
      "out": {
        "other": 2
      },
      "score": 0.108
    },
    "www.justice.gov": {
      "out": {
        "other": 2
      },
      "score": 0.108
    },
    "twitter.com/deborahpmorris": {
      "out": {
        "other": 2
      },
      "score": 0.108
    },
    "www.project-syndicate.org": {
      "out": {
        "other": 2
      },
      "score": 0.108
    },
    "m.bizjournals.com": {
      "out": {
        "other": 2
      },
      "score": 0.108
    },
    "twitter.com/Nemokrati": {
      "out": {
        "other": 2
      },
      "score": 0.108
    },
    "twitter.com/ReneNow": {
      "out": {
        "other": 2
      },
      "score": 0.108
    },
    "twitter.com/SamhainNight": {
      "out": {
        "other": 2
      },
      "score": 0.108
    },
    "twitter.com/SteinbornDaniel": {
      "out": {
        "other": 2
      },
      "score": 0.108
    },
    "www.myajc.com": {
      "out": {
        "other": 2
      },
      "score": 0.108
    },
    "twitter.com/UniteWomenAL": {
      "out": {
        "other": 2
      },
      "score": 0.108
    },
    "twitter.com/shakespeareUDW": {
      "out": {
        "other": 2
      },
      "score": 0.108
    },
    "twitter.com/twinrocksOR": {
      "out": {
        "other": 2
      },
      "score": 0.108
    },
    "twitter.com/xXGRIMNIRXx": {
      "out": {
        "other": 2
      },
      "score": 0.108
    },
    "jetpack.me": {
      "out": {
        "other": 2
      },
      "score": 0.108
    },
    "twitter.com/ITTAlabs": {
      "out": {
        "other": 2
      },
      "score": 0.108
    },
    "twitter.com/NOBI_film": {
      "out": {
        "other": 2
      },
      "score": 0.108
    },
    "twitter.com/cootersplace": {
      "out": {
        "other": 2
      },
      "score": 0.108
    },
    "nmusafvirtualtour.com": {
      "out": {
        "other": 2
      },
      "score": 0.108
    },
    "twitter.com/Doming0": {
      "out": {
        "other": 2
      },
      "score": 0.108
    },
    "twitter.com/TheMSeries1": {
      "out": {
        "other": 2
      },
      "score": 0.108
    },
    "twitter.com/itknowingness": {
      "out": {
        "other": 2
      },
      "score": 0.108
    },
    "twitter.com/mob_all": {
      "out": {
        "other": 2
      },
      "score": 0.108
    },
    "twitter.com/smilon713": {
      "out": {
        "other": 2
      },
      "score": 0.108
    },
    "twitter.com/wB8oBS4CSAvzk8E": {
      "out": {
        "other": 2
      },
      "score": 0.108
    },
    "www.pcgamer.com": {
      "out": {
        "other": 2
      },
      "score": 0.108
    },
    "daily.jstor.org": {
      "out": {
        "other": 2
      },
      "score": 0.108
    },
    "twitter.com/_ErikaCarF": {
      "out": {
        "other": 2
      },
      "score": 0.108
    },
    "twitter.com/beagriego": {
      "out": {
        "other": 2
      },
      "score": 0.108
    },
    "twitter.com/tnEducation_": {
      "out": {
        "other": 2
      },
      "score": 0.108
    },
    "twitter.com/df2020thinking": {
      "out": {
        "other": 2
      },
      "score": 0.108
    },
    "twitter.com/rmsthebot": {
      "out": {
        "other": 2
      },
      "score": 0.108
    },
    "twitter.com/javascriptd": {
      "out": {
        "other": 2
      },
      "score": 0.108
    },
    "twitter.com/wulfsec": {
      "out": {
        "other": 2
      },
      "score": 0.108
    },
    "cornell.app.box.com": {
      "out": {
        "other": 2
      },
      "score": 0.108
    },
    "twitter.com/GlobalSense2015": {
      "out": {
        "other": 2
      },
      "score": 0.108
    },
    "twitter.com/KnowYourSong": {
      "out": {
        "other": 2
      },
      "score": 0.108
    },
    "celandine13.livejournal.com": {
      "out": {
        "other": 2
      },
      "score": 0.108
    },
    "twitter.com/IlluminatiCons1": {
      "out": {
        "other": 2
      },
      "score": 0.108
    },
    "twitter.com/Pyegar": {
      "out": {
        "other": 2
      },
      "score": 0.108
    },
    "twitter.com/SuellenLobe": {
      "out": {
        "other": 2
      },
      "score": 0.108
    },
    "twitter.com/VikingPipsqueak": {
      "out": {
        "other": 2
      },
      "score": 0.108
    },
    "twitter.com/djddueces": {
      "out": {
        "other": 2
      },
      "score": 0.108
    },
    "twitter.com/SmokersMatch": {
      "out": {
        "other": 2
      },
      "score": 0.108
    },
    "twitter.com/redlocal": {
      "out": {
        "other": 2
      },
      "score": 0.108
    },
    "twitter.com/SmartAndFitClub": {
      "out": {
        "other": 2
      },
      "score": 0.108
    },
    "twitter.com/iaindwelch": {
      "out": {
        "other": 2
      },
      "score": 0.108
    },
    "www.oregonlive.com": {
      "out": {
        "other": 2
      },
      "score": 0.108
    },
    "twitter.com/AndAberrant": {
      "out": {
        "other": 2
      },
      "score": 0.108
    },
    "twitter.com/DavidASifuentes": {
      "out": {
        "other": 2
      },
      "score": 0.108
    },
    "twitter.com/cartoonsmith": {
      "out": {
        "other": 2
      },
      "score": 0.108
    },
    "blogs.nature.com": {
      "out": {
        "other": 2
      },
      "score": 0.108
    },
    "twitter.com/DigestWordpress": {
      "out": {
        "other": 2
      },
      "score": 0.108
    },
    "twitter.com/KE4OHP": {
      "out": {
        "other": 2
      },
      "score": 0.108
    },
    "twitter.com/EnglishSpiral": {
      "out": {
        "other": 2
      },
      "score": 0.108
    },
    "twitter.com/bwillettcomics": {
      "out": {
        "other": 2
      },
      "score": 0.108
    },
    "twitter.com/minijwei": {
      "out": {
        "other": 2
      },
      "score": 0.108
    },
    "twitter.com/tn_LearnMath": {
      "out": {
        "other": 2
      },
      "score": 0.108
    },
    "twitter.com/JenE_tweets": {
      "out": {
        "other": 2
      },
      "score": 0.108
    },
    "twitter.com/JoeSmithSDK": {
      "out": {
        "other": 2
      },
      "score": 0.108
    },
    "twitter.com/dogstar7tweets": {
      "out": {
        "other": 2
      },
      "score": 0.108
    },
    "twitter.com/rozmcdermott": {
      "out": {
        "other": 2
      },
      "score": 0.108
    },
    "www.loweringthebar.net": {
      "out": {
        "other": 2
      },
      "score": 0.108
    },
    "meyerweb.com": {
      "out": {
        "other": 2
      },
      "score": 0.108
    },
    "tumblr.fightforthefuture.org": {
      "out": {
        "other": 2
      },
      "score": 0.108
    },
    "twitter.com/mountjoycomics": {
      "out": {
        "other": 2
      },
      "score": 0.108
    },
    "news.sciencemag.org": {
      "out": {
        "other": 2
      },
      "score": 0.108
    },
    "twitter.com/SammyRushton": {
      "out": {
        "other": 2
      },
      "score": 0.108
    },
    "twitter.com/jhytse": {
      "out": {
        "other": 2
      },
      "score": 0.108
    },
    "twitter.com/stormbot_int": {
      "out": {
        "other": 2
      },
      "score": 0.108
    },
    "www.funnyordie.com": {
      "out": {
        "other": 2
      },
      "score": 0.108
    },
    "www.psmag.com": {
      "out": {
        "other": 2
      },
      "score": 0.108
    },
    "www.sciencenews.org": {
      "out": {
        "other": 2
      },
      "score": 0.108
    },
    "twitter.com/JoshuaNgala": {
      "out": {
        "other": 2
      },
      "score": 0.108
    },
    "twitter.com/LudeScato": {
      "out": {
        "other": 2
      },
      "score": 0.108
    },
    "twitter.com/Snowden": {
      "out": {
        "other": 2
      },
      "score": 0.108
    },
    "www.geekwire.com": {
      "out": {
        "other": 2
      },
      "score": 0.108
    },
    "www.mymodernmet.com": {
      "out": {
        "other": 2
      },
      "score": 0.108
    },
    "storify.com": {
      "out": {
        "other": 2
      },
      "score": 0.108
    },
    "twitter.com/JonaHAH_": {
      "out": {
        "other": 2
      },
      "score": 0.108
    },
    "twitter.com/quoster_vadja": {
      "out": {
        "other": 2
      },
      "score": 0.108
    },
    "www.openculture.com": {
      "out": {
        "other": 2
      },
      "score": 0.108
    },
    "www.thevibrantsound.com": {
      "out": {
        "other": 2
      },
      "score": 0.108
    },
    "www.cbsnews.com": {
      "out": {
        "other": 2
      },
      "score": 0.108
    },
    "twitter.com/Dilbert_ING": {
      "out": {
        "other": 1
      },
      "score": 0.0537
    },
    "twitter.com/KrystalMartel": {
      "out": {
        "other": 1
      },
      "score": 0.0537
    },
    "twitter.com/sanialove_": {
      "out": {
        "other": 1
      },
      "score": 0.0537
    },
    "indieauth.com": {
      "out": {
        "other": 1
      },
      "score": 0.0537
    },
    "twitter.com/TomHansonTV": {
      "out": {
        "other": 1
      },
      "score": 0.0537
    },
    "skift.com": {
      "out": {
        "other": 1
      },
      "score": 0.0537
    },
    "twitter.com/HiMaaria": {
      "out": {
        "other": 1
      },
      "score": 0.0537
    },
    "twitter.com/MondayMondayTWC": {
      "out": {
        "other": 1
      },
      "score": 0.0537
    },
    "www.rammstein.de": {
      "out": {
        "other": 1
      },
      "score": 0.0537
    },
    "twitter.com/Abizy_d": {
      "out": {
        "other": 1
      },
      "score": 0.0537
    },
    "twitter.com/DMoysychyn": {
      "out": {
        "other": 1
      },
      "score": 0.0537
    },
    "twitter.com/AtlantaDentist_": {
      "out": {
        "other": 1
      },
      "score": 0.0537
    },
    "twitter.com/BigDataBatman": {
      "out": {
        "other": 1
      },
      "score": 0.0537
    },
    "twitter.com/vishne0": {
      "out": {
        "other": 1
      },
      "score": 0.0537
    },
    "www.papermag.com": {
      "out": {
        "other": 1
      },
      "score": 0.0537
    },
    "1.bp.blogspot.com": {
      "out": {
        "other": 1
      },
      "score": 0.0537
    },
    "twitter.com/securiteIT": {
      "out": {
        "other": 1
      },
      "score": 0.0537
    },
    "gunsnfreedom.com": {
      "out": {
        "other": 1
      },
      "score": 0.0537
    },
    "twitter.com/jamloafes": {
      "out": {
        "other": 1
      },
      "score": 0.0537
    },
    "www.powdercoatamerica.com": {
      "out": {
        "other": 1
      },
      "score": 0.0537
    },
    "iv1.lisimg.com": {
      "out": {
        "other": 1
      },
      "score": 0.0537
    },
    "open.spotify.com": {
      "out": {
        "other": 1
      },
      "score": 0.0537
    },
    "www.krymmel.dk": {
      "out": {
        "other": 1
      },
      "score": 0.0537
    },
    "twitter.com/Fizzlebit": {
      "out": {
        "other": 1
      },
      "score": 0.0537
    },
    "twitter.com/Victoria_llove": {
      "out": {
        "other": 1
      },
      "score": 0.0537
    },
    "www.angstproductions.com": {
      "out": {
        "other": 1
      },
      "score": 0.0537
    },
    "twitter.com/chrisstineoo": {
      "out": {
        "other": 1
      },
      "score": 0.0537
    },
    "twitter.com/lulz_legion": {
      "out": {
        "other": 1
      },
      "score": 0.0537
    },
    "www.sexycongress.net": {
      "out": {
        "other": 1
      },
      "score": 0.0537
    },
    "www.theprodigy.org": {
      "out": {
        "other": 1
      },
      "score": 0.0537
    },
    "i2.listal.com": {
      "out": {
        "other": 1
      },
      "score": 0.0537
    },
    "twitter.com/MyID_Research": {
      "out": {
        "other": 1
      },
      "score": 0.0537
    },
    "justdelete.me": {
      "out": {
        "other": 1
      },
      "score": 0.0537
    },
    "3.bp.blogspot.com": {
      "out": {
        "other": 1
      },
      "score": 0.0537
    },
    "twitter.com/MyVideosToWatch": {
      "out": {
        "other": 1
      },
      "score": 0.0537
    },
    "www.jamesbond.com": {
      "out": {
        "other": 1
      },
      "score": 0.0537
    },
    "twitter.com/rosrilyy": {
      "out": {
        "other": 1
      },
      "score": 0.0537
    },
    "m.noisey.vice.com": {
      "out": {
        "other": 1
      },
      "score": 0.0537
    },
    "twitter.com/Earthquake_rt": {
      "out": {
        "other": 1
      },
      "score": 0.0537
    },
    "twitter.com/stelstellam": {
      "out": {
        "other": 1
      },
      "score": 0.0537
    },
    "www.kmfdm.net": {
      "out": {
        "other": 1
      },
      "score": 0.0537
    },
    "www.whatisthematrix.com": {
      "out": {
        "other": 1
      },
      "score": 0.0537
    },
    "twitter.com/aleiandrra": {
      "out": {
        "other": 1
      },
      "score": 0.0537
    },
    "twitter.com/yakkopinky": {
      "out": {
        "other": 1
      },
      "score": 0.0537
    },
    "twitter.com/ErwiFalda": {
      "out": {
        "other": 1
      },
      "score": 0.0537
    },
    "twitter.com/RushAdriaa": {
      "out": {
        "other": 1
      },
      "score": 0.0537
    },
    "upload.wikimedia.org": {
      "out": {
        "other": 1
      },
      "score": 0.0537
    },
    "www.raypaul.com": {
      "out": {
        "other": 1
      },
      "score": 0.0537
    },
    "twitter.com/secret_travell": {
      "out": {
        "other": 1
      },
      "score": 0.0537
    },
    "hyperboleandahalf.blogspot.com": {
      "out": {
        "other": 1
      },
      "score": 0.0537
    },
    "tilde.club": {
      "out": {
        "other": 1
      },
      "score": 0.0537
    },
    "twitter.com/atomsoffice": {
      "out": {
        "other": 1
      },
      "score": 0.0537
    },
    "twitter.com/TheBitterITGuy": {
      "out": {
        "other": 1
      },
      "score": 0.0537
    },
    "twitter.com/Mac_kenzieeme": {
      "out": {
        "other": 1
      },
      "score": 0.0537
    },
    "twitter.com/tn_Investing": {
      "out": {
        "other": 1
      },
      "score": 0.0537
    },
    "starbase.airweb.net": {
      "out": {
        "other": 1
      },
      "score": 0.0537
    },
    "twitter.com/allaboutdann": {
      "out": {
        "other": 1
      },
      "score": 0.0537
    },
    "twitter.com/radius___": {
      "out": {
        "other": 1
      },
      "score": 0.0537
    },
    "www.thelocal.fr": {
      "out": {
        "other": 1
      },
      "score": 0.0537
    },
    "twitter.com/BrighterSmileGA": {
      "out": {
        "other": 1
      },
      "score": 0.0537
    },
    "AngstChat.html": {
      "out": {
        "other": 1
      },
      "score": 0.0537
    },
    "thedissolve.com": {
      "out": {
        "other": 1
      },
      "score": 0.0537
    },
    "www.mprnews.org": {
      "out": {
        "other": 1
      },
      "score": 0.0537
    },
    "stories.californiasunday.com": {
      "out": {
        "other": 1
      },
      "score": 0.0537
    },
    "links.html": {
      "out": {
        "other": 1
      },
      "score": 0.0537
    },
    "twitter.com/CyberSecOz": {
      "out": {
        "other": 1
      },
      "score": 0.0537
    },
    "twitter.com/dataarcade": {
      "out": {
        "other": 1
      },
      "score": 0.0537
    },
    "v-e-n-u-e.com": {
      "out": {
        "other": 1
      },
      "score": 0.0537
    },
    "twitter.com/AbbaAttaw": {
      "out": {
        "other": 1
      },
      "score": 0.0537
    },
    "www.bitsandpieces.us": {
      "out": {
        "other": 1
      },
      "score": 0.0537
    },
    "www.randomusefulwebsites.com": {
      "out": {
        "other": 1
      },
      "score": 0.0537
    },
    "popperfont.files.wordpress.com": {
      "out": {
        "other": 1
      },
      "score": 0.0537
    },
    "twitter.com/justin_sego": {
      "out": {
        "other": 1
      },
      "score": 0.0537
    },
    "twitter.com/nation_of_shepo": {
      "out": {
        "other": 1
      },
      "score": 0.0537
    }
  }
}