{
  "domain": "airbornesurfer.wordpress.com",
  "urls": [
    "https://airbornesurfer.wordpress.com/"
  ],
  "names": [
    "Zen And The Art Of Desenrascanço | Adventitious Geekery & Other Distractions. Well on my way to becoming The 2nd Most Interesting Man In The World.",
    "Zen And The Art Of Desenrascanço"
  ],
  "descriptions": [
    "Adventitious Geekery & Other Distractions. Well on my way to becoming The 2nd Most Interesting Man In The World."
  ],
  "pictures": [
    "https://s2.wp.com/i/favicon.ico",
    "https://s0.wp.com/i/blank.jpg"
  ],
  "hcard": {},
  "rel_mes": [],
  "crawl_start": "2017-04-27T07:52:21",
  "crawl_end": "2017-04-27T09:25:06",
  "num_pages": 1327,
  "total_html_size": 94521749,
  "servers": [
    "nginx",
    "WordPress.com"
  ],
  "mf2_classes": [
    "h-entry",
    "h-card"
  ],
  "tags": [
    "bridgy",
    "webmention"
  ],
  "endpoints": {
    "webmention": [
      "https://www.brid.gy/webmention/wordpress"
    ]
  },
  "links_out": 33434,
  "links_in": 314,
  "links": {
    "twitter.com/airbornesurfer": {
      "out": {
        "other": 10629
      },
      "score": 1
    },
    "twitter.com/search": {
      "out": {
        "other": 2652
      },
      "score": 0.861
    },
    "www.youtube.com": {
      "out": {
        "other": 1950
      },
      "score": 0.829
    },
    "javascript": {
      "out": {
        "other": 1800
      },
      "score": 0.821
    },
    "i1118.photobucket.com": {
      "out": {
        "other": 1790
      },
      "score": 0.820
    },
    "twmfrntman.deviantart.com": {
      "out": {
        "other": 1427
      },
      "score": 0.798
    },
    "www.brid.gy": {
      "out": {
        "other": 1326
      },
      "score": 0.790
    },
    "twitter.com/SouthwestAir": {
      "out": {
        "other": 1326
      },
      "score": 0.790
    },
    "bit.ly": {
      "out": {
        "other": 1326
      },
      "score": 0.790
    },
    "twitter.com/1Duxfan": {
      "out": {
        "other": 1326
      },
      "score": 0.790
    },
    "wordpress.com": {
      "out": {
        "other": 1327
      },
      "score": 0.790
    },
    "twitter.com/NBCSN": {
      "out": {
        "other": 1326
      },
      "score": 0.790
    },
    "twitter.com/AnaheimDucks": {
      "out": {
        "other": 1326
      },
      "score": 0.790
    },
    "gravatar.com": {
      "out": {
        "other": 362
      },
      "score": 0.660
    },
    "wp.me": {
      "out": {
        "other": 202
      },
      "score": 0.602
    },
    "airbornesurfer.files.wordpress.com": {
      "out": {
        "other": 157
      },
      "score": 0.577
    },
    "airbornesurfer.com": {
      "in": {
        "other": 283
      },
      "score": 0.567
    },
    "search.twitter.com": {
      "out": {
        "other": 130
      },
      "score": 0.558
    },
    "afterburn.podbean.com": {
      "out": {
        "other": 105
      },
      "score": 0.537
    },
    "www.myspace.com": {
      "out": {
        "other": 95
      },
      "score": 0.527
    },
    "teamcoco.com": {
      "out": {
        "other": 91
      },
      "score": 0.522
    },
    "s1118.photobucket.com": {
      "out": {
        "other": 85
      },
      "score": 0.516
    },
    "ubuntuone.com": {
      "out": {
        "other": 79
      },
      "score": 0.508
    },
    "www.formspring.me": {
      "out": {
        "other": 65
      },
      "score": 0.488
    },
    "twitter.com": {
      "out": {
        "other": 53
      },
      "score": 0.467
    },
    "runkeeper.com": {
      "out": {
        "other": 52
      },
      "score": 0.465
    },
    "lastone2sherlockisasissy.tumblr.com": {
      "out": {
        "other": 51
      },
      "score": 0.463
    },
    "en.wikipedia.org": {
      "out": {
        "other": 45
      },
      "score": 0.451
    },
    "www.fitocracy.com": {
      "out": {
        "other": 40
      },
      "score": 0.439
    },
    "americancensorship.org": {
      "out": {
        "other": 39
      },
      "score": 0.437
    },
    "svs.gsfc.nasa.gov": {
      "out": {
        "other": 38
      },
      "score": 0.434
    },
    "gabrielrodriguez.deviantart.com": {
      "out": {
        "other": 34
      },
      "score": 0.423
    },
    "www.topgear.com": {
      "out": {
        "other": 34
      },
      "score": 0.423
    },
    "www.intel.com": {
      "out": {
        "other": 33
      },
      "score": 0.420
    },
    "www.moosebutter.com": {
      "out": {
        "other": 28
      },
      "score": 0.404
    },
    "bethechangeleavethecave.wordpress.com": {
      "out": {
        "other": 28
      },
      "score": 0.404
    },
    "fluidapp.com": {
      "out": {
        "other": 28
      },
      "score": 0.404
    },
    "www.wired.com": {
      "out": {
        "other": 27
      },
      "score": 0.400
    },
    "twitter.com/mrwpg": {
      "out": {
        "other": 26
      },
      "score": 0.396
    },
    "fightforthefuture.org": {
      "out": {
        "other": 26
      },
      "score": 0.396
    },
    "hackedirl.files.wordpress.com": {
      "out": {
        "other": 26
      },
      "score": 0.396
    },
    "manydullknives.smackjeeves.com": {
      "out": {
        "other": 26
      },
      "score": 0.396
    },
    "www.opencongress.org": {
      "out": {
        "other": 26
      },
      "score": 0.396
    },
    "www.ajc.com": {
      "out": {
        "other": 25
      },
      "score": 0.392
    },
    "www.eachnotesecure.com": {
      "out": {
        "other": 25
      },
      "score": 0.392
    },
    "wildbillsatlanta.com": {
      "out": {
        "other": 25
      },
      "score": 0.392
    },
    "www.neskimos.com": {
      "out": {
        "other": 25
      },
      "score": 0.392
    },
    "starbaratlanta.com": {
      "out": {
        "other": 25
      },
      "score": 0.392
    },
    "video.google.com": {
      "out": {
        "other": 25
      },
      "score": 0.392
    },
    "www.680thefan.com": {
      "out": {
        "other": 25
      },
      "score": 0.392
    },
    "www.cowboysatl.com": {
      "out": {
        "other": 25
      },
      "score": 0.392
    },
    "www.faceslounge.com": {
      "out": {
        "other": 25
      },
      "score": 0.392
    },
    "facebook.com/needeepmusic": {
      "out": {
        "other": 25
      },
      "score": 0.392
    },
    "www.q100atlanta.com": {
      "out": {
        "other": 25
      },
      "score": 0.392
    },
    "rehabmusic.com": {
      "out": {
        "other": 25
      },
      "score": 0.392
    },
    "www.kennesawnightlife.com": {
      "out": {
        "other": 25
      },
      "score": 0.392
    },
    "www.99x.com": {
      "out": {
        "other": 25
      },
      "score": 0.392
    },
    "www.atlantasrockstation.com": {
      "out": {
        "other": 25
      },
      "score": 0.392
    },
    "www.stumbleupon.com": {
      "out": {
        "other": 24
      },
      "score": 0.388
    },
    "www.flightglobal.com": {
      "out": {
        "other": 24
      },
      "score": 0.388
    },
    "www.zombiesrungame.com": {
      "out": {
        "other": 24
      },
      "score": 0.388
    },
    "www.z93.com": {
      "out": {
        "other": 24
      },
      "score": 0.388
    },
    "online.wsj.com": {
      "out": {
        "other": 24
      },
      "score": 0.388
    },
    "ninjaink.deviantart.com": {
      "out": {
        "other": 24
      },
      "score": 0.388
    },
    "www.navytimes.com": {
      "out": {
        "other": 24
      },
      "score": 0.388
    },
    "openid.net": {
      "out": {
        "other": 23
      },
      "score": 0.384
    },
    "untappd.com": {
      "out": {
        "other": 22
      },
      "score": 0.379
    },
    "youtu.be": {
      "out": {
        "other": 22
      },
      "score": 0.379
    },
    "andsomeguysblog.blogspot.com": {
      "out": {
        "other": 21
      },
      "score": 0.375
    },
    "englishrussia.com": {
      "out": {
        "other": 21
      },
      "score": 0.375
    },
    "www.cracked.com": {
      "out": {
        "other": 21
      },
      "score": 0.375
    },
    "www.finalcall.com": {
      "out": {
        "other": 21
      },
      "score": 0.375
    },
    "www.clearchannel.com": {
      "out": {
        "other": 20
      },
      "score": 0.370
    },
    "takeoffyourshoe.ytmnd.com": {
      "out": {
        "other": 19
      },
      "score": 0.365
    },
    "www.reddit.com": {
      "out": {
        "other": 19
      },
      "score": 0.365
    },
    "oldspicevoicemail.com": {
      "out": {
        "other": 19
      },
      "score": 0.365
    },
    "www.onlinecriminaljusticedegree.com": {
      "out": {
        "other": 18
      },
      "score": 0.359
    },
    "wordsthatfit.tumblr.com": {
      "out": {
        "other": 18
      },
      "score": 0.359
    },
    "soulblindministry.wordpress.com": {
      "out": {
        "other": 17
      },
      "score": 0.354
    },
    "twitter.com/BadassoftheWeek": {
      "out": {
        "other": 17
      },
      "score": 0.354
    },
    "www.aero-news.net": {
      "out": {
        "other": 17
      },
      "score": 0.354
    },
    "twitter.com/IShotScrapyDoo": {
      "out": {
        "other": 17
      },
      "score": 0.354
    },
    "dancedeafstydance.wordpress.com": {
      "out": {
        "other": 17
      },
      "score": 0.354
    },
    "lesleycarter.wordpress.com": {
      "out": {
        "other": 17
      },
      "score": 0.354
    },
    "victor70.comicgenesis.com": {
      "out": {
        "other": 17
      },
      "score": 0.354
    },
    "dcarter9.wordpress.com": {
      "out": {
        "other": 17
      },
      "score": 0.354
    },
    "twitter.com/CAPSLOCKRANTS": {
      "out": {
        "other": 17
      },
      "score": 0.354
    },
    "twitter.com/mjgreen420": {
      "out": {
        "other": 17
      },
      "score": 0.354
    },
    "twitter.com/Brava10": {
      "out": {
        "other": 17
      },
      "score": 0.354
    },
    "stephenandmelindagatesfoundation.org": {
      "out": {
        "other": 16
      },
      "score": 0.348
    },
    "www.reverbnation.com": {
      "out": {
        "other": 16
      },
      "score": 0.348
    },
    "brid.gy": {
      "in": {
        "other": 31
      },
      "score": 0.344
    },
    "www.exaile.org": {
      "out": {
        "other": 15
      },
      "score": 0.341
    },
    "www.smh.com.au": {
      "out": {
        "other": 15
      },
      "score": 0.341
    },
    "www.blogthings.com": {
      "out": {
        "other": 15
      },
      "score": 0.341
    },
    "www.listen-project.org": {
      "out": {
        "other": 15
      },
      "score": 0.341
    },
    "projects.gnome.org": {
      "out": {
        "other": 15
      },
      "score": 0.341
    },
    "www.last.fm": {
      "out": {
        "other": 15
      },
      "score": 0.341
    },
    "amarok.kde.org": {
      "out": {
        "other": 15
      },
      "score": 0.341
    },
    "launchpad.net": {
      "out": {
        "other": 15
      },
      "score": 0.341
    },
    "banshee-project.org": {
      "out": {
        "other": 15
      },
      "score": 0.341
    },
    "open.spotify.com": {
      "out": {
        "other": 14
      },
      "score": 0.334
    },
    "boortz.com": {
      "out": {
        "other": 14
      },
      "score": 0.334
    },
    "planenews.com": {
      "out": {
        "other": 14
      },
      "score": 0.334
    },
    "www.fuh2.com": {
      "out": {
        "other": 14
      },
      "score": 0.334
    },
    "starbase.airweb.net": {
      "out": {
        "other": 14
      },
      "score": 0.334
    },
    "www.cis.org": {
      "out": {
        "other": 14
      },
      "score": 0.334
    },
    "www.disneydreaming.com": {
      "out": {
        "other": 13
      },
      "score": 0.327
    },
    "twitter.com/r2d2dukfan": {
      "out": {
        "other": 13
      },
      "score": 0.327
    },
    "www.fightforthefuture.org": {
      "out": {
        "other": 13
      },
      "score": 0.327
    },
    "london.craigslist.co.uk": {
      "out": {
        "other": 13
      },
      "score": 0.327
    },
    "totallylookslike.icanhascheezburger.com": {
      "out": {
        "other": 13
      },
      "score": 0.327
    },
    "twitter.com/thegeekshite": {
      "out": {
        "other": 13
      },
      "score": 0.327
    },
    "www.disunplugged.com": {
      "out": {
        "other": 13
      },
      "score": 0.327
    },
    "ammori.org": {
      "out": {
        "other": 13
      },
      "score": 0.327
    },
    "wdwtravels-wdwtravels.blogspot.com": {
      "out": {
        "other": 13
      },
      "score": 0.327
    },
    "foursquare.com": {
      "out": {
        "other": 13
      },
      "score": 0.327
    },
    "www.heritage.org": {
      "out": {
        "other": 13
      },
      "score": 0.327
    },
    "picasa.google.com": {
      "out": {
        "other": 13
      },
      "score": 0.327
    },
    "www.sopastrike.com": {
      "out": {
        "other": 13
      },
      "score": 0.327
    },
    "www.techdirt.com": {
      "out": {
        "other": 13
      },
      "score": 0.327
    },
    "www.bhinsights.com": {
      "out": {
        "other": 12
      },
      "score": 0.319
    },
    "www.realradio1053.com": {
      "out": {
        "other": 12
      },
      "score": 0.319
    },
    "www.929dave.fm": {
      "out": {
        "other": 12
      },
      "score": 0.319
    },
    "extensions.services.openoffice.org": {
      "out": {
        "other": 12
      },
      "score": 0.319
    },
    "www.urbian.biz": {
      "out": {
        "other": 12
      },
      "score": 0.319
    },
    "runforyourlives.com": {
      "out": {
        "other": 12
      },
      "score": 0.319
    },
    "blog.myspace.com": {
      "out": {
        "other": 12
      },
      "score": 0.319
    },
    "www.radio-info.com": {
      "out": {
        "other": 12
      },
      "score": 0.319
    },
    "www.thisislondon.co.uk": {
      "out": {
        "other": 12
      },
      "score": 0.319
    },
    "www.kickstarter.com": {
      "out": {
        "other": 12
      },
      "score": 0.319
    },
    "i.thisislondon.co.uk": {
      "out": {
        "other": 12
      },
      "score": 0.319
    },
    "thejumpingoffpoint.wordpress.com": {
      "out": {
        "other": 11
      },
      "score": 0.310
    },
    "inspired-weightloss.com": {
      "out": {
        "other": 11
      },
      "score": 0.310
    },
    "everywhereonce.com": {
      "out": {
        "other": 11
      },
      "score": 0.310
    },
    "jthornburghartistry.com": {
      "out": {
        "other": 11
      },
      "score": 0.310
    },
    "www.ijreview.com": {
      "out": {
        "other": 11
      },
      "score": 0.310
    },
    "www.atlantathrashers.com": {
      "out": {
        "other": 10
      },
      "score": 0.301
    },
    "www.zdnet.com": {
      "out": {
        "other": 10
      },
      "score": 0.301
    },
    "googlewebmastercentral.blogspot.com": {
      "out": {
        "other": 10
      },
      "score": 0.301
    },
    "members.fortunecity.com": {
      "out": {
        "other": 10
      },
      "score": 0.301
    },
    "articles.businessinsider.com": {
      "out": {
        "other": 10
      },
      "score": 0.301
    },
    "www.google.com": {
      "out": {
        "other": 10
      },
      "score": 0.301
    },
    "www.webmonkey.com": {
      "out": {
        "other": 10
      },
      "score": 0.301
    },
    "www.clearchannelsucks.org": {
      "out": {
        "other": 10
      },
      "score": 0.301
    },
    "weblog.amillion.us": {
      "out": {
        "other": 10
      },
      "score": 0.301
    },
    "blog.hubspot.com": {
      "out": {
        "other": 10
      },
      "score": 0.301
    },
    "www.angelfire.com": {
      "out": {
        "other": 9
      },
      "score": 0.290
    },
    "www.atr.org": {
      "out": {
        "other": 9
      },
      "score": 0.290
    },
    "www.fairtax.org": {
      "out": {
        "other": 9
      },
      "score": 0.290
    },
    "i2.wp.com": {
      "out": {
        "other": 9
      },
      "score": 0.290
    },
    "i1.wp.com": {
      "out": {
        "other": 8
      },
      "score": 0.278
    },
    "www.eaa.org": {
      "out": {
        "other": 8
      },
      "score": 0.278
    },
    "i0.wp.com": {
      "out": {
        "other": 8
      },
      "score": 0.278
    },
    "slate.msn.com": {
      "out": {
        "other": 7
      },
      "score": 0.265
    },
    "www.minutemanproject.com": {
      "out": {
        "other": 7
      },
      "score": 0.265
    },
    "link": {
      "out": {
        "other": 7
      },
      "score": 0.265
    },
    "www.foxnews.com": {
      "out": {
        "other": 7
      },
      "score": 0.265
    },
    "www.alpinesurvival.com": {
      "out": {
        "other": 7
      },
      "score": 0.265
    },
    "www.reportillegals.com": {
      "out": {
        "other": 7
      },
      "score": 0.265
    },
    "blog.wired.com": {
      "out": {
        "other": 7
      },
      "score": 0.265
    },
    "a257.g.akamaitech.net": {
      "out": {
        "other": 7
      },
      "score": 0.265
    },
    "www.davidstuff.com": {
      "out": {
        "other": 7
      },
      "score": 0.265
    },
    "www.thebestofecuador.com": {
      "out": {
        "other": 7
      },
      "score": 0.265
    },
    "www.lp.org": {
      "out": {
        "other": 7
      },
      "score": 0.265
    },
    "www.sre.gob.mx": {
      "out": {
        "other": 7
      },
      "score": 0.265
    },
    "www.qando.net": {
      "out": {
        "other": 7
      },
      "score": 0.265
    },
    "en.wiktionary.org": {
      "out": {
        "other": 1
      },
      "score": 0.0695
    },
    "en.wordpress.com": {
      "out": {
        "other": 1
      },
      "score": 0.0695
    },
    "www.cjmoseley.com": {
      "out": {
        "other": 1
      },
      "score": 0.0695
    },
    "forums.androidcentral.com": {
      "out": {
        "other": 1
      },
      "score": 0.0695
    },
    "stumbleupon.com": {
      "out": {
        "other": 1
      },
      "score": 0.0695
    },
    "github.com": {
      "out": {
        "other": 1
      },
      "score": 0.0695
    },
    "facebook.com": {
      "out": {
        "other": 1
      },
      "score": 0.0695
    }
  }
}