{
  "domain": "akraland.eu",
  "urls": [
    "http://akraland.eu/profile/akraland",
    "http://akraland.tumblr.com",
    "http://www.huffingtonpost.fr/alexis-kraland/",
    "https://www.youtube.com/channel/UCWk1e9QHlBU_582wRadfpoA",
    "https://taranis.news/author/alexiskraland/"
  ],
  "names": [
    "Alexis Kraland"
  ],
  "descriptions": [
    "Journaliste indépendantMigrations, Vidéo, Social Media, Street Politics",
    "A social website powered by Known"
  ],
  "pictures": [
    "http://akraland.eu/file/eb462ad06cae20f596f313e112b8ea3a/thumb.jpg"
  ],
  "hcard": {
    "properties": {
      "name": [
        "Alexis Kraland"
      ],
      "note": [
        {
          "html": "<div class=\"highlightedText\">\n<p>Journaliste indépendant<br/>Migrations, Vidéo, Social Media, Street Politics</p>\n</div>",
          "value": "\nJournaliste indépendantMigrations, Vidéo, Social Media, Street Politics\n"
        }
      ],
      "photo": [
        "http://akraland.eu/file/eb462ad06cae20f596f313e112b8ea3a/thumb.jpg"
      ],
      "profile": [
        "Alexis Kraland"
      ],
      "url": [
        "http://akraland.eu/profile/akraland",
        "http://akraland.eu/profile/akraland",
        "http://akraland.tumblr.com",
        "http://www.huffingtonpost.fr/alexis-kraland/",
        "https://www.youtube.com/channel/UCWk1e9QHlBU_582wRadfpoA",
        "https://taranis.news/author/alexiskraland/"
      ]
    },
    "type": [
      "h-card"
    ]
  },
  "rel_mes": [
    "http://akraland.tumblr.com",
    "http://www.huffingtonpost.fr/alexis-kraland/",
    "https://www.youtube.com/channel/UCWk1e9QHlBU_582wRadfpoA",
    "https://taranis.news/author/alexiskraland/"
  ],
  "crawl_start": "2017-04-27T07:52:20",
  "crawl_end": "2017-04-27T07:59:40",
  "num_pages": 407,
  "total_html_size": 17094195,
  "servers": [
    "nginx",
    "Known"
  ],
  "mf2_classes": [
    "h-card",
    "h-cite",
    "h-entry"
  ],
  "tags": [
    "relme",
    "bridgy",
    "webmention",
    "websub",
    "Known"
  ],
  "endpoints": {
    "webmention": [
      "https://akraland.eu/webmention/",
      "http://akraland.eu/webmention/"
    ],
    "websub": [
      "https://withknown.superfeedr.com/"
    ]
  },
  "links_out": 9391,
  "links_in": 16,
  "links": {
    "twitter.com/hashtag": {
      "out": {
        "other": 1779
      },
      "score": 1
    },
    "t.co": {
      "out": {
        "other": 1486
      },
      "score": 0.978
    },
    "www.youtube.com": {
      "out": {
        "other": 414
      },
      "score": 0.822
    },
    "withknown.com": {
      "out": {
        "other": 411
      },
      "score": 0.820
    },
    "www.huffingtonpost.fr": {
      "out": {
        "other": 332
      },
      "score": 0.795
    },
    "taranis.news": {
      "out": {
        "other": 308
      },
      "score": 0.785
    },
    "akraland.tumblr.com": {
      "out": {
        "other": 308
      },
      "score": 0.785
    },
    "twitter.com/GaspardGlanz": {
      "out": {
        "other": 246
      },
      "score": 0.758
    },
    "twitter.com/akraland": {
      "out": {
        "other": 216
      },
      "score": 0.742
    },
    "twitter.com/Pitinome": {
      "out": {
        "other": 184
      },
      "score": 0.722
    },
    "passeursdhospitalites.wordpress.com": {
      "out": {
        "other": 164
      },
      "score": 0.708
    },
    "blogs.mediapart.fr": {
      "out": {
        "other": 164
      },
      "score": 0.708
    },
    "www.liberation.fr": {
      "out": {
        "other": 156
      },
      "score": 0.702
    },
    "twitter.com/NnoMan1": {
      "out": {
        "other": 155
      },
      "score": 0.702
    },
    "www.lefigaro.fr": {
      "out": {
        "other": 155
      },
      "score": 0.702
    },
    "twitter.com/damnRV": {
      "out": {
        "other": 106
      },
      "score": 0.655
    },
    "www.lepoint.fr": {
      "out": {
        "other": 97
      },
      "score": 0.644
    },
    "www.leparisien.fr": {
      "out": {
        "other": 89
      },
      "score": 0.633
    },
    "twitter.com/marylinebaumard": {
      "out": {
        "other": 82
      },
      "score": 0.623
    },
    "twitter.com/calaisolidarity": {
      "out": {
        "other": 82
      },
      "score": 0.623
    },
    "twitter.com/mattilgale": {
      "out": {
        "other": 82
      },
      "score": 0.623
    },
    "www.google.fr": {
      "out": {
        "other": 82
      },
      "score": 0.623
    },
    "twitter.com/ori_no_co": {
      "out": {
        "other": 82
      },
      "score": 0.623
    },
    "twitter.com/DinamoPress": {
      "out": {
        "other": 82
      },
      "score": 0.623
    },
    "www.nrc.nl": {
      "out": {
        "other": 82
      },
      "score": 0.623
    },
    "www.gisti.org": {
      "out": {
        "other": 82
      },
      "score": 0.623
    },
    "twitter.com/DelannoyMichel5": {
      "out": {
        "other": 82
      },
      "score": 0.623
    },
    "twitter.com/NataliaGGarcia5": {
      "out": {
        "other": 82
      },
      "score": 0.623
    },
    "twitter.com/xavierbertrand": {
      "out": {
        "other": 82
      },
      "score": 0.623
    },
    "facebook.com/10153487934824384": {
      "out": {
        "other": 60
      },
      "score": 0.586
    },
    "www.lemonde.fr": {
      "out": {
        "other": 57
      },
      "score": 0.579
    },
    "twitter.com/FrenchRedFrog": {
      "out": {
        "other": 54
      },
      "score": 0.572
    },
    "twitter.com/OlivierCyran": {
      "out": {
        "other": 52
      },
      "score": 0.567
    },
    "refugeetrip.wordpress.com": {
      "out": {
        "other": 49
      },
      "score": 0.560
    },
    "www.metronews.fr": {
      "out": {
        "other": 48
      },
      "score": 0.557
    },
    "noborders20miglia.noblogs.org": {
      "out": {
        "other": 44
      },
      "score": 0.548
    },
    "twitter.com/Justin_Raymondd": {
      "out": {
        "other": 42
      },
      "score": 0.542
    },
    "www.sans-a.org": {
      "out": {
        "other": 42
      },
      "score": 0.542
    },
    "twitter.com/IanBrossat": {
      "out": {
        "other": 41
      },
      "score": 0.539
    },
    "twitter.com/LouisWitter": {
      "out": {
        "other": 41
      },
      "score": 0.539
    },
    "www.mediapart.fr": {
      "out": {
        "other": 40
      },
      "score": 0.535
    },
    "twitter.com/arnoferrat": {
      "out": {
        "other": 39
      },
      "score": 0.533
    },
    "www.facebook.com": {
      "out": {
        "other": 34
      },
      "score": 0.516
    },
    "twitter.com/Maitre_Eolas": {
      "out": {
        "other": 33
      },
      "score": 0.512
    },
    "www.odoxa.fr": {
      "out": {
        "other": 33
      },
      "score": 0.512
    },
    "www.bva.fr": {
      "out": {
        "other": 33
      },
      "score": 0.512
    },
    "www.lanouvellerepublique.fr": {
      "out": {
        "other": 33
      },
      "score": 0.512
    },
    "facebook.com/pages": {
      "out": {
        "other": 25
      },
      "score": 0.478
    },
    "miliparis.wordpress.com": {
      "out": {
        "other": 25
      },
      "score": 0.478
    },
    "umap.openstreetmap.fr": {
      "out": {
        "other": 25
      },
      "score": 0.478
    },
    "etudiant.lefigaro.fr": {
      "out": {
        "other": 25
      },
      "score": 0.478
    },
    "alain-genestine.over-blog.org": {
      "out": {
        "other": 24
      },
      "score": 0.473
    },
    "www.terraeco.net": {
      "out": {
        "other": 24
      },
      "score": 0.473
    },
    "www.inegalites.fr": {
      "out": {
        "other": 24
      },
      "score": 0.473
    },
    "www.cil.cnrs.fr": {
      "out": {
        "other": 24
      },
      "score": 0.473
    },
    "www.lesechos.fr": {
      "out": {
        "other": 24
      },
      "score": 0.473
    },
    "www.bienpublic.com": {
      "out": {
        "other": 24
      },
      "score": 0.473
    },
    "rue89.nouvelobs.com": {
      "out": {
        "other": 24
      },
      "score": 0.473
    },
    "twitter.com/ahenjar": {
      "out": {
        "other": 20
      },
      "score": 0.451
    },
    "twitter.com/yotogui": {
      "out": {
        "other": 20
      },
      "score": 0.451
    },
    "twitter.com/OccupyFR": {
      "out": {
        "other": 16
      },
      "score": 0.424
    },
    "facebook.com/782827925168723": {
      "out": {
        "other": 16
      },
      "score": 0.424
    },
    "twitter.com/stopGPII": {
      "out": {
        "other": 14
      },
      "score": 0.407
    },
    "twitter.com/cedlio": {
      "out": {
        "other": 14
      },
      "score": 0.407
    },
    "twitter.com/erostrate2": {
      "out": {
        "other": 14
      },
      "score": 0.407
    },
    "twitter.com/CollectifOEIL": {
      "out": {
        "other": 14
      },
      "score": 0.407
    },
    "facebook.com/10204179729608110": {
      "out": {
        "other": 12
      },
      "score": 0.389
    },
    "reddit.com": {
      "out": {
        "other": 12
      },
      "score": 0.389
    },
    "twitter.com/cloudin_bluesky": {
      "out": {
        "other": 10
      },
      "score": 0.367
    },
    "twitter.com/Branwelll": {
      "out": {
        "other": 10
      },
      "score": 0.367
    },
    "twitter.com/chlobu": {
      "out": {
        "other": 10
      },
      "score": 0.367
    },
    "twitter.com/sinaloa": {
      "out": {
        "other": 10
      },
      "score": 0.367
    },
    "twitter.com/clprtr": {
      "out": {
        "other": 10
      },
      "score": 0.367
    },
    "twitter.com/Kizumbas": {
      "out": {
        "other": 10
      },
      "score": 0.367
    },
    "twitter.com/chardetri": {
      "out": {
        "other": 10
      },
      "score": 0.367
    },
    "twitter.com/GuntherRedal": {
      "out": {
        "other": 10
      },
      "score": 0.367
    },
    "twitter.com/rizomastro": {
      "out": {
        "other": 10
      },
      "score": 0.367
    },
    "twitter.com/RobinGaloo": {
      "out": {
        "other": 10
      },
      "score": 0.367
    },
    "twitter.com/cmal_PP": {
      "out": {
        "other": 10
      },
      "score": 0.367
    },
    "twitter.com/ThatOriginalWay": {
      "out": {
        "other": 10
      },
      "score": 0.367
    },
    "twitter.com/izard38350": {
      "out": {
        "other": 10
      },
      "score": 0.367
    },
    "twitter.com/Gegenimox": {
      "out": {
        "other": 10
      },
      "score": 0.367
    },
    "twitter.com/suziq2opn": {
      "out": {
        "other": 10
      },
      "score": 0.367
    },
    "twitter.com/Hannesz1956": {
      "out": {
        "other": 10
      },
      "score": 0.367
    },
    "twitter.com/poukigwen": {
      "out": {
        "other": 10
      },
      "score": 0.367
    },
    "twitter.com/Nikos_NET": {
      "out": {
        "other": 10
      },
      "score": 0.367
    },
    "twitter.com/18Veille": {
      "out": {
        "other": 10
      },
      "score": 0.367
    },
    "twitter.com/BioFares": {
      "out": {
        "other": 10
      },
      "score": 0.367
    },
    "twitter.com/gerantupal": {
      "out": {
        "other": 10
      },
      "score": 0.367
    },
    "indiewebcamp.com": {
      "out": {
        "other": 9
      },
      "score": 0.353
    },
    "gauchedecombat.net": {
      "out": {
        "other": 9
      },
      "score": 0.353
    },
    "twitter.com/JigginoRuss": {
      "out": {
        "other": 8
      },
      "score": 0.339
    },
    "occupyfrance.org": {
      "out": {
        "other": 8
      },
      "score": 0.339
    },
    "facebook.com/10153973294105984": {
      "out": {
        "other": 8
      },
      "score": 0.339
    },
    "www.julien-pitinome.com": {
      "out": {
        "other": 8
      },
      "score": 0.339
    },
    "paris-luttes.info": {
      "out": {
        "other": 6
      },
      "score": 0.303
    },
    "twitter.com/PPAlsace": {
      "out": {
        "other": 6
      },
      "score": 0.303
    },
    "yahoo.fr": {
      "out": {
        "other": 6
      },
      "score": 0.303
    },
    "twitter.com/RafAvelo": {
      "out": {
        "other": 6
      },
      "score": 0.303
    },
    "twitter.com/pierremeriaux": {
      "out": {
        "other": 6
      },
      "score": 0.303
    },
    "twitter.com/CuitasLsBananas": {
      "out": {
        "other": 6
      },
      "score": 0.303
    },
    "twitter.com/Hynneice": {
      "out": {
        "other": 6
      },
      "score": 0.303
    },
    "twitter.com/O_ursinho": {
      "out": {
        "other": 6
      },
      "score": 0.303
    },
    "twitter.com/SoyonsSauvages": {
      "out": {
        "other": 6
      },
      "score": 0.303
    },
    "twitter.com/NoBorder20miles": {
      "out": {
        "other": 6
      },
      "score": 0.303
    },
    "twitter.com/Grunt_": {
      "out": {
        "other": 6
      },
      "score": 0.303
    },
    "twitter.com/migrantslives": {
      "out": {
        "other": 6
      },
      "score": 0.303
    },
    "twitter.com/pheeldoulap": {
      "out": {
        "other": 6
      },
      "score": 0.303
    },
    "twitter.com/smanseri_": {
      "out": {
        "other": 6
      },
      "score": 0.303
    },
    "twitter.com/JuanChingoFT": {
      "out": {
        "other": 6
      },
      "score": 0.303
    },
    "twitter.com/jrbourge": {
      "out": {
        "other": 6
      },
      "score": 0.303
    },
    "twitter.com/AnthonyDepe": {
      "out": {
        "other": 6
      },
      "score": 0.303
    },
    "twitter.com/npetitdemange": {
      "out": {
        "other": 6
      },
      "score": 0.303
    },
    "twitter.com/JulieLeGoic": {
      "out": {
        "other": 6
      },
      "score": 0.303
    },
    "sfr.fr": {
      "out": {
        "other": 6
      },
      "score": 0.303
    },
    "facebook.com/10208750139259143": {
      "out": {
        "other": 4
      },
      "score": 0.254
    },
    "loubiaconnection.blogspot.fr": {
      "out": {
        "other": 4
      },
      "score": 0.254
    },
    "twitter.com/expparis": {
      "out": {
        "other": 4
      },
      "score": 0.254
    },
    "www.rebelmouse.com": {
      "out": {
        "other": 4
      },
      "score": 0.254
    },
    "facebook.com/10153335090502143": {
      "out": {
        "other": 4
      },
      "score": 0.254
    },
    "Instagram.com": {
      "out": {
        "other": 4
      },
      "score": 0.254
    },
    "facebook.com/10201299846774095": {
      "out": {
        "other": 4
      },
      "score": 0.254
    },
    "facebook.com/10207516477964199": {
      "out": {
        "other": 4
      },
      "score": 0.254
    },
    "twitter.com/DaSuperCat": {
      "out": {
        "other": 4
      },
      "score": 0.254
    },
    "cmal.info": {
      "out": {
        "other": 4
      },
      "score": 0.254
    },
    "www.oureyeislife.com": {
      "out": {
        "other": 4
      },
      "score": 0.254
    },
    "elus-rhonealpes.eelv.fr": {
      "out": {
        "other": 4
      },
      "score": 0.254
    },
    "gaadjou.joueb.com": {
      "out": {
        "other": 4
      },
      "score": 0.254
    },
    "laizquierdadiario.com": {
      "out": {
        "other": 4
      },
      "score": 0.254
    },
    "le-fait-du-jour.blogspot.fr": {
      "out": {
        "other": 4
      },
      "score": 0.254
    },
    "facebook.com/1560598427596116": {
      "out": {
        "other": 4
      },
      "score": 0.254
    },
    "www.citizenside.com": {
      "out": {
        "other": 4
      },
      "score": 0.254
    },
    "facebook.com/182353848622139": {
      "out": {
        "other": 4
      },
      "score": 0.254
    },
    "culturcidepheel.tumblr.com": {
      "out": {
        "other": 4
      },
      "score": 0.254
    },
    "partipirate.alsace": {
      "out": {
        "other": 4
      },
      "score": 0.254
    },
    "save.gandi.ws": {
      "out": {
        "other": 4
      },
      "score": 0.254
    },
    "o-ursinho.tumblr.com": {
      "out": {
        "other": 4
      },
      "score": 0.254
    },
    "facebook.com/1678399619066770": {
      "out": {
        "other": 4
      },
      "score": 0.254
    },
    "twitter.com/polisanoparis": {
      "out": {
        "other": 4
      },
      "score": 0.254
    },
    "facebook.com/10153795223536702": {
      "out": {
        "other": 4
      },
      "score": 0.254
    },
    "facebook.com/10207347854748464": {
      "out": {
        "other": 4
      },
      "score": 0.254
    },
    "twitter.com/LioPrimault": {
      "out": {
        "other": 4
      },
      "score": 0.254
    },
    "ppalsace.fr": {
      "out": {
        "other": 4
      },
      "score": 0.254
    },
    "lc.cx": {
      "out": {
        "other": 4
      },
      "score": 0.254
    },
    "twitter.com/i_nebuleuse": {
      "out": {
        "other": 4
      },
      "score": 0.254
    },
    "soyonssauvages.wordpress.com": {
      "out": {
        "other": 4
      },
      "score": 0.254
    },
    "ask.fm": {
      "out": {
        "other": 4
      },
      "score": 0.254
    },
    "facebook.com/raphael.krafft": {
      "out": {
        "other": 4
      },
      "score": 0.254
    },
    "brid.gy": {
      "in": {
        "other": 8
      },
      "score": 0.254
    },
    "twitter.com/WaldenAurelie": {
      "out": {
        "other": 4
      },
      "score": 0.254
    },
    "facebook.com/10207391573540428": {
      "out": {
        "other": 4
      },
      "score": 0.254
    },
    "fr.wikipedia.org": {
      "out": {
        "other": 3
      },
      "score": 0.219
    },
    "indieweb.org": {
      "in": {
        "other": 4
      },
      "score": 0.170
    },
    "chat.indieweb.org": {
      "in": {
        "other": 2
      },
      "score": 0.0847
    },
    "www.rmendes.net": {
      "in": {
        "other": 2
      },
      "score": 0.0847
    },
    "www.linkedin.com": {
      "out": {
        "other": 1
      },
      "score": 0.0847
    }
  }
}