{
  "domain": "al3abmizo.withknown.com",
  "urls": [
    "https://al3abmizo.withknown.com/profile/al3abmizo",
    "http://www.al3abmizo.com"
  ],
  "names": [
    "Al3abMizo Games"
  ],
  "descriptions": [
    "Al3abMizo is a free online games site allow you to play: Car Games, Girls Games, Thinking Games, Make up Games, Cooking Games, Dress Up games and many more free online games.",
    "A social website powered by Known"
  ],
  "pictures": [
    "https://al3abmizo.withknown.com/file/db381aa5fdbb4c9a3098808c76a32d62/thumb.png"
  ],
  "hcard": {
    "properties": {
      "name": [
        "Al3abMizo Games"
      ],
      "note": [
        {
          "html": "<div class=\"highlightedText\">\n<p>Al3abMizo is a free online games site allow you to play: Car Games, Girls Games, Thinking Games, Make up Games, Cooking Games, Dress Up games and many more free online games.</p>\n</div>",
          "value": "\nAl3abMizo is a free online games site allow you to play: Car Games, Girls Games, Thinking Games, Make up Games, Cooking Games, Dress Up games and many more free online games.\n"
        }
      ],
      "photo": [
        "https://al3abmizo.withknown.com/file/db381aa5fdbb4c9a3098808c76a32d62/thumb.png"
      ],
      "profile": [
        "Al3abMizo Games"
      ],
      "url": [
        "https://al3abmizo.withknown.com/profile/al3abmizo",
        "https://al3abmizo.withknown.com/profile/al3abmizo",
        "http://www.al3abmizo.com"
      ]
    },
    "type": [
      "h-card"
    ]
  },
  "rel_mes": [
    "http://www.al3abmizo.com"
  ],
  "crawl_start": "2017-04-27T07:52:21",
  "crawl_end": "2017-04-27T07:52:36",
  "num_pages": 16,
  "total_html_size": 305031,
  "servers": [
    "Apache",
    "Known"
  ],
  "mf2_classes": [
    "h-entry",
    "h-card"
  ],
  "tags": [
    "relme",
    "bridgy",
    "webmention",
    "websub",
    "Known"
  ],
  "endpoints": {
    "webmention": [
      "https://al3abmizo.withknown.com/webmention/"
    ],
    "websub": [
      "http://withknown.superfeedr.com/"
    ]
  },
  "links_out": 43,
  "links_in": 0,
  "links": {
    "www.al3abmizo.com": {
      "out": {
        "other": 38
      },
      "score": 1
    },
    "goo.gl": {
      "out": {
        "other": 5
      },
      "score": 0.531
    }
  }
}