{
  "domain": "alanpearce.uk",
  "urls": [
    "https://alanpearce.uk/",
    "https://alanpearce.uk/post/",
    "https://git.alanpearce.eu"
  ],
  "names": [
    "Alan Pearce"
  ],
  "descriptions": [],
  "pictures": [],
  "hcard": {
    "properties": {
      "name": [
        "Alan Pearce"
      ],
      "url": [
        "https://alanpearce.uk/",
        "https://alanpearce.uk/post/",
        "https://git.alanpearce.eu"
      ]
    },
    "type": [
      "h-card"
    ]
  },
  "rel_mes": [
    "https://github.com/alanpearce",
    "https://uk.linkedin.com/in/alanpearceuk/",
    "http://stackoverflow.com/users/story/381895",
    "https://twitter.com/alanpearceuk",
    "mailto:alan@alanpearce.uk"
  ],
  "crawl_start": "2017-04-23T22:42:38",
  "crawl_end": "2017-04-23T22:42:51",
  "num_pages": 8,
  "total_html_size": 29978,
  "servers": [
    "nginx"
  ],
  "mf2_classes": [
    "h-card"
  ],
  "tags": [
    "relme",
    "IRC"
  ],
  "endpoints": {},
  "links_out": 40,
  "links_in": 1152,
  "links": {
    "indieweb.org": {
      "in": {
        "other": 716
      },
      "score": 1
    },
    "chat.indieweb.org": {
      "in": {
        "other": 358
      },
      "score": 0.895
    },
    "werd.io": {
      "in": {
        "other": 78
      },
      "score": 0.664
    },
    "twitter.com/alanpearceuk": {
      "out": {
        "other": 8
      },
      "score": 0.422
    },
    "creativecommons.org": {
      "out": {
        "other": 8
      },
      "score": 0.422
    },
    "uk.linkedin.com": {
      "out": {
        "other": 8
      },
      "score": 0.422
    },
    "github.com": {
      "out": {
        "other": 8
      },
      "score": 0.422
    },
    "plus.google.com/+AlanPearceUK": {
      "out": {
        "other": 8
      },
      "score": 0.422
    }
  }
}