{
  "domain": "alanlaidlaw.com",
  "urls": [
    "http://alanlaidlaw.com/"
  ],
  "names": [
    "Alan Laidlaw"
  ],
  "descriptions": [],
  "pictures": [
    "http://alanlaidlaw.com/img/favicon.png"
  ],
  "hcard": {},
  "rel_mes": [],
  "crawl_start": "2017-06-09T17:33:25",
  "crawl_end": "2017-06-09T17:33:25",
  "num_pages": 1,
  "total_html_size": 15851,
  "servers": [
    "GitHub.com"
  ],
  "tags": [],
  "endpoints": {},
  "links_out": 11,
  "links_in": 12,
  "links": {
    "huffduffer.com": {
      "in": {
        "other": 12
      },
      "score": 1
    },
    "alanlaidlaw.2017.pdf": {
      "out": {
        "other": 1
      },
      "score": 0.279
    },
    "www.youtube.com": {
      "out": {
        "other": 1
      },
      "score": 0.279
    },
    "codepen.io": {
      "out": {
        "other": 1
      },
      "score": 0.279
    },
    "linkedin.com": {
      "out": {
        "other": 1
      },
      "score": 0.279
    },
    "github.com": {
      "out": {
        "other": 1
      },
      "score": 0.279
    },
    "www.instapaper.com": {
      "out": {
        "other": 1
      },
      "score": 0.279
    },
    "medium.com": {
      "out": {
        "other": 1
      },
      "score": 0.279
    },
    "gmail.com": {
      "out": {
        "other": 1
      },
      "score": 0.279
    },
    "www.goodreads.com": {
      "out": {
        "other": 1
      },
      "score": 0.279
    },
    "twitter.com/alanlaidlaw": {
      "out": {
        "other": 1
      },
      "score": 0.279
    },
    "sudoscience.io": {
      "out": {
        "other": 1
      },
      "score": 0.279
    }
  }
}