{
  "domain": "albertherum.wordpress.com",
  "urls": [
    "https://albertherum.wordpress.com/"
  ],
  "names": [
    "Hannes Albert Herum | Irgendwo zwischen Mensch und Medien.",
    "Hannes Albert Herum"
  ],
  "descriptions": [
    "Irgendwo zwischen Mensch und Medien."
  ],
  "pictures": [
    "https://s2.wp.com/i/favicon.ico",
    "https://s0.wp.com/i/blank.jpg"
  ],
  "hcard": {},
  "rel_mes": [],
  "crawl_start": "2017-04-27T07:52:21",
  "crawl_end": "2017-04-27T07:52:27",
  "num_pages": 9,
  "total_html_size": 432874,
  "servers": [
    "nginx",
    "WordPress.com"
  ],
  "mf2_classes": [
    "h-feed",
    "h-entry",
    "h-card"
  ],
  "tags": [
    "bridgy",
    "webmention"
  ],
  "endpoints": {
    "webmention": [
      "https://www.brid.gy/webmention/wordpress"
    ]
  },
  "links_out": 127,
  "links_in": 19,
  "links": {
    "javascript": {
      "out": {
        "other": 30
      },
      "score": 1
    },
    "brid.gy": {
      "in": {
        "other": 19
      },
      "score": 0.719
    },
    "www.faz.net": {
      "out": {
        "other": 9
      },
      "score": 0.707
    },
    "wordpress.com": {
      "out": {
        "other": 9
      },
      "score": 0.707
    },
    "www.brid.gy": {
      "out": {
        "other": 9
      },
      "score": 0.707
    },
    "homebrave.com": {
      "out": {
        "other": 9
      },
      "score": 0.707
    },
    "www.amazon.de": {
      "out": {
        "other": 9
      },
      "score": 0.707
    },
    "gravatar.com": {
      "out": {
        "other": 6
      },
      "score": 0.606
    },
    "en.wikipedia.org": {
      "out": {
        "other": 6
      },
      "score": 0.606
    },
    "twitter.com/le_barte": {
      "out": {
        "other": 6
      },
      "score": 0.606
    },
    "1": {
      "out": {
        "other": 6
      },
      "score": 0.606
    },
    "www.zeit.de": {
      "out": {
        "other": 6
      },
      "score": 0.606
    },
    "albertherum.files.wordpress.com": {
      "out": {
        "other": 4
      },
      "score": 0.509
    },
    "t.co": {
      "out": {
        "other": 3
      },
      "score": 0.438
    },
    "www.sueddeutsche.de": {
      "out": {
        "other": 3
      },
      "score": 0.438
    },
    "de.wikipedia.org": {
      "out": {
        "other": 3
      },
      "score": 0.438
    },
    "twitter.com/blickamabend": {
      "out": {
        "other": 3
      },
      "score": 0.438
    },
    "www.hannesalbertherum.de": {
      "out": {
        "other": 3
      },
      "score": 0.438
    },
    "twitter.com/niggi": {
      "out": {
        "other": 3
      },
      "score": 0.438
    }
  }
}