{
  "domain": "albush.com",
  "urls": [
    "http://albush.com/"
  ],
  "names": [
    "Alan Bush"
  ],
  "descriptions": [],
  "pictures": [
    "http://albush.com/images/android-icon-192x192.png",
    "http://albush.com/images/favicon-32x32.png",
    "http://albush.com/images/favicon-96x96.png",
    "http://albush.com/images/favicon-16x16.png"
  ],
  "hcard": {},
  "rel_mes": [
    "mailto:al@albush.com",
    "https://twitter.com/alanbush",
    "http://www.linkedin.com/in/adbush",
    "https://github.com/albush",
    "https://plus.google.com/+AlanBush"
  ],
  "crawl_start": "2017-06-09T17:33:25",
  "crawl_end": "2017-06-09T17:33:44",
  "num_pages": 50,
  "total_html_size": 459995,
  "servers": [
    "AmazonS3",
    "Hugo"
  ],
  "mf2_classes": [
    "h-card"
  ],
  "tags": [
    "relme"
  ],
  "endpoints": {},
  "links_out": 404,
  "links_in": 0,
  "links": {
    "twitter.com/alanbush": {
      "out": {
        "other": 55
      },
      "score": 1
    },
    "github.com": {
      "out": {
        "other": 52
      },
      "score": 0.987
    },
    "plus.google.com/+AlanBush": {
      "out": {
        "other": 51
      },
      "score": 0.983
    },
    "www.linkedin.com": {
      "out": {
        "other": 51
      },
      "score": 0.983
    },
    "play.google.com": {
      "out": {
        "other": 35
      },
      "score": 0.904
    },
    "www.saflavor.com": {
      "out": {
        "other": 14
      },
      "score": 0.709
    },
    "goo.gl": {
      "out": {
        "other": 13
      },
      "score": 0.694
    },
    "www.amazon.com": {
      "out": {
        "other": 9
      },
      "score": 0.615
    },
    "www.rackspace.com": {
      "out": {
        "other": 9
      },
      "score": 0.615
    },
    "cszsa.com": {
      "out": {
        "other": 4
      },
      "score": 0.443
    },
    "twitter.com": {
      "out": {
        "other": 4
      },
      "score": 0.443
    },
    "twit.tv": {
      "out": {
        "other": 3
      },
      "score": 0.381
    },
    "resume.albush.com": {
      "out": {
        "other": 3
      },
      "score": 0.381
    },
    "www.youtube.com": {
      "out": {
        "other": 3
      },
      "score": 0.381
    },
    "yacketylapse.com": {
      "out": {
        "other": 3
      },
      "score": 0.381
    },
    "twitter.com/minter": {
      "out": {
        "other": 3
      },
      "score": 0.381
    },
    "oursleepinggiant.bandcamp.com": {
      "out": {
        "other": 3
      },
      "score": 0.381
    },
    "docs.rackspace.com": {
      "out": {
        "other": 3
      },
      "score": 0.381
    },
    "www.npr.org": {
      "out": {
        "other": 3
      },
      "score": 0.381
    },
    "helpcenter.centraldesktop.com": {
      "out": {
        "other": 2
      },
      "score": 0.296
    },
    "centraldesktophero.wordpress.com": {
      "out": {
        "other": 2
      },
      "score": 0.296
    },
    "facebook.com/kr8tr": {
      "out": {
        "other": 2
      },
      "score": 0.296
    },
    "www.alexchiri.com": {
      "out": {
        "other": 2
      },
      "score": 0.296
    },
    "satechdad.com": {
      "out": {
        "other": 2
      },
      "score": 0.296
    },
    "www.gettyimages.com": {
      "out": {
        "other": 2
      },
      "score": 0.296
    },
    "medium.com": {
      "out": {
        "other": 2
      },
      "score": 0.296
    },
    "cloudu.rackspace.com": {
      "out": {
        "other": 2
      },
      "score": 0.296
    },
    "www.onitato.com": {
      "out": {
        "other": 2
      },
      "score": 0.296
    },
    "www.secondbestcoffee.com": {
      "out": {
        "other": 2
      },
      "score": 0.296
    },
    "facebook.com/CSzSA": {
      "out": {
        "other": 2
      },
      "score": 0.296
    },
    "t.co": {
      "out": {
        "other": 2
      },
      "score": 0.296
    },
    "www.netmarketshare.com": {
      "out": {
        "other": 2
      },
      "score": 0.296
    },
    "2015.sanantonio.wordcamp.org": {
      "out": {
        "other": 2
      },
      "score": 0.296
    },
    "drops.albush.com": {
      "out": {
        "other": 2
      },
      "score": 0.296
    },
    "ohpodcast.com": {
      "out": {
        "other": 2
      },
      "score": 0.296
    },
    "amzn.com": {
      "out": {
        "other": 1
      },
      "score": 0.147
    },
    "antpb.com": {
      "out": {
        "other": 1
      },
      "score": 0.147
    },
    "gohugo.io": {
      "out": {
        "other": 1
      },
      "score": 0.147
    },
    "livestream.com": {
      "out": {
        "other": 1
      },
      "score": 0.147
    },
    "itunes.apple.com": {
      "out": {
        "other": 1
      },
      "score": 0.147
    },
    "www.fangraphs.com": {
      "out": {
        "other": 1
      },
      "score": 0.147
    },
    "blog.getpelican.com": {
      "out": {
        "other": 1
      },
      "score": 0.147
    },
    "www.shiftyjelly.com": {
      "out": {
        "other": 1
      },
      "score": 0.147
    },
    "lifehacker.com": {
      "out": {
        "other": 1
      },
      "score": 0.147
    },
    "reactor.apppresser.com": {
      "out": {
        "other": 1
      },
      "score": 0.147
    },
    "www.neverware.com": {
      "out": {
        "other": 1
      },
      "score": 0.147
    },
    "www.medium.com": {
      "out": {
        "other": 1
      },
      "score": 0.147
    },
    "www.google.com": {
      "out": {
        "other": 1
      },
      "score": 0.147
    },
    "community.rackspace.com": {
      "out": {
        "other": 1
      },
      "score": 0.147
    },
    "www.microsoft.com": {
      "out": {
        "other": 1
      },
      "score": 0.147
    },
    "msdn.microsoft.com": {
      "out": {
        "other": 1
      },
      "score": 0.147
    },
    "gimletmedia.com": {
      "out": {
        "other": 1
      },
      "score": 0.147
    },
    "www.centraldesktop.com": {
      "out": {
        "other": 1
      },
      "score": 0.147
    },
    "www.maximumfun.org": {
      "out": {
        "other": 1
      },
      "score": 0.147
    },
    "shoutengine.com": {
      "out": {
        "other": 1
      },
      "score": 0.147
    },
    "blog.codybunch.com": {
      "out": {
        "other": 1
      },
      "score": 0.147
    },
    "twitter.com/Jeremy_Danner": {
      "out": {
        "other": 1
      },
      "score": 0.147
    },
    "maximumfun.org": {
      "out": {
        "other": 1
      },
      "score": 0.147
    },
    "twitter.com/MLBGIFs": {
      "out": {
        "other": 1
      },
      "score": 0.147
    },
    "imeetcentral.com": {
      "out": {
        "other": 1
      },
      "score": 0.147
    },
    "twitter.com/2bckc": {
      "out": {
        "other": 1
      },
      "score": 0.147
    },
    "ohnopodcast.com": {
      "out": {
        "other": 1
      },
      "score": 0.147
    },
    "en.wikipedia.org": {
      "out": {
        "other": 1
      },
      "score": 0.147
    },
    "itexpertvoice.com": {
      "out": {
        "other": 1
      },
      "score": 0.147
    },
    "codex.wordpress.org": {
      "out": {
        "other": 1
      },
      "score": 0.147
    },
    "feeds.panoply.fm": {
      "out": {
        "other": 1
      },
      "score": 0.147
    },
    "storify.com": {
      "out": {
        "other": 1
      },
      "score": 0.147
    },
    "www.kickstarter.com": {
      "out": {
        "other": 1
      },
      "score": 0.147
    },
    "lon.identity.api.rackspacecloud.com": {
      "out": {
        "other": 1
      },
      "score": 0.147
    },
    "drone.io": {
      "out": {
        "other": 1
      },
      "score": 0.147
    },
    "twitter.com/DrewCoxSA": {
      "out": {
        "other": 1
      },
      "score": 0.147
    },
    "www.bigleagueweekend.com": {
      "out": {
        "other": 1
      },
      "score": 0.147
    },
    "www.earwolf.com": {
      "out": {
        "other": 1
      },
      "score": 0.147
    },
    "www.season1pod.com": {
      "out": {
        "other": 1
      },
      "score": 0.147
    },
    "technet.microsoft.com": {
      "out": {
        "other": 1
      },
      "score": 0.147
    },
    "portableapps.com": {
      "out": {
        "other": 1
      },
      "score": 0.147
    },
    "www.ranyontheroyals.com": {
      "out": {
        "other": 1
      },
      "score": 0.147
    },
    "www.thisamericanlife.org": {
      "out": {
        "other": 1
      },
      "score": 0.147
    },
    "ifttt.com": {
      "out": {
        "other": 1
      },
      "score": 0.147
    },
    "stackful-dev.com": {
      "out": {
        "other": 1
      },
      "score": 0.147
    },
    "www.macwork.co": {
      "out": {
        "other": 1
      },
      "score": 0.147
    },
    "themoth.org": {
      "out": {
        "other": 1
      },
      "score": 0.147
    },
    "songza.com": {
      "out": {
        "other": 1
      },
      "score": 0.147
    },
    "www.centos.org": {
      "out": {
        "other": 1
      },
      "score": 0.147
    },
    "aptonic.com": {
      "out": {
        "other": 1
      },
      "score": 0.147
    },
    "www.stuffyoushouldknow.com": {
      "out": {
        "other": 1
      },
      "score": 0.147
    }
  }
}