{
  "domain": "alexhartley.withknown.com",
  "urls": [
    "https://withknown.com/"
  ],
  "names": [
    "Known: social publishing for groups and individuals"
  ],
  "descriptions": [
    "Publish blog posts, photos and media to your own site, and syndicate it to your social networks. Keep everything on your own site."
  ],
  "pictures": [
    "https://withknown.com/img/Circle-K_Yel_rounded.png",
    "https://withknown.com/img/home/hero-desk.jpg"
  ],
  "hcard": {},
  "rel_mes": [],
  "tags": [
    "bridgy"
  ],
  "endpoints": {},
  "crawl_start": "2017-05-19T22:44:58.510565",
  "crawl_end": "2017-05-19T22:44:58.510565",
  "links_out": 0,
  "links_in": 3,
  "links": {
    "indieweb.org": {
      "in": {
        "other": 2
      },
      "score": 1
    },
    "chat.indieweb.org": {
      "in": {
        "other": 1
      },
      "score": 0
    }
  }
}