{
  "domain": "alex-cio.de",
  "urls": [
    "http://alex-cio.de/"
  ],
  "names": [
    "Alex Cio"
  ],
  "descriptions": [],
  "pictures": [
    "http://alex-cio.de/myim/alexcio-favicon.png"
  ],
  "hcard": {},
  "rel_mes": [
    "https://twitter.com/xandrucea",
    "https://facebook.com/xandruciocea",
    "https://plus.google.com/+xandrucea",
    "https://instagram.com/xandrucea",
    "https://www.linkedin.com/in/alexandru-ciocea-50b36a100",
    "https://www.reddit.com/user/xandrucea/",
    "https://github.com/xandrucea",
    "https://de.pinterest.com/alexciocea/",
    "http://www.stumbleupon.com/stumbler/alexciocea",
    "http://trainbrainstorm.tumblr.com",
    "https://www.yelp.de/user_details?userid=sgBjVloYqLtvgaFkrXeBPg",
    "http://patreon.com/xandrucea",
    "https://soundcloud.com/xandrucea",
    "https://www.youtube.com/channel/UCvrSVQRl6OE6cw0qu20UuiA",
    "https://nebenan.de/profile/506858",
    "https://www.amazon.de/gp/profile/amzn1.account.AGE3NY6KWMZACALFVZYMTUEK34TQ?ie=UTF8&preview=true"
  ],
  "crawl_start": "2017-05-21T05:02:56",
  "crawl_end": "2017-05-21T05:02:59",
  "num_pages": 10,
  "total_html_size": 228752,
  "servers": [
    "Apache"
  ],
  "tags": [
    "relme"
  ],
  "endpoints": {},
  "links_out": 188,
  "links_in": 2,
  "links": {
    "itunes.apple.com": {
      "out": {
        "other": 36
      },
      "score": 1
    },
    "pixel-maniacs.com": {
      "out": {
        "other": 24
      },
      "score": 0.904
    },
    "www.youtube.com": {
      "out": {
        "other": 14
      },
      "score": 0.778
    },
    "lochmann-apps.de": {
      "out": {
        "other": 12
      },
      "score": 0.743
    },
    "instagram.com": {
      "out": {
        "other": 6
      },
      "score": 0.579
    },
    "de.pinterest.com": {
      "out": {
        "other": 6
      },
      "score": 0.579
    },
    "twitter.com/xandrucea": {
      "out": {
        "other": 6
      },
      "score": 0.579
    },
    "www.google.com": {
      "out": {
        "other": 6
      },
      "score": 0.579
    },
    "containern.org": {
      "out": {
        "other": 6
      },
      "score": 0.579
    },
    "www.stumbleupon.com": {
      "out": {
        "other": 6
      },
      "score": 0.579
    },
    "stackoverflow.com": {
      "out": {
        "other": 6
      },
      "score": 0.579
    },
    "www.linkedin.com": {
      "out": {
        "other": 6
      },
      "score": 0.579
    },
    "plus.google.com/+xandrucea": {
      "out": {
        "other": 6
      },
      "score": 0.579
    },
    "www.yelp.de": {
      "out": {
        "other": 6
      },
      "score": 0.579
    },
    "patreon.com": {
      "out": {
        "other": 6
      },
      "score": 0.579
    },
    "facebook.com/xandruciocea": {
      "out": {
        "other": 6
      },
      "score": 0.579
    },
    "trainbrainstorm.tumblr.com": {
      "out": {
        "other": 6
      },
      "score": 0.579
    },
    "github.com": {
      "out": {
        "other": 6
      },
      "score": 0.579
    },
    "unity3d.com": {
      "out": {
        "other": 6
      },
      "score": 0.579
    },
    "www.reddit.com": {
      "out": {
        "other": 6
      },
      "score": 0.579
    },
    "nebenan.de": {
      "out": {
        "other": 2
      },
      "score": 0.325
    },
    "soundcloud.com": {
      "out": {
        "other": 2
      },
      "score": 0.325
    },
    "www.amazon.de": {
      "out": {
        "other": 2
      },
      "score": 0.325
    },
    "indieweb.org": {
      "in": {
        "other": 2
      },
      "score": 0.162
    }
  }
}