{
  "domain": "alexkearney.com",
  "urls": [
    "http://alexkearney.com/"
  ],
  "names": [
    "Alex Kearney"
  ],
  "descriptions": [],
  "pictures": [],
  "hcard": {},
  "rel_mes": [
    "http://alexkearney.com/hi@alexkearney.com",
    "https://twitter.com/AlexKKearney",
    "https://ca.linkedin.com/pub/alexandra-kearney/52/22/591",
    "https://github.com/Kongaloosh",
    "https://plus.google.com/+AlexandraKearney/"
  ],
  "crawl_start": "2017-06-09T17:33:25",
  "crawl_end": "2017-06-09T17:33:25",
  "num_pages": 1,
  "total_html_size": 23294,
  "servers": [
    "nginx"
  ],
  "tags": [
    "relme"
  ],
  "endpoints": {},
  "links_out": 21,
  "links_in": 245419,
  "links": {
    "kongaloosh.com": {
      "in": {
        "other": 245406
      },
      "out": {
        "other": 1
      },
      "score": 1
    },
    "www.brentwood.bc.ca": {
      "out": {
        "other": 5
      },
      "score": 0.185
    },
    "indieweb.org": {
      "in": {
        "other": 8
      },
      "score": 0.168
    },
    "www.ed.ac.uk": {
      "out": {
        "other": 2
      },
      "score": 0.112
    },
    "www.inf.ed.ac.uk": {
      "out": {
        "other": 1
      },
      "score": 0.0559
    },
    "www.ualberta.ca": {
      "out": {
        "other": 1
      },
      "score": 0.0559
    },
    "github.com": {
      "out": {
        "other": 1
      },
      "score": 0.0559
    },
    "ca.linkedin.com": {
      "out": {
        "other": 1
      },
      "score": 0.0559
    },
    "chat.indieweb.org": {
      "in": {
        "other": 2
      },
      "score": 0.0559
    },
    "www.google.com": {
      "out": {
        "other": 1
      },
      "score": 0.0559
    },
    "www.hannahdee.eu": {
      "out": {
        "other": 1
      },
      "score": 0.0559
    },
    "indeweb.com": {
      "out": {
        "other": 1
      },
      "score": 0.0559
    },
    "apscore.collegeboard.org": {
      "out": {
        "other": 1
      },
      "score": 0.0559
    },
    "twitter.com/AlexKKearney": {
      "out": {
        "other": 1
      },
      "score": 0.0559
    },
    "launch.cs.ualberta.ca": {
      "out": {
        "other": 1
      },
      "score": 0.0559
    },
    "edinburghsocietea.co.uk": {
      "out": {
        "other": 1
      },
      "score": 0.0559
    },
    "hoppers.inf.ed.ac.uk": {
      "out": {
        "other": 1
      },
      "score": 0.0559
    },
    "brid.gy": {
      "in": {
        "other": 2
      },
      "score": 0.0559
    },
    "plus.google.com/+AlexandraKearney": {
      "out": {
        "other": 1
      },
      "score": 0.0559
    },
    "kylewm.com": {
      "in": {
        "other": 1
      },
      "score": 0
    }
  }
}