{
  "domain": "alex.caro.us",
  "urls": [
    "http://alex.caro.us/"
  ],
  "names": [
    "Alexander Caro"
  ],
  "descriptions": [
    "MSc Student"
  ],
  "pictures": [
    "http://alex.caro.us/img/icon.png"
  ],
  "hcard": {},
  "rel_mes": [
    "https://github.com/alexcarous",
    "https://twitter.com/alexcarooo"
  ],
  "crawl_start": "2017-06-09T17:33:25",
  "crawl_end": "2017-06-09T17:33:25",
  "num_pages": 1,
  "total_html_size": 7018,
  "servers": [
    "GitHub.com",
    "Hugo"
  ],
  "tags": [
    "relme"
  ],
  "endpoints": {},
  "links_out": 8,
  "links_in": 2,
  "links": {
    "github.com": {
      "out": {
        "other": 2
      },
      "score": 1
    },
    "indieweb.org": {
      "in": {
        "other": 2
      },
      "score": 0.499
    },
    "twitter.com/alexcarooo": {
      "out": {
        "other": 1
      },
      "score": 0.499
    },
    "keybase.io": {
      "out": {
        "other": 1
      },
      "score": 0.499
    },
    "w.alex.caro.us": {
      "out": {
        "other": 1
      },
      "score": 0.499
    },
    "scholar.google.co.uk": {
      "out": {
        "other": 1
      },
      "score": 0.499
    },
    "gohugo.io": {
      "out": {
        "other": 1
      },
      "score": 0.499
    },
    "linkedin.com": {
      "out": {
        "other": 1
      },
      "score": 0.499
    }
  }
}