{
  "domain": "alexhansford.uk",
  "urls": [
    "https://alexhansford.uk/"
  ],
  "names": [
    "Alex Hansford - Passionate about technology and great digital experiences",
    "Alex Hansford"
  ],
  "descriptions": [
    "Passionate about technology and great digital experiences"
  ],
  "pictures": [
    "https://alexhansford.uk/wp-content/uploads/2016/09/cropped-alexhansford-32x32.jpg",
    "https://alexhansford.uk/wp-content/uploads/2016/09/cropped-alexhansford-192x192.jpg",
    "https://alexhansford.uk/wp-content/uploads/2016/09/ddyqZ5FU.jpg"
  ],
  "hcard": {},
  "rel_mes": [
    "https://twitter.com/alexhansford"
  ],
  "crawl_start": "2017-04-27T07:52:20",
  "crawl_end": "2017-04-27T07:54:21",
  "num_pages": 34,
  "total_html_size": 1114430,
  "servers": [
    "nginx",
    "Apache",
    "WordPress"
  ],
  "mf2_classes": [
    "h-feed",
    "h-as-audio",
    "h-as-article",
    "h-entry"
  ],
  "tags": [
    "relme",
    "bridgy",
    "webmention",
    "micropub",
    "authorization",
    "token",
    "generator",
    "WordPress"
  ],
  "endpoints": {
    "webmention": [
      "https://alexhansford.uk/wp-json/webmention/1.0/endpoint"
    ],
    "micropub": [
      "https://alexhansford.uk/?micropub=endpoint",
      "http://alexhansford.uk/?micropub=endpoint"
    ],
    "authorization": [
      "https://indieauth.com/auth"
    ],
    "token": [
      "https://tokens.indieauth.com/token"
    ],
    "generator": [
      "http://wordpress.org/"
    ]
  },
  "links_out": 337,
  "links_in": 17,
  "links": {
    "www.brid.gy": {
      "out": {
        "other": 46
      },
      "score": 1
    },
    "twitter.com/alexhansford": {
      "out": {
        "other": 42
      },
      "score": 0.980
    },
    "www.theguardian.com": {
      "out": {
        "other": 40
      },
      "score": 0.969
    },
    "imdb.com": {
      "out": {
        "other": 40
      },
      "score": 0.969
    },
    "wordpress.org": {
      "out": {
        "other": 34
      },
      "score": 0.934
    },
    "notizblog.org": {
      "out": {
        "other": 34
      },
      "score": 0.934
    },
    "whispersystems.org": {
      "out": {
        "other": 12
      },
      "score": 0.704
    },
    "www.xbox.com": {
      "out": {
        "other": 10
      },
      "score": 0.664
    },
    "hollywoodhatesme.wordpress.com": {
      "out": {
        "other": 10
      },
      "score": 0.664
    },
    "www.parkrun.org.uk": {
      "out": {
        "other": 10
      },
      "score": 0.664
    },
    "brid.gy": {
      "in": {
        "other": 15
      },
      "score": 0.600
    },
    "www.imdb.com": {
      "out": {
        "other": 7
      },
      "score": 0.584
    },
    "www.bakingmad.com": {
      "out": {
        "other": 7
      },
      "score": 0.584
    },
    "theoatmeal.com": {
      "out": {
        "other": 7
      },
      "score": 0.584
    },
    "www.linkedin.com": {
      "out": {
        "other": 7
      },
      "score": 0.584
    },
    "nordvpn.com": {
      "out": {
        "other": 6
      },
      "score": 0.549
    },
    "dekerivers.wordpress.com": {
      "out": {
        "other": 6
      },
      "score": 0.549
    },
    "quoteinvestigator.com": {
      "out": {
        "other": 6
      },
      "score": 0.549
    },
    "www.torproject.org": {
      "out": {
        "other": 6
      },
      "score": 0.549
    },
    "medium.com": {
      "out": {
        "other": 5
      },
      "score": 0.509
    },
    "twitter.com/wizpip": {
      "out": {
        "other": 2
      },
      "score": 0.308
    },
    "werd.io": {
      "in": {
        "other": 2
      },
      "score": 0.153
    }
  }
}