{
  "domain": "alexarmstrong.net",
  "urls": [
    "http://alexarmstrong.net/"
  ],
  "names": [
    "Alex Armstrong"
  ],
  "descriptions": [
    "Alex Armstrong is a putter togetherer of words & code.\n"
  ],
  "pictures": [],
  "hcard": {},
  "rel_mes": [
    "https://plus.google.com/106509557974710328167/",
    "https://twitter.com/alehandrof",
    "https://github.com/alehandrof",
    "mailto:hello@alexarmstrong.net"
  ],
  "crawl_start": "2017-06-09T17:33:25",
  "crawl_end": "2017-06-09T17:33:46",
  "num_pages": 37,
  "total_html_size": 450704,
  "servers": [
    "Apache (Debian)"
  ],
  "tags": [
    "relme"
  ],
  "endpoints": {},
  "links_out": 233,
  "links_in": 18,
  "links": {
    "twitter.com/alehandrof": {
      "out": {
        "other": 40
      },
      "score": 1
    },
    "github.com": {
      "out": {
        "other": 37
      },
      "score": 0.982
    },
    "twitter.com/intent": {
      "out": {
        "other": 35
      },
      "score": 0.970
    },
    "en.wikipedia.org": {
      "out": {
        "other": 9
      },
      "score": 0.660
    },
    "indieweb.org": {
      "in": {
        "other": 13
      },
      "score": 0.584
    },
    "thedigest.org": {
      "out": {
        "other": 5
      },
      "score": 0.525
    },
    "longplayer.org": {
      "out": {
        "other": 5
      },
      "score": 0.525
    },
    "stackoverflow.com": {
      "out": {
        "other": 4
      },
      "score": 0.475
    },
    "www.youtube.com": {
      "out": {
        "other": 3
      },
      "score": 0.409
    },
    "with.thegra.in": {
      "out": {
        "other": 3
      },
      "score": 0.409
    },
    "www.dhamma.org": {
      "out": {
        "other": 3
      },
      "score": 0.409
    },
    "statamic.com": {
      "out": {
        "other": 3
      },
      "score": 0.409
    },
    "unsplash.com": {
      "out": {
        "other": 3
      },
      "score": 0.409
    },
    "chat.indieweb.org": {
      "in": {
        "other": 5
      },
      "score": 0.368
    },
    "www.nngroup.com": {
      "out": {
        "other": 2
      },
      "score": 0.317
    },
    "bitbucket.org": {
      "out": {
        "other": 2
      },
      "score": 0.317
    },
    "www.theguardian.com": {
      "out": {
        "other": 2
      },
      "score": 0.317
    },
    "www.rainymood.com": {
      "out": {
        "other": 2
      },
      "score": 0.317
    },
    "www.google.com": {
      "out": {
        "other": 2
      },
      "score": 0.317
    },
    "www.amazon.com": {
      "out": {
        "other": 2
      },
      "score": 0.317
    },
    "www.amicalnet.org": {
      "out": {
        "other": 2
      },
      "score": 0.317
    },
    "fran.io": {
      "out": {
        "other": 2
      },
      "score": 0.317
    },
    "coffitivity.com": {
      "out": {
        "other": 2
      },
      "score": 0.317
    },
    "monographic.org": {
      "out": {
        "other": 2
      },
      "score": 0.317
    },
    "www.jazzradio.com": {
      "out": {
        "other": 2
      },
      "score": 0.317
    },
    "www.novolume.co.uk": {
      "out": {
        "other": 2
      },
      "score": 0.317
    },
    "colemak.com": {
      "out": {
        "other": 2
      },
      "score": 0.317
    },
    "brettterpstra.com": {
      "out": {
        "other": 1
      },
      "score": 0.158
    },
    "www.mplayerhq.hu": {
      "out": {
        "other": 1
      },
      "score": 0.158
    },
    "twitter.com/codinghorror": {
      "out": {
        "other": 1
      },
      "score": 0.158
    },
    "2015.amicalnet.org": {
      "out": {
        "other": 1
      },
      "score": 0.158
    },
    "tunein.com": {
      "out": {
        "other": 1
      },
      "score": 0.158
    },
    "www.theparisreview.org": {
      "out": {
        "other": 1
      },
      "score": 0.158
    },
    "www.aerogrammestudio.com": {
      "out": {
        "other": 1
      },
      "score": 0.158
    },
    "www.leancrew.com": {
      "out": {
        "other": 1
      },
      "score": 0.158
    },
    "twitter.com/stevebob": {
      "out": {
        "other": 1
      },
      "score": 0.158
    },
    "www.macdrifter.com": {
      "out": {
        "other": 1
      },
      "score": 0.158
    },
    "24ways.org": {
      "out": {
        "other": 1
      },
      "score": 0.158
    },
    "paulrobertlloyd.com": {
      "out": {
        "other": 1
      },
      "score": 0.158
    },
    "www.urbandictionary.com": {
      "out": {
        "other": 1
      },
      "score": 0.158
    },
    "www.audiodharma.org": {
      "out": {
        "other": 1
      },
      "score": 0.158
    },
    "the-pastry-box-project.net": {
      "out": {
        "other": 1
      },
      "score": 0.158
    },
    "en.wiktionary.org": {
      "out": {
        "other": 1
      },
      "score": 0.158
    },
    "ui-patterns.com": {
      "out": {
        "other": 1
      },
      "score": 0.158
    },
    "twitter.com/edvinicombe": {
      "out": {
        "other": 1
      },
      "score": 0.158
    },
    "www.gnu.org": {
      "out": {
        "other": 1
      },
      "score": 0.158
    },
    "www.imdb.com": {
      "out": {
        "other": 1
      },
      "score": 0.158
    },
    "leancrew.com": {
      "out": {
        "other": 1
      },
      "score": 0.158
    },
    "pqrs.org": {
      "out": {
        "other": 1
      },
      "score": 0.158
    },
    "www.candlerblog.com": {
      "out": {
        "other": 1
      },
      "score": 0.158
    },
    "erikrunyon.com": {
      "out": {
        "other": 1
      },
      "score": 0.158
    },
    "twitter.com/fehler": {
      "out": {
        "other": 1
      },
      "score": 0.158
    },
    "wiki.gnome.org": {
      "out": {
        "other": 1
      },
      "score": 0.158
    },
    "csswizardry.com": {
      "out": {
        "other": 1
      },
      "score": 0.158
    },
    "seeklogo.com": {
      "out": {
        "other": 1
      },
      "score": 0.158
    },
    "ecx.images-amazon.com": {
      "out": {
        "other": 1
      },
      "score": 0.158
    },
    "gitlab.com": {
      "out": {
        "other": 1
      },
      "score": 0.158
    },
    "marc.info": {
      "out": {
        "other": 1
      },
      "score": 0.158
    },
    "sharpkeys.codeplex.com": {
      "out": {
        "other": 1
      },
      "score": 0.158
    },
    "www.economist.com": {
      "out": {
        "other": 1
      },
      "score": 0.158
    },
    "shouldiuseacarousel.com": {
      "out": {
        "other": 1
      },
      "score": 0.158
    },
    "wordcounterapp.com": {
      "out": {
        "other": 1
      },
      "score": 0.158
    },
    "www.google.gr": {
      "out": {
        "other": 1
      },
      "score": 0.158
    },
    "www.nytimes.com": {
      "out": {
        "other": 1
      },
      "score": 0.158
    },
    "twitter.com/potatowire": {
      "out": {
        "other": 1
      },
      "score": 0.158
    },
    "www.howtogeek.com": {
      "out": {
        "other": 1
      },
      "score": 0.158
    },
    "bradfrost.com": {
      "out": {
        "other": 1
      },
      "score": 0.158
    },
    "www.ohow.co": {
      "out": {
        "other": 1
      },
      "score": 0.158
    },
    "gist.github.com": {
      "out": {
        "other": 1
      },
      "score": 0.158
    },
    "xkcd.com": {
      "out": {
        "other": 1
      },
      "score": 0.158
    },
    "about.gitlab.com": {
      "out": {
        "other": 1
      },
      "score": 0.158
    },
    "blog.mahabali.me": {
      "out": {
        "other": 1
      },
      "score": 0.158
    },
    "freshcutwritings.tumblr.com": {
      "out": {
        "other": 1
      },
      "score": 0.158
    },
    "peroty.com": {
      "out": {
        "other": 1
      },
      "score": 0.158
    },
    "rateyourmusic.com": {
      "out": {
        "other": 1
      },
      "score": 0.158
    },
    "this.cm": {
      "out": {
        "other": 1
      },
      "score": 0.158
    },
    "t.co": {
      "out": {
        "other": 1
      },
      "score": 0.158
    },
    "books.google.co.in": {
      "out": {
        "other": 1
      },
      "score": 0.158
    },
    "criticmarkup.com": {
      "out": {
        "other": 1
      },
      "score": 0.158
    },
    "www.npr.org": {
      "out": {
        "other": 1
      },
      "score": 0.158
    },
    "blog.codinghorror.com": {
      "out": {
        "other": 1
      },
      "score": 0.158
    },
    "life.gaiam.com": {
      "out": {
        "other": 1
      },
      "score": 0.158
    },
    "www.autohotkey.com": {
      "out": {
        "other": 1
      },
      "score": 0.158
    },
    "technicaldifficulties.us": {
      "out": {
        "other": 1
      },
      "score": 0.158
    }
  }
}