{
  "domain": "aley.me",
  "urls": [
    "http://aley.me"
  ],
  "names": [
    "Colby Aley",
    "Colby Aley on Svbtle"
  ],
  "descriptions": [
    "Colby Aley | programming + startups / building reflect.io"
  ],
  "pictures": [
    "https://d1yg14i6wd46hx.cloudfront.net/assets/favicon-5ed3591b57f6a4f0d5cb82c6680b33bb1058fe757c71ccb094952824e7e00b17.ico",
    "https://a.svbtleusercontent.com/hZAtBW36IPABZciHrXxtZkmPQA_large.jpg"
  ],
  "hcard": {},
  "rel_mes": [],
  "crawl_start": "2017-06-10T05:43:53",
  "crawl_end": "2017-06-10T05:43:58",
  "num_pages": 9,
  "total_html_size": 116685,
  "servers": [
    "nginx",
    "Svbtle.com"
  ],
  "tags": [],
  "endpoints": {},
  "links_out": 103,
  "links_in": 0,
  "links": {
    "svbtle.com": {
      "out": {
        "other": 63
      },
      "score": 1
    },
    "twitter.com/aley": {
      "out": {
        "other": 22
      },
      "score": 0.781
    },
    "leahweitz.com": {
      "out": {
        "other": 2
      },
      "score": 0.287
    },
    "medium.com": {
      "out": {
        "other": 2
      },
      "score": 0.287
    },
    "www.yubico.com": {
      "out": {
        "other": 1
      },
      "score": 0.143
    },
    "elirubel.wordpress.com": {
      "out": {
        "other": 1
      },
      "score": 0.143
    },
    "agilebits.com": {
      "out": {
        "other": 1
      },
      "score": 0.143
    },
    "blog.codinghorror.com": {
      "out": {
        "other": 1
      },
      "score": 0.143
    },
    "en.wikipedia.org": {
      "out": {
        "other": 1
      },
      "score": 0.143
    },
    "www.caltrain.com": {
      "out": {
        "other": 1
      },
      "score": 0.143
    },
    "www.amazon.com": {
      "out": {
        "other": 1
      },
      "score": 0.143
    },
    "www.wired.com": {
      "out": {
        "other": 1
      },
      "score": 0.143
    },
    "rememberapp.me": {
      "out": {
        "other": 1
      },
      "score": 0.143
    },
    "startupschool.org": {
      "out": {
        "other": 1
      },
      "score": 0.143
    },
    "medium.engineering": {
      "out": {
        "other": 1
      },
      "score": 0.143
    },
    "nedbatchelder.com": {
      "out": {
        "other": 1
      },
      "score": 0.143
    },
    "twitter.com/1Password": {
      "out": {
        "other": 1
      },
      "score": 0.143
    },
    "www.authy.com": {
      "out": {
        "other": 1
      },
      "score": 0.143
    }
  }
}