{
  "domain": "aliensgrin.com",
  "urls": [
    "http://aliensgrin.com/"
  ],
  "names": [
    "Alien's Grin | A tour around my mind. Excuse the mess.",
    "Alien's Grin"
  ],
  "descriptions": [
    "A tour around my mind. Excuse the mess."
  ],
  "pictures": [
    "https://s0.wp.com/i/blank.jpg"
  ],
  "hcard": {},
  "rel_mes": [
    "https://plus.google.com/+IanSlinger/"
  ],
  "crawl_start": "2017-05-07T15:45:14",
  "crawl_end": "2017-05-07T15:48:11",
  "num_pages": 84,
  "total_html_size": 2505415,
  "servers": [
    "cloudflare-nginx",
    "WordPress"
  ],
  "mf2_classes": [
    "h-feed",
    "h-as-reply",
    "h-entry",
    "h-card"
  ],
  "tags": [
    "relme",
    "bridgy",
    "webmention",
    "WordPress"
  ],
  "endpoints": {
    "webmention": [
      "http://aliensgrin.com/wp-json/webmention/1.0/endpoint"
    ]
  },
  "links_out": 1117,
  "links_in": 8,
  "links": {
    "reflectionsonfostercare.com": {
      "out": {
        "other": 91
      },
      "score": 1
    },
    "wordpress.org": {
      "out": {
        "other": 84
      },
      "score": 0.985
    },
    "emilyslingerimaging.com": {
      "out": {
        "other": 84
      },
      "score": 0.985
    },
    "daileyportraits.com.au": {
      "out": {
        "other": 84
      },
      "score": 0.985
    },
    "debislinger.com": {
      "out": {
        "other": 84
      },
      "score": 0.985
    },
    "plus.google.com/+IanSlinger": {
      "out": {
        "other": 84
      },
      "score": 0.985
    },
    "twoswearydads.com": {
      "out": {
        "other": 84
      },
      "score": 0.985
    },
    "en.wikipedia.org": {
      "out": {
        "other": 79
      },
      "score": 0.973
    },
    "plus.google.com/110534003287440210378": {
      "out": {
        "other": 70
      },
      "score": 0.95
    },
    "plus.google.com/s": {
      "out": {
        "other": 50
      },
      "score": 0.887
    },
    "www.youtube.com": {
      "out": {
        "other": 19
      },
      "score": 0.7
    },
    "arstechnica.com": {
      "out": {
        "other": 18
      },
      "score": 0.688
    },
    "www.sciencebasedmedicine.org": {
      "out": {
        "other": 16
      },
      "score": 0.667
    },
    "www.imdb.com": {
      "out": {
        "other": 12
      },
      "score": 0.612
    },
    "aws.amazon.com": {
      "out": {
        "other": 11
      },
      "score": 0.594
    },
    "www.coding2learn.org": {
      "out": {
        "other": 9
      },
      "score": 0.556
    },
    "www.guardian.co.uk": {
      "out": {
        "other": 9
      },
      "score": 0.556
    },
    "www.costumes.com.au": {
      "out": {
        "other": 8
      },
      "score": 0.533
    },
    "www.freepbx.org": {
      "out": {
        "other": 8
      },
      "score": 0.533
    },
    "pbxinaflash.net": {
      "out": {
        "other": 8
      },
      "score": 0.533
    },
    "www.raspberrypi.org": {
      "out": {
        "other": 8
      },
      "score": 0.533
    },
    "www.mvoice.com.au": {
      "out": {
        "other": 8
      },
      "score": 0.533
    },
    "www.asterisk.org": {
      "out": {
        "other": 8
      },
      "score": 0.533
    },
    "facebook.com/1586303703": {
      "out": {
        "other": 7
      },
      "score": 0.508
    },
    "labs.mozilla.com": {
      "out": {
        "other": 6
      },
      "score": 0.477
    },
    "www.austrade.gov.au": {
      "out": {
        "other": 6
      },
      "score": 0.477
    },
    "www.lef.org": {
      "out": {
        "other": 6
      },
      "score": 0.477
    },
    "www.mobilezap.com.au": {
      "out": {
        "other": 6
      },
      "score": 0.477
    },
    "index.docker.io": {
      "out": {
        "other": 6
      },
      "score": 0.477
    },
    "www.webmonkey.com": {
      "out": {
        "other": 6
      },
      "score": 0.477
    },
    "blog.docker.io": {
      "out": {
        "other": 6
      },
      "score": 0.477
    },
    "www.spring.org.uk": {
      "out": {
        "other": 6
      },
      "score": 0.477
    },
    "ian.slingers.org": {
      "out": {
        "other": 6
      },
      "score": 0.477
    },
    "www.docker.io": {
      "out": {
        "other": 6
      },
      "score": 0.477
    },
    "www.vagrantup.com": {
      "out": {
        "other": 6
      },
      "score": 0.477
    },
    "docs.docker.io": {
      "out": {
        "other": 6
      },
      "score": 0.477
    },
    "www.vintagefreeware.com": {
      "out": {
        "other": 5
      },
      "score": 0.442
    },
    "video.google.com": {
      "out": {
        "other": 5
      },
      "score": 0.442
    },
    "www.randi.org": {
      "out": {
        "other": 5
      },
      "score": 0.442
    },
    "www.jasmuheen.com": {
      "out": {
        "other": 5
      },
      "score": 0.442
    },
    "www.breatharian.com": {
      "out": {
        "other": 5
      },
      "score": 0.442
    },
    "rationalwiki.com": {
      "out": {
        "other": 5
      },
      "score": 0.442
    },
    "www.abc.net.au": {
      "out": {
        "other": 5
      },
      "score": 0.442
    },
    "www.ratbags.com": {
      "out": {
        "other": 5
      },
      "score": 0.442
    },
    "www.wired.com": {
      "out": {
        "other": 5
      },
      "score": 0.442
    },
    "documentaryheaven.com": {
      "out": {
        "other": 4
      },
      "score": 0.4
    },
    "brid.gy": {
      "in": {
        "other": 8
      },
      "score": 0.4
    },
    "aso.gov.au": {
      "out": {
        "other": 4
      },
      "score": 0.4
    },
    "blogs.discovermagazine.com": {
      "out": {
        "other": 4
      },
      "score": 0.4
    },
    "www.bulwer-lytton.com": {
      "out": {
        "other": 4
      },
      "score": 0.4
    },
    "www.elgato.com": {
      "out": {
        "other": 4
      },
      "score": 0.4
    },
    "www.spacex.com": {
      "out": {
        "other": 4
      },
      "score": 0.4
    },
    "plus.google.com/110009153791044267013": {
      "out": {
        "other": 3
      },
      "score": 0.344
    },
    "www.skepticblog.org": {
      "out": {
        "other": 3
      },
      "score": 0.344
    },
    "www.nytimes.com": {
      "out": {
        "other": 3
      },
      "score": 0.344
    },
    "www.tbray.org": {
      "out": {
        "other": 3
      },
      "score": 0.344
    },
    "www.highcourtchallenge.com": {
      "out": {
        "other": 3
      },
      "score": 0.344
    },
    "io9.com": {
      "out": {
        "other": 3
      },
      "score": 0.344
    },
    "nerdvittles.com": {
      "out": {
        "other": 2
      },
      "score": 0.267
    },
    "twitter.com/BestOfCloud": {
      "out": {
        "other": 1
      },
      "score": 0.133
    },
    "twitter.com/NerdUno": {
      "out": {
        "other": 1
      },
      "score": 0.133
    },
    "www.fool.com": {
      "out": {
        "other": 1
      },
      "score": 0.133
    },
    "www.zoiper.com": {
      "out": {
        "other": 1
      },
      "score": 0.133
    },
    "wiki.freepbx.org": {
      "out": {
        "other": 1
      },
      "score": 0.133
    },
    "twitter.com/asteriskbot": {
      "out": {
        "other": 1
      },
      "score": 0.133
    },
    "www.snom.com": {
      "out": {
        "other": 1
      },
      "score": 0.133
    },
    "twitter.com/BestAWS": {
      "out": {
        "other": 1
      },
      "score": 0.133
    },
    "twitter.com/Regannc": {
      "out": {
        "other": 1
      },
      "score": 0.133
    },
    "clojure.org": {
      "out": {
        "other": 1
      },
      "score": 0.133
    },
    "twitter.com/miguellinux": {
      "out": {
        "other": 1
      },
      "score": 0.133
    },
    "www.counterpath.com": {
      "out": {
        "other": 1
      },
      "score": 0.133
    },
    "docs.aws.amazon.com": {
      "out": {
        "other": 1
      },
      "score": 0.133
    }
  }
}