{
  "domain": "allieandrand2013.com",
  "urls": [
    "http://allieandrand2013.com/"
  ],
  "names": [
    "Alexandra and Rand: 10-13-13"
  ],
  "descriptions": [],
  "pictures": [],
  "hcard": {},
  "rel_mes": [
    "https://www.facebook.com/rand.huck",
    "https://google.com/+RandHuck"
  ],
  "crawl_start": "2017-06-09T17:33:25",
  "crawl_end": "2017-06-09T17:33:28",
  "num_pages": 7,
  "total_html_size": 19286,
  "servers": [
    "Apache"
  ],
  "tags": [
    "relme"
  ],
  "endpoints": {},
  "links_out": 21,
  "links_in": 0,
  "links": {
    "www.thedorrance.com": {
      "out": {
        "other": 3
      },
      "score": 1
    },
    "www.shineband.com": {
      "out": {
        "other": 2
      },
      "score": 0.777
    },
    "www.eatwicked.com": {
      "out": {
        "other": 1
      },
      "score": 0.387
    },
    "www.omnihotels.com": {
      "out": {
        "other": 1
      },
      "score": 0.387
    },
    "waterfire.org": {
      "out": {
        "other": 1
      },
      "score": 0.387
    },
    "hamptoninn3.hilton.com": {
      "out": {
        "other": 1
      },
      "score": 0.387
    },
    "www3.hilton.com": {
      "out": {
        "other": 1
      },
      "score": 0.387
    },
    "www.myregistry.com": {
      "out": {
        "other": 1
      },
      "score": 0.387
    },
    "www.potterybarn.com": {
      "out": {
        "other": 1
      },
      "score": 0.387
    },
    "www.crateandbarrel.com": {
      "out": {
        "other": 1
      },
      "score": 0.387
    },
    "www.rockstarlimo.net": {
      "out": {
        "other": 1
      },
      "score": 0.387
    },
    "www.crosstownpress.com": {
      "out": {
        "other": 1
      },
      "score": 0.387
    },
    "www.marriott.com": {
      "out": {
        "other": 1
      },
      "score": 0.387
    },
    "www.hotelprovidence.com": {
      "out": {
        "other": 1
      },
      "score": 0.387
    },
    "www.google.com": {
      "out": {
        "other": 1
      },
      "score": 0.387
    },
    "cherryhillflorist.net": {
      "out": {
        "other": 1
      },
      "score": 0.387
    },
    "www.bedbathandbeyond.com": {
      "out": {
        "other": 1
      },
      "score": 0.387
    },
    "www.providencebiltmore.com": {
      "out": {
        "other": 1
      },
      "score": 0.387
    }
  }
}