{
  "domain": "altplatform.org",
  "urls": [
    "http://altplatform.org/"
  ],
  "names": [
    "AltPlatform – A non-profit tech blog about the Open Web",
    "AltPlatform"
  ],
  "descriptions": [
    "A non-profit tech blog about the Open Web"
  ],
  "pictures": [
    "https://s0.wp.com/i/blank.jpg"
  ],
  "hcard": {},
  "rel_mes": [],
  "crawl_start": "2017-06-07T18:54:14",
  "crawl_end": "2017-06-07T18:54:33",
  "num_pages": 42,
  "total_html_size": 1585994,
  "servers": [
    "Apache",
    "WordPress"
  ],
  "mf2_classes": [
    "h-card",
    "h-entry"
  ],
  "tags": [
    "community",
    "WordPress"
  ],
  "endpoints": {},
  "links_out": 692,
  "links_in": 0,
  "links": {
    "en.wikipedia.org": {
      "out": {
        "other": 68
      },
      "score": 1
    },
    "wordpress.org": {
      "out": {
        "other": 42
      },
      "score": 0.902
    },
    "daggerfs.com": {
      "out": {
        "other": 34
      },
      "score": 0.859
    },
    "blogs.nvidia.com": {
      "out": {
        "other": 30
      },
      "score": 0.833
    },
    "ethereum.org": {
      "out": {
        "other": 18
      },
      "score": 0.729
    },
    "developer.nvidia.com": {
      "out": {
        "other": 17
      },
      "score": 0.719
    },
    "www.tensorflow.org": {
      "out": {
        "other": 17
      },
      "score": 0.719
    },
    "www.engadget.com": {
      "out": {
        "other": 17
      },
      "score": 0.719
    },
    "www.ngrams.info": {
      "out": {
        "other": 17
      },
      "score": 0.719
    },
    "torch.ch": {
      "out": {
        "other": 17
      },
      "score": 0.719
    },
    "caffe.berkeleyvision.org": {
      "out": {
        "other": 17
      },
      "score": 0.719
    },
    "caffe2.ai": {
      "out": {
        "other": 17
      },
      "score": 0.719
    },
    "www.image-net.org": {
      "out": {
        "other": 17
      },
      "score": 0.719
    },
    "cleantechnica.com": {
      "out": {
        "other": 17
      },
      "score": 0.719
    },
    "deeplearning.net": {
      "out": {
        "other": 17
      },
      "score": 0.719
    },
    "App.net": {
      "out": {
        "other": 15
      },
      "score": 0.692
    },
    "1999.io": {
      "out": {
        "other": 15
      },
      "score": 0.692
    },
    "mastodon.social": {
      "out": {
        "other": 15
      },
      "score": 0.692
    },
    "filecoin.io": {
      "out": {
        "other": 13
      },
      "score": 0.664
    },
    "prisma-ai.com": {
      "out": {
        "other": 13
      },
      "score": 0.664
    },
    "a16z.com": {
      "out": {
        "other": 13
      },
      "score": 0.664
    },
    "ipfs.io": {
      "out": {
        "other": 13
      },
      "score": 0.664
    },
    "zachbeauvais.com": {
      "out": {
        "other": 10
      },
      "score": 0.611
    },
    "emresokullu.com": {
      "out": {
        "other": 10
      },
      "score": 0.611
    },
    "hoverkitty.com": {
      "out": {
        "other": 10
      },
      "score": 0.611
    },
    "www.kickstarter.com": {
      "out": {
        "other": 10
      },
      "score": 0.611
    },
    "readwrite.com": {
      "out": {
        "other": 10
      },
      "score": 0.611
    },
    "grou.ps": {
      "out": {
        "other": 10
      },
      "score": 0.611
    },
    "richardmacmanus.com": {
      "out": {
        "other": 10
      },
      "score": 0.611
    },
    "webimagecapture.com": {
      "out": {
        "other": 10
      },
      "score": 0.611
    },
    "about.me": {
      "out": {
        "other": 10
      },
      "score": 0.611
    },
    "www.cnbc.com": {
      "out": {
        "other": 10
      },
      "score": 0.611
    },
    "refind.com": {
      "out": {
        "other": 10
      },
      "score": 0.611
    },
    "batchgeo.com": {
      "out": {
        "other": 10
      },
      "score": 0.611
    },
    "www.theguardian.com": {
      "out": {
        "other": 9
      },
      "score": 0.589
    },
    "www.altplatform.org": {
      "out": {
        "other": 9
      },
      "score": 0.589
    },
    "www.nytimes.com": {
      "out": {
        "other": 9
      },
      "score": 0.589
    },
    "z.cash": {
      "out": {
        "other": 5
      },
      "score": 0.468
    },
    "litecoin.org": {
      "out": {
        "other": 5
      },
      "score": 0.468
    },
    "www.thestar.com.my": {
      "out": {
        "other": 5
      },
      "score": 0.468
    },
    "micro.blog": {
      "out": {
        "other": 5
      },
      "score": 0.468
    },
    "ripple.com": {
      "out": {
        "other": 5
      },
      "score": 0.468
    },
    "bitcoin.org": {
      "out": {
        "other": 5
      },
      "score": 0.468
    },
    "www.openhub.net": {
      "out": {
        "other": 5
      },
      "score": 0.468
    },
    "1999bloggers.andysylvester.com": {
      "out": {
        "other": 5
      },
      "score": 0.468
    },
    "www.wired.com": {
      "out": {
        "other": 5
      },
      "score": 0.468
    },
    "localbitcoins.com": {
      "out": {
        "other": 5
      },
      "score": 0.468
    },
    "identi.ca": {
      "out": {
        "other": 5
      },
      "score": 0.468
    },
    "Identi.ca": {
      "out": {
        "other": 5
      },
      "score": 0.468
    },
    "siliconflorist.com": {
      "out": {
        "other": 5
      },
      "score": 0.468
    },
    "scripting.com": {
      "out": {
        "other": 5
      },
      "score": 0.468
    },
    "reederapp.com": {
      "out": {
        "other": 5
      },
      "score": 0.468
    },
    "coinbase.com": {
      "out": {
        "other": 5
      },
      "score": 0.468
    },
    "www.w3.org": {
      "out": {
        "other": 5
      },
      "score": 0.468
    },
    "groups-inc.com": {
      "out": {
        "other": 1
      },
      "score": 0.141
    }
  }
}