{
  "domain": "altsalt.net",
  "urls": [
    "http://www.altsalt.net/"
  ],
  "names": [
    "The Alt World of Salt /?/ altSalt"
  ],
  "descriptions": [
    "Kilted Globetrotter, Free/Libre/Open Advocate, and Lifelong Hacker"
  ],
  "pictures": [
    "http://www.altsalt.net/resources/resources/favicon.ico",
    "http://www.altsalt.net/resources/favicon.ico",
    "http://www.altsalt.net/resources/favicon.png"
  ],
  "hcard": {},
  "rel_mes": [
    "http://www.altsalt.net/Facebook",
    "http://www.altsalt.net/GooglePlus",
    "http://www.altsalt.net/Twitter",
    "http://www.altsalt.net/LinkedIn",
    "http://www.altsalt.net/Meetup",
    "http://www.altsalt.net/CouchSurfing",
    "http://www.altsalt.net/BeWelcome",
    "http://www.altsalt.net/AirBnB",
    "http://www.altsalt.net/TripAdvisor",
    "http://www.altsalt.net/Amazon",
    "http://www.altsalt.net/Snowdrift",
    "http://www.altsalt.net/Wikipedia",
    "http://www.altsalt.net/GitHub",
    "http://www.altsalt.net/Keybase",
    "http://www.altsalt.net/GPG",
    "irc://irc.freenode.net/##altsalt",
    "https://github.com/altsalt"
  ],
  "tags": [
    "relme",
    "IRC"
  ],
  "endpoints": {},
  "crawl_start": "2017-05-19T22:45:07.862365",
  "crawl_end": "2017-05-19T22:45:07.862365",
  "links_out": 0,
  "links_in": 846,
  "links": {
    "indieweb.org": {
      "in": {
        "other": 466
      },
      "score": 1
    },
    "chat.indieweb.org": {
      "in": {
        "other": 380
      },
      "score": 0.967
    }
  }
}