{
  "domain": "amandamaclean.com",
  "urls": [
    "http://amandamaclean.com/"
  ],
  "names": [
    " Amanda MacLean "
  ],
  "descriptions": [],
  "pictures": [],
  "hcard": {},
  "rel_mes": [
    "https://twitter.com/macleaney"
  ],
  "crawl_start": "2017-06-09T17:33:25",
  "crawl_end": "2017-06-09T17:33:25",
  "num_pages": 1,
  "total_html_size": 1680,
  "servers": [
    "Apache"
  ],
  "tags": [
    "relme"
  ],
  "endpoints": {},
  "links_out": 3,
  "links_in": 71,
  "links": {
    "gregorlove.com": {
      "in": {
        "other": 54
      },
      "score": 1
    },
    "indieweb.org": {
      "in": {
        "other": 14
      },
      "score": 0.662
    },
    "chat.indieweb.org": {
      "in": {
        "other": 3
      },
      "score": 0.276
    },
    "amandamaclean.wordpress.com": {
      "out": {
        "other": 1
      },
      "score": 0.174
    },
    "www.reverbnation.com": {
      "out": {
        "other": 1
      },
      "score": 0.174
    },
    "photos.amandamaclean.com": {
      "out": {
        "other": 1
      },
      "score": 0.174
    }
  }
}