{
  "domain": "amberwilson.co.uk",
  "urls": [
    "https://amberwilson.co.uk/",
    "https://amberwilson.co.uk"
  ],
  "names": [
    "Amber Wilson"
  ],
  "descriptions": [
    "By Amber Wilson",
    "Since I was little, I've been fascinated by nature and design. Stick me in a pretty spot outdoors and I will be content for hours appreciating the designs nature has to offer."
  ],
  "pictures": [],
  "hcard": {
    "properties": {
      "email": [
        "mailto:ambrwlsn90@gmail.com"
      ],
      "name": [
        "Amber Wilson"
      ],
      "url": [
        "https://amberwilson.co.uk/"
      ]
    },
    "type": [
      "h-card"
    ]
  },
  "rel_mes": [
    "https://amberwilson.co.uk/",
    "mailto:ambrwlsn90@gmail.com",
    "https://twitter.com/ambrwlsn90",
    "https://www.linkedin.com/in/amber-wilson-6b287751/",
    "https://github.com/ambrwlsn"
  ],
  "crawl_start": "2017-05-22T14:52:37",
  "crawl_end": "2017-05-22T14:52:51",
  "num_pages": 52,
  "total_html_size": 415482,
  "servers": [
    "nginx"
  ],
  "mf2_classes": [
    "h-entry",
    "h-feed",
    "h-card"
  ],
  "tags": [
    "relme"
  ],
  "endpoints": {},
  "links_out": 428,
  "links_in": 1522,
  "links": {
    "adactio.com": {
      "in": {
        "other": 1269,
        "bookmark-of": 199
      },
      "out": {
        "other": 22
      },
      "score": 1
    },
    "jothut.com": {
      "in": {
        "other": 45
      },
      "score": 0.512
    },
    "www.youtube.com": {
      "out": {
        "other": 22
      },
      "score": 0.508
    },
    "codebar.io": {
      "out": {
        "other": 18
      },
      "score": 0.481
    },
    "clearleft.com": {
      "out": {
        "other": 14
      },
      "score": 0.448
    },
    "youtu.be": {
      "out": {
        "other": 8
      },
      "score": 0.372
    },
    "developer.mozilla.org": {
      "out": {
        "other": 8
      },
      "score": 0.372
    },
    "microformats.org": {
      "out": {
        "other": 8
      },
      "score": 0.372
    },
    "indieweb.org": {
      "out": {
        "other": 6
      },
      "in": {
        "other": 2
      },
      "score": 0.355
    },
    "en.wikipedia.org": {
      "out": {
        "other": 6
      },
      "score": 0.333
    },
    "css-tricks.com": {
      "out": {
        "other": 6
      },
      "score": 0.333
    },
    "twitter.com/ambrwlsn90": {
      "out": {
        "other": 6
      },
      "score": 0.333
    },
    "medium.com": {
      "out": {
        "other": 6
      },
      "score": 0.333
    },
    "blog": {
      "out": {
        "other": 6
      },
      "score": 0.333
    },
    "web.material.is": {
      "out": {
        "other": 6
      },
      "score": 0.333
    },
    "twitter.com/jkphl": {
      "out": {
        "other": 6
      },
      "score": 0.333
    },
    "flic.kr": {
      "out": {
        "other": 4
      },
      "score": 0.280
    },
    "blog.prototypr.io": {
      "out": {
        "other": 4
      },
      "score": 0.280
    },
    "tourism.brighton.co.uk": {
      "out": {
        "other": 4
      },
      "score": 0.280
    },
    "twitter.com/Lottejackson": {
      "out": {
        "other": 4
      },
      "score": 0.280
    },
    "patternsday.com": {
      "out": {
        "other": 4
      },
      "score": 0.280
    },
    "cssgridgarden.com": {
      "out": {
        "other": 4
      },
      "score": 0.280
    },
    "t.co": {
      "out": {
        "other": 4
      },
      "score": 0.280
    },
    "brighton.streetmapof.co.uk": {
      "out": {
        "other": 4
      },
      "score": 0.280
    },
    "brightonandhovespeakersclub.com": {
      "out": {
        "other": 4
      },
      "score": 0.280
    },
    "www.cim.co.uk": {
      "out": {
        "other": 4
      },
      "score": 0.280
    },
    "gmail.com": {
      "out": {
        "other": 4
      },
      "score": 0.280
    },
    "2017.render-conf.com": {
      "out": {
        "other": 4
      },
      "score": 0.280
    },
    "flukeout.github.io": {
      "out": {
        "other": 4
      },
      "score": 0.280
    },
    "www.standardista.com": {
      "out": {
        "other": 4
      },
      "score": 0.280
    },
    "en.mastersinleiden.nl": {
      "out": {
        "other": 4
      },
      "score": 0.280
    },
    "github.com": {
      "out": {
        "other": 4
      },
      "score": 0.280
    },
    "medium.freecodecamp.com": {
      "out": {
        "other": 4
      },
      "score": 0.280
    },
    "resilientwebdesign.com": {
      "out": {
        "other": 4
      },
      "score": 0.280
    },
    "twitter.com/CodebarBrighton": {
      "out": {
        "other": 4
      },
      "score": 0.280
    },
    "www.scribd.com": {
      "out": {
        "other": 4
      },
      "score": 0.280
    },
    "jkphl.is": {
      "in": {
        "other": 6
      },
      "score": 0.241
    },
    "oocss.org": {
      "out": {
        "other": 2
      },
      "score": 0.187
    },
    "uxplanet.org": {
      "out": {
        "other": 2
      },
      "score": 0.187
    },
    "www.wendyweisstranslations.co.uk": {
      "out": {
        "other": 2
      },
      "score": 0.187
    },
    "www.thebeachguide.co.uk": {
      "out": {
        "other": 2
      },
      "score": 0.187
    },
    "robertheaton.com": {
      "out": {
        "other": 2
      },
      "score": 0.187
    },
    "www.instantssl.com": {
      "out": {
        "other": 2
      },
      "score": 0.187
    },
    "www.churchillsquare.com": {
      "out": {
        "other": 2
      },
      "score": 0.187
    },
    "www.penguin.co.uk": {
      "out": {
        "other": 2
      },
      "score": 0.187
    },
    "www.visitbrighton.com": {
      "out": {
        "other": 2
      },
      "score": 0.187
    },
    "twitter.com/adactio": {
      "out": {
        "other": 2
      },
      "score": 0.187
    },
    "validator.w3.org": {
      "out": {
        "other": 2
      },
      "score": 0.187
    },
    "preparingtotalk": {
      "out": {
        "other": 2
      },
      "score": 0.187
    },
    "www.buses.co.uk": {
      "out": {
        "other": 2
      },
      "score": 0.187
    },
    "twitter.com/lara_hogan": {
      "out": {
        "other": 2
      },
      "score": 0.187
    },
    "www.wallaceandgromit.com": {
      "out": {
        "other": 2
      },
      "score": 0.187
    },
    "btconf": {
      "out": {
        "other": 2
      },
      "score": 0.187
    },
    "cookies": {
      "out": {
        "other": 2
      },
      "score": 0.187
    },
    "2017.uxlondon.com": {
      "out": {
        "other": 2
      },
      "score": 0.187
    },
    "twitter.com/LadiesThatUX_Br": {
      "out": {
        "other": 2
      },
      "score": 0.187
    },
    "100.aaronparecki.com": {
      "out": {
        "other": 2
      },
      "score": 0.187
    },
    "twitter.com/GA_London": {
      "out": {
        "other": 2
      },
      "score": 0.187
    },
    "flexbox.io": {
      "out": {
        "other": 2
      },
      "score": 0.187
    },
    "www.sklepynawyspach.co.uk": {
      "out": {
        "other": 2
      },
      "score": 0.187
    },
    "developers.google.com": {
      "out": {
        "other": 2
      },
      "score": 0.187
    },
    "ux-curriculum": {
      "out": {
        "other": 2
      },
      "score": 0.187
    },
    "beyondtellerrand.com": {
      "out": {
        "other": 2
      },
      "score": 0.187
    },
    "www.fqpbrighton.net": {
      "out": {
        "other": 2
      },
      "score": 0.187
    },
    "www.royalpaviliongardens.co.uk": {
      "out": {
        "other": 2
      },
      "score": 0.187
    },
    "twitter.com/WeSpringForward": {
      "out": {
        "other": 2
      },
      "score": 0.187
    },
    "carnes.cc": {
      "out": {
        "other": 2
      },
      "score": 0.187
    },
    "www.colorfonts.wtf": {
      "out": {
        "other": 2
      },
      "score": 0.187
    },
    "brightonpier.co.uk": {
      "out": {
        "other": 2
      },
      "score": 0.187
    },
    "tutorials.codebar.io": {
      "out": {
        "other": 2
      },
      "score": 0.187
    },
    "www.whatarecookies.com": {
      "out": {
        "other": 2
      },
      "score": 0.187
    },
    "brighton.open-closed.co.uk": {
      "out": {
        "other": 2
      },
      "score": 0.187
    },
    "ladiesthatux.com": {
      "out": {
        "other": 2
      },
      "score": 0.187
    },
    "abookapart.com": {
      "out": {
        "other": 2
      },
      "score": 0.187
    },
    "www.linkedin.com": {
      "out": {
        "other": 2
      },
      "score": 0.187
    },
    "www.pyladies.com": {
      "out": {
        "other": 2
      },
      "score": 0.187
    },
    "resources.infosecinstitute.com": {
      "out": {
        "other": 2
      },
      "score": 0.187
    },
    "twitter.com/pmddomingos": {
      "out": {
        "other": 2
      },
      "score": 0.187
    },
    "fontfaceobserver.com": {
      "out": {
        "other": 2
      },
      "score": 0.187
    },
    "www.webopedia.com": {
      "out": {
        "other": 2
      },
      "score": 0.187
    },
    "campus.codeschool.com": {
      "out": {
        "other": 2
      },
      "score": 0.187
    },
    "www.mybrightonandhove.org.uk": {
      "out": {
        "other": 2
      },
      "score": 0.187
    },
    "brightonmarina.co.uk": {
      "out": {
        "other": 2
      },
      "score": 0.187
    },
    "wilt13april": {
      "out": {
        "other": 2
      },
      "score": 0.187
    },
    "www.lewes.co.uk": {
      "out": {
        "other": 2
      },
      "score": 0.187
    },
    "www.w3schools.com": {
      "out": {
        "other": 2
      },
      "score": 0.187
    },
    "codeschool.com": {
      "out": {
        "other": 2
      },
      "score": 0.187
    },
    "polskiesmakibrighton.com": {
      "out": {
        "other": 2
      },
      "score": 0.187
    },
    "tel": {
      "out": {
        "other": 2
      },
      "score": 0.187
    },
    "twitter.com/anabalica": {
      "out": {
        "other": 2
      },
      "score": 0.187
    },
    "www.nngroup.com": {
      "out": {
        "other": 2
      },
      "score": 0.187
    },
    "getvspost": {
      "out": {
        "other": 2
      },
      "score": 0.187
    },
    "ideas": {
      "out": {
        "other": 2
      },
      "score": 0.187
    },
    "openlibrary.org": {
      "out": {
        "other": 2
      },
      "score": 0.187
    },
    "storytelling": {
      "out": {
        "other": 2
      },
      "score": 0.187
    },
    "www.uxcampbrighton.org": {
      "out": {
        "other": 2
      },
      "score": 0.187
    },
    "internetingishard.com": {
      "out": {
        "other": 2
      },
      "score": 0.187
    },
    "html5forwebdesigners.com": {
      "out": {
        "other": 2
      },
      "score": 0.187
    },
    "twitter.com/aaronpk": {
      "out": {
        "other": 2
      },
      "score": 0.187
    },
    "twitter.com/briansuda": {
      "out": {
        "other": 2
      },
      "score": 0.187
    },
    "amberwilson.co.ul": {
      "out": {
        "other": 2
      },
      "score": 0.187
    },
    "www.w3.org": {
      "out": {
        "other": 2
      },
      "score": 0.187
    },
    "markup-masterclass": {
      "out": {
        "other": 2
      },
      "score": 0.187
    },
    "www.imdb.com": {
      "out": {
        "other": 2
      },
      "score": 0.187
    },
    "gifpage": {
      "out": {
        "other": 2
      },
      "score": 0.187
    },
    "twitter.com/notthepoint": {
      "out": {
        "other": 2
      },
      "score": 0.187
    },
    "optimizilla.com": {
      "out": {
        "other": 2
      },
      "score": 0.187
    },
    "cards-dev.twitter.com": {
      "out": {
        "other": 2
      },
      "score": 0.187
    },
    "visitlondonroad.co.uk": {
      "out": {
        "other": 2
      },
      "score": 0.187
    },
    "httpspoem": {
      "out": {
        "other": 2
      },
      "score": 0.187
    },
    "projects": {
      "out": {
        "other": 2
      },
      "score": 0.187
    },
    "www.lukew.com": {
      "out": {
        "other": 2
      },
      "score": 0.187
    },
    "amber.atom": {
      "out": {
        "other": 2
      },
      "score": 0.187
    },
    "twitter.com/hashtag": {
      "out": {
        "other": 2
      },
      "score": 0.187
    },
    "twitter.com/juliandoesstuff": {
      "out": {
        "other": 2
      },
      "score": 0.187
    },
    "twitter.com/HannahFButcher": {
      "out": {
        "other": 2
      },
      "score": 0.187
    },
    "wespringforward.com": {
      "out": {
        "other": 2
      },
      "score": 0.187
    },
    "freecodecamp.com": {
      "out": {
        "other": 2
      },
      "score": 0.187
    },
    "webvsinternet": {
      "out": {
        "other": 2
      },
      "score": 0.187
    },
    "twitter.com/MiriamIsaacDsgn": {
      "out": {
        "other": 2
      },
      "score": 0.187
    },
    "twitter.com/clearleft": {
      "out": {
        "other": 2
      },
      "score": 0.187
    },
    "generalassemb.ly": {
      "out": {
        "other": 2
      },
      "score": 0.187
    },
    "mentorship": {
      "out": {
        "other": 2
      },
      "score": 0.187
    },
    "podcasts": {
      "out": {
        "other": 2
      },
      "score": 0.187
    },
    "www.bascltd.co.uk": {
      "out": {
        "other": 2
      },
      "score": 0.187
    },
    "caniuse.com": {
      "out": {
        "other": 2
      },
      "score": 0.187
    },
    "germanytrip": {
      "out": {
        "other": 2
      },
      "score": 0.187
    },
    "visual.ly": {
      "out": {
        "other": 2
      },
      "score": 0.187
    },
    "www.hove.co.uk": {
      "out": {
        "other": 2
      },
      "score": 0.187
    },
    "designingforperformance.com": {
      "out": {
        "other": 2
      },
      "score": 0.187
    },
    "mobilefirst": {
      "out": {
        "other": 2
      },
      "score": 0.187
    },
    "twitter.com/hannahfbutcher": {
      "out": {
        "other": 2
      },
      "score": 0.187
    },
    "twitter.com/rosaemerald": {
      "out": {
        "other": 2
      },
      "score": 0.187
    },
    "typographica.org": {
      "out": {
        "other": 2
      },
      "score": 0.187
    },
    "www.brighton-racecourse.co.uk": {
      "out": {
        "other": 2
      },
      "score": 0.187
    },
    "twitter.com/cassiecodes": {
      "out": {
        "other": 2
      },
      "score": 0.187
    },
    "www.thisbrighton.co.uk": {
      "out": {
        "other": 2
      },
      "score": 0.187
    },
    "chat.indieweb.org": {
      "in": {
        "other": 1
      },
      "score": 0
    }
  }
}