{
  "domain": "amirchaudhry.com",
  "urls": [
    "http://amirchaudhry.com/"
  ],
  "names": [
    "Amir Chaudhry - thoughts, comments & general ramblings"
  ],
  "descriptions": [
    "Amir Chaudhry's website"
  ],
  "pictures": [
    "http://amirchaudhry.com/icons/favicon.png",
    "http://amirchaudhry.com/icons/favicon.ico"
  ],
  "hcard": {},
  "rel_mes": [
    "https://twitter.com/amirmc",
    "https://github.com/amirmc"
  ],
  "crawl_start": "2017-06-09T17:33:25",
  "crawl_end": "2017-06-09T17:34:05",
  "num_pages": 83,
  "total_html_size": 1056247,
  "servers": [
    "GitHub.com"
  ],
  "tags": [
    "relme"
  ],
  "endpoints": {},
  "links_out": 947,
  "links_in": 26,
  "links": {
    "github.com": {
      "out": {
        "other": 163
      },
      "score": 1
    },
    "twitter.com/amirmc": {
      "out": {
        "other": 88
      },
      "score": 0.893
    },
    "news.ycombinator.com": {
      "out": {
        "other": 85
      },
      "score": 0.888
    },
    "www.linkedin.com": {
      "out": {
        "other": 81
      },
      "score": 0.879
    },
    "nymote.org": {
      "out": {
        "other": 29
      },
      "score": 0.701
    },
    "ocaml.org": {
      "out": {
        "other": 21
      },
      "score": 0.646
    },
    "en.wikipedia.org": {
      "out": {
        "other": 21
      },
      "score": 0.646
    },
    "mirage.io": {
      "out": {
        "other": 17
      },
      "score": 0.610
    },
    "opam.ocaml.org": {
      "out": {
        "other": 15
      },
      "score": 0.587
    },
    "openmirage.org": {
      "out": {
        "other": 14
      },
      "score": 0.575
    },
    "lists.ocaml.org": {
      "out": {
        "other": 13
      },
      "score": 0.563
    },
    "unikernel.org": {
      "out": {
        "other": 12
      },
      "score": 0.549
    },
    "devel.unikernel.org": {
      "out": {
        "other": 10
      },
      "score": 0.518
    },
    "lists.xenproject.org": {
      "out": {
        "other": 10
      },
      "score": 0.518
    },
    "www.cl.cam.ac.uk": {
      "out": {
        "other": 10
      },
      "score": 0.518
    },
    "blog.docker.com": {
      "out": {
        "other": 10
      },
      "score": 0.518
    },
    "99designs.co.uk": {
      "out": {
        "other": 8
      },
      "score": 0.478
    },
    "ollehost.dk": {
      "in": {
        "other": 16
      },
      "score": 0.478
    },
    "foundation.zurb.com": {
      "out": {
        "other": 6
      },
      "score": 0.428
    },
    "ownme.ipredator.se": {
      "out": {
        "other": 6
      },
      "score": 0.428
    },
    "www.docker.com": {
      "out": {
        "other": 5
      },
      "score": 0.397
    },
    "www.youtube.com": {
      "out": {
        "other": 5
      },
      "score": 0.397
    },
    "caml.inria.fr": {
      "out": {
        "other": 5
      },
      "score": 0.397
    },
    "anil.recoil.org": {
      "out": {
        "other": 5
      },
      "score": 0.397
    },
    "www.informationisbeautiful.net": {
      "out": {
        "other": 5
      },
      "score": 0.397
    },
    "www.skjegstad.com": {
      "out": {
        "other": 5
      },
      "score": 0.397
    },
    "www.somerandomidiot.com": {
      "out": {
        "other": 5
      },
      "score": 0.397
    },
    "roscidus.com": {
      "out": {
        "other": 4
      },
      "score": 0.359
    },
    "nqsb.io": {
      "out": {
        "other": 4
      },
      "score": 0.359
    },
    "seedcamp.com": {
      "out": {
        "other": 4
      },
      "score": 0.359
    },
    "www.lpw25.net": {
      "out": {
        "other": 4
      },
      "score": 0.359
    },
    "www.flickr.com": {
      "out": {
        "other": 4
      },
      "score": 0.359
    },
    "pw374.github.io": {
      "out": {
        "other": 4
      },
      "score": 0.359
    },
    "www.svc2uk.com": {
      "out": {
        "other": 4
      },
      "score": 0.359
    },
    "gazagnaire.org": {
      "out": {
        "other": 4
      },
      "score": 0.359
    },
    "vimeo.com": {
      "out": {
        "other": 4
      },
      "score": 0.359
    },
    "www.mashical.com": {
      "out": {
        "other": 4
      },
      "score": 0.359
    },
    "ocsigen.org": {
      "out": {
        "other": 3
      },
      "score": 0.309
    },
    "getbootstrap.com": {
      "out": {
        "other": 3
      },
      "score": 0.309
    },
    "twitter.com": {
      "out": {
        "other": 3
      },
      "score": 0.309
    },
    "erratique.ch": {
      "out": {
        "other": 3
      },
      "score": 0.309
    },
    "travis-ci.org": {
      "out": {
        "other": 3
      },
      "score": 0.309
    },
    "www.guardian.co.uk": {
      "out": {
        "other": 3
      },
      "score": 0.309
    },
    "indieweb.org": {
      "in": {
        "other": 6
      },
      "score": 0.309
    },
    "fpdays.net": {
      "out": {
        "other": 3
      },
      "score": 0.309
    },
    "launchpad.net": {
      "out": {
        "other": 3
      },
      "score": 0.309
    },
    "docs.travis-ci.com": {
      "out": {
        "other": 3
      },
      "score": 0.309
    },
    "philippewang.info": {
      "out": {
        "other": 3
      },
      "score": 0.309
    },
    "decks.openmirage.org": {
      "out": {
        "other": 3
      },
      "score": 0.309
    },
    "www.meetup.com": {
      "out": {
        "other": 3
      },
      "score": 0.309
    },
    "help.github.com": {
      "out": {
        "other": 3
      },
      "score": 0.309
    },
    "jekyllbootstrap.com": {
      "out": {
        "other": 3
      },
      "score": 0.309
    },
    "ashishagarwal.org": {
      "out": {
        "other": 2
      },
      "score": 0.240
    },
    "honeybeeinthecity.blogspot.com": {
      "out": {
        "other": 2
      },
      "score": 0.240
    },
    "hub.docker.com": {
      "out": {
        "other": 2
      },
      "score": 0.240
    },
    "media.ccc.de": {
      "out": {
        "other": 2
      },
      "score": 0.240
    },
    "www.besthealthdegrees.com": {
      "out": {
        "other": 2
      },
      "score": 0.240
    },
    "blobs.openmirage.org": {
      "out": {
        "other": 2
      },
      "score": 0.240
    },
    "hubofallthings.com": {
      "out": {
        "other": 2
      },
      "score": 0.240
    },
    "twitter.com/mindypreston": {
      "out": {
        "other": 2
      },
      "score": 0.240
    },
    "geekandpoke.typepad.com": {
      "out": {
        "other": 2
      },
      "score": 0.240
    },
    "twitter.com/benmordue": {
      "out": {
        "other": 2
      },
      "score": 0.240
    },
    "seedsummit.org": {
      "out": {
        "other": 2
      },
      "score": 0.240
    },
    "gluecon.com": {
      "out": {
        "other": 2
      },
      "score": 0.240
    },
    "learnpythonthehardway.org": {
      "out": {
        "other": 2
      },
      "score": 0.240
    },
    "shybii.wordpress.com": {
      "out": {
        "other": 2
      },
      "score": 0.240
    },
    "rumpkernel.org": {
      "out": {
        "other": 2
      },
      "score": 0.240
    },
    "usercentricnetworking.eu": {
      "out": {
        "other": 2
      },
      "score": 0.240
    },
    "christopherbothwell.com": {
      "out": {
        "other": 2
      },
      "score": 0.240
    },
    "www.avc.com": {
      "out": {
        "other": 2
      },
      "score": 0.240
    },
    "www.seriesseed.com": {
      "out": {
        "other": 2
      },
      "score": 0.240
    },
    "perscon.net": {
      "out": {
        "other": 2
      },
      "score": 0.240
    },
    "www.huffingtonpost.com": {
      "out": {
        "other": 2
      },
      "score": 0.240
    },
    "usenix15.nqsb.io": {
      "out": {
        "other": 2
      },
      "score": 0.240
    },
    "venturebeat.com": {
      "out": {
        "other": 2
      },
      "score": 0.240
    },
    "www.cue.org.uk": {
      "out": {
        "other": 2
      },
      "score": 0.240
    },
    "beta.craft-conf.com": {
      "out": {
        "other": 2
      },
      "score": 0.240
    },
    "moviebarcode.tumblr.com": {
      "out": {
        "other": 2
      },
      "score": 0.240
    },
    "somerandomidiot.com": {
      "out": {
        "other": 2
      },
      "score": 0.240
    },
    "www.seedcamp.com": {
      "out": {
        "other": 2
      },
      "score": 0.240
    },
    "fosdem.org": {
      "out": {
        "other": 2
      },
      "score": 0.240
    },
    "www.seanpercival.com": {
      "out": {
        "other": 2
      },
      "score": 0.240
    },
    "kangasbros.fi": {
      "out": {
        "other": 2
      },
      "score": 0.240
    },
    "www.bonkersworld.net": {
      "out": {
        "other": 2
      },
      "score": 0.240
    },
    "pages.github.com": {
      "out": {
        "other": 2
      },
      "score": 0.240
    },
    "plus.google.com/117689362923608221663": {
      "out": {
        "other": 2
      },
      "score": 0.240
    },
    "www.esarcasm.com": {
      "out": {
        "other": 2
      },
      "score": 0.240
    },
    "www.jitsu.v0.no": {
      "out": {
        "other": 2
      },
      "score": 0.240
    },
    "clarityapp.me": {
      "out": {
        "other": 2
      },
      "score": 0.240
    },
    "queue.acm.org": {
      "out": {
        "other": 2
      },
      "score": 0.240
    },
    "twitter.com/MarkDalgarno": {
      "out": {
        "other": 1
      },
      "score": 0.120
    },
    "www.mathworks.com": {
      "out": {
        "other": 1
      },
      "score": 0.120
    },
    "daringfireball.net": {
      "out": {
        "other": 1
      },
      "score": 0.120
    },
    "wiki.xenproject.org": {
      "out": {
        "other": 1
      },
      "score": 0.120
    },
    "stackoverflow.com": {
      "out": {
        "other": 1
      },
      "score": 0.120
    },
    "www.eff.org": {
      "out": {
        "other": 1
      },
      "score": 0.120
    },
    "cufp.org": {
      "out": {
        "other": 1
      },
      "score": 0.120
    },
    "preview.ocaml.org": {
      "out": {
        "other": 1
      },
      "score": 0.120
    },
    "www.db-class.org": {
      "out": {
        "other": 1
      },
      "score": 0.120
    },
    "www.groklaw.net": {
      "out": {
        "other": 1
      },
      "score": 0.120
    },
    "linkedin.com": {
      "out": {
        "other": 1
      },
      "score": 0.120
    },
    "rvm.io": {
      "out": {
        "other": 1
      },
      "score": 0.120
    },
    "twitter.com/RiverTam57": {
      "out": {
        "other": 1
      },
      "score": 0.120
    },
    "www.ml-class.org": {
      "out": {
        "other": 1
      },
      "score": 0.120
    },
    "feedreader.github.io": {
      "out": {
        "other": 1
      },
      "score": 0.120
    },
    "web.math.pmf.unizg.hr": {
      "out": {
        "other": 1
      },
      "score": 0.120
    },
    "www.ai-class.com": {
      "out": {
        "other": 1
      },
      "score": 0.120
    },
    "philtomson.github.io": {
      "out": {
        "other": 1
      },
      "score": 0.120
    },
    "www.wired.co.uk": {
      "out": {
        "other": 1
      },
      "score": 0.120
    },
    "blog.mlin.net": {
      "out": {
        "other": 1
      },
      "score": 0.120
    },
    "plus.google.com/102976465024742837897": {
      "out": {
        "other": 1
      },
      "score": 0.120
    },
    "plus.google.com/106738482735452735039": {
      "out": {
        "other": 1
      },
      "score": 0.120
    },
    "www.thinkocaml.com": {
      "out": {
        "other": 1
      },
      "score": 0.120
    },
    "eepurl.com": {
      "out": {
        "other": 1
      },
      "score": 0.120
    },
    "springboard.com": {
      "out": {
        "other": 1
      },
      "score": 0.120
    },
    "twitter.com/nicolagreco": {
      "out": {
        "other": 1
      },
      "score": 0.120
    },
    "www.modelthinker-class.org": {
      "out": {
        "other": 1
      },
      "score": 0.120
    },
    "en.wikibooks.org": {
      "out": {
        "other": 1
      },
      "score": 0.120
    },
    "www.linux.com": {
      "out": {
        "other": 1
      },
      "score": 0.120
    },
    "i.imgur.com": {
      "out": {
        "other": 1
      },
      "score": 0.120
    },
    "www.balsamiq.com": {
      "out": {
        "other": 1
      },
      "score": 0.120
    },
    "www.slideshare.net": {
      "out": {
        "other": 1
      },
      "score": 0.120
    },
    "tools.ietf.org": {
      "out": {
        "other": 1
      },
      "score": 0.120
    },
    "twitter.com/vla_ve": {
      "out": {
        "other": 1
      },
      "score": 0.120
    },
    "ocaml.is-awesome.net": {
      "out": {
        "other": 1
      },
      "score": 0.120
    },
    "twitter.com/richardclegg": {
      "out": {
        "other": 1
      },
      "score": 0.120
    },
    "www.git-scm.com": {
      "out": {
        "other": 1
      },
      "score": 0.120
    },
    "www.montereybayaquarium.org": {
      "out": {
        "other": 1
      },
      "score": 0.120
    },
    "www.red-gate.com": {
      "out": {
        "other": 1
      },
      "score": 0.120
    },
    "www.planetplanet.org": {
      "out": {
        "other": 1
      },
      "score": 0.120
    },
    "angel.co": {
      "out": {
        "other": 1
      },
      "score": 0.120
    },
    "forge.ocamlcore.org": {
      "out": {
        "other": 1
      },
      "score": 0.120
    },
    "pypi.python.org": {
      "out": {
        "other": 1
      },
      "score": 0.120
    },
    "realworldocaml.org": {
      "out": {
        "other": 1
      },
      "score": 0.120
    },
    "twitter.com/inthecompanyof": {
      "out": {
        "other": 1
      },
      "score": 0.120
    },
    "twitter.github.com": {
      "out": {
        "other": 1
      },
      "score": 0.120
    },
    "twittercounter.com": {
      "out": {
        "other": 1
      },
      "score": 0.120
    },
    "www.addthis.com": {
      "out": {
        "other": 1
      },
      "score": 0.120
    },
    "bit.ly": {
      "out": {
        "other": 1
      },
      "score": 0.120
    },
    "jekyllrb.com": {
      "out": {
        "other": 1
      },
      "score": 0.120
    },
    "lesscss.org": {
      "out": {
        "other": 1
      },
      "score": 0.120
    },
    "mrhpages.blogspot.com": {
      "out": {
        "other": 1
      },
      "score": 0.120
    },
    "img638.imageshack.us": {
      "out": {
        "other": 1
      },
      "score": 0.120
    },
    "intertwingly.net": {
      "out": {
        "other": 1
      },
      "score": 0.120
    },
    "twitter.com/benfwirtz": {
      "out": {
        "other": 1
      },
      "score": 0.120
    },
    "www.horizon.ac.uk": {
      "out": {
        "other": 1
      },
      "score": 0.120
    },
    "www.slowpokecomics.com": {
      "out": {
        "other": 1
      },
      "score": 0.120
    },
    "zurb.com": {
      "out": {
        "other": 1
      },
      "score": 0.120
    },
    "www.imagemagick.org": {
      "out": {
        "other": 1
      },
      "score": 0.120
    },
    "www.theiet.org": {
      "out": {
        "other": 1
      },
      "score": 0.120
    },
    "jchui.me": {
      "out": {
        "other": 1
      },
      "score": 0.120
    },
    "seedhack.com": {
      "out": {
        "other": 1
      },
      "score": 0.120
    },
    "www.darwin.cam.ac.uk": {
      "out": {
        "other": 1
      },
      "score": 0.120
    },
    "www.tedxoxbridge.com": {
      "out": {
        "other": 1
      },
      "score": 0.120
    },
    "mor1.github.io": {
      "out": {
        "other": 1
      },
      "score": 0.120
    },
    "www.pgm-class.org": {
      "out": {
        "other": 1
      },
      "score": 0.120
    },
    "www.productcamplondon.com": {
      "out": {
        "other": 1
      },
      "score": 0.120
    },
    "cocoacontrols.com": {
      "out": {
        "other": 1
      },
      "score": 0.120
    },
    "johnmacfarlane.net": {
      "out": {
        "other": 1
      },
      "score": 0.120
    },
    "ocaml-redesign.github.io": {
      "out": {
        "other": 1
      },
      "score": 0.120
    },
    "www.gnu.org": {
      "out": {
        "other": 1
      },
      "score": 0.120
    },
    "nymote.us5.list-manage.com": {
      "out": {
        "other": 1
      },
      "score": 0.120
    },
    "www.bytemark.co.uk": {
      "out": {
        "other": 1
      },
      "score": 0.120
    },
    "www.dar.cam.ac.uk": {
      "out": {
        "other": 1
      },
      "score": 0.120
    },
    "www.bcpa.org.uk": {
      "out": {
        "other": 1
      },
      "score": 0.120
    },
    "www.tedxgranta.com": {
      "out": {
        "other": 1
      },
      "score": 0.120
    },
    "www.usenix.org": {
      "out": {
        "other": 1
      },
      "score": 0.120
    },
    "www3.imperial.ac.uk": {
      "out": {
        "other": 1
      },
      "score": 0.120
    },
    "joinef.com": {
      "out": {
        "other": 1
      },
      "score": 0.120
    },
    "ocamllabs.github.io": {
      "out": {
        "other": 1
      },
      "score": 0.120
    },
    "travisci.org": {
      "out": {
        "other": 1
      },
      "score": 0.120
    },
    "www.cambridgewireless.co.uk": {
      "out": {
        "other": 1
      },
      "score": 0.120
    },
    "www.gilljames.co.uk": {
      "out": {
        "other": 1
      },
      "score": 0.120
    },
    "www.ukskydiver.co.uk": {
      "out": {
        "other": 1
      },
      "score": 0.120
    },
    "samoht.github.io": {
      "out": {
        "other": 1
      },
      "score": 0.120
    },
    "sites.google.com": {
      "out": {
        "other": 1
      },
      "score": 0.120
    },
    "www.xensource.com": {
      "out": {
        "other": 1
      },
      "score": 0.120
    },
    "godi.camlcity.org": {
      "out": {
        "other": 1
      },
      "score": 0.120
    },
    "uk.linkedin.com": {
      "out": {
        "other": 1
      },
      "score": 0.120
    },
    "medium.com": {
      "out": {
        "other": 1
      },
      "score": 0.120
    },
    "xkcd.com": {
      "out": {
        "other": 1
      },
      "score": 0.120
    },
    "booking.agilefaqs.com": {
      "out": {
        "other": 1
      },
      "score": 0.120
    },
    "slidesha.re": {
      "out": {
        "other": 1
      },
      "score": 0.120
    },
    "tls.openmirage.org": {
      "out": {
        "other": 1
      },
      "score": 0.120
    },
    "twitter.com/andreasdotorg": {
      "out": {
        "other": 1
      },
      "score": 0.120
    },
    "www.busymac.com": {
      "out": {
        "other": 1
      },
      "score": 0.120
    },
    "www.google.co.uk": {
      "out": {
        "other": 1
      },
      "score": 0.120
    },
    "www.neuroscience.cam.ac.uk": {
      "out": {
        "other": 1
      },
      "score": 0.120
    },
    "sass-lang.com": {
      "out": {
        "other": 1
      },
      "score": 0.120
    },
    "www.cabume.co.uk": {
      "out": {
        "other": 1
      },
      "score": 0.120
    },
    "www.proofpoint.com": {
      "out": {
        "other": 1
      },
      "score": 0.120
    },
    "www.visual-literacy.org": {
      "out": {
        "other": 1
      },
      "score": 0.120
    },
    "plus.google.com/104537541227697934010": {
      "out": {
        "other": 1
      },
      "score": 0.120
    },
    "vladvelici.github.io": {
      "out": {
        "other": 1
      },
      "score": 0.120
    },
    "exportmyposts.com": {
      "out": {
        "other": 1
      },
      "score": 0.120
    },
    "mxcl.github.com": {
      "out": {
        "other": 1
      },
      "score": 0.120
    },
    "www.springboard.com": {
      "out": {
        "other": 1
      },
      "score": 0.120
    },
    "yansnotes.blogspot.co.uk": {
      "out": {
        "other": 1
      },
      "score": 0.120
    },
    "msingh.co": {
      "out": {
        "other": 1
      },
      "score": 0.120
    },
    "svc2uk.com": {
      "out": {
        "other": 1
      },
      "score": 0.120
    },
    "raw.githubusercontent.com": {
      "out": {
        "other": 1
      },
      "score": 0.120
    },
    "twitter.com/JacquiDDavidson": {
      "out": {
        "other": 1
      },
      "score": 0.120
    },
    "www.podval.org": {
      "out": {
        "other": 1
      },
      "score": 0.120
    },
    "www.tungle.me": {
      "out": {
        "other": 1
      },
      "score": 0.120
    },
    "chat.indieweb.org": {
      "in": {
        "other": 2
      },
      "score": 0.120
    },
    "MeetWith.me": {
      "out": {
        "other": 1
      },
      "score": 0.120
    },
    "developer.apple.com": {
      "out": {
        "other": 1
      },
      "score": 0.120
    },
    "www.geek.com": {
      "out": {
        "other": 1
      },
      "score": 0.120
    },
    "www.schneier.com": {
      "out": {
        "other": 1
      },
      "score": 0.120
    },
    "www.investopedia.com": {
      "out": {
        "other": 1
      },
      "score": 0.120
    },
    "imeveryone.com": {
      "out": {
        "other": 1
      },
      "score": 0.120
    },
    "rubygems.org": {
      "out": {
        "other": 1
      },
      "score": 0.120
    },
    "cathyma.com": {
      "out": {
        "other": 1
      },
      "score": 0.120
    },
    "goo.gl": {
      "out": {
        "other": 1
      },
      "score": 0.120
    },
    "harvardmagazine.com": {
      "out": {
        "other": 1
      },
      "score": 0.120
    },
    "ocaml.mybalsamiq.com": {
      "out": {
        "other": 1
      },
      "score": 0.120
    },
    "www.saardrimer.com": {
      "out": {
        "other": 1
      },
      "score": 0.120
    },
    "www.temperatureconcepts.com": {
      "out": {
        "other": 1
      },
      "score": 0.120
    },
    "gmail.com": {
      "out": {
        "other": 1
      },
      "score": 0.120
    },
    "jazzychad.net": {
      "out": {
        "other": 1
      },
      "score": 0.120
    },
    "ocaml.janestreet.com": {
      "out": {
        "other": 1
      },
      "score": 0.120
    },
    "twitter.com/mindeedly": {
      "out": {
        "other": 1
      },
      "score": 0.120
    },
    "twitter.com/rivertam57": {
      "out": {
        "other": 1
      },
      "score": 0.120
    },
    "unikernel.com": {
      "out": {
        "other": 1
      },
      "score": 0.120
    },
    "www.openmirage.org": {
      "out": {
        "other": 1
      },
      "score": 0.120
    },
    "amirmc.posterous.com": {
      "out": {
        "other": 1
      },
      "score": 0.120
    },
    "www.kevin-marks.com": {
      "in": {
        "other": 1
      },
      "score": 0
    },
    "www.kevinmarks.com": {
      "in": {
        "other": 1
      },
      "score": 0
    }
  }
}