{
  "domain": "amy-mac.com",
  "urls": [
    "http://amy-mac.com/"
  ],
  "names": [
    "Amy MacKinnon"
  ],
  "descriptions": [],
  "pictures": [
    "http://amy-mac.com/favicon.ico"
  ],
  "hcard": {},
  "rel_mes": [
    "https://github.com/amy-mac",
    "https://twitter.com/thatamymac"
  ],
  "crawl_start": "2017-06-09T17:33:25",
  "crawl_end": "2017-06-09T17:34:30",
  "num_pages": 59,
  "total_html_size": 731785,
  "servers": [
    "GitHub.com"
  ],
  "mf2_classes": [
    "h-calendar",
    "h-card",
    "h-resume",
    "h-entry"
  ],
  "tags": [
    "relme"
  ],
  "endpoints": {},
  "links_out": 822,
  "links_in": 30,
  "links": {
    "disqus.com": {
      "out": {
        "other": 80
      },
      "score": 1
    },
    "github.com": {
      "out": {
        "other": 68
      },
      "score": 0.967
    },
    "www.flickr.com": {
      "out": {
        "other": 66
      },
      "score": 0.961
    },
    "www.youtube.com": {
      "out": {
        "other": 62
      },
      "score": 0.949
    },
    "www.linkedin.com": {
      "out": {
        "other": 60
      },
      "score": 0.943
    },
    "jekyllrb.com": {
      "out": {
        "other": 59
      },
      "score": 0.939
    },
    "twitter.com/thatamymac": {
      "out": {
        "other": 59
      },
      "score": 0.939
    },
    "resume.html": {
      "out": {
        "other": 58
      },
      "score": 0.935
    },
    "theatre.html": {
      "out": {
        "other": 58
      },
      "score": 0.935
    },
    "portfolio.html": {
      "out": {
        "other": 58
      },
      "score": 0.935
    },
    "twitter.com/share": {
      "out": {
        "other": 31
      },
      "score": 0.813
    },
    "www.tumblr.com": {
      "out": {
        "other": 31
      },
      "score": 0.813
    },
    "facebook.com/video": {
      "out": {
        "other": 20
      },
      "score": 0.726
    },
    "theoatmeal.com": {
      "out": {
        "other": 8
      },
      "score": 0.545
    },
    "plus.google.com/photos": {
      "out": {
        "other": 6
      },
      "score": 0.488
    },
    "indieweb.org": {
      "in": {
        "other": 11
      },
      "score": 0.472
    },
    "generalassemb.ly": {
      "out": {
        "other": 5
      },
      "score": 0.453
    },
    "werd.io": {
      "in": {
        "other": 10
      },
      "score": 0.453
    },
    "www.swiss-miss.com": {
      "out": {
        "other": 4
      },
      "score": 0.409
    },
    "gist.github.com": {
      "out": {
        "other": 4
      },
      "score": 0.409
    },
    "usearbitr.com": {
      "out": {
        "other": 4
      },
      "score": 0.409
    },
    "www.dkeithrobinson.com": {
      "out": {
        "other": 3
      },
      "score": 0.352
    },
    "www.pctlive.org": {
      "out": {
        "other": 3
      },
      "score": 0.352
    },
    "emberjs.com": {
      "out": {
        "other": 3
      },
      "score": 0.352
    },
    "chat.indieweb.org": {
      "in": {
        "other": 5
      },
      "score": 0.317
    },
    "bikeway.herokuapp.com": {
      "out": {
        "other": 2
      },
      "score": 0.274
    },
    "obscure-tor-8051.herokuapp.com": {
      "out": {
        "other": 2
      },
      "score": 0.274
    },
    "www.codeschool.com": {
      "out": {
        "other": 2
      },
      "score": 0.274
    },
    "useArbitr.com": {
      "out": {
        "other": 2
      },
      "score": 0.274
    },
    "twitter.com/ThatAmyMac": {
      "out": {
        "other": 2
      },
      "score": 0.274
    },
    "en.wikipedia.org": {
      "out": {
        "other": 2
      },
      "score": 0.274
    },
    "twitter.com/GA_SF": {
      "out": {
        "other": 2
      },
      "score": 0.274
    },
    "www.trivalleyrep.com": {
      "out": {
        "other": 2
      },
      "score": 0.274
    },
    "iambeta.tumblr.com": {
      "out": {
        "other": 2
      },
      "score": 0.274
    },
    "chrome.google.com": {
      "out": {
        "other": 2
      },
      "score": 0.274
    },
    "bestbeachnow.com": {
      "out": {
        "other": 2
      },
      "score": 0.274
    },
    "www.viator.com": {
      "out": {
        "other": 2
      },
      "score": 0.274
    },
    "ruby-doc.org": {
      "out": {
        "other": 2
      },
      "score": 0.274
    },
    "brid.gy": {
      "in": {
        "other": 3
      },
      "score": 0.217
    },
    "secure-cove-7665.herokuapp.com": {
      "out": {
        "other": 1
      },
      "score": 0.136
    },
    "dhap.com": {
      "out": {
        "other": 1
      },
      "score": 0.136
    },
    "js2coffee.org": {
      "out": {
        "other": 1
      },
      "score": 0.136
    },
    "www.doubleunion.org": {
      "out": {
        "other": 1
      },
      "score": 0.136
    },
    "visionmedia.github.io": {
      "out": {
        "other": 1
      },
      "score": 0.136
    },
    "www.hackbrightacademy.com": {
      "out": {
        "other": 1
      },
      "score": 0.136
    },
    "www.devbootcamp.com": {
      "out": {
        "other": 1
      },
      "score": 0.136
    },
    "www.ltnonline.org": {
      "out": {
        "other": 1
      },
      "score": 0.136
    },
    "www.yammer.com": {
      "out": {
        "other": 1
      },
      "score": 0.136
    },
    "youtu.be": {
      "out": {
        "other": 1
      },
      "score": 0.136
    },
    "getbootstrap.com": {
      "out": {
        "other": 1
      },
      "score": 0.136
    },
    "railscasts.com": {
      "out": {
        "other": 1
      },
      "score": 0.136
    },
    "theamysloan.com": {
      "out": {
        "other": 1
      },
      "score": 0.136
    },
    "www.appacademy.io": {
      "out": {
        "other": 1
      },
      "score": 0.136
    },
    "www.generalassemb.ly": {
      "out": {
        "other": 1
      },
      "score": 0.136
    },
    "usslomaprieta.org": {
      "out": {
        "other": 1
      },
      "score": 0.136
    },
    "www.mastersinit.org": {
      "out": {
        "other": 1
      },
      "score": 0.136
    },
    "www.williamsburgplayers.org": {
      "out": {
        "other": 1
      },
      "score": 0.136
    },
    "backbonejs.org": {
      "out": {
        "other": 1
      },
      "score": 0.136
    },
    "bookshelfporn.com": {
      "out": {
        "other": 1
      },
      "score": 0.136
    },
    "www.nczonline.net": {
      "out": {
        "other": 1
      },
      "score": 0.136
    },
    "squareup.com": {
      "out": {
        "other": 1
      },
      "score": 0.136
    },
    "coffeescript.org": {
      "out": {
        "other": 1
      },
      "score": 0.136
    },
    "bayareagirlgeekdinners.com": {
      "out": {
        "other": 1
      },
      "score": 0.136
    },
    "bitly.com": {
      "out": {
        "other": 1
      },
      "score": 0.136
    },
    "www.apprentice.io": {
      "out": {
        "other": 1
      },
      "score": 0.136
    },
    "nonamerah.wordpress.com": {
      "out": {
        "other": 1
      },
      "score": 0.136
    },
    "drive.google.com": {
      "out": {
        "other": 1
      },
      "score": 0.136
    },
    "parse.com": {
      "out": {
        "other": 1
      },
      "score": 0.136
    },
    "trello.com": {
      "out": {
        "other": 1
      },
      "score": 0.136
    },
    "www.coupa.com": {
      "out": {
        "other": 1
      },
      "score": 0.136
    },
    "www.pipstheatre.com": {
      "out": {
        "other": 1
      },
      "score": 0.136
    },
    "t.co": {
      "out": {
        "other": 1
      },
      "score": 0.136
    },
    "twitter.com/Square": {
      "out": {
        "other": 1
      },
      "score": 0.136
    },
    "www.amazon.com": {
      "out": {
        "other": 1
      },
      "score": 0.136
    },
    "www.shiningstarsfoundation.org": {
      "out": {
        "other": 1
      },
      "score": 0.136
    },
    "www.omdbapi.com": {
      "out": {
        "other": 1
      },
      "score": 0.136
    },
    "twitter.com": {
      "out": {
        "other": 1
      },
      "score": 0.136
    },
    "ruby.learncodethehardway.org": {
      "out": {
        "other": 1
      },
      "score": 0.136
    },
    "www.codecademy.com": {
      "out": {
        "other": 1
      },
      "score": 0.136
    },
    "d3js.org": {
      "out": {
        "other": 1
      },
      "score": 0.136
    },
    "also.unraveled.com": {
      "out": {
        "other": 1
      },
      "score": 0.136
    },
    "nodejs.org": {
      "out": {
        "other": 1
      },
      "score": 0.136
    },
    "underscorejs.org": {
      "out": {
        "other": 1
      },
      "score": 0.136
    },
    "bl.ocks.org": {
      "out": {
        "other": 1
      },
      "score": 0.136
    },
    "www.hackreactor.com": {
      "out": {
        "other": 1
      },
      "score": 0.136
    },
    "aaronparecki.com": {
      "in": {
        "other": 1
      },
      "score": 0
    }
  }
}