{
  "domain": "amygdala.machinespirit.net",
  "urls": [
    "http://amygdala.machinespirit.net/"
  ],
  "names": [
    "Amygdala"
  ],
  "descriptions": [],
  "pictures": [],
  "hcard": {},
  "rel_mes": [],
  "crawl_start": "2017-04-27T07:52:21",
  "crawl_end": "2017-04-27T07:52:27",
  "num_pages": 7,
  "total_html_size": 95250,
  "servers": [
    "Apache (Ubuntu)",
    "WordPress"
  ],
  "mf2_classes": [
    "h-entry"
  ],
  "tags": [
    "bridgy",
    "elder",
    "WordPress"
  ],
  "endpoints": {},
  "links_out": 56,
  "links_in": 24,
  "links": {
    "machinespirit.net": {
      "out": {
        "other": 18
      },
      "in": {
        "other": 6
      },
      "score": 1
    },
    "store.steampowered.com": {
      "out": {
        "other": 12
      },
      "score": 0.850
    },
    "machinespirit.itch.io": {
      "out": {
        "other": 12
      },
      "score": 0.850
    },
    "acegiak.net": {
      "in": {
        "other": 15
      },
      "score": 0.725
    },
    "www.andersnoren.se": {
      "out": {
        "other": 6
      },
      "score": 0.663
    },
    "wordpress.org": {
      "out": {
        "other": 6
      },
      "score": 0.663
    },
    "www.youtube.com": {
      "out": {
        "other": 2
      },
      "score": 0.372
    },
    "indieweb.org": {
      "in": {
        "other": 2
      },
      "score": 0.185
    },
    "chat.indieweb.org": {
      "in": {
        "other": 1
      },
      "score": 0
    }
  }
}