{
  "domain": "anarchivi.st",
  "urls": [
    "http://anarchivi.st/"
  ],
  "names": [
    "Mx A. Matienzo"
  ],
  "descriptions": [],
  "pictures": [],
  "hcard": {},
  "rel_mes": [],
  "crawl_start": "2017-06-09T17:33:26",
  "crawl_end": "2017-06-09T17:33:32",
  "num_pages": 3,
  "total_html_size": 633443,
  "servers": [
    "The Grid the-composer/ds-nj/"
  ],
  "mf2_classes": [
    "h-3rem",
    "h-2rem",
    "h-1rem"
  ],
  "tags": [],
  "endpoints": {},
  "links_out": 89,
  "links_in": 14,
  "links": {
    "dp.la": {
      "out": {
        "other": 15
      },
      "score": 1
    },
    "index.html": {
      "out": {
        "other": 12
      },
      "score": 0.935
    },
    "matienzo.org": {
      "out": {
        "other": 9
      },
      "score": 0.85
    },
    "www.newsweek.com": {
      "out": {
        "other": 5
      },
      "score": 0.676
    },
    "medium.com": {
      "out": {
        "other": 5
      },
      "score": 0.676
    },
    "indieweb.org": {
      "in": {
        "other": 8
      },
      "score": 0.612
    },
    "adainitiative.org": {
      "out": {
        "other": 4
      },
      "score": 0.612
    },
    "library.stanford.edu": {
      "out": {
        "other": 4
      },
      "score": 0.612
    },
    "technical.ly": {
      "out": {
        "other": 4
      },
      "score": 0.612
    },
    "orcid.org": {
      "out": {
        "other": 3
      },
      "score": 0.526
    },
    "twitter.com/anarchivist": {
      "out": {
        "other": 3
      },
      "score": 0.526
    },
    "pro.europeana.eu": {
      "out": {
        "other": 3
      },
      "score": 0.526
    },
    "twit.tv": {
      "out": {
        "other": 3
      },
      "score": 0.526
    },
    "thebestshow.net": {
      "out": {
        "other": 2
      },
      "score": 0.409
    },
    "hydrainabox.projecthydra.org": {
      "out": {
        "other": 2
      },
      "score": 0.409
    },
    "i-am-a-technologist-strategist-and-archivist-my-current-w": {
      "out": {
        "other": 2
      },
      "score": 0.409
    },
    "archivesspace.org": {
      "out": {
        "other": 2
      },
      "score": 0.409
    },
    "dcs.library.virginia.edu": {
      "out": {
        "other": 2
      },
      "score": 0.409
    },
    "rightsstatements.org": {
      "out": {
        "other": 2
      },
      "score": 0.409
    },
    "chat.indieweb.org": {
      "in": {
        "other": 4
      },
      "score": 0.409
    },
    "soundcloud.com": {
      "out": {
        "other": 2
      },
      "score": 0.409
    },
    "arclight-fall-2016-project-update": {
      "out": {
        "other": 2
      },
      "score": 0.409
    },
    "brid.gy": {
      "in": {
        "other": 2
      },
      "score": 0.204
    },
    "directory.libsyn.com": {
      "out": {
        "other": 1
      },
      "score": 0.204
    },
    "rss.xml": {
      "out": {
        "other": 1
      },
      "score": 0.204
    },
    "www.wrek.org": {
      "out": {
        "other": 1
      },
      "score": 0.204
    }
  }
}