{
  "domain": "anarchogeek.com",
  "urls": [
    "http://anarchogeek.com/"
  ],
  "names": [
    "anarchogeek.com"
  ],
  "descriptions": [],
  "pictures": [],
  "hcard": {},
  "rel_mes": [],
  "crawl_start": "2017-06-09T17:33:26",
  "crawl_end": "2017-06-09T17:33:26",
  "num_pages": 1,
  "total_html_size": 91,
  "servers": [
    "nginx"
  ],
  "tags": [],
  "endpoints": {},
  "links_out": 0,
  "links_in": 287,
  "links": {
    "johnjohnston.info": {
      "in": {
        "other": 194
      },
      "score": 1
    },
    "adactio.com": {
      "in": {
        "other": 58
      },
      "score": 0.770
    },
    "notiz.blog": {
      "in": {
        "other": 20
      },
      "score": 0.569
    },
    "indieweb.org": {
      "in": {
        "other": 6
      },
      "score": 0.340
    },
    "s.ly": {
      "in": {
        "other": 4
      },
      "score": 0.264
    },
    "chat.indieweb.org": {
      "in": {
        "other": 2
      },
      "score": 0.131
    },
    "tantek.com": {
      "in": {
        "other": 2
      },
      "score": 0.131
    },
    "scripting.com": {
      "in": {
        "other": 1
      },
      "score": 0
    }
  }
}