{
  "domain": "andrew.hedges.name",
  "urls": [
    "http://andrew.hedges.name/"
  ],
  "names": [
    "andrew.hedges.name"
  ],
  "descriptions": [],
  "pictures": [],
  "hcard": {},
  "rel_mes": [
    "https://github.com/segdeha",
    "https://instagram.com/segdeha/",
    "https://www.linkedin.com/in/andrewhedges",
    "http://stackoverflow.com/users/11577/andrew-hedges",
    "https://twitter.com/segdeha"
  ],
  "crawl_start": "2017-06-09T17:33:26",
  "crawl_end": "2017-06-09T17:33:26",
  "num_pages": 1,
  "total_html_size": 2457,
  "servers": [
    "Apache"
  ],
  "tags": [
    "relme"
  ],
  "endpoints": {},
  "links_out": 6,
  "links_in": 73,
  "links": {
    "aaronparecki.com": {
      "in": {
        "bookmark-of": 19
      },
      "score": 1
    },
    "indieweb.org": {
      "in": {
        "other": 32
      },
      "score": 0.953
    },
    "chat.indieweb.org": {
      "in": {
        "other": 15
      },
      "score": 0.745
    },
    "avinash.com.np": {
      "in": {
        "other": 5
      },
      "score": 0.442
    },
    "stackoverflow.com": {
      "out": {
        "other": 1
      },
      "score": 0.190
    },
    "hedges.name": {
      "out": {
        "other": 1
      },
      "score": 0.190
    },
    "www.linkedin.com": {
      "out": {
        "other": 1
      },
      "score": 0.190
    },
    "github.com": {
      "out": {
        "other": 1
      },
      "score": 0.190
    },
    "instagram.com": {
      "out": {
        "other": 1
      },
      "score": 0.190
    },
    "twitter.com/segdeha": {
      "out": {
        "other": 1
      },
      "score": 0.190
    },
    "atomicules.co.uk": {
      "in": {
        "other": 1
      },
      "score": 0
    },
    "hublog.hubmed.org": {
      "in": {
        "other": 1
      },
      "score": 0
    }
  }
}