{
  "domain": "andrew.ahead4.biz",
  "urls": [
    "http://andrew.ahead4.biz/"
  ],
  "names": [
    "Andrew's Thoughts – Mostly about building websites but with other stuff that grabs me"
  ],
  "descriptions": [],
  "pictures": [],
  "hcard": {},
  "rel_mes": [
    "https://twitter.com/andrewtf"
  ],
  "crawl_start": "2017-06-09T17:33:26",
  "crawl_end": "2017-06-09T17:34:22",
  "num_pages": 56,
  "total_html_size": 1086736,
  "servers": [
    "nginx",
    "WordPress"
  ],
  "mf2_classes": [
    "h-feed",
    "h-entry",
    "h-card"
  ],
  "tags": [
    "relme",
    "WordPress"
  ],
  "endpoints": {},
  "links_out": 245,
  "links_in": 0,
  "links": {
    "wordpress.org": {
      "out": {
        "other": 138
      },
      "score": 1
    },
    "twitter.com/andrewtf": {
      "out": {
        "other": 54
      },
      "score": 0.833
    },
    "www.politics.co.uk": {
      "out": {
        "other": 12
      },
      "score": 0.566
    },
    "wordpress.tv": {
      "out": {
        "other": 7
      },
      "score": 0.470
    },
    "twitter.com/mustardbees": {
      "out": {
        "other": 5
      },
      "score": 0.409
    },
    "www.stateofdigital.com": {
      "out": {
        "other": 5
      },
      "score": 0.409
    },
    "www.smartinsights.com": {
      "out": {
        "other": 5
      },
      "score": 0.409
    },
    "www.theguardian.com": {
      "out": {
        "other": 5
      },
      "score": 0.409
    },
    "www.bbc.co.uk": {
      "out": {
        "other": 5
      },
      "score": 0.409
    },
    "www.onlinepaidlook.com": {
      "out": {
        "other": 5
      },
      "score": 0.409
    },
    "www.getpostman.com": {
      "out": {
        "other": 1
      },
      "score": 0.123
    },
    "github.com": {
      "out": {
        "other": 1
      },
      "score": 0.123
    },
    "gist.github.com": {
      "out": {
        "other": 1
      },
      "score": 0.123
    },
    "nerds.airbnb.com": {
      "out": {
        "other": 1
      },
      "score": 0.123
    }
  }
}