{
  "domain": "andrewhazlett.withknown.com",
  "urls": [
    "https://andrewhazlett.withknown.com/profile/awhazlett",
    "http://andrewhazlett.com",
    "http://hackbaltimore.org",
    "http://thenewmodern.net",
    "http://baltimore.impacthub.net",
    "http://scholarsandwritersagainsttrump.org"
  ],
  "names": [
    "Andrew Hazlett",
    "Hazlett's Occasional Reverberator"
  ],
  "descriptions": [
    "Writer embedded with insurgent do-gooders in Baltimore | @GoucherCNFMFA @hackbmore @impacthubbalt | former @createbmore @gbtc @ntbmore @NEHgov @ManhattanInst",
    "Maunderings and wanderings of Andrew Hazlett"
  ],
  "pictures": [
    "https://andrewhazlett.withknown.com/file/ad72ef2b7427cf2594868cf2fcdf6b10"
  ],
  "hcard": {
    "properties": {
      "name": [
        "Andrew Hazlett"
      ],
      "note": [
        {
          "html": "<div class=\"highlightedText\">\n<p>Writer embedded with insurgent do-gooders in Baltimore | @GoucherCNFMFA @hackbmore @impacthubbalt | former @createbmore @gbtc @ntbmore @NEHgov @ManhattanInst</p>\n</div> ",
          "value": "\nWriter embedded with insurgent do-gooders in Baltimore | @GoucherCNFMFA @hackbmore @impacthubbalt | former @createbmore @gbtc @ntbmore @NEHgov @ManhattanInst\n "
        }
      ],
      "photo": [
        "https://andrewhazlett.withknown.com/file/ad72ef2b7427cf2594868cf2fcdf6b10"
      ],
      "profile": [
        "Andrew Hazlett"
      ],
      "url": [
        "https://andrewhazlett.withknown.com/profile/awhazlett",
        "https://andrewhazlett.withknown.com/profile/awhazlett",
        "http://andrewhazlett.com",
        "http://hackbaltimore.org",
        "http://thenewmodern.net",
        "http://baltimore.impacthub.net",
        "http://scholarsandwritersagainsttrump.org"
      ]
    },
    "type": [
      "h-card"
    ]
  },
  "rel_mes": [
    "http://andrewhazlett.com",
    "http://hackbaltimore.org",
    "http://thenewmodern.net",
    "http://baltimore.impacthub.net",
    "http://scholarsandwritersagainsttrump.org"
  ],
  "crawl_start": "2017-04-27T07:52:23",
  "crawl_end": "2017-04-27T07:59:01",
  "num_pages": 286,
  "total_html_size": 7903182,
  "servers": [
    "Apache",
    "Known"
  ],
  "mf2_classes": [
    "h-event",
    "h-entry",
    "h-card"
  ],
  "tags": [
    "relme",
    "bridgy",
    "webmention",
    "micropub",
    "authorization",
    "token",
    "websub",
    "Known"
  ],
  "endpoints": {
    "webmention": [
      "https://andrewhazlett.withknown.com/webmention/"
    ],
    "micropub": [
      "https://andrewhazlett.withknown.com/micropub/endpoint"
    ],
    "authorization": [
      "https://andrewhazlett.withknown.com/indieauth/auth"
    ],
    "token": [
      "https://andrewhazlett.withknown.com/indieauth/token"
    ],
    "websub": [
      "http://withknown.superfeedr.com/"
    ]
  },
  "links_out": 1650,
  "links_in": 1,
  "links": {
    "facebook.com/10206316846669997": {
      "out": {
        "other": 272
      },
      "score": 1
    },
    "hackbaltimore.org": {
      "out": {
        "other": 151
      },
      "score": 0.906
    },
    "thenewmodern.net": {
      "out": {
        "other": 132
      },
      "score": 0.886
    },
    "andrewhazlett.com": {
      "out": {
        "other": 132
      },
      "score": 0.886
    },
    "scholarsandwritersagainsttrump.org": {
      "out": {
        "other": 132
      },
      "score": 0.886
    },
    "baltimore.impacthub.net": {
      "out": {
        "other": 132
      },
      "score": 0.886
    },
    "www.nytimes.com": {
      "out": {
        "other": 40
      },
      "score": 0.695
    },
    "www.baltimoresun.com": {
      "out": {
        "other": 35
      },
      "score": 0.675
    },
    "www.washingtonpost.com": {
      "out": {
        "other": 25
      },
      "score": 0.621
    },
    "bmorehistoric2013.baltimoreheritage.org": {
      "out": {
        "in-reply-to": 4
      },
      "score": 0.586
    },
    "www.bloombergview.com": {
      "out": {
        "other": 17
      },
      "score": 0.560
    },
    "www.slate.com": {
      "out": {
        "other": 16
      },
      "score": 0.551
    },
    "uselections.online": {
      "out": {
        "other": 16
      },
      "score": 0.551
    },
    "facebook.com/487210761475052": {
      "out": {
        "other": 16
      },
      "score": 0.551
    },
    "facebook.com/10152932343196200": {
      "out": {
        "other": 14
      },
      "score": 0.529
    },
    "wesleyanargus.com": {
      "out": {
        "other": 13
      },
      "score": 0.517
    },
    "www.theatlantic.com": {
      "out": {
        "other": 10
      },
      "score": 0.476
    },
    "en.wikipedia.org": {
      "out": {
        "other": 10
      },
      "score": 0.476
    },
    "gizmodo.com": {
      "out": {
        "other": 10
      },
      "score": 0.476
    },
    "www.kevinmarks.com": {
      "out": {
        "other": 9
      },
      "score": 0.459
    },
    "web.archive.org": {
      "out": {
        "other": 9
      },
      "score": 0.459
    },
    "twitter.com/hashtag": {
      "out": {
        "other": 9
      },
      "score": 0.459
    },
    "theoccasional.com": {
      "out": {
        "other": 9
      },
      "score": 0.459
    },
    "opinionator.blogs.nytimes.com": {
      "out": {
        "other": 9
      },
      "score": 0.459
    },
    "technical.ly": {
      "out": {
        "other": 9
      },
      "score": 0.459
    },
    "medium.com": {
      "out": {
        "other": 9
      },
      "score": 0.459
    },
    "facebook.com/762771487155935": {
      "out": {
        "other": 8
      },
      "score": 0.440
    },
    "facebook.com/10153523520459065": {
      "out": {
        "other": 8
      },
      "score": 0.440
    },
    "2014.bmorehistoric.org": {
      "out": {
        "other": 8
      },
      "score": 0.440
    },
    "hub.jhu.edu": {
      "out": {
        "other": 8
      },
      "score": 0.440
    },
    "www.yelp.com": {
      "out": {
        "other": 7
      },
      "score": 0.419
    },
    "twitter.com/Tippensian": {
      "out": {
        "other": 7
      },
      "score": 0.419
    },
    "facebook.com/10207248580724632": {
      "out": {
        "other": 6
      },
      "score": 0.394
    },
    "facebook.com/10204869917701895": {
      "out": {
        "other": 6
      },
      "score": 0.394
    },
    "facebook.com/10156630171690442": {
      "out": {
        "other": 6
      },
      "score": 0.394
    },
    "www.bizjournals.com": {
      "out": {
        "other": 6
      },
      "score": 0.394
    },
    "facebook.com/814711504865": {
      "out": {
        "other": 6
      },
      "score": 0.394
    },
    "facebook.com/1531579509": {
      "out": {
        "other": 6
      },
      "score": 0.394
    },
    "bmoreart.com": {
      "out": {
        "other": 5
      },
      "score": 0.365
    },
    "facebook.com/mckldnfntn": {
      "out": {
        "other": 5
      },
      "score": 0.365
    },
    "www.andrewhazlett.com": {
      "out": {
        "other": 5
      },
      "score": 0.365
    },
    "firstknownwhenlost.blogspot.com": {
      "out": {
        "other": 5
      },
      "score": 0.365
    },
    "georgebrock.net": {
      "out": {
        "other": 5
      },
      "score": 0.365
    },
    "www.rollingstone.com": {
      "out": {
        "other": 5
      },
      "score": 0.365
    },
    "youtu.be": {
      "out": {
        "other": 5
      },
      "score": 0.365
    },
    "dennisthecynic.tumblr.com": {
      "out": {
        "other": 5
      },
      "score": 0.365
    },
    "ma.tt": {
      "out": {
        "other": 5
      },
      "score": 0.365
    },
    "judgmentalmaps.com": {
      "out": {
        "other": 5
      },
      "score": 0.365
    },
    "pressthink.org": {
      "out": {
        "other": 5
      },
      "score": 0.365
    },
    "fee.org": {
      "out": {
        "other": 5
      },
      "score": 0.365
    },
    "www.theguardian.com": {
      "out": {
        "other": 5
      },
      "score": 0.365
    },
    "blog.awesomefoundation.org": {
      "out": {
        "other": 5
      },
      "score": 0.365
    },
    "www.dat.state.md.us": {
      "out": {
        "other": 5
      },
      "score": 0.365
    },
    "www.phonearena.com": {
      "out": {
        "other": 5
      },
      "score": 0.365
    },
    "www.orbooks.com": {
      "out": {
        "other": 5
      },
      "score": 0.365
    },
    "www.openculture.com": {
      "out": {
        "other": 5
      },
      "score": 0.365
    },
    "www.baltimoresocialenterprise.org": {
      "out": {
        "other": 5
      },
      "score": 0.365
    },
    "www.youtube.com": {
      "out": {
        "other": 5
      },
      "score": 0.365
    },
    "www.citylab.com": {
      "out": {
        "other": 5
      },
      "score": 0.365
    },
    "www.newrepublic.com": {
      "out": {
        "other": 5
      },
      "score": 0.365
    },
    "i.imgur.com": {
      "out": {
        "other": 5
      },
      "score": 0.365
    },
    "Baltimore.Impacthub.net": {
      "out": {
        "other": 5
      },
      "score": 0.365
    },
    "www.mcsweeneys.net": {
      "out": {
        "other": 5
      },
      "score": 0.365
    },
    "www.newcriterion.com": {
      "out": {
        "other": 5
      },
      "score": 0.365
    },
    "facebook.com/10205564072531621": {
      "out": {
        "other": 4
      },
      "score": 0.330
    },
    "facebook.com/10208870945148875": {
      "out": {
        "other": 4
      },
      "score": 0.330
    },
    "facebook.com/10208616531111947": {
      "out": {
        "other": 4
      },
      "score": 0.330
    },
    "nyti.ms": {
      "out": {
        "other": 4
      },
      "score": 0.330
    },
    "facebook.com/10205448913839309": {
      "out": {
        "other": 4
      },
      "score": 0.330
    },
    "facebook.com/10153457168647621": {
      "out": {
        "other": 4
      },
      "score": 0.330
    },
    "facebook.com/10154081464200157": {
      "out": {
        "other": 4
      },
      "score": 0.330
    },
    "facebook.com/10208659852719572": {
      "out": {
        "other": 4
      },
      "score": 0.330
    },
    "twitter.com/AndrewHazlett": {
      "out": {
        "other": 4
      },
      "score": 0.330
    },
    "facebook.com/10153742374364130": {
      "out": {
        "other": 4
      },
      "score": 0.330
    },
    "facebook.com/10207698049082169": {
      "out": {
        "other": 4
      },
      "score": 0.330
    },
    "facebook.com/10205634729642794": {
      "out": {
        "other": 4
      },
      "score": 0.330
    },
    "facebook.com/10153419449141778": {
      "out": {
        "other": 4
      },
      "score": 0.330
    },
    "facebook.com/10209471958575734": {
      "out": {
        "other": 4
      },
      "score": 0.330
    },
    "facebook.com/10208607846822085": {
      "out": {
        "other": 4
      },
      "score": 0.330
    },
    "facebook.com/10208145869900391": {
      "out": {
        "other": 4
      },
      "score": 0.330
    },
    "facebook.com/10153905698606605": {
      "out": {
        "other": 4
      },
      "score": 0.330
    },
    "facebook.com/10209207794410055": {
      "out": {
        "other": 4
      },
      "score": 0.330
    },
    "twitter.com/BobBabinski": {
      "out": {
        "other": 3
      },
      "score": 0.284
    },
    "facebook.com/10153485189068583": {
      "out": {
        "other": 2
      },
      "score": 0.221
    },
    "facebook.com/607300689425876": {
      "out": {
        "other": 2
      },
      "score": 0.221
    },
    "facebook.com/10208896884970054": {
      "out": {
        "other": 2
      },
      "score": 0.221
    },
    "bobbabinski.ca": {
      "out": {
        "other": 2
      },
      "score": 0.221
    },
    "facebook.com/10154075946203939": {
      "out": {
        "other": 2
      },
      "score": 0.221
    },
    "facebook.com/10154366491913916": {
      "out": {
        "other": 2
      },
      "score": 0.221
    },
    "facebook.com/10108217254727471": {
      "out": {
        "other": 2
      },
      "score": 0.221
    },
    "facebook.com/10153409249419649": {
      "out": {
        "other": 2
      },
      "score": 0.221
    },
    "facebook.com/10209071967900204": {
      "out": {
        "other": 2
      },
      "score": 0.221
    },
    "facebook.com/10153293338401364": {
      "out": {
        "other": 2
      },
      "score": 0.221
    },
    "facebook.com/10209139109578796": {
      "out": {
        "other": 2
      },
      "score": 0.221
    },
    "facebook.com/10208817720979370": {
      "out": {
        "other": 2
      },
      "score": 0.221
    },
    "facebook.com/10103354907630038": {
      "out": {
        "other": 2
      },
      "score": 0.221
    },
    "facebook.com/1264377456919612": {
      "out": {
        "other": 2
      },
      "score": 0.221
    },
    "facebook.com/10209356257322845": {
      "out": {
        "other": 2
      },
      "score": 0.221
    },
    "facebook.com/10154012906639844": {
      "out": {
        "other": 2
      },
      "score": 0.221
    },
    "facebook.com/10207729460508144": {
      "out": {
        "other": 2
      },
      "score": 0.221
    },
    "facebook.com/10153468925982914": {
      "out": {
        "other": 2
      },
      "score": 0.221
    },
    "facebook.com/10153973558030682": {
      "out": {
        "other": 2
      },
      "score": 0.221
    },
    "facebook.com/10208845042748909": {
      "out": {
        "other": 2
      },
      "score": 0.221
    },
    "facebook.com/10208456522032006": {
      "out": {
        "other": 2
      },
      "score": 0.221
    },
    "twitter.com/neylano": {
      "out": {
        "other": 2
      },
      "score": 0.221
    },
    "facebook.com/10154084424739736": {
      "out": {
        "other": 2
      },
      "score": 0.221
    },
    "facebook.com/10208703085477016": {
      "out": {
        "other": 2
      },
      "score": 0.221
    },
    "facebook.com/825167680923321": {
      "out": {
        "other": 2
      },
      "score": 0.221
    },
    "facebook.com/10208271754620377": {
      "out": {
        "other": 2
      },
      "score": 0.221
    },
    "facebook.com/526562957516239": {
      "out": {
        "other": 2
      },
      "score": 0.221
    },
    "facebook.com/10209147787400003": {
      "out": {
        "other": 2
      },
      "score": 0.221
    },
    "facebook.com/1307774999": {
      "out": {
        "other": 2
      },
      "score": 0.221
    },
    "facebook.com/1525757064393673": {
      "out": {
        "other": 2
      },
      "score": 0.221
    },
    "facebook.com/10106809897622439": {
      "out": {
        "other": 2
      },
      "score": 0.221
    },
    "facebook.com/10156529445490459": {
      "out": {
        "other": 2
      },
      "score": 0.221
    },
    "facebook.com/10208861812888465": {
      "out": {
        "other": 2
      },
      "score": 0.221
    },
    "facebook.com/10153947247017457": {
      "out": {
        "other": 2
      },
      "score": 0.221
    },
    "facebook.com/823412154471514": {
      "out": {
        "other": 2
      },
      "score": 0.221
    },
    "facebook.com/10154644701529488": {
      "out": {
        "other": 2
      },
      "score": 0.221
    },
    "facebook.com/10207795388899018": {
      "out": {
        "other": 2
      },
      "score": 0.221
    },
    "facebook.com/745969121095": {
      "out": {
        "other": 2
      },
      "score": 0.221
    },
    "facebook.com/10152994481962071": {
      "out": {
        "other": 2
      },
      "score": 0.221
    },
    "facebook.com/10209160923525187": {
      "out": {
        "other": 2
      },
      "score": 0.221
    },
    "facebook.com/10206038748188273": {
      "out": {
        "other": 2
      },
      "score": 0.221
    },
    "facebook.com/1090465322": {
      "out": {
        "other": 2
      },
      "score": 0.221
    },
    "facebook.com/914157388702423": {
      "out": {
        "other": 2
      },
      "score": 0.221
    },
    "facebook.com/10101183370083687": {
      "out": {
        "other": 2
      },
      "score": 0.221
    },
    "facebook.com/1196970297": {
      "out": {
        "other": 2
      },
      "score": 0.221
    },
    "facebook.com/10100248109623617": {
      "out": {
        "other": 2
      },
      "score": 0.221
    },
    "facebook.com/10206109895686151": {
      "out": {
        "other": 2
      },
      "score": 0.221
    },
    "facebook.com/10207458847168143": {
      "out": {
        "other": 2
      },
      "score": 0.221
    },
    "scontent.xx.fbcdn.net": {
      "out": {
        "other": 2
      },
      "score": 0.221
    },
    "facebook.com/10153910482548936": {
      "out": {
        "other": 2
      },
      "score": 0.221
    },
    "facebook.com/1157188607638703": {
      "out": {
        "other": 2
      },
      "score": 0.221
    },
    "facebook.com/10153886093934336": {
      "out": {
        "other": 2
      },
      "score": 0.221
    },
    "facebook.com/10207496606325581": {
      "out": {
        "other": 2
      },
      "score": 0.221
    },
    "facebook.com/992910094131256": {
      "out": {
        "other": 2
      },
      "score": 0.221
    },
    "facebook.com/10103354907864568": {
      "out": {
        "other": 2
      },
      "score": 0.221
    },
    "facebook.com/10154569487363998": {
      "out": {
        "other": 2
      },
      "score": 0.221
    },
    "facebook.com/10153963089447402": {
      "out": {
        "other": 2
      },
      "score": 0.221
    },
    "facebook.com/10154003191528960": {
      "out": {
        "other": 2
      },
      "score": 0.221
    },
    "facebook.com/10208958184773529": {
      "out": {
        "other": 2
      },
      "score": 0.221
    },
    "twitter.com/matthew_loftus": {
      "out": {
        "other": 2
      },
      "score": 0.221
    },
    "marylandtransitadministration.blogspot.com": {
      "out": {
        "other": 1
      },
      "score": 0.11
    },
    "www.bartleby.com": {
      "out": {
        "other": 1
      },
      "score": 0.11
    },
    "webmention.org": {
      "out": {
        "other": 1
      },
      "score": 0.11
    },
    "brid.gy": {
      "in": {
        "other": 1
      },
      "score": 0
    }
  }
}