{
  "domain": "andrewhutchings.com",
  "crawl_start": "2017-04-30T01:57:40",
  "crawl_end": "2017-04-30T01:57:41",
  "num_pages": 2,
  "total_html_size": 6785,
  "servers": [
    "cloudflare-nginx"
  ],
  "mf2_classes": [
    "h-card"
  ],
  "tags": [
    "webmention.io",
    "webmention"
  ],
  "endpoints": {
    "webmention": [
      "https://webmention.io/andrewhutchings.com/webmention"
    ]
  },
  "hcard": {},
  "links_out": 4,
  "links_in": 1,
  "links": {
    "keithjgrant.com": {
      "in": {
        "in-reply-to": 1
      },
      "score": 1
    },
    "github.com": {
      "out": {
        "other": 1
      },
      "score": 0.430
    },
    "www.cloudflare.com": {
      "out": {
        "other": 1
      },
      "score": 0.430
    },
    "tel": {
      "out": {
        "other": 1
      },
      "score": 0.430
    },
    "www.linkedin.com": {
      "out": {
        "other": 1
      },
      "score": 0.430
    }
  }
}