{
  "domain": "andreasklein.org",
  "urls": [
    "https://ixis.io/"
  ],
  "names": [
    "ixis.io · Andreas Klein — Scrum Master — Cologne"
  ],
  "descriptions": [
    "I work as a freelance Scrum Master (certified) & Agile Coach in Cologne / Germany"
  ],
  "pictures": [
    "https://ixis.io/assets/images/general/favicon.png",
    "https://ixis.io/assets/images/home/9776__1200x800.jpg"
  ],
  "hcard": {},
  "rel_mes": [
    "https://twitter.com/ixisio",
    "https://github.com/ixisio",
    "sms:+491738888987",
    "mailto:andy@ixis.io"
  ],
  "tags": [
    "relme"
  ],
  "endpoints": {},
  "crawl_start": "2017-06-11T14:31:03.942690",
  "crawl_end": "2017-06-11T14:31:03.942690",
  "links_out": 0,
  "links_in": 0,
  "links": {}
}