{
  "domain": "andrijevik.net",
  "urls": [
    "http://andrijevik.net/"
  ],
  "names": [],
  "descriptions": [],
  "pictures": [],
  "hcard": {},
  "rel_mes": [
    "https://github.com/vandrijevik",
    "https://twitter.com/vandrijevik"
  ],
  "crawl_start": "2017-05-14T04:41:33",
  "crawl_end": "2017-05-14T04:41:33",
  "num_pages": 2,
  "total_html_size": 1446,
  "servers": [
    "nginx"
  ],
  "tags": [
    "relme"
  ],
  "endpoints": {},
  "links_out": 4,
  "links_in": 31,
  "links": {
    "indieweb.org": {
      "in": {
        "other": 21
      },
      "score": 1
    },
    "chat.indieweb.org": {
      "in": {
        "other": 8
      },
      "score": 0.684
    },
    "twitter.com/vandrijevik": {
      "out": {
        "other": 2
      },
      "score": 0.457
    },
    "github.com": {
      "out": {
        "other": 2
      },
      "score": 0.457
    },
    "www.kevinmarks.com": {
      "in": {
        "other": 1
      },
      "score": 0
    },
    "www.kevin-marks.com": {
      "in": {
        "other": 1
      },
      "score": 0
    }
  }
}