{
  "domain": "andreasnebiker.com",
  "crawl_start": "2017-04-27T07:52:24",
  "crawl_end": "2017-04-27T07:52:24",
  "num_pages": 1,
  "total_html_size": 3091,
  "servers": [],
  "mf2_classes": [
    "h-card"
  ],
  "tags": [
    "bridgy",
    "webmention.io",
    "webmention"
  ],
  "endpoints": {
    "webmention": [
      "https://webmention.io/andreasnebiker.com/webmention"
    ]
  },
  "hcard": {},
  "links_out": 4,
  "links_in": 38,
  "links": {
    "indieweb.org": {
      "in": {
        "other": 14
      },
      "score": 1
    },
    "brid.gy": {
      "in": {
        "other": 6
      },
      "score": 0.678
    },
    "www.kevinmarks.com": {
      "in": {
        "other": 4
      },
      "score": 0.527
    },
    "chat.indieweb.org": {
      "in": {
        "other": 4
      },
      "score": 0.527
    },
    "aaronparecki.com": {
      "in": {
        "other": 4
      },
      "score": 0.527
    },
    "www.kevin-marks.com": {
      "in": {
        "other": 4
      },
      "score": 0.527
    },
    "www.flickr.com": {
      "out": {
        "other": 1
      },
      "score": 0.262
    },
    "twitter.com/nebu": {
      "out": {
        "other": 1
      },
      "score": 0.262
    },
    "known.kevinmarks.com": {
      "in": {
        "other": 2
      },
      "score": 0.262
    },
    "nebiker.me": {
      "out": {
        "other": 1
      },
      "score": 0.262
    },
    "viu.ch": {
      "out": {
        "other": 1
      },
      "score": 0.262
    }
  }
}