{
  "domain": "andysylvester.com",
  "urls": [
    "http://andysylvester.com/"
  ],
  "names": [
    "Andy Sylvester's Web – Software development, music, and the World Wide Web"
  ],
  "descriptions": [],
  "pictures": [],
  "hcard": {},
  "rel_mes": [],
  "crawl_start": "2017-04-27T07:52:23",
  "crawl_end": "2017-04-27T07:56:35",
  "num_pages": 267,
  "total_html_size": 5611067,
  "servers": [
    "nginx",
    "WordPress"
  ],
  "mf2_classes": [
    "h-entry",
    "h-card",
    "h-as-page",
    "h-feed",
    "h-as-article",
    "h-as-note",
    "h-as-video"
  ],
  "tags": [
    "bridgy",
    "webmention",
    "generator",
    "WordPress"
  ],
  "endpoints": {
    "webmention": [
      "http://andysylvester.com/?webmention=endpoint"
    ],
    "generator": [
      "http://wordpress.org/"
    ]
  },
  "links_out": 3120,
  "links_in": 364,
  "links": {
    "december.com": {
      "out": {
        "other": 820
      },
      "score": 1
    },
    "wordpress.org": {
      "out": {
        "other": 348
      },
      "score": 0.885
    },
    "github.com": {
      "out": {
        "other": 267
      },
      "score": 0.849
    },
    "independentpublisher.me": {
      "out": {
        "other": 243
      },
      "score": 0.836
    },
    "twitter.com/AndySylvester99": {
      "out": {
        "other": 111
      },
      "score": 0.730
    },
    "aaronparecki.com": {
      "in": {
        "in-reply-to": 24,
        "other": 14
      },
      "out": {
        "other": 25
      },
      "score": 0.704
    },
    "www.linkedin.com": {
      "out": {
        "other": 87
      },
      "score": 0.697
    },
    "indieweb.org": {
      "in": {
        "other": 169
      },
      "score": 0.693
    },
    "scripting.com": {
      "out": {
        "other": 70
      },
      "in": {
        "other": 3
      },
      "score": 0.670
    },
    "indiewebcamp.com": {
      "out": {
        "other": 60
      },
      "score": 0.647
    },
    "127.0.0.1": {
      "out": {
        "other": 52
      },
      "score": 0.627
    },
    "chat.indieweb.org": {
      "in": {
        "other": 67
      },
      "score": 0.568
    },
    "web.archive.org": {
      "out": {
        "other": 32
      },
      "score": 0.562
    },
    "frontier.userland.com": {
      "out": {
        "other": 32
      },
      "score": 0.562
    },
    "node.andysylvester.com": {
      "out": {
        "other": 28
      },
      "score": 0.545
    },
    "www.tidbits.com": {
      "out": {
        "other": 24
      },
      "score": 0.523
    },
    "docs.aws.amazon.com": {
      "out": {
        "other": 22
      },
      "score": 0.511
    },
    "caseorganic.com": {
      "in": {
        "other": 17
      },
      "out": {
        "other": 10
      },
      "score": 0.488
    },
    "microformats.org": {
      "out": {
        "other": 18
      },
      "score": 0.484
    },
    "en.wikipedia.org": {
      "out": {
        "other": 18
      },
      "score": 0.484
    },
    "curl.haxx.se": {
      "out": {
        "other": 16
      },
      "score": 0.469
    },
    "delicious.com": {
      "out": {
        "other": 16
      },
      "score": 0.469
    },
    "pages.sbcglobal.net": {
      "out": {
        "other": 16
      },
      "score": 0.469
    },
    "jeena.net": {
      "in": {
        "other": 2,
        "in-reply-to": 4
      },
      "out": {
        "other": 4
      },
      "score": 0.459
    },
    "blog.1999.io": {
      "out": {
        "other": 14
      },
      "score": 0.45
    },
    "www.youtube.com": {
      "out": {
        "other": 14
      },
      "score": 0.45
    },
    "bret.io": {
      "out": {
        "other": 14
      },
      "score": 0.45
    },
    "www.perl.com": {
      "out": {
        "other": 13
      },
      "score": 0.441
    },
    "swreflections.blogspot.com": {
      "out": {
        "other": 12
      },
      "score": 0.430
    },
    "theresassoundworld.com": {
      "out": {
        "other": 12
      },
      "score": 0.430
    },
    "developer.mozilla.org": {
      "out": {
        "other": 12
      },
      "score": 0.430
    },
    "selfoss.aditu.de": {
      "out": {
        "other": 12
      },
      "score": 0.430
    },
    "news.mit.edu": {
      "out": {
        "other": 12
      },
      "score": 0.430
    },
    "search.cpan.org": {
      "out": {
        "other": 12
      },
      "score": 0.430
    },
    "www.buildbrowserapps.com": {
      "out": {
        "other": 12
      },
      "score": 0.430
    },
    "nirs.freeshell.org": {
      "out": {
        "other": 12
      },
      "score": 0.430
    },
    "stuartmemo.com": {
      "out": {
        "other": 12
      },
      "score": 0.430
    },
    "getbootstrap.com": {
      "out": {
        "other": 12
      },
      "score": 0.430
    },
    "river4.smallpict.com": {
      "out": {
        "other": 11
      },
      "score": 0.418
    },
    "bupk.es": {
      "out": {
        "other": 11
      },
      "score": 0.418
    },
    "twitter.com/stuartmemo": {
      "out": {
        "other": 10
      },
      "score": 0.405
    },
    "gist.github.com": {
      "out": {
        "other": 10
      },
      "score": 0.405
    },
    "fargo.io": {
      "out": {
        "other": 10
      },
      "score": 0.405
    },
    "notiz.blog": {
      "in": {
        "other": 18
      },
      "score": 0.391
    },
    "riverjs.org": {
      "out": {
        "other": 9
      },
      "score": 0.391
    },
    "indieauth.com": {
      "out": {
        "other": 9
      },
      "score": 0.391
    },
    "jssortex06.html": {
      "out": {
        "other": 8
      },
      "score": 0.374
    },
    "www.microsoft.com": {
      "out": {
        "other": 8
      },
      "score": 0.374
    },
    "jssortex01.html": {
      "out": {
        "other": 8
      },
      "score": 0.374
    },
    "jssortex07.html": {
      "out": {
        "other": 8
      },
      "score": 0.374
    },
    "www.xprogramming.com": {
      "out": {
        "other": 8
      },
      "score": 0.374
    },
    "www.shininglightpro.com": {
      "out": {
        "other": 8
      },
      "score": 0.374
    },
    "tantek.com": {
      "out": {
        "other": 8
      },
      "score": 0.374
    },
    "forum.wampserver.com": {
      "out": {
        "other": 8
      },
      "score": 0.374
    },
    "www.reallysimplesyndication.com": {
      "out": {
        "other": 8
      },
      "score": 0.374
    },
    "werd.io": {
      "in": {
        "other": 8
      },
      "out": {
        "other": 4
      },
      "score": 0.374
    },
    "pixelscommander.com": {
      "out": {
        "other": 8
      },
      "score": 0.374
    },
    "resources.sei.cmu.edu": {
      "out": {
        "other": 8
      },
      "score": 0.374
    },
    "jssortex05.html": {
      "out": {
        "other": 8
      },
      "score": 0.374
    },
    "editor.opml.org": {
      "out": {
        "other": 8
      },
      "score": 0.374
    },
    "jssortex02.html": {
      "out": {
        "other": 8
      },
      "score": 0.374
    },
    "csse.usc.edu": {
      "out": {
        "other": 8
      },
      "score": 0.374
    },
    "stackoverflow.com": {
      "out": {
        "other": 8
      },
      "score": 0.374
    },
    "jssortex03.html": {
      "out": {
        "other": 8
      },
      "score": 0.374
    },
    "lars-lab.jpl.nasa.gov": {
      "out": {
        "other": 8
      },
      "score": 0.374
    },
    "localhost": {
      "out": {
        "other": 8
      },
      "score": 0.374
    },
    "www.pearsonified.com": {
      "out": {
        "other": 8
      },
      "score": 0.374
    },
    "jssortex04.html": {
      "out": {
        "other": 8
      },
      "score": 0.374
    },
    "index.html": {
      "out": {
        "other": 8
      },
      "score": 0.374
    },
    "support.opml.org": {
      "out": {
        "other": 8
      },
      "score": 0.374
    },
    "rivertest.andysylvester.com": {
      "out": {
        "other": 7
      },
      "score": 0.357
    },
    "radio3.io": {
      "out": {
        "other": 7
      },
      "score": 0.357
    },
    "lostfocus.de": {
      "out": {
        "other": 2
      },
      "in": {
        "other": 9
      },
      "score": 0.346
    },
    "aws.amazon.com": {
      "out": {
        "other": 6
      },
      "score": 0.335
    },
    "www.knowledgeorama.com": {
      "out": {
        "other": 6
      },
      "score": 0.335
    },
    "myrivers.andysylvester.com": {
      "out": {
        "other": 5
      },
      "score": 0.311
    },
    "www.informit.com": {
      "out": {
        "other": 5
      },
      "score": 0.311
    },
    "scriven.chrisdadswell.co.uk": {
      "out": {
        "other": 5
      },
      "score": 0.311
    },
    "www.gregfalken.com": {
      "out": {
        "other": 1
      },
      "in": {
        "other": 8
      },
      "score": 0.311
    },
    "fullblastnews.com": {
      "out": {
        "other": 5
      },
      "score": 0.311
    },
    "www.packtpub.com": {
      "out": {
        "other": 5
      },
      "score": 0.311
    },
    "appinventor.mit.edu": {
      "out": {
        "other": 5
      },
      "score": 0.311
    },
    "cordova.apache.org": {
      "out": {
        "other": 5
      },
      "score": 0.311
    },
    "www.mactech.com": {
      "out": {
        "other": 5
      },
      "score": 0.311
    },
    "play.google.com": {
      "out": {
        "other": 5
      },
      "score": 0.311
    },
    "developer.yahoo.com": {
      "out": {
        "other": 5
      },
      "score": 0.311
    },
    "ward.bay.wiki.org": {
      "out": {
        "other": 4
      },
      "score": 0.281
    },
    "www.nap.edu": {
      "out": {
        "other": 4
      },
      "score": 0.281
    },
    "kartikprabhu.com": {
      "out": {
        "other": 4
      },
      "score": 0.281
    },
    "scitools.com": {
      "out": {
        "other": 4
      },
      "score": 0.281
    },
    "www.junit.org": {
      "out": {
        "other": 4
      },
      "score": 0.281
    },
    "www.copyblogger.com": {
      "out": {
        "other": 4
      },
      "score": 0.281
    },
    "docserver.userland.com": {
      "out": {
        "other": 4
      },
      "score": 0.281
    },
    "html5test.com": {
      "out": {
        "other": 4
      },
      "score": 0.281
    },
    "waterpigs.co.uk": {
      "out": {
        "other": 4
      },
      "score": 0.281
    },
    "patorjk.com": {
      "out": {
        "other": 4
      },
      "score": 0.281
    },
    "tt-rss.org": {
      "out": {
        "other": 4
      },
      "score": 0.281
    },
    "www.frontierkernel.org": {
      "out": {
        "other": 4
      },
      "score": 0.281
    },
    "yoursite.com": {
      "out": {
        "other": 4
      },
      "score": 0.281
    },
    "todotxt.com": {
      "out": {
        "other": 4
      },
      "score": 0.281
    },
    "jekyllrb.com": {
      "out": {
        "other": 4
      },
      "score": 0.281
    },
    "melodykramer.github.io": {
      "out": {
        "other": 4
      },
      "score": 0.281
    },
    "h-reader.aws.af.cm": {
      "out": {
        "other": 4
      },
      "score": 0.281
    },
    "sasstrology.com": {
      "out": {
        "other": 4
      },
      "score": 0.281
    },
    "twitter.com/the_worldface": {
      "out": {
        "other": 4
      },
      "score": 0.281
    },
    "theoldreader.com": {
      "out": {
        "other": 4
      },
      "score": 0.281
    },
    "www.oreilly.com": {
      "out": {
        "other": 4
      },
      "score": 0.281
    },
    "webtutsdepot.com": {
      "out": {
        "other": 4
      },
      "score": 0.281
    },
    "ntrs.nasa.gov": {
      "out": {
        "other": 4
      },
      "score": 0.281
    },
    "rssjs.org": {
      "out": {
        "other": 4
      },
      "score": 0.281
    },
    "www.jpl.nasa.gov": {
      "out": {
        "other": 4
      },
      "score": 0.281
    },
    "bit.ly": {
      "out": {
        "other": 4
      },
      "score": 0.281
    },
    "twitter.com/pfefferle": {
      "out": {
        "other": 4
      },
      "score": 0.281
    },
    "www.tc.faa.gov": {
      "out": {
        "other": 4
      },
      "score": 0.281
    },
    "andysylvester": {
      "out": {
        "other": 4
      },
      "score": 0.281
    },
    "vimeo.com": {
      "out": {
        "other": 4
      },
      "score": 0.281
    },
    "www.faa.gov": {
      "out": {
        "other": 4
      },
      "score": 0.281
    },
    "www.computerhope.com": {
      "out": {
        "other": 4
      },
      "score": 0.281
    },
    "jeffreykishner.com": {
      "out": {
        "other": 4
      },
      "score": 0.281
    },
    "walkthrough.rsscloud.co": {
      "out": {
        "other": 4
      },
      "score": 0.281
    },
    "mat.su": {
      "out": {
        "other": 4
      },
      "score": 0.281
    },
    "headfirstproductions.ca": {
      "out": {
        "other": 4
      },
      "score": 0.281
    },
    "twitter.com/macdonst": {
      "out": {
        "other": 4
      },
      "score": 0.281
    },
    "store.mactech.com": {
      "out": {
        "other": 4
      },
      "score": 0.281
    },
    "www.atpm.com": {
      "out": {
        "other": 4
      },
      "score": 0.281
    },
    "crowdfavorite.com": {
      "out": {
        "other": 4
      },
      "score": 0.281
    },
    "peabody.sapp.org": {
      "out": {
        "other": 4
      },
      "score": 0.281
    },
    "sdtimes.com": {
      "out": {
        "other": 4
      },
      "score": 0.281
    },
    "cyber.law.harvard.edu": {
      "out": {
        "other": 4
      },
      "score": 0.281
    },
    "radio.userland.com": {
      "out": {
        "other": 4
      },
      "score": 0.281
    },
    "newsriver.org": {
      "out": {
        "other": 4
      },
      "score": 0.281
    },
    "web.eecs.umich.edu": {
      "out": {
        "other": 4
      },
      "score": 0.281
    },
    "intertwingly.net": {
      "out": {
        "other": 4
      },
      "score": 0.281
    },
    "www.w3.org": {
      "out": {
        "other": 4
      },
      "score": 0.281
    },
    "www.wpbeginner.com": {
      "out": {
        "other": 4
      },
      "score": 0.281
    },
    "fedwiki.andysylvester.com": {
      "out": {
        "other": 4
      },
      "score": 0.281
    },
    "rivers.andysylvester.com": {
      "out": {
        "other": 4
      },
      "score": 0.281
    },
    "import.jekyllrb.com": {
      "out": {
        "other": 4
      },
      "score": 0.281
    },
    "twitter.com/mrmzholland": {
      "out": {
        "other": 4
      },
      "score": 0.281
    },
    "www.planetplanet.org": {
      "out": {
        "other": 4
      },
      "score": 0.281
    },
    "www.wampserver.com": {
      "out": {
        "other": 4
      },
      "score": 0.281
    },
    "www.userland.com": {
      "out": {
        "other": 4
      },
      "score": 0.281
    },
    "1999bloggers.andysylvester.com": {
      "out": {
        "other": 4
      },
      "score": 0.281
    },
    "chimera.labs.oreilly.com": {
      "out": {
        "other": 4
      },
      "score": 0.281
    },
    "18f.gsa.gov": {
      "out": {
        "other": 4
      },
      "score": 0.281
    },
    "doc.blog": {
      "out": {
        "other": 4
      },
      "score": 0.281
    },
    "heymancenter.org": {
      "out": {
        "other": 4
      },
      "score": 0.281
    },
    "howto.opml.org": {
      "out": {
        "other": 4
      },
      "score": 0.281
    },
    "qz.com": {
      "out": {
        "other": 4
      },
      "score": 0.281
    },
    "www.scripting.com": {
      "out": {
        "other": 4
      },
      "score": 0.281
    },
    "ma.tt": {
      "out": {
        "other": 4
      },
      "score": 0.281
    },
    "my.1999.io": {
      "out": {
        "other": 3
      },
      "score": 0.242
    },
    "blog.henrikcarlsson.se": {
      "in": {
        "other": 6
      },
      "score": 0.242
    },
    "snarfed.org": {
      "in": {
        "like-of": 1
      },
      "out": {
        "other": 1
      },
      "score": 0.188
    },
    "groups.google.com": {
      "out": {
        "other": 2
      },
      "score": 0.188
    },
    "known.kylewm.com": {
      "in": {
        "other": 4
      },
      "score": 0.188
    },
    "pfauth.com": {
      "out": {
        "other": 1
      },
      "in": {
        "other": 2
      },
      "score": 0.188
    },
    "twitter.com/KatiMichel": {
      "out": {
        "other": 2
      },
      "score": 0.188
    },
    "dougmckown.com": {
      "out": {
        "other": 2
      },
      "score": 0.188
    },
    "twitter.com/craigkerstiens": {
      "out": {
        "other": 2
      },
      "score": 0.188
    },
    "brid.gy": {
      "in": {
        "other": 4
      },
      "score": 0.188
    },
    "stream.withknown.com": {
      "in": {
        "other": 2
      },
      "score": 0.0936
    },
    "kylewm.com": {
      "in": {
        "other": 2
      },
      "score": 0.0936
    },
    "twitter.com/toxicdata": {
      "out": {
        "other": 1
      },
      "score": 0.0936
    },
    "twitter.com/indiewebcamp": {
      "out": {
        "other": 1
      },
      "score": 0.0936
    },
    "techblast.org": {
      "out": {
        "other": 1
      },
      "score": 0.0936
    },
    "cloud.google.com": {
      "out": {
        "other": 1
      },
      "score": 0.0936
    },
    "mysynology.nl": {
      "out": {
        "other": 1
      },
      "score": 0.0936
    },
    "www.amazon.com": {
      "out": {
        "other": 1
      },
      "score": 0.0936
    },
    "dukeriver.co": {
      "out": {
        "other": 1
      },
      "score": 0.0936
    },
    "tyler.cat": {
      "out": {
        "other": 1
      },
      "score": 0.0936
    },
    "mlbriver.com": {
      "out": {
        "other": 1
      },
      "score": 0.0936
    },
    "reader.smallpicture.com": {
      "out": {
        "other": 1
      },
      "score": 0.0936
    },
    "twitter.com/kauresss": {
      "out": {
        "other": 1
      },
      "score": 0.0936
    },
    "twitter.com/pixelroiber": {
      "out": {
        "other": 1
      },
      "score": 0.0936
    },
    "podcatch.com": {
      "out": {
        "other": 1
      },
      "score": 0.0936
    },
    "clarkonium.net": {
      "out": {
        "other": 1
      },
      "score": 0.0936
    },
    "www.andysylvester.com": {
      "out": {
        "other": 1
      },
      "score": 0.0936
    },
    "twitter.com/alvinsight": {
      "out": {
        "other": 1
      },
      "score": 0.0936
    }
  }
}