{
  "domain": "andyleap.net",
  "urls": [
    "http://andyleap.net/"
  ],
  "names": [
    "/"
  ],
  "descriptions": [],
  "pictures": [],
  "hcard": {},
  "rel_mes": [],
  "crawl_start": "2017-06-09T17:33:26",
  "crawl_end": "2017-06-09T17:33:50",
  "num_pages": 49,
  "total_html_size": 452669,
  "servers": [
    "Caddy"
  ],
  "tags": [],
  "endpoints": {},
  "links_out": 49,
  "links_in": 39,
  "links": {
    "caddyserver.com": {
      "out": {
        "other": 49
      },
      "score": 1
    },
    "www.jefflarkin.com": {
      "in": {
        "in-reply-to": 4,
        "other": 8
      },
      "score": 0.727
    },
    "indieweb.org": {
      "in": {
        "other": 18
      },
      "score": 0.631
    },
    "chat.indieweb.org": {
      "in": {
        "other": 9
      },
      "score": 0.480
    }
  }
}