{
  "domain": "anenglishman.in",
  "urls": [
    "http://anenglishman.in/"
  ],
  "names": [
    "Annik Piriou Sterling Silver and Gold Jewellery"
  ],
  "descriptions": [
    "Annik Piriou, unique and original Sterling Silver and Gold jewellery."
  ],
  "pictures": [],
  "hcard": {},
  "rel_mes": [],
  "crawl_start": "2017-04-27T07:52:23",
  "crawl_end": "2017-04-27T07:52:23",
  "num_pages": 1,
  "total_html_size": 4011,
  "servers": [
    "Apache"
  ],
  "tags": [
    "bridgy"
  ],
  "endpoints": {},
  "links_out": 5,
  "links_in": 66,
  "links": {
    "www.marcus-povey.co.uk": {
      "in": {
        "other": 61
      },
      "score": 1
    },
    "mapkyca.com": {
      "in": {
        "in-reply-to": 5
      },
      "score": 0.783
    },
    "www.annikpirioujewellery.com": {
      "out": {
        "other": 4
      },
      "score": 0.506
    },
    "www.dushka.co.uk": {
      "out": {
        "other": 1
      },
      "score": 0.169
    }
  }
}