{
  "domain": "angelo.lahacker.net",
  "urls": [
    "https://angelo.lahacker.net/"
  ],
  "names": [
    "Angelo Gladding"
  ],
  "descriptions": [],
  "pictures": [
    "https://angelo.lahacker.net/images/photos/FA6q-avatar.jpg"
  ],
  "hcard": {
    "children": [
      {
        "properties": {
          "locality": [
            "South Pasadena"
          ],
          "name": [
            "South Pasadena,\nCA\n Partly Cloudy\n56.5 °F"
          ],
          "region": [
            "CA"
          ]
        },
        "type": [
          "h-adr"
        ]
      }
    ],
    "properties": {
      "email": [
        "mailto:angelo@lahacker.net"
      ],
      "name": [
        "Angelo Gladding"
      ],
      "photo": [
        "https://angelo.lahacker.net/images/photos/FA6q-avatar.jpg"
      ],
      "url": [
        "https://angelo.lahacker.net/"
      ]
    },
    "type": [
      "h-card"
    ]
  },
  "rel_mes": [
    "https://angelo.lahacker.net/",
    "https://news.ycombinator.com/user?id=angelo",
    "https://reddit.com/u/agladding",
    "https://twitter.com/angelogladding",
    "https://github.com/angelogladding",
    "https://facebook.com/angelogladding",
    "https://linkedin.com/in/angelogladding",
    "mailto:angelo@lahacker.net",
    "https://angelo.lahacker.net/security/pgp/keys/008444488D4DD81B.asc"
  ],
  "crawl_start": "2017-06-09T17:33:26",
  "crawl_end": "2017-06-09T20:13:33",
  "num_pages": 4534,
  "total_html_size": 80646097,
  "servers": [
    "nginx"
  ],
  "mf2_classes": [
    "h-adr",
    "h-card",
    "h-entry",
    "h-resume",
    "h-feed"
  ],
  "tags": [
    "relme",
    "websub"
  ],
  "endpoints": {
    "websub": [
      "https://angelo.lahacker.net/hub"
    ]
  },
  "links_out": 36778,
  "links_in": 62,
  "links": {
    "github.com": {
      "out": {
        "other": 4541
      },
      "score": 1
    },
    "linkedin.com": {
      "out": {
        "other": 4534
      },
      "score": 1
    },
    "lahacker.net": {
      "out": {
        "other": 4534
      },
      "score": 1
    },
    "reddit.com": {
      "out": {
        "other": 4534
      },
      "score": 1
    },
    "facebook.com/angelogladding": {
      "out": {
        "other": 4534
      },
      "score": 1
    },
    "twitter.com/angelogladding": {
      "out": {
        "other": 4534
      },
      "score": 1
    },
    "news.ycombinator.com": {
      "out": {
        "other": 4534
      },
      "score": 1
    },
    "bitcoin": {
      "out": {
        "other": 4534
      },
      "score": 1
    },
    "www.democracynow.org": {
      "out": {
        "other": 230
      },
      "score": 0.673
    },
    "www.latimes.com": {
      "out": {
        "other": 146
      },
      "score": 0.623
    },
    "indieweb.org": {
      "in": {
        "other": 28
      },
      "out": {
        "other": 2
      },
      "score": 0.381
    },
    "chat.indieweb.org": {
      "in": {
        "other": 25
      },
      "score": 0.353
    },
    "boffosocko.com": {
      "in": {
        "other": 8
      },
      "out": {
        "other": 2
      },
      "score": 0.272
    },
    "perplexinglyemma.blogspot.com": {
      "out": {
        "other": 4
      },
      "score": 0.228
    },
    "www.bleepingcomputer.com": {
      "out": {
        "other": 4
      },
      "score": 0.228
    },
    "electrospaces.blogspot.com": {
      "out": {
        "other": 4
      },
      "score": 0.228
    },
    "www-cs-faculty.stanford.edu": {
      "out": {
        "other": 4
      },
      "score": 0.228
    },
    "finance.yahoo.com": {
      "out": {
        "other": 4
      },
      "score": 0.228
    },
    "www.bbc.com": {
      "out": {
        "other": 4
      },
      "score": 0.228
    },
    "www.eetimes.com": {
      "out": {
        "other": 4
      },
      "score": 0.228
    },
    "morepypy.blogspot.com": {
      "out": {
        "other": 4
      },
      "score": 0.228
    },
    "bitbucket.org": {
      "out": {
        "other": 4
      },
      "score": 0.228
    },
    "c64.superdefault.com": {
      "out": {
        "other": 4
      },
      "score": 0.228
    },
    "democracynow.org": {
      "out": {
        "other": 4
      },
      "score": 0.228
    },
    "opensourceforu.com": {
      "out": {
        "other": 4
      },
      "score": 0.228
    },
    "blog.tintagel.pl": {
      "out": {
        "other": 4
      },
      "score": 0.228
    },
    "www.bloomberg.com": {
      "out": {
        "other": 4
      },
      "score": 0.228
    },
    "reviewcanada.ca": {
      "out": {
        "other": 4
      },
      "score": 0.228
    },
    "blog.openai.com": {
      "out": {
        "other": 4
      },
      "score": 0.228
    },
    "www.nytimes.com": {
      "out": {
        "other": 4
      },
      "score": 0.228
    },
    "UNKNOWN": {
      "out": {
        "other": 4
      },
      "score": 0.228
    },
    "www.rollingstone.com": {
      "out": {
        "other": 4
      },
      "score": 0.228
    },
    "demos.creative-tim.com": {
      "out": {
        "other": 4
      },
      "score": 0.228
    },
    "www.craigkerstiens.com": {
      "out": {
        "other": 3
      },
      "score": 0.196
    },
    "<span": {
      "out": {
        "other": 2
      },
      "score": 0.153
    },
    "mymodernmet.com": {
      "out": {
        "other": 2
      },
      "score": 0.153
    },
    "aaronparecki.com": {
      "out": {
        "other": 2
      },
      "score": 0.153
    },
    "www.icracked.com": {
      "out": {
        "other": 2
      },
      "score": 0.153
    },
    "www.meetup.com": {
      "out": {
        "other": 2
      },
      "score": 0.153
    },
    "www.technologyreview.com": {
      "out": {
        "other": 2
      },
      "score": 0.153
    },
    "money.cnn.com": {
      "out": {
        "other": 2
      },
      "score": 0.153
    },
    "www.kevinmarks.com": {
      "out": {
        "other": 2
      },
      "score": 0.153
    },
    "creativecommons.org": {
      "out": {
        "other": 2
      },
      "score": 0.153
    },
    "pyicu.osafoundation.org": {
      "out": {
        "other": 2
      },
      "score": 0.153
    },
    "alice.lahacker.net": {
      "out": {
        "other": 2
      },
      "score": 0.153
    },
    "www.pycrypto.org": {
      "out": {
        "other": 2
      },
      "score": 0.153
    },
    "www.fcsilverlakesoccer.com": {
      "out": {
        "other": 2
      },
      "score": 0.153
    },
    "www.libtorrent.org": {
      "out": {
        "other": 2
      },
      "score": 0.153
    },
    "werd.io": {
      "out": {
        "other": 2
      },
      "score": 0.153
    },
    "tantek.com": {
      "out": {
        "other": 2
      },
      "score": 0.153
    },
    "blog.del.icio.us": {
      "out": {
        "other": 2
      },
      "score": 0.153
    },
    "filmschoolrejects.com": {
      "out": {
        "other": 2
      },
      "score": 0.153
    },
    "brid.gy": {
      "in": {
        "other": 1
      },
      "score": 0
    }
  }
}