{
  "domain": "anny-cant-sleep.de",
  "urls": [
    "http://anny-cant-sleep.de/"
  ],
  "names": [
    "(kein Titel)"
  ],
  "descriptions": [],
  "pictures": [
    "https://s0.wp.com/i/blank.jpg"
  ],
  "hcard": {},
  "rel_mes": [
    "https://plus.google.com/https://google.com/+AnnePelz",
    "https://twitter.com/sahnelinchen",
    "https://www.facebook.com/https://www.facebook.com/aenny.cant.sleep",
    "https://www.instagram.com/https://instagram.com/sahnelinchen/"
  ],
  "crawl_start": "2017-04-27T07:52:23",
  "crawl_end": "2017-04-27T09:05:01",
  "num_pages": 1176,
  "total_html_size": 50573284,
  "servers": [
    "Apache",
    "WordPress"
  ],
  "mf2_classes": [
    "h-as-article",
    "h-as-note",
    "h-as-reply",
    "h-cite",
    "h-entry",
    "h-as-image"
  ],
  "tags": [
    "relme",
    "bridgy",
    "webmention",
    "micropub",
    "authorization",
    "token",
    "generator",
    "WordPress"
  ],
  "endpoints": {
    "webmention": [
      "http://anny-cant-sleep.de/wp-json/webmention/1.0/endpoint"
    ],
    "micropub": [
      "http://anny-cant-sleep.de/?micropub=endpoint"
    ],
    "authorization": [
      "https://indieauth.com/auth"
    ],
    "token": [
      "https://tokens.indieauth.com/token"
    ],
    "generator": [
      "http://wordpress.org/"
    ]
  },
  "links_out": 14994,
  "links_in": 768,
  "links": {
    "instagram.com": {
      "out": {
        "other": 2356
      },
      "score": 1
    },
    "twitter.com/@Sahnelinchen": {
      "out": {
        "other": 2352
      },
      "score": 1
    },
    "www.pinterest.com": {
      "out": {
        "other": 2353
      },
      "score": 1
    },
    "www.youtube.com": {
      "out": {
        "other": 2355
      },
      "score": 1
    },
    "facebook.com/Anne%20Pelz": {
      "out": {
        "other": 1176
      },
      "score": 0.917
    },
    "facebook.com/änny%20can't%20sleep%20Blog": {
      "out": {
        "other": 1176
      },
      "score": 0.917
    },
    "www.elmastudio.de": {
      "out": {
        "other": 1176
      },
      "score": 0.917
    },
    "wordpress.org": {
      "out": {
        "other": 1176
      },
      "score": 0.917
    },
    "papapelz.de": {
      "out": {
        "other": 17
      },
      "in": {
        "other": 758
      },
      "score": 0.788
    },
    "pinterest.com": {
      "out": {
        "other": 163
      },
      "score": 0.684
    },
    "twitter.com/share": {
      "out": {
        "other": 163
      },
      "score": 0.684
    },
    "twitter.com/Sahnelinchen": {
      "out": {
        "other": 82
      },
      "score": 0.603
    },
    "twitter.com/mamis_blog": {
      "out": {
        "other": 44
      },
      "score": 0.530
    },
    "twitter.com/papapelz": {
      "out": {
        "other": 28
      },
      "score": 0.476
    },
    "geborgen-wachsen.de": {
      "out": {
        "other": 21
      },
      "score": 0.442
    },
    "aenny-cant-sleep.blogspot.de": {
      "out": {
        "other": 20
      },
      "score": 0.436
    },
    "lh3.googleusercontent.com": {
      "out": {
        "other": 18
      },
      "score": 0.423
    },
    "www.instagram.com": {
      "out": {
        "other": 17
      },
      "score": 0.417
    },
    "movinganny.files.wordpress.com": {
      "out": {
        "other": 14
      },
      "score": 0.394
    },
    "twitter.com/apfelgruenliebe": {
      "out": {
        "other": 12
      },
      "score": 0.376
    },
    "facebook.com/769766053140455": {
      "out": {
        "other": 12
      },
      "score": 0.376
    },
    "twitter.com/hashtag": {
      "out": {
        "other": 11
      },
      "score": 0.365
    },
    "twitter.com/mottesma": {
      "out": {
        "other": 10
      },
      "score": 0.355
    },
    "twitter.com/kleinMogli": {
      "out": {
        "other": 10
      },
      "score": 0.355
    },
    "de.wikipedia.org": {
      "out": {
        "other": 9
      },
      "score": 0.342
    },
    "twitter.com/gisela7809": {
      "out": {
        "other": 8
      },
      "score": 0.327
    },
    "twitter.com/Erdbeer_Lila": {
      "out": {
        "other": 8
      },
      "score": 0.327
    },
    "twitter.com/snowinberlin": {
      "out": {
        "other": 8
      },
      "score": 0.327
    },
    "frollein-pfau.blogspot.de": {
      "out": {
        "other": 8
      },
      "score": 0.327
    },
    "twitter.com/denocte": {
      "out": {
        "other": 8
      },
      "score": 0.327
    },
    "twitter.com/mizZalii": {
      "out": {
        "other": 6
      },
      "score": 0.293
    },
    "twitter.com/alinast1988": {
      "out": {
        "other": 6
      },
      "score": 0.293
    },
    "twitter.com/ela_popela": {
      "out": {
        "other": 6
      },
      "score": 0.293
    },
    "twitter.com/NelemitPrinz": {
      "out": {
        "other": 6
      },
      "score": 0.293
    },
    "draussennurkaennchen.blogspot.de": {
      "out": {
        "other": 6
      },
      "score": 0.293
    },
    "dabatabu.blogspot.de": {
      "out": {
        "other": 5
      },
      "score": 0.272
    },
    "brid.gy": {
      "in": {
        "other": 10
      },
      "score": 0.272
    },
    "twitter.com/prokrastinix": {
      "out": {
        "other": 4
      },
      "score": 0.246
    },
    "twitter.com/Freiraumkind": {
      "out": {
        "other": 4
      },
      "score": 0.246
    },
    "twitter.com/Holisbk": {
      "out": {
        "other": 4
      },
      "score": 0.246
    },
    "twitter.com/GluckeundSo": {
      "out": {
        "other": 4
      },
      "score": 0.246
    },
    "twitter.com/chaoshoch2": {
      "out": {
        "other": 4
      },
      "score": 0.246
    },
    "3.bp.blogspot.com": {
      "out": {
        "other": 4
      },
      "score": 0.246
    },
    "placeformemories.de": {
      "out": {
        "other": 2
      },
      "score": 0.164
    },
    "twitter.com/aluberlin": {
      "out": {
        "other": 2
      },
      "score": 0.164
    },
    "twitter.com/die_Venus": {
      "out": {
        "other": 2
      },
      "score": 0.164
    },
    "twitter.com/linsensicht": {
      "out": {
        "other": 2
      },
      "score": 0.164
    },
    "feiersun.de": {
      "out": {
        "other": 2
      },
      "score": 0.164
    },
    "twitter.com/fruehlingsmama": {
      "out": {
        "other": 2
      },
      "score": 0.164
    },
    "twitter.com/place4memories": {
      "out": {
        "other": 2
      },
      "score": 0.164
    },
    "twitter.com/Heike_land": {
      "out": {
        "other": 2
      },
      "score": 0.164
    },
    "mamaschulze.de": {
      "out": {
        "other": 2
      },
      "score": 0.164
    },
    "frau-chamailion.de": {
      "out": {
        "other": 2
      },
      "score": 0.164
    },
    "twitter.com/Semi_Fe": {
      "out": {
        "other": 2
      },
      "score": 0.164
    },
    "twitter.com/SimplySilke": {
      "out": {
        "other": 2
      },
      "score": 0.164
    },
    "twitter.com/tantetinitus": {
      "out": {
        "other": 2
      },
      "score": 0.164
    },
    "twitter.com/ettercat": {
      "out": {
        "other": 2
      },
      "score": 0.164
    },
    "twitter.com/tafjora": {
      "out": {
        "other": 2
      },
      "score": 0.164
    },
    "twitter.com/gutekinderstube": {
      "out": {
        "other": 2
      },
      "score": 0.164
    },
    "wubttika.wordpress.com": {
      "out": {
        "other": 2
      },
      "score": 0.164
    },
    "twitter.com/Mama_notes": {
      "out": {
        "other": 2
      },
      "score": 0.164
    },
    "twitter.com/Die_Hoferin": {
      "out": {
        "other": 2
      },
      "score": 0.164
    },
    "2kindchaos.de": {
      "out": {
        "other": 2
      },
      "score": 0.164
    },
    "www.amazon.de": {
      "out": {
        "other": 2
      },
      "score": 0.164
    },
    "twitter.com/leitmedium": {
      "out": {
        "other": 2
      },
      "score": 0.164
    },
    "twitter.com/IchlebeJetzt1": {
      "out": {
        "other": 2
      },
      "score": 0.164
    },
    "twitter.com/MaraKolumna": {
      "out": {
        "other": 2
      },
      "score": 0.164
    },
    "twitter.com/GabyimPark": {
      "out": {
        "other": 2
      },
      "score": 0.164
    },
    "twitter.com/VerflixteAlltag": {
      "out": {
        "other": 2
      },
      "score": 0.164
    },
    "lh5.ggpht.com": {
      "out": {
        "other": 2
      },
      "score": 0.164
    },
    "twitter.com/2kindchaos_mo": {
      "out": {
        "other": 2
      },
      "score": 0.164
    },
    "www.blogger.com": {
      "out": {
        "other": 2
      },
      "score": 0.164
    },
    "twitter.com/Bines_Welt": {
      "out": {
        "other": 2
      },
      "score": 0.164
    },
    "twitter.com/chamailion": {
      "out": {
        "other": 2
      },
      "score": 0.164
    },
    "twitter.com/Bibofraeulein": {
      "out": {
        "other": 2
      },
      "score": 0.164
    },
    "twitter.com/MotherBirth13": {
      "out": {
        "other": 2
      },
      "score": 0.164
    },
    "www.bloglovin.com": {
      "out": {
        "other": 2
      },
      "score": 0.164
    },
    "twitter.com/HerzMamimal2": {
      "out": {
        "other": 2
      },
      "score": 0.164
    },
    "runzelfuesschen.blogspot.de": {
      "out": {
        "other": 2
      },
      "score": 0.164
    },
    "teilzeitpazifist.blogspot.de": {
      "out": {
        "other": 1
      },
      "score": 0.0819
    },
    "re-publica.de": {
      "out": {
        "other": 1
      },
      "score": 0.0819
    },
    "fruehesvogerl.blogspot.nl": {
      "out": {
        "other": 1
      },
      "score": 0.0819
    },
    "www.papapelz.de": {
      "out": {
        "other": 1
      },
      "score": 0.0819
    },
    "lh3.ggpht.com": {
      "out": {
        "other": 1
      },
      "score": 0.0819
    },
    "twitter.com/Fleischbaerchen": {
      "out": {
        "other": 1
      },
      "score": 0.0819
    },
    "www.jako-o.de": {
      "out": {
        "other": 1
      },
      "score": 0.0819
    },
    "www.meersinn.de": {
      "out": {
        "other": 1
      },
      "score": 0.0819
    },
    "www.datenschutzzentrum.de": {
      "out": {
        "other": 1
      },
      "score": 0.0819
    },
    "www.gewuenschtestes-wunschkind.de": {
      "out": {
        "other": 1
      },
      "score": 0.0819
    },
    "www.rabach-kommunikation.de": {
      "out": {
        "other": 1
      },
      "score": 0.0819
    },
    "www.personalausweisportal.de": {
      "out": {
        "other": 1
      },
      "score": 0.0819
    },
    "2.bp.blogspot.com": {
      "out": {
        "other": 1
      },
      "score": 0.0819
    },
    "pely.blogg.de": {
      "out": {
        "other": 1
      },
      "score": 0.0819
    },
    "lebenliebenmachen.blogspot.de": {
      "out": {
        "other": 1
      },
      "score": 0.0819
    },
    "twitter.com/EmissionsNebel": {
      "out": {
        "other": 1
      },
      "score": 0.0819
    },
    "www.ann-cathrinesigrid.com": {
      "out": {
        "other": 1
      },
      "score": 0.0819
    },
    "twitter.com/Viel_Davon": {
      "out": {
        "other": 1
      },
      "score": 0.0819
    },
    "www.spiller.me": {
      "out": {
        "other": 1
      },
      "score": 0.0819
    },
    "www.gerechte-geburt.de": {
      "out": {
        "other": 1
      },
      "score": 0.0819
    },
    "dasnuf.de": {
      "out": {
        "other": 1
      },
      "score": 0.0819
    },
    "www.junaimnetz.de": {
      "out": {
        "other": 1
      },
      "score": 0.0819
    },
    "www.juraforum.de": {
      "out": {
        "other": 1
      },
      "score": 0.0819
    },
    "simple.wikipedia.org": {
      "out": {
        "other": 1
      },
      "score": 0.0819
    },
    "www.myvideo.de": {
      "out": {
        "other": 1
      },
      "score": 0.0819
    },
    "twitter.com/DB_Bahn": {
      "out": {
        "other": 1
      },
      "score": 0.0819
    },
    "www.buch.de": {
      "out": {
        "other": 1
      },
      "score": 0.0819
    },
    "www.nadelspiel.com": {
      "out": {
        "other": 1
      },
      "score": 0.0819
    },
    "frollein-pfau.blogspot.nl": {
      "out": {
        "other": 1
      },
      "score": 0.0819
    },
    "twitter.com/IrgendwieJuna": {
      "out": {
        "other": 1
      },
      "score": 0.0819
    },
    "buecherforum.shop-asp.de": {
      "out": {
        "other": 1
      },
      "score": 0.0819
    },
    "grossekoepfe.blogspot.de": {
      "out": {
        "other": 1
      },
      "score": 0.0819
    },
    "picasaweb.google.com": {
      "out": {
        "other": 1
      },
      "score": 0.0819
    },
    "www.babyfreundlich.org": {
      "out": {
        "other": 1
      },
      "score": 0.0819
    },
    "www.gimp.org": {
      "out": {
        "other": 1
      },
      "score": 0.0819
    },
    "www.pinakothek.de": {
      "out": {
        "other": 1
      },
      "score": 0.0819
    },
    "t.co": {
      "out": {
        "other": 1
      },
      "score": 0.0819
    },
    "www.nabu-odenwaldkreis.de": {
      "out": {
        "other": 1
      },
      "score": 0.0819
    },
    "dabatabu.blogspot.com": {
      "out": {
        "other": 1
      },
      "score": 0.0819
    },
    "www.mankau-verlag.de": {
      "out": {
        "other": 1
      },
      "score": 0.0819
    },
    "nullpunktzwo.de": {
      "out": {
        "other": 1
      },
      "score": 0.0819
    },
    "www.br.de": {
      "out": {
        "other": 1
      },
      "score": 0.0819
    },
    "puschenalarm.de": {
      "out": {
        "other": 1
      },
      "score": 0.0819
    },
    "www.connektar.de": {
      "out": {
        "other": 1
      },
      "score": 0.0819
    },
    "www.hebammenblog.de": {
      "out": {
        "other": 1
      },
      "score": 0.0819
    },
    "youtube.googleapis.com": {
      "out": {
        "other": 1
      },
      "score": 0.0819
    },
    "bloggermeetmompreneurs.wordpress.com": {
      "out": {
        "other": 1
      },
      "score": 0.0819
    },
    "supermom-berlin.blogspot.de": {
      "out": {
        "other": 1
      },
      "score": 0.0819
    },
    "twitter.com/KleinerAjan": {
      "out": {
        "other": 1
      },
      "score": 0.0819
    },
    "www.rehadat.de": {
      "out": {
        "other": 1
      },
      "score": 0.0819
    },
    "www.geistesleben.de": {
      "out": {
        "other": 1
      },
      "score": 0.0819
    },
    "twitter.com/verbockt": {
      "out": {
        "other": 1
      },
      "score": 0.0819
    }
  }
}