{
  "domain": "anomalily.net",
  "urls": [
    "http://anomalily.net/"
  ],
  "names": [
    "AnomaLily.net – The internet home of Lillian Karabaic"
  ],
  "descriptions": [],
  "pictures": [
    "http://anomalily.net/wp-content/uploads/2012/02/favicon1.ico",
    "http://anomalily.net/wp-content/uploads/2017/03/favicon.png"
  ],
  "hcard": {},
  "rel_mes": [
    "http://www.twitter.com/anomalily",
    "http://www.flickr.com/photos/lilymonster/",
    "http://www.last.fm/user/wearemice/"
  ],
  "crawl_start": "2017-04-27T07:52:23",
  "crawl_end": "2017-04-27T09:23:17",
  "num_pages": 283,
  "total_html_size": 22844700,
  "servers": [
    "Apache",
    "WordPress"
  ],
  "mf2_classes": [
    "h-as-reply",
    "h-entry",
    "h-feed",
    "h-as-mention",
    "h-card",
    "h-as-repost",
    "h-event",
    "h-as-rsvp",
    "h-as-like"
  ],
  "tags": [
    "relme",
    "bridgy",
    "IWS2017",
    "webmention",
    "micropub",
    "authorization",
    "token",
    "WordPress"
  ],
  "endpoints": {
    "webmention": [
      "http://anomalily.net/?webmention=endpoint"
    ],
    "micropub": [
      "http://anomalily.net/?micropub=endpoint"
    ],
    "authorization": [
      "https://indieauth.com/auth"
    ],
    "token": [
      "https://tokens.indieauth.com/token"
    ]
  },
  "links_out": 3571,
  "links_in": 498,
  "links": {
    "facebook.com/550539683": {
      "out": {
        "other": 1156
      },
      "score": 1
    },
    "www.flickr.com": {
      "out": {
        "other": 593
      },
      "score": 0.914
    },
    "twitter.com/anomalily": {
      "out": {
        "other": 415
      },
      "score": 0.867
    },
    "www.indieweb.org": {
      "out": {
        "other": 283
      },
      "score": 0.818
    },
    "www.anomalily.net": {
      "out": {
        "other": 282
      },
      "score": 0.818
    },
    "www.last.fm": {
      "out": {
        "other": 283
      },
      "score": 0.818
    },
    "facebook.com/1702439296647199": {
      "out": {
        "other": 162
      },
      "score": 0.746
    },
    "aaronparecki.com": {
      "in": {
        "bookmark-of": 26,
        "like-of": 14,
        "in-reply-to": 7,
        "other": 22
      },
      "out": {
        "other": 12
      },
      "score": 0.655
    },
    "indieweb.org": {
      "in": {
        "other": 150
      },
      "score": 0.646
    },
    "adactio.com": {
      "in": {
        "bookmark-of": 47
      },
      "score": 0.586
    },
    "jeena.net": {
      "out": {
        "other": 6
      },
      "in": {
        "in-reply-to": 12,
        "other": 4,
        "like-of": 6
      },
      "score": 0.578
    },
    "known.kylewm.com": {
      "in": {
        "other": 12,
        "in-reply-to": 15
      },
      "score": 0.577
    },
    "facebook.com/1501935593391258": {
      "out": {
        "other": 38
      },
      "score": 0.559
    },
    "chat.indieweb.org": {
      "in": {
        "other": 67
      },
      "score": 0.542
    },
    "jothut.com": {
      "in": {
        "other": 51
      },
      "score": 0.507
    },
    "www.beeminder.com": {
      "out": {
        "other": 25
      },
      "score": 0.505
    },
    "kylewm.com": {
      "in": {
        "bookmark-of": 4,
        "other": 6,
        "in-reply-to": 4
      },
      "out": {
        "other": 2
      },
      "score": 0.470
    },
    "facebook.com/591641434299904": {
      "out": {
        "other": 16
      },
      "score": 0.448
    },
    "twitter.com/t": {
      "out": {
        "other": 16
      },
      "score": 0.448
    },
    "dougbeal.com": {
      "in": {
        "like-of": 12
      },
      "score": 0.410
    },
    "twitter.com/ckswarriorqueen": {
      "out": {
        "other": 10
      },
      "score": 0.387
    },
    "stream.boffosocko.com": {
      "in": {
        "other": 17
      },
      "score": 0.365
    },
    "twitter.com/ShaneHudson": {
      "out": {
        "other": 8
      },
      "score": 0.357
    },
    "www.ohmydollar.com": {
      "out": {
        "other": 7
      },
      "score": 0.341
    },
    "twitter.com/lyspeth": {
      "out": {
        "other": 6
      },
      "score": 0.32
    },
    "ift.tt": {
      "out": {
        "other": 6
      },
      "score": 0.32
    },
    "www.youtube.com": {
      "out": {
        "other": 5
      },
      "score": 0.297
    },
    "indiewebcamp.com": {
      "out": {
        "other": 5
      },
      "score": 0.297
    },
    "buyfocal.anomalily.net": {
      "out": {
        "other": 5
      },
      "score": 0.297
    },
    "kartikprabhu.com": {
      "in": {
        "in-reply-to": 2
      },
      "score": 0.297
    },
    "www.transportini.com": {
      "out": {
        "other": 4
      },
      "score": 0.268
    },
    "twitter.com/LuBellWoo": {
      "out": {
        "other": 4
      },
      "score": 0.268
    },
    "twitter.com/jeenyus0": {
      "out": {
        "other": 4
      },
      "score": 0.268
    },
    "class.ps": {
      "out": {
        "other": 4
      },
      "score": 0.268
    },
    "itunes.apple.com": {
      "out": {
        "other": 4
      },
      "score": 0.268
    },
    "twitter.com/search": {
      "out": {
        "other": 4
      },
      "score": 0.268
    },
    "snarfed.org": {
      "out": {
        "other": 3
      },
      "in": {
        "like-of": 1
      },
      "score": 0.268
    },
    "www.aaronparecki.com": {
      "out": {
        "other": 4
      },
      "score": 0.268
    },
    "twitter.com/kid_OYO": {
      "out": {
        "other": 4
      },
      "score": 0.268
    },
    "twitter.com/bmndr": {
      "out": {
        "other": 4
      },
      "score": 0.268
    },
    "twitter.com/hashtag": {
      "out": {
        "other": 4
      },
      "score": 0.268
    },
    "bikeportland.org": {
      "out": {
        "other": 4
      },
      "score": 0.268
    },
    "www.iprc.org": {
      "out": {
        "other": 4
      },
      "score": 0.268
    },
    "twitter.com/PiratePlinko": {
      "out": {
        "other": 4
      },
      "score": 0.268
    },
    "t.co": {
      "out": {
        "other": 3
      },
      "score": 0.231
    },
    "brid.gy": {
      "in": {
        "other": 6
      },
      "score": 0.231
    },
    "www.streampdx.com": {
      "out": {
        "other": 3
      },
      "score": 0.231
    },
    "runkeeper.com": {
      "out": {
        "other": 3
      },
      "score": 0.231
    },
    "willnorris.com": {
      "in": {
        "other": 1
      },
      "out": {
        "other": 2
      },
      "score": 0.208
    },
    "twitter.com/karabaic": {
      "out": {
        "other": 2
      },
      "score": 0.179
    },
    "twitter.com/kevinmarks": {
      "out": {
        "other": 2
      },
      "score": 0.179
    },
    "twitter.com/skjonas": {
      "out": {
        "other": 2
      },
      "score": 0.179
    },
    "twitter.com/twjpdx23": {
      "out": {
        "other": 2
      },
      "score": 0.179
    },
    "www.communitycyclingcenter.org": {
      "out": {
        "other": 2
      },
      "score": 0.179
    },
    "www.bta4bikes.org": {
      "out": {
        "other": 2
      },
      "score": 0.179
    },
    "www.indiewebcat.com": {
      "out": {
        "other": 2
      },
      "score": 0.179
    },
    "www.thehpalliance.org": {
      "out": {
        "other": 2
      },
      "score": 0.179
    },
    "www.goethe.de": {
      "out": {
        "other": 2
      },
      "score": 0.179
    },
    "blog.beeminder.com": {
      "out": {
        "other": 2
      },
      "score": 0.179
    },
    "minihabits.com": {
      "out": {
        "other": 2
      },
      "score": 0.179
    },
    "twitter.com/jessicaroberts": {
      "out": {
        "other": 2
      },
      "score": 0.179
    },
    "www.oregonwalks.org": {
      "out": {
        "other": 2
      },
      "score": 0.179
    },
    "twitter.com/axoplasm": {
      "out": {
        "other": 2
      },
      "score": 0.179
    },
    "twitter.com/eraycakir": {
      "out": {
        "other": 2
      },
      "score": 0.179
    },
    "twitter.com/cratermoon": {
      "out": {
        "other": 2
      },
      "score": 0.179
    },
    "twitter.com/JustinCarinci": {
      "out": {
        "other": 2
      },
      "score": 0.179
    },
    "twitter.com/lmorchard": {
      "out": {
        "other": 2
      },
      "score": 0.179
    },
    "twitter.com/andywinterman": {
      "out": {
        "other": 2
      },
      "score": 0.179
    },
    "twitter.com/OnTheWebz": {
      "out": {
        "other": 2
      },
      "score": 0.179
    },
    "twitter.com/qpdx": {
      "out": {
        "other": 2
      },
      "score": 0.179
    },
    "messymatters.com": {
      "out": {
        "other": 2
      },
      "score": 0.179
    },
    "www.moves-app.com": {
      "out": {
        "other": 2
      },
      "score": 0.179
    },
    "huffduffer.com": {
      "in": {
        "other": 4
      },
      "score": 0.179
    },
    "twitter.com/tomas_quinones": {
      "out": {
        "other": 2
      },
      "score": 0.179
    },
    "portlandafoot.org": {
      "out": {
        "other": 2
      },
      "score": 0.179
    },
    "twitter.com/jtolds": {
      "out": {
        "other": 2
      },
      "score": 0.179
    },
    "twitter.com/Bonobo23": {
      "out": {
        "other": 2
      },
      "score": 0.179
    },
    "twitter.com/aaronpk": {
      "out": {
        "other": 2
      },
      "score": 0.179
    },
    "twitter.com/RdHareAmngHrses": {
      "out": {
        "other": 2
      },
      "score": 0.179
    },
    "twitter.com/bikeleptic": {
      "out": {
        "other": 2
      },
      "score": 0.179
    },
    "twitter.com/justinabrahms": {
      "out": {
        "other": 2
      },
      "score": 0.179
    },
    "giveguide.org": {
      "out": {
        "other": 2
      },
      "score": 0.179
    },
    "twitter.com/gasull": {
      "out": {
        "other": 2
      },
      "score": 0.179
    },
    "mailto": {
      "out": {
        "other": 2
      },
      "score": 0.179
    },
    "twitter.com/Cheryl_Crowe": {
      "out": {
        "other": 2
      },
      "score": 0.179
    },
    "twitter.com/Thesueshi": {
      "out": {
        "other": 2
      },
      "score": 0.179
    },
    "www.oregonlive.com": {
      "out": {
        "other": 2
      },
      "score": 0.179
    },
    "petermolnar.net": {
      "out": {
        "other": 2
      },
      "score": 0.179
    },
    "twitter.com/PhilipHellyer": {
      "out": {
        "other": 2
      },
      "score": 0.179
    },
    "www.google.com": {
      "out": {
        "other": 2
      },
      "score": 0.179
    },
    "github.com": {
      "out": {
        "other": 2
      },
      "score": 0.179
    },
    "twitter.com/JamesOfsink": {
      "out": {
        "other": 2
      },
      "score": 0.179
    },
    "www.npr.org": {
      "out": {
        "other": 2
      },
      "score": 0.179
    },
    "twitter.com/0s00sss031u2": {
      "out": {
        "other": 2
      },
      "score": 0.179
    },
    "twitter.com/firasd": {
      "out": {
        "other": 2
      },
      "score": 0.179
    },
    "shanehudson.net": {
      "in": {
        "other": 3
      },
      "score": 0.142
    },
    "twitter.com/lcsimonson": {
      "out": {
        "other": 1
      },
      "score": 0.0894
    },
    "www.gym-pact.com": {
      "out": {
        "other": 1
      },
      "score": 0.0894
    },
    "www.oki.org": {
      "out": {
        "other": 1
      },
      "score": 0.0894
    },
    "www.wpcwalks.org": {
      "out": {
        "other": 1
      },
      "score": 0.0894
    },
    "www.cambooth.net": {
      "out": {
        "other": 1
      },
      "score": 0.0894
    },
    "www.stickk.com": {
      "out": {
        "other": 1
      },
      "score": 0.0894
    },
    "everydayfeminism.com": {
      "out": {
        "other": 1
      },
      "score": 0.0894
    },
    "pdxscholar.library.pdx.edu": {
      "out": {
        "other": 1
      },
      "score": 0.0894
    },
    "amywilentz.tumblr.com": {
      "out": {
        "other": 1
      },
      "score": 0.0894
    },
    "wordpress.org": {
      "out": {
        "other": 1
      },
      "score": 0.0894
    },
    "bootcamp.ohmydollar.com": {
      "out": {
        "other": 1
      },
      "score": 0.0894
    },
    "pearmentor.org": {
      "out": {
        "other": 1
      },
      "score": 0.0894
    },
    "qs17.quantifiedself.com": {
      "out": {
        "other": 1
      },
      "score": 0.0894
    },
    "twitter.com/CriticalTransit": {
      "out": {
        "other": 1
      },
      "score": 0.0894
    },
    "www.blackgirlscode.com": {
      "out": {
        "other": 1
      },
      "score": 0.0894
    },
    "www.reddit.com": {
      "out": {
        "other": 1
      },
      "score": 0.0894
    },
    "www.hefwa.org": {
      "out": {
        "other": 1
      },
      "score": 0.0894
    },
    "facebook.com/anomalily": {
      "out": {
        "other": 1
      },
      "score": 0.0894
    },
    "20somethingfinance.com": {
      "out": {
        "other": 1
      },
      "score": 0.0894
    },
    "lauravanderkam.com": {
      "out": {
        "other": 1
      },
      "score": 0.0894
    },
    "www.carrotstick.club": {
      "out": {
        "other": 1
      },
      "score": 0.0894
    },
    "www.learnvest.com": {
      "out": {
        "other": 1
      },
      "score": 0.0894
    },
    "www.newyorker.com": {
      "out": {
        "other": 1
      },
      "score": 0.0894
    },
    "billsandbrews.com": {
      "out": {
        "other": 1
      },
      "score": 0.0894
    },
    "blog.amtrak.com": {
      "out": {
        "other": 1
      },
      "score": 0.0894
    },
    "www.trentonian.com": {
      "out": {
        "other": 1
      },
      "score": 0.0894
    },
    "www.theatlantic.com": {
      "out": {
        "other": 1
      },
      "score": 0.0894
    },
    "stephmrouth.wordpress.com": {
      "out": {
        "other": 1
      },
      "score": 0.0894
    },
    "bethaknee.com": {
      "out": {
        "other": 1
      },
      "score": 0.0894
    },
    "2014.okfestival.org": {
      "out": {
        "other": 1
      },
      "score": 0.0894
    },
    "moves-app.com": {
      "out": {
        "other": 1
      },
      "score": 0.0894
    },
    "oregonidainitiative.org": {
      "out": {
        "other": 1
      },
      "score": 0.0894
    },
    "blog.bl00cyb.org": {
      "out": {
        "other": 1
      },
      "score": 0.0894
    },
    "jawbone.com": {
      "out": {
        "other": 1
      },
      "score": 0.0894
    },
    "www.portlandoregon.gov": {
      "out": {
        "other": 1
      },
      "score": 0.0894
    },
    "aaptiv.com": {
      "out": {
        "other": 1
      },
      "score": 0.0894
    },
    "move-o-scope.halftone.co": {
      "out": {
        "other": 1
      },
      "score": 0.0894
    },
    "www.leakycon.com": {
      "out": {
        "other": 1
      },
      "score": 0.0894
    },
    "flowpaper.com": {
      "out": {
        "other": 1
      },
      "score": 0.0894
    },
    "twitter.com/WomenBike": {
      "out": {
        "other": 1
      },
      "score": 0.0894
    },
    "www.koha.org": {
      "out": {
        "other": 1
      },
      "score": 0.0894
    },
    "www.sleepcycle.com": {
      "out": {
        "other": 1
      },
      "score": 0.0894
    },
    "en.wikipedia.org": {
      "out": {
        "other": 1
      },
      "score": 0.0894
    },
    "www.boomeranggmail.com": {
      "out": {
        "other": 1
      },
      "score": 0.0894
    },
    "iprc.nationbuilder.com": {
      "out": {
        "other": 1
      },
      "score": 0.0894
    },
    "readyforzero.com": {
      "out": {
        "other": 1
      },
      "score": 0.0894
    },
    "www.bizjournals.com": {
      "out": {
        "other": 1
      },
      "score": 0.0894
    },
    "www.bowievsprince.com": {
      "out": {
        "other": 1
      },
      "score": 0.0894
    },
    "www.mrmoneymustache.com": {
      "out": {
        "other": 1
      },
      "score": 0.0894
    },
    "www.tombihn.com": {
      "out": {
        "other": 1
      },
      "score": 0.0894
    },
    "www.change.org": {
      "out": {
        "other": 1
      },
      "score": 0.0894
    },
    "www.huffingtonpost.com": {
      "out": {
        "other": 1
      },
      "score": 0.0894
    },
    "twitter.com/tyce56": {
      "out": {
        "other": 1
      },
      "score": 0.0894
    },
    "transportini.com": {
      "in": {
        "other": 2
      },
      "score": 0.0894
    },
    "www.citylab.com": {
      "out": {
        "other": 1
      },
      "score": 0.0894
    },
    "www.cnn.com": {
      "out": {
        "other": 1
      },
      "score": 0.0894
    },
    "goo.gl": {
      "out": {
        "other": 1
      },
      "score": 0.0894
    },
    "portlandtransport.com": {
      "out": {
        "other": 1
      },
      "score": 0.0894
    },
    "twitter.com/CommCyclingCtr": {
      "out": {
        "other": 1
      },
      "score": 0.0894
    },
    "www.cyclewild.org": {
      "out": {
        "other": 1
      },
      "score": 0.0894
    },
    "www.nytimes.com": {
      "out": {
        "other": 1
      },
      "score": 0.0894
    },
    "classpass.com": {
      "out": {
        "other": 1
      },
      "score": 0.0894
    },
    "knowledge.wharton.upenn.edu": {
      "out": {
        "other": 1
      },
      "score": 0.0894
    },
    "www.duolingo.com": {
      "out": {
        "other": 1
      },
      "score": 0.0894
    },
    "www.reporter-app.com": {
      "out": {
        "other": 1
      },
      "score": 0.0894
    },
    "www.ynab.com": {
      "out": {
        "other": 1
      },
      "score": 0.0894
    },
    "www.shift2bikes.org": {
      "out": {
        "other": 1
      },
      "score": 0.0894
    },
    "canteenpdx.com": {
      "out": {
        "other": 1
      },
      "score": 0.0894
    },
    "www.thepodcasthost.com": {
      "out": {
        "other": 1
      },
      "score": 0.0894
    },
    "feltron.com": {
      "out": {
        "other": 1
      },
      "score": 0.0894
    },
    "www.bikeportland.org": {
      "out": {
        "other": 1
      },
      "score": 0.0894
    },
    "thehpalliance.org": {
      "out": {
        "other": 1
      },
      "score": 0.0894
    },
    "thenextweb.com": {
      "out": {
        "other": 1
      },
      "score": 0.0894
    },
    "www.swarmapp.com": {
      "out": {
        "other": 1
      },
      "score": 0.0894
    },
    "dayzeroproject.com": {
      "out": {
        "other": 1
      },
      "score": 0.0894
    },
    "www.flutterby.com": {
      "in": {
        "other": 1
      },
      "score": 0
    },
    "boghop.com": {
      "in": {
        "other": 1
      },
      "score": 0
    },
    "tantek.com": {
      "in": {
        "other": 1
      },
      "score": 0
    }
  }
}