{
  "domain": "another.ink",
  "urls": [
    "http://another.ink/"
  ],
  "names": [
    "Home | another ink"
  ],
  "descriptions": [],
  "pictures": [
    "https://another.ink/core/misc/favicon.ico"
  ],
  "hcard": {},
  "rel_mes": [
    "https://twitter.com/tvnweb"
  ],
  "crawl_start": "2017-06-09T17:33:27",
  "crawl_end": "2017-06-09T17:33:45",
  "num_pages": 25,
  "total_html_size": 259984,
  "servers": [
    "nginx"
  ],
  "mf2_classes": [
    "h-entry"
  ],
  "tags": [
    "relme"
  ],
  "endpoints": {},
  "links_out": 30,
  "links_in": 3,
  "links": {
    "en.wikipedia.org": {
      "out": {
        "other": 4
      },
      "score": 1
    },
    "posts.xml": {
      "out": {
        "other": 3
      },
      "score": 0.861
    },
    "twitter.com/tvnweb": {
      "out": {
        "other": 3
      },
      "score": 0.861
    },
    "drupal.org": {
      "out": {
        "other": 3
      },
      "score": 0.861
    },
    "www.lullabot.com": {
      "out": {
        "other": 2
      },
      "score": 0.668
    },
    "github.com": {
      "out": {
        "other": 2
      },
      "score": 0.668
    },
    "www.romanpichler.com": {
      "out": {
        "other": 1
      },
      "score": 0.333
    },
    "bojanz.wordpress.com": {
      "out": {
        "other": 1
      },
      "score": 0.333
    },
    "twitter.com/adrianh": {
      "out": {
        "other": 1
      },
      "score": 0.333
    },
    "your-server-ip": {
      "out": {
        "other": 1
      },
      "score": 0.333
    },
    "productcamplondon.com": {
      "out": {
        "other": 1
      },
      "score": 0.333
    },
    "twitter.com/alukeonlife": {
      "out": {
        "other": 1
      },
      "score": 0.333
    },
    "twitter.com/alicenwondrlnd": {
      "out": {
        "other": 1
      },
      "score": 0.333
    },
    "twitter.com/webflo": {
      "out": {
        "other": 1
      },
      "score": 0.333
    },
    "twitter.com/MattijasLarsson": {
      "out": {
        "other": 1
      },
      "score": 0.333
    },
    "twitter.com/alexpott": {
      "out": {
        "other": 1
      },
      "score": 0.333
    },
    "www.drupal.org": {
      "out": {
        "other": 1
      },
      "score": 0.333
    },
    "duckduckgo.com": {
      "out": {
        "other": 1
      },
      "score": 0.333
    },
    "indieweb.org": {
      "in": {
        "other": 2
      },
      "score": 0.333
    },
    "twitter.com/romanpichler": {
      "out": {
        "other": 1
      },
      "score": 0.333
    },
    "chat.indieweb.org": {
      "in": {
        "other": 1
      },
      "score": 0
    }
  }
}