{
  "domain": "antalyaevdeneve.withknown.com",
  "urls": [
    "https://antalyaevdeneve.withknown.com/profile/antalyaevdeneve",
    "https://www.antalyalinakliyat.com.tr/",
    "https://www.antalyalinakliyat.com.tr/Antalya-Evden-Eve-Nakliyat",
    "https://www.antalyalinakliyat.com.tr/Antalya-Serik-Evden-Eve-Nakliyat",
    "https://www.antalyalinakliyat.com.tr/Antalya-Sehirlerarasi-Nakliyat",
    "https://www.antalyalinakliyat.com.tr/Antalya-Asansorlu-Nakliyat",
    "https://www.antalyalinakliyat.com.tr/Antalya-Asansor-Kiralama",
    "https://www.antalyalinakliyat.com.tr/Sehirler-arasi-Nakliyat",
    "https://www.antalyalinakliyat.com.tr/Evden-Eve-Nakliyat"
  ],
  "names": [
    "Antalya Evden Eve",
    "https://www.antalyalinakliyat.com.tr"
  ],
  "descriptions": [
    "Antalya Evden Eve firmamız Antalya merkezli olarak, tüm Türkiye' ye profesyonel evden eve nakliyat hizmeti sunmaktadır. Geniş araç filomuz ve uzman kadromuzla garantili, sigortalı ve asansörlü nakliyat, şehir içi nakliyat, kamyon kiralama, kiralık asansör, şehirler arası nakliyat, ofis ve işyeri taşıma, dershane, hastane, kurumsal taşımacılık, fuar taşımacılığı gibi ihtiyaçlarınızda size özel çözümler üretmekteyiz.\nANTALYA EVDEN EVE - Antalya Nakliyathttps://www.antalyalinakliyat.com.tr",
    "ANTALYA EVDEN EVE | Antalya Nakliyat"
  ],
  "pictures": [
    "https://antalyaevdeneve.withknown.com/file/9ae1a7536ef952d183c7c34a5c89abbb/thumb.jpg"
  ],
  "hcard": {
    "properties": {
      "name": [
        "Antalya Evden Eve"
      ],
      "note": [
        {
          "html": "<div class=\"highlightedText\">\n<p>Antalya Evden Eve firmamız Antalya merkezli olarak, tüm Türkiye' ye profesyonel evden eve nakliyat hizmeti sunmaktadır. Geniş araç filomuz ve uzman kadromuzla garantili, sigortalı ve asansörlü nakliyat, şehir içi nakliyat, kamyon kiralama, kiralık asansör, şehirler arası nakliyat, ofis ve işyeri taşıma, dershane, hastane, kurumsal taşımacılık, fuar taşımacılığı gibi ihtiyaçlarınızda size özel çözümler üretmekteyiz.</p>\n<p>ANTALYA EVDEN EVE - Antalya Nakliyat<br/>https://www.antalyalinakliyat.com.tr</p>\n</div>",
          "value": "\nAntalya Evden Eve firmamız Antalya merkezli olarak, tüm Türkiye' ye profesyonel evden eve nakliyat hizmeti sunmaktadır. Geniş araç filomuz ve uzman kadromuzla garantili, sigortalı ve asansörlü nakliyat, şehir içi nakliyat, kamyon kiralama, kiralık asansör, şehirler arası nakliyat, ofis ve işyeri taşıma, dershane, hastane, kurumsal taşımacılık, fuar taşımacılığı gibi ihtiyaçlarınızda size özel çözümler üretmekteyiz.\nANTALYA EVDEN EVE - Antalya Nakliyathttps://www.antalyalinakliyat.com.tr\n"
        }
      ],
      "photo": [
        "https://antalyaevdeneve.withknown.com/file/9ae1a7536ef952d183c7c34a5c89abbb/thumb.jpg"
      ],
      "profile": [
        "Antalya Evden Eve"
      ],
      "url": [
        "https://antalyaevdeneve.withknown.com/profile/antalyaevdeneve",
        "https://antalyaevdeneve.withknown.com/profile/antalyaevdeneve",
        "https://www.antalyalinakliyat.com.tr/",
        "https://www.antalyalinakliyat.com.tr/Antalya-Evden-Eve-Nakliyat",
        "https://www.antalyalinakliyat.com.tr/Antalya-Serik-Evden-Eve-Nakliyat",
        "https://www.antalyalinakliyat.com.tr/Antalya-Sehirlerarasi-Nakliyat",
        "https://www.antalyalinakliyat.com.tr/Antalya-Asansorlu-Nakliyat",
        "https://www.antalyalinakliyat.com.tr/Antalya-Asansor-Kiralama",
        "https://www.antalyalinakliyat.com.tr/Sehirler-arasi-Nakliyat",
        "https://www.antalyalinakliyat.com.tr/Evden-Eve-Nakliyat"
      ]
    },
    "type": [
      "h-card"
    ]
  },
  "rel_mes": [
    "https://www.antalyalinakliyat.com.tr/",
    "https://www.antalyalinakliyat.com.tr/Antalya-Evden-Eve-Nakliyat",
    "https://www.antalyalinakliyat.com.tr/Antalya-Serik-Evden-Eve-Nakliyat",
    "https://www.antalyalinakliyat.com.tr/Antalya-Sehirlerarasi-Nakliyat",
    "https://www.antalyalinakliyat.com.tr/Antalya-Asansorlu-Nakliyat",
    "https://www.antalyalinakliyat.com.tr/Antalya-Asansor-Kiralama",
    "https://www.antalyalinakliyat.com.tr/Sehirler-arasi-Nakliyat",
    "https://www.antalyalinakliyat.com.tr/Evden-Eve-Nakliyat"
  ],
  "crawl_start": "2017-04-27T07:52:24",
  "crawl_end": "2017-04-27T07:52:42",
  "num_pages": 17,
  "total_html_size": 455205,
  "servers": [
    "Apache",
    "Known"
  ],
  "mf2_classes": [
    "h-entry",
    "h-cite",
    "h-card"
  ],
  "tags": [
    "relme",
    "bridgy",
    "webmention",
    "websub",
    "Known"
  ],
  "endpoints": {
    "webmention": [
      "https://antalyaevdeneve.withknown.com/webmention/"
    ],
    "websub": [
      "http://withknown.superfeedr.com/"
    ]
  },
  "links_out": 130,
  "links_in": 4,
  "links": {
    "www.antalyalinakliyat.com.tr": {
      "out": {
        "other": 116
      },
      "score": 1
    },
    "www.kiralikasansorantalya.com": {
      "out": {
        "other": 10
      },
      "score": 0.550
    },
    "bit.ly": {
      "out": {
        "other": 4
      },
      "score": 0.382
    },
    "brid.gy": {
      "in": {
        "other": 4
      },
      "score": 0.255
    }
  }
}