{
  "domain": "anth.ro",
  "urls": [
    "http://anth.ro/"
  ],
  "names": [
    "Cyborg anthropology is a way of understanding the interaction between humans and non-human objects"
  ],
  "descriptions": [
    "Cyborg anthropology is a way of understanding the interaction between humans and non-human objects."
  ],
  "pictures": [],
  "hcard": {},
  "rel_mes": [],
  "crawl_start": "2017-04-27T07:52:24",
  "crawl_end": "2017-04-27T07:52:24",
  "num_pages": 1,
  "total_html_size": 5304,
  "servers": [
    "nginx"
  ],
  "tags": [
    "bridgy",
    "webmention.io"
  ],
  "endpoints": {},
  "links_out": 7,
  "links_in": 83,
  "links": {
    "caseorganic.com": {
      "in": {
        "other": 48
      },
      "score": 1
    },
    "cyborganthropology.com": {
      "out": {
        "other": 7
      },
      "in": {
        "other": 1
      },
      "score": 0.700
    },
    "indieweb.org": {
      "in": {
        "other": 12
      },
      "score": 0.641
    },
    "aaronparecki.com": {
      "in": {
        "other": 10
      },
      "score": 0.594
    },
    "chat.indieweb.org": {
      "in": {
        "other": 4
      },
      "score": 0.359
    },
    "lukasrosenstock.net": {
      "in": {
        "other": 4
      },
      "score": 0.359
    },
    "www.kevin-marks.com": {
      "in": {
        "other": 1
      },
      "score": 0
    },
    "waterpigs.co.uk": {
      "in": {
        "other": 1
      },
      "score": 0
    },
    "www.kevinmarks.com": {
      "in": {
        "other": 1
      },
      "score": 0
    },
    "2012.aaronparecki.com": {
      "in": {
        "other": 1
      },
      "score": 0
    }
  }
}