{
  "domain": "antipolar.tumblr.com",
  "urls": [
    "http://antipolar.tumblr.com/"
  ],
  "names": [
    "Tumblr"
  ],
  "descriptions": [
    "Post anything (from anywhere!), customize everything, and find and follow what you love.  Create your own Tumblr blog today."
  ],
  "pictures": [
    "https://assets.tumblr.com/images/favicons/favicon.ico?_v=1d4ae305d6aa9e9593bfd2c4c586532e"
  ],
  "hcard": {},
  "rel_mes": [],
  "tags": [
    "bridgy"
  ],
  "endpoints": {},
  "crawl_start": "2017-05-19T22:45:39.670260",
  "crawl_end": "2017-05-19T22:45:39.670260",
  "links_out": 0,
  "links_in": 85,
  "links": {
    "aaronparecki.com": {
      "in": {
        "in-reply-to": 8,
        "other": 18
      },
      "score": 1
    },
    "brid.gy": {
      "in": {
        "other": 33
      },
      "score": 0.862
    },
    "adactio.com": {
      "in": {
        "other": 14
      },
      "score": 0.650
    },
    "belp.audio": {
      "in": {
        "other": 4
      },
      "score": 0.342
    },
    "indieweb.org": {
      "in": {
        "other": 4
      },
      "score": 0.342
    },
    "davidjohnmead.com": {
      "in": {
        "other": 2
      },
      "score": 0.171
    },
    "chat.indieweb.org": {
      "in": {
        "other": 2
      },
      "score": 0.171
    }
  }
}