{
  "domain": "antiduplicity.com",
  "urls": [
    "http://antiduplicity.com/"
  ],
  "names": [
    "Antiduplicity"
  ],
  "descriptions": [],
  "pictures": [],
  "hcard": {},
  "rel_mes": [],
  "crawl_start": "2017-06-09T17:33:26",
  "crawl_end": "2017-06-09T17:33:26",
  "num_pages": 1,
  "total_html_size": 5267,
  "servers": [
    "nginx"
  ],
  "tags": [],
  "endpoints": {},
  "links_out": 11,
  "links_in": 0,
  "links": {
    "facebook.com/PastorMWilson": {
      "out": {
        "other": 1
      },
      "score": 1
    },
    "www.tumblr.com": {
      "out": {
        "other": 1
      },
      "score": 1
    },
    "chat.center": {
      "out": {
        "other": 1
      },
      "score": 1
    },
    "pastormichaelsthoughts.blogspot.com": {
      "out": {
        "other": 1
      },
      "score": 1
    },
    "www.instagram.com": {
      "out": {
        "other": 1
      },
      "score": 1
    },
    "www.linkedin.com": {
      "out": {
        "other": 1
      },
      "score": 1
    },
    "livingfreetoday.org": {
      "out": {
        "other": 1
      },
      "score": 1
    },
    "plus.google.com/u": {
      "out": {
        "other": 1
      },
      "score": 1
    },
    "www.flickr.com": {
      "out": {
        "other": 1
      },
      "score": 1
    },
    "en.wikipedia.org": {
      "out": {
        "other": 1
      },
      "score": 1
    },
    "twitter.com/pastormichael": {
      "out": {
        "other": 1
      },
      "score": 1
    }
  }
}