{
  "domain": "aoeu.me",
  "urls": [
    "https://aoeu.me/"
  ],
  "names": [
    "Life on the Wire"
  ],
  "descriptions": [
    "..."
  ],
  "pictures": [
    "https://aoeu.me/favicon.ico",
    "https://aoeu.me/content/images/2016/08/Picture_16.jpg"
  ],
  "hcard": {},
  "rel_mes": [],
  "crawl_start": "2017-04-30T01:57:41",
  "crawl_end": "2017-04-30T01:58:09",
  "num_pages": 39,
  "total_html_size": 312778,
  "servers": [
    "nginx",
    "Ghost"
  ],
  "tags": [
    "webmention.io",
    "webmention"
  ],
  "endpoints": {
    "webmention": [
      "https://webmention.io/hamhut1066.com/webmention"
    ]
  },
  "links_out": 102,
  "links_in": 7,
  "links": {
    "ghost.org": {
      "out": {
        "other": 39
      },
      "score": 1
    },
    "hamhut1066.com": {
      "out": {
        "other": 14
      },
      "score": 0.764
    },
    "twitter.com/intent": {
      "out": {
        "other": 12
      },
      "score": 0.729
    },
    "plus.google.com/share": {
      "out": {
        "other": 12
      },
      "score": 0.729
    },
    "facebook.com/sharer": {
      "out": {
        "other": 12
      },
      "score": 0.729
    },
    "github.com": {
      "out": {
        "other": 3
      },
      "score": 0.411
    },
    "brid.gy": {
      "in": {
        "other": 4
      },
      "score": 0.319
    },
    "flask.pocoo.org": {
      "out": {
        "other": 1
      },
      "score": 0.159
    },
    "holywood.be": {
      "out": {
        "other": 1
      },
      "score": 0.159
    },
    "bitbucket.org": {
      "out": {
        "other": 1
      },
      "score": 0.159
    },
    "coderwall.com": {
      "out": {
        "other": 1
      },
      "score": 0.159
    },
    "coq.inria.fr": {
      "out": {
        "other": 1
      },
      "score": 0.159
    },
    "blog.jverkamp.com": {
      "out": {
        "other": 1
      },
      "score": 0.159
    },
    "indieweb.org": {
      "in": {
        "other": 2
      },
      "score": 0.159
    },
    "www.kiloroot.com": {
      "out": {
        "other": 1
      },
      "score": 0.159
    },
    "stackoverflow.com": {
      "out": {
        "other": 1
      },
      "score": 0.159
    },
    "malisper.me": {
      "out": {
        "other": 1
      },
      "score": 0.159
    },
    "wiki.archlinux.org": {
      "out": {
        "other": 1
      },
      "score": 0.159
    },
    "chat.indieweb.org": {
      "in": {
        "other": 1
      },
      "score": 0
    }
  }
}