{
  "domain": "aorcsik.com",
  "urls": [
    "https://aorcsik.com/"
  ],
  "names": [
    "Antal Orcsik",
    "aorcsik.com"
  ],
  "descriptions": [
    "Hello, my name is Antal Orcsik, Tony. I'm a Senior Web Application Developer. I work as Development Team Leader at IBM. I live in the beautiful city of Budapest, Hungary."
  ],
  "pictures": [
    "https://aorcsik.com/images/a72262970767e4fd07a9aea4aad8c360.jpg",
    "images/a72262970767e4fd07a9aea4aad8c360.jpg"
  ],
  "hcard": {},
  "rel_mes": [],
  "crawl_start": "2017-06-09T17:33:27",
  "crawl_end": "2017-06-09T17:33:27",
  "num_pages": 1,
  "total_html_size": 27686,
  "servers": [
    "cloudflare-nginx"
  ],
  "tags": [],
  "endpoints": {},
  "links_out": 8,
  "links_in": 580,
  "links": {
    "require.aorcsik.com": {
      "in": {
        "other": 574
      },
      "score": 1
    },
    "brid.gy": {
      "in": {
        "other": 6
      },
      "score": 0.282
    },
    "coderdays.com": {
      "out": {
        "other": 2
      },
      "score": 0.219
    },
    "twitter.com/aorcsik": {
      "out": {
        "other": 1
      },
      "score": 0.109
    },
    "linkedin.com": {
      "out": {
        "other": 1
      },
      "score": 0.109
    },
    "facebook.com/aorcsik": {
      "out": {
        "other": 1
      },
      "score": 0.109
    },
    "mozipremierek.hu": {
      "out": {
        "other": 1
      },
      "score": 0.109
    },
    "github.com": {
      "out": {
        "other": 1
      },
      "score": 0.109
    },
    "stackoverflow.com": {
      "out": {
        "other": 1
      },
      "score": 0.109
    }
  }
}