{
  "domain": "arcocene.org",
  "urls": [
    "http://arcocene.org/"
  ],
  "names": [
    "Arcocene"
  ],
  "descriptions": [],
  "pictures": [
    "http://arcocene.org/img/default-icon.png"
  ],
  "hcard": {},
  "rel_mes": [],
  "crawl_start": "2017-06-09T17:33:27",
  "crawl_end": "2017-06-09T17:33:33",
  "num_pages": 15,
  "total_html_size": 54170,
  "servers": [
    "Apache (Ubuntu)",
    "Org-mode"
  ],
  "tags": [],
  "endpoints": {},
  "links_out": 118,
  "links_in": 8,
  "links": {
    "img": {
      "out": {
        "other": 48
      },
      "score": 1
    },
    "index": {
      "out": {
        "other": 13
      },
      "score": 0.715
    },
    "www.flickr.com": {
      "out": {
        "other": 4
      },
      "score": 0.456
    },
    "indieweb.org": {
      "in": {
        "other": 6
      },
      "score": 0.393
    },
    "www.thingiverse.com": {
      "out": {
        "other": 2
      },
      "score": 0.305
    },
    "crystal_flowers.html": {
      "out": {
        "other": 2
      },
      "score": 0.305
    },
    "www.novastructura.net": {
      "out": {
        "other": 2
      },
      "score": 0.305
    },
    "org-protocol.html": {
      "out": {
        "other": 2
      },
      "score": 0.305
    },
    "Mike_Creighton.html": {
      "out": {
        "other": 2
      },
      "score": 0.305
    },
    "getting_closer.html": {
      "out": {
        "other": 2
      },
      "score": 0.305
    },
    "charlesclary.html": {
      "out": {
        "other": 2
      },
      "score": 0.305
    },
    "landscape": {
      "out": {
        "other": 2
      },
      "score": 0.305
    },
    "li": {
      "out": {
        "other": 2
      },
      "score": 0.305
    },
    "inconvergent.net": {
      "out": {
        "other": 2
      },
      "score": 0.305
    },
    "cage_on_schoenberg.html": {
      "out": {
        "other": 2
      },
      "score": 0.305
    },
    "cloud_chamber.html": {
      "out": {
        "other": 2
      },
      "score": 0.305
    },
    "orgmode.org": {
      "out": {
        "other": 2
      },
      "score": 0.305
    },
    "www.henrikisaksson.se": {
      "out": {
        "other": 2
      },
      "score": 0.305
    },
    "3d_materials.html": {
      "out": {
        "other": 2
      },
      "score": 0.305
    },
    "beautifuldecay.com": {
      "out": {
        "other": 2
      },
      "score": 0.305
    },
    "charlesclary.wordpress.com": {
      "out": {
        "other": 2
      },
      "score": 0.305
    },
    "novastructura.html": {
      "out": {
        "other": 2
      },
      "score": 0.305
    },
    "garnell.html": {
      "out": {
        "other": 2
      },
      "score": 0.305
    },
    "totaviva.html": {
      "out": {
        "other": 2
      },
      "score": 0.305
    },
    "chat.indieweb.org": {
      "in": {
        "other": 2
      },
      "score": 0.152
    },
    "groups.google.com": {
      "out": {
        "other": 1
      },
      "score": 0.152
    },
    "bugs.launchpad.net": {
      "out": {
        "other": 1
      },
      "score": 0.152
    },
    "www.mail-archive.com": {
      "out": {
        "other": 1
      },
      "score": 0.152
    },
    "joesmakerbot.blogspot.com": {
      "out": {
        "other": 1
      },
      "score": 0.152
    },
    "jsfiddle.net": {
      "out": {
        "other": 1
      },
      "score": 0.152
    },
    "hackaday.com": {
      "out": {
        "other": 1
      },
      "score": 0.152
    },
    "www.laserbits.com": {
      "out": {
        "other": 1
      },
      "score": 0.152
    },
    "www.johnfranzen.com": {
      "out": {
        "other": 1
      },
      "score": 0.152
    },
    "blog.makezine.com": {
      "out": {
        "other": 1
      },
      "score": 0.152
    },
    "superuser.com": {
      "out": {
        "other": 1
      },
      "score": 0.152
    },
    "www.youtube.com": {
      "out": {
        "other": 1
      },
      "score": 0.152
    },
    "www.mcmaster.com": {
      "out": {
        "other": 1
      },
      "score": 0.152
    },
    "www.turbosquid.com": {
      "out": {
        "other": 1
      },
      "score": 0.152
    }
  }
}