{
  "domain": "aribadernatal.com",
  "urls": [
    "https://aribadernatal.com/",
    "http://localhost:4000/"
  ],
  "names": [
    "Ari Bader-Natal"
  ],
  "descriptions": [
    "For the past fifteen years, I've been designing, building, and supporting social learning environments on the web.",
    "For the past ten years, I've been designing and building social learning environments for the web, with a particular focus on fostering peer-to-peer learning communities. I enjoy sketching out new ideas on napkins, and turning the best of those sketches into working code and living systems.",
    "Ari Bader-Natal"
  ],
  "pictures": [
    "https://aribadernatal.com/favicon.ico",
    "https://aribadernatal.com/favicon-32x32.png",
    "https://aribadernatal.com/favicon-16x16.png",
    "http://localhost:4000/public/images/aribadernatal.jpg"
  ],
  "hcard": {
    "properties": {
      "name": [
        ""
      ],
      "url": [
        "https://aribadernatal.com/"
      ]
    },
    "type": [
      "h-card"
    ]
  },
  "rel_mes": [
    "https://github.com/aribn",
    "https://aribadernatal.com/projects/Sketchpad/",
    "https://twitter.com/aribadernatal",
    "https://www.linkedin.com/in/aribadernatal",
    "https://plus.google.com/+AriBaderNatal"
  ],
  "crawl_start": "2017-06-09T17:33:28",
  "crawl_end": "2017-06-09T17:34:59",
  "num_pages": 130,
  "total_html_size": 1584830,
  "servers": [
    "AmazonS3"
  ],
  "mf2_classes": [
    "h-card",
    "h-feed",
    "h-entry"
  ],
  "tags": [
    "relme"
  ],
  "endpoints": {},
  "links_out": 1630,
  "links_in": 78,
  "links": {
    "twitter.com/aribadernatal": {
      "out": {
        "other": 260
      },
      "score": 1
    },
    "favorites.aribadernatal.com": {
      "out": {
        "other": 144
      },
      "score": 0.906
    },
    "linkedin.com": {
      "out": {
        "other": 125
      },
      "score": 0.883
    },
    "www.linkedin.com": {
      "out": {
        "other": 125
      },
      "score": 0.883
    },
    "plus.google.com/+AriBaderNatal": {
      "out": {
        "other": 125
      },
      "score": 0.883
    },
    "blog.sketchpad.cc": {
      "out": {
        "other": 116
      },
      "score": 0.872
    },
    "twitter.com/share": {
      "out": {
        "other": 52
      },
      "score": 0.742
    },
    "www.amazon.com": {
      "out": {
        "other": 41
      },
      "score": 0.706
    },
    "ifttt.com": {
      "out": {
        "other": 23
      },
      "score": 0.613
    },
    "studio.sketchpad.cc": {
      "out": {
        "other": 21
      },
      "score": 0.598
    },
    "indieweb.org": {
      "in": {
        "other": 34
      },
      "score": 0.565
    },
    "sketchpad.cc": {
      "out": {
        "other": 17
      },
      "score": 0.565
    },
    "grockit.com": {
      "out": {
        "other": 16
      },
      "score": 0.555
    },
    "github.com": {
      "out": {
        "other": 16
      },
      "score": 0.555
    },
    "amzn.to": {
      "out": {
        "other": 14
      },
      "score": 0.533
    },
    "data.aribadernatal.com": {
      "out": {
        "other": 13
      },
      "score": 0.522
    },
    "www.youtube.com": {
      "out": {
        "other": 13
      },
      "score": 0.522
    },
    "dl.acm.org": {
      "out": {
        "other": 11
      },
      "score": 0.494
    },
    "link.springer.com": {
      "out": {
        "other": 11
      },
      "score": 0.494
    },
    "wordpress.org": {
      "out": {
        "other": 11
      },
      "score": 0.494
    },
    "img": {
      "out": {
        "other": 10
      },
      "score": 0.48
    },
    "snapshots.aribadernatal.com": {
      "out": {
        "other": 10
      },
      "score": 0.48
    },
    "twitter.com/studiosketchpad": {
      "out": {
        "other": 9
      },
      "score": 0.462
    },
    "radar.oreilly.com": {
      "out": {
        "other": 9
      },
      "score": 0.462
    },
    "tantek.com": {
      "in": {
        "in-reply-to": 1,
        "like-of": 1,
        "other": 2
      },
      "out": {
        "other": 2
      },
      "score": 0.410
    },
    "getpocket.com": {
      "out": {
        "other": 6
      },
      "score": 0.397
    },
    "www.fallbrooktech.com": {
      "out": {
        "other": 6
      },
      "score": 0.397
    },
    "chat.indieweb.org": {
      "in": {
        "other": 11
      },
      "score": 0.384
    },
    "dmlcompetition.net": {
      "out": {
        "other": 5
      },
      "score": 0.368
    },
    "indiewebcamp.com": {
      "out": {
        "other": 5
      },
      "score": 0.368
    },
    "mozillapopcorn.org": {
      "out": {
        "other": 5
      },
      "score": 0.368
    },
    "twitter.com/hashtag": {
      "out": {
        "other": 5
      },
      "score": 0.368
    },
    "youtu.be": {
      "out": {
        "other": 4
      },
      "score": 0.333
    },
    "ejohn.org": {
      "out": {
        "other": 4
      },
      "score": 0.333
    },
    "books.google.com": {
      "out": {
        "other": 4
      },
      "score": 0.333
    },
    "www.cs.cmu.edu": {
      "out": {
        "other": 4
      },
      "score": 0.333
    },
    "www.infoworld.com": {
      "out": {
        "other": 4
      },
      "score": 0.333
    },
    "archive.p2pu.org": {
      "out": {
        "other": 4
      },
      "score": 0.333
    },
    "amberlink.org": {
      "out": {
        "other": 4
      },
      "score": 0.333
    },
    "p5js.sketchpad.cc": {
      "out": {
        "other": 4
      },
      "score": 0.333
    },
    "www.flickr.com": {
      "out": {
        "other": 4
      },
      "score": 0.333
    },
    "search.proquest.com": {
      "out": {
        "other": 4
      },
      "score": 0.333
    },
    "code.aribadernatal.com": {
      "out": {
        "other": 4
      },
      "score": 0.333
    },
    "www.nytimes.com": {
      "out": {
        "other": 4
      },
      "score": 0.333
    },
    "www.lulu.com": {
      "out": {
        "other": 4
      },
      "score": 0.333
    },
    "www.instructables.com": {
      "out": {
        "other": 4
      },
      "score": 0.333
    },
    "anjackson.net": {
      "out": {
        "other": 4
      },
      "score": 0.333
    },
    "sharing-nicely.net": {
      "out": {
        "other": 3
      },
      "score": 0.286
    },
    "known.jimgroom.com": {
      "in": {
        "other": 6
      },
      "score": 0.286
    },
    "dspace.mit.edu": {
      "out": {
        "other": 3
      },
      "score": 0.286
    },
    "people.ict.usc.edu": {
      "out": {
        "other": 3
      },
      "score": 0.286
    },
    "www.politicsdaily.com": {
      "out": {
        "other": 3
      },
      "score": 0.286
    },
    "t.co": {
      "out": {
        "other": 3
      },
      "score": 0.286
    },
    "www.gartner.com": {
      "out": {
        "other": 3
      },
      "score": 0.286
    },
    "p5js.org": {
      "out": {
        "other": 3
      },
      "score": 0.286
    },
    "www.edsurge.com": {
      "out": {
        "other": 3
      },
      "score": 0.286
    },
    "openprocessing.org": {
      "out": {
        "other": 3
      },
      "score": 0.286
    },
    "arxiv.org": {
      "out": {
        "other": 3
      },
      "score": 0.286
    },
    "spreadsheets.google.com": {
      "out": {
        "other": 3
      },
      "score": 0.286
    },
    "www.editlib.org": {
      "out": {
        "other": 3
      },
      "score": 0.286
    },
    "www.google.com": {
      "out": {
        "other": 3
      },
      "score": 0.286
    },
    "www.kevinmarks.com": {
      "in": {
        "other": 6
      },
      "score": 0.286
    },
    "www.rei.com": {
      "out": {
        "other": 3
      },
      "score": 0.286
    },
    "mechanicalturk.typepad.com": {
      "out": {
        "other": 3
      },
      "score": 0.286
    },
    "aied.inf.ed.ac.uk": {
      "out": {
        "other": 3
      },
      "score": 0.286
    },
    "werd.io": {
      "in": {
        "other": 6
      },
      "score": 0.286
    },
    "www.kevin-marks.com": {
      "in": {
        "other": 6
      },
      "score": 0.286
    },
    "2010_ITS_collaboration_workshop_proceedings.pdf": {
      "out": {
        "other": 3
      },
      "score": 0.286
    },
    "creativecommons.org": {
      "out": {
        "other": 3
      },
      "score": 0.286
    },
    "www.khanacademy.org": {
      "out": {
        "other": 3
      },
      "score": 0.286
    },
    "shuttleworthfoundation.org": {
      "out": {
        "other": 3
      },
      "score": 0.286
    },
    "www.startuplessonslearned.com": {
      "out": {
        "other": 3
      },
      "score": 0.286
    },
    "sketchpad.uservoice.com": {
      "out": {
        "other": 3
      },
      "score": 0.286
    },
    "p2pu.org": {
      "out": {
        "other": 3
      },
      "score": 0.286
    },
    "aaaipress.org": {
      "out": {
        "other": 3
      },
      "score": 0.286
    },
    "www.wayner.org": {
      "out": {
        "other": 3
      },
      "score": 0.286
    },
    "sketchpatch.net": {
      "out": {
        "other": 2
      },
      "score": 0.222
    },
    "accepted-papers": {
      "out": {
        "other": 2
      },
      "score": 0.222
    },
    "weblog.infoworld.com": {
      "out": {
        "other": 2
      },
      "score": 0.222
    },
    "developer.github.com": {
      "out": {
        "other": 2
      },
      "score": 0.222
    },
    "scratch.mit.edu": {
      "out": {
        "other": 2
      },
      "score": 0.222
    },
    "changelog.txt": {
      "out": {
        "other": 2
      },
      "score": 0.222
    },
    "desktop.wordpress.com": {
      "out": {
        "other": 2
      },
      "score": 0.222
    },
    "research.microsoft.com": {
      "out": {
        "other": 2
      },
      "score": 0.222
    },
    "en.wikipedia.org": {
      "out": {
        "other": 2
      },
      "score": 0.222
    },
    "ladyada.net": {
      "out": {
        "other": 2
      },
      "score": 0.222
    },
    "www.innovate-or-die.com": {
      "out": {
        "other": 2
      },
      "score": 0.222
    },
    "commutebybike.com": {
      "out": {
        "other": 2
      },
      "score": 0.222
    },
    "web.archive.org": {
      "out": {
        "other": 2
      },
      "score": 0.222
    },
    "reclaimhosting.com": {
      "out": {
        "other": 2
      },
      "score": 0.222
    },
    "datasf.org": {
      "out": {
        "other": 2
      },
      "score": 0.222
    },
    "startl.org": {
      "out": {
        "other": 2
      },
      "score": 0.222
    },
    "www.grockit.com": {
      "out": {
        "other": 2
      },
      "score": 0.222
    },
    "www.thebikegeek.com": {
      "out": {
        "other": 2
      },
      "score": 0.222
    },
    "www.sinatrarb.com": {
      "out": {
        "other": 2
      },
      "score": 0.222
    },
    "wavebackmachine.org": {
      "out": {
        "other": 2
      },
      "score": 0.222
    },
    "www.bikely.com": {
      "out": {
        "other": 2
      },
      "score": 0.222
    },
    "www.zipcar.com": {
      "out": {
        "other": 2
      },
      "score": 0.222
    },
    "cdn.trendblog.net": {
      "out": {
        "other": 2
      },
      "score": 0.222
    },
    "spanningsync.com": {
      "out": {
        "other": 2
      },
      "score": 0.222
    },
    "cozybeehive.blogspot.com": {
      "out": {
        "other": 2
      },
      "score": 0.222
    },
    "daaamn.com": {
      "out": {
        "other": 2
      },
      "score": 0.222
    },
    "dev.twitter.com": {
      "out": {
        "other": 2
      },
      "score": 0.222
    },
    "www.shuttleworthfoundation.org": {
      "out": {
        "other": 2
      },
      "score": 0.222
    },
    "apps.wordpress.com": {
      "out": {
        "other": 2
      },
      "score": 0.222
    },
    "www.chicagobikeblog.com": {
      "out": {
        "other": 2
      },
      "score": 0.222
    },
    "etherpad.com": {
      "out": {
        "other": 2
      },
      "score": 0.222
    },
    "minerva.kgi.edu": {
      "out": {
        "other": 2
      },
      "score": 0.222
    },
    "wordpress.com": {
      "out": {
        "other": 2
      },
      "score": 0.222
    },
    "www.slideshare.net": {
      "out": {
        "other": 2
      },
      "score": 0.222
    },
    "twitter.com/mozilla": {
      "out": {
        "other": 2
      },
      "score": 0.222
    },
    "etherpad.mozilla.com": {
      "out": {
        "other": 2
      },
      "score": 0.222
    },
    "www.bikecommuters.com": {
      "out": {
        "other": 2
      },
      "score": 0.222
    },
    "www.growl.info": {
      "out": {
        "other": 2
      },
      "score": 0.222
    },
    "www.city-cycles.com": {
      "out": {
        "other": 2
      },
      "score": 0.222
    },
    "www.meetup.com": {
      "out": {
        "other": 2
      },
      "score": 0.222
    },
    "fuse.microsoft.com": {
      "out": {
        "other": 2
      },
      "score": 0.222
    },
    "popcornjs.org": {
      "out": {
        "other": 2
      },
      "score": 0.222
    },
    "www.kickstarter.com": {
      "out": {
        "other": 2
      },
      "score": 0.222
    },
    "www.kimonolabs.com": {
      "out": {
        "other": 2
      },
      "score": 0.222
    },
    "www.latimes.com": {
      "out": {
        "other": 2
      },
      "score": 0.222
    },
    "processingjs.org": {
      "out": {
        "other": 2
      },
      "score": 0.222
    },
    "yehudamoon.com": {
      "out": {
        "other": 2
      },
      "score": 0.222
    },
    "bitly.com": {
      "out": {
        "other": 2
      },
      "score": 0.222
    },
    "jolt.merlot.org": {
      "out": {
        "other": 1
      },
      "score": 0.111
    },
    "spellbee_errors.zip": {
      "out": {
        "other": 1
      },
      "score": 0.111
    },
    "andymatuschak.org": {
      "out": {
        "other": 1
      },
      "score": 0.111
    },
    "code.google.com": {
      "out": {
        "other": 1
      },
      "score": 0.111
    },
    "codecademy.com": {
      "out": {
        "other": 1
      },
      "score": 0.111
    },
    "milesberry.net": {
      "out": {
        "other": 1
      },
      "score": 0.111
    },
    "computinged.wordpress.com": {
      "out": {
        "other": 1
      },
      "score": 0.111
    },
    "kodugamelab.com": {
      "out": {
        "other": 1
      },
      "score": 0.111
    },
    "www.networkedlearningconference.org.uk": {
      "out": {
        "other": 1
      },
      "score": 0.111
    },
    "kinlane.withknown.com": {
      "in": {
        "other": 2
      },
      "score": 0.111
    },
    "dance.cs.cmu.edu": {
      "out": {
        "other": 1
      },
      "score": 0.111
    },
    "web.media.mit.edu": {
      "out": {
        "other": 1
      },
      "score": 0.111
    },
    "wheelrevolution.blogspot.com": {
      "out": {
        "other": 1
      },
      "score": 0.111
    },
    "www.programr.com": {
      "out": {
        "other": 1
      },
      "score": 0.111
    },
    "www.xconomy.com": {
      "out": {
        "other": 1
      },
      "score": 0.111
    },
    "ikreymer.github.io": {
      "out": {
        "other": 1
      },
      "score": 0.111
    },
    "infosthetics.com": {
      "out": {
        "other": 1
      },
      "score": 0.111
    },
    "twitter.com/humphd": {
      "out": {
        "other": 1
      },
      "score": 0.111
    },
    "www.ellsworthride.com": {
      "out": {
        "other": 1
      },
      "score": 0.111
    },
    "www.onebigfluke.com": {
      "out": {
        "other": 1
      },
      "score": 0.111
    },
    "blog.greaterbayshell.com": {
      "out": {
        "other": 1
      },
      "score": 0.111
    },
    "demo.cs.brandeis.edu": {
      "out": {
        "other": 1
      },
      "score": 0.111
    },
    "www.mozilla.org": {
      "out": {
        "other": 1
      },
      "score": 0.111
    },
    "its2012.teicrete.gr": {
      "out": {
        "other": 1
      },
      "score": 0.111
    },
    "jsdo.it": {
      "out": {
        "other": 1
      },
      "score": 0.111
    },
    "wiki.mozilla.org": {
      "out": {
        "other": 1
      },
      "score": 0.111
    },
    "moderator-tools.png": {
      "out": {
        "other": 1
      },
      "score": 0.111
    },
    "tripplanner.bycycle.org": {
      "out": {
        "other": 1
      },
      "score": 0.111
    },
    "www.toolness.com": {
      "out": {
        "other": 1
      },
      "score": 0.111
    },
    "sites.google.com": {
      "out": {
        "other": 1
      },
      "score": 0.111
    },
    "www.cnx.org": {
      "out": {
        "other": 1
      },
      "score": 0.111
    },
    "www.jonn8.com": {
      "out": {
        "other": 1
      },
      "score": 0.111
    },
    "SpellBEE.org": {
      "out": {
        "other": 1
      },
      "score": 0.111
    },
    "jsbin.com": {
      "out": {
        "other": 1
      },
      "score": 0.111
    },
    "unionsquareventures.com": {
      "out": {
        "other": 1
      },
      "score": 0.111
    },
    "dissertation": {
      "out": {
        "other": 1
      },
      "score": 0.111
    },
    "dribbble.com": {
      "out": {
        "other": 1
      },
      "score": 0.111
    },
    "goo.gl": {
      "out": {
        "other": 1
      },
      "score": 0.111
    },
    "www.fromconcentratesoftware.com": {
      "out": {
        "other": 1
      },
      "score": 0.111
    },
    "badernatal_dissertation.pdf": {
      "out": {
        "other": 1
      },
      "score": 0.111
    },
    "groups.csail.mit.edu": {
      "out": {
        "other": 1
      },
      "score": 0.111
    },
    "www.transalt.org": {
      "out": {
        "other": 1
      },
      "score": 0.111
    },
    "blog.grockit.com": {
      "out": {
        "other": 1
      },
      "score": 0.111
    },
    "console.aws.amazon.com": {
      "out": {
        "other": 1
      },
      "score": 0.111
    },
    "momentumplanet.com": {
      "out": {
        "other": 1
      },
      "score": 0.111
    },
    "mozillalabs.com": {
      "out": {
        "other": 1
      },
      "score": 0.111
    },
    "twitter.com/nocarrier": {
      "out": {
        "other": 1
      },
      "score": 0.111
    },
    "webrecorder.io": {
      "out": {
        "other": 1
      },
      "score": 0.111
    },
    "wpandlegalstuff.com": {
      "out": {
        "other": 1
      },
      "score": 0.111
    },
    "twitter.com/quitenice": {
      "out": {
        "other": 1
      },
      "score": 0.111
    },
    "blogs.hbr.org": {
      "out": {
        "other": 1
      },
      "score": 0.111
    },
    "twitter.com/jdzamfi": {
      "out": {
        "other": 1
      },
      "score": 0.111
    },
    "snarfed.org": {
      "in": {
        "like-of": 1
      },
      "score": 0.111
    },
    "BEEwebStatusMenu_0.80.dmg": {
      "out": {
        "other": 1
      },
      "score": 0.111
    },
    "diyubook.com": {
      "out": {
        "other": 1
      },
      "score": 0.111
    },
    "vark.com": {
      "out": {
        "other": 1
      },
      "score": 0.111
    },
    "www.gadgetbottle.com": {
      "out": {
        "other": 1
      },
      "score": 0.111
    },
    "www.researchgate.net": {
      "out": {
        "other": 1
      },
      "score": 0.111
    },
    "www.rohitkumar.net": {
      "out": {
        "other": 1
      },
      "score": 0.111
    },
    "www.playmycode.com": {
      "out": {
        "other": 1
      },
      "score": 0.111
    },
    "twitter.com/johnmclear": {
      "out": {
        "other": 1
      },
      "score": 0.111
    },
    "twolivesleft.com": {
      "out": {
        "other": 1
      },
      "score": 0.111
    },
    "Coevisualizer_2007.11.28_16.39.tgz": {
      "out": {
        "other": 1
      },
      "score": 0.111
    },
    "blog.oregonlive.com": {
      "out": {
        "other": 1
      },
      "score": 0.111
    },
    "blogs.oreilly.com": {
      "out": {
        "other": 1
      },
      "score": 0.111
    },
    "stackoverflow.com": {
      "out": {
        "other": 1
      },
      "score": 0.111
    },
    "www.bicycling.com": {
      "out": {
        "other": 1
      },
      "score": 0.111
    },
    "www.civiacycles.com": {
      "out": {
        "other": 1
      },
      "score": 0.111
    },
    "blog.makezine.com": {
      "out": {
        "other": 1
      },
      "score": 0.111
    },
    "twitter.com/andresmh": {
      "out": {
        "other": 1
      },
      "score": 0.111
    },
    "www.ibiketo.ca": {
      "out": {
        "other": 1
      },
      "score": 0.111
    },
    "www.justin.tv": {
      "out": {
        "other": 1
      },
      "score": 0.111
    },
    "pogue.blogs.nytimes.com": {
      "out": {
        "other": 1
      },
      "score": 0.111
    },
    "www.alelo.com": {
      "out": {
        "other": 1
      },
      "score": 0.111
    },
    "dml2012.dmlcentral.net": {
      "out": {
        "other": 1
      },
      "score": 0.111
    },
    "tedxnyed.com": {
      "out": {
        "other": 1
      },
      "score": 0.111
    },
    "tuvalu.santafe.edu": {
      "out": {
        "other": 1
      },
      "score": 0.111
    },
    "www.mit.edu": {
      "out": {
        "other": 1
      },
      "score": 0.111
    },
    "www.sciencemag.org": {
      "out": {
        "other": 1
      },
      "score": 0.111
    },
    "alfredessa.com": {
      "out": {
        "other": 1
      },
      "score": 0.111
    },
    "dx.doi.org": {
      "out": {
        "other": 1
      },
      "score": 0.111
    },
    "minervaproject.com": {
      "out": {
        "other": 1
      },
      "score": 0.111
    },
    "twitter.com/processingjs": {
      "out": {
        "other": 1
      },
      "score": 0.111
    },
    "ws-na.amazon-adsystem.com": {
      "out": {
        "other": 1
      },
      "score": 0.111
    },
    "www.sae.org": {
      "out": {
        "other": 1
      },
      "score": 0.111
    },
    "translate.google.com": {
      "out": {
        "other": 1
      },
      "score": 0.111
    },
    "www.boston.com": {
      "out": {
        "other": 1
      },
      "score": 0.111
    },
    "www.sicortex.com": {
      "out": {
        "other": 1
      },
      "score": 0.111
    },
    "PageAxe.dmg": {
      "out": {
        "other": 1
      },
      "score": 0.111
    },
    "www.crazyguyonabike.com": {
      "out": {
        "other": 1
      },
      "score": 0.111
    },
    "www.monkeylectric.com": {
      "out": {
        "other": 1
      },
      "score": 0.111
    },
    "openeducationnews.org": {
      "out": {
        "other": 1
      },
      "score": 0.111
    },
    "www.athenscyclepath.com": {
      "out": {
        "other": 1
      },
      "score": 0.111
    },
    "www.beeweb.org": {
      "out": {
        "other": 1
      },
      "score": 0.111
    },
    "www.gnu.org": {
      "out": {
        "other": 1
      },
      "score": 0.111
    },
    "brid.gy": {
      "in": {
        "other": 2
      },
      "score": 0.111
    },
    "bicycledesign.blogspot.com": {
      "out": {
        "other": 1
      },
      "score": 0.111
    },
    "en.support.wordpress.com": {
      "out": {
        "other": 1
      },
      "score": 0.111
    },
    "milemeter.com": {
      "out": {
        "other": 1
      },
      "score": 0.111
    },
    "WhatDoYouKnow": {
      "out": {
        "other": 1
      },
      "score": 0.111
    },
    "developers.soundcloud.com": {
      "out": {
        "other": 1
      },
      "score": 0.111
    },
    "learningcatalytics.com": {
      "out": {
        "other": 1
      },
      "score": 0.111
    },
    "twitter.com/shellyshelly": {
      "out": {
        "other": 1
      },
      "score": 0.111
    },
    "whatwillyoulearn.com": {
      "out": {
        "other": 1
      },
      "score": 0.111
    },
    "www.edutopia.org": {
      "out": {
        "other": 1
      },
      "score": 0.111
    },
    "www.ihpva.org": {
      "out": {
        "other": 1
      },
      "score": 0.111
    },
    "dashes.com": {
      "out": {
        "other": 1
      },
      "score": 0.111
    },
    "katehudsondesign.com": {
      "out": {
        "other": 1
      },
      "score": 0.111
    },
    "medium.com": {
      "out": {
        "other": 1
      },
      "score": 0.111
    },
    "mementoweb.org": {
      "out": {
        "other": 1
      },
      "score": 0.111
    },
    "www.downes.ca": {
      "out": {
        "other": 1
      },
      "score": 0.111
    },
    "blog.p2pfoundation.net": {
      "out": {
        "other": 1
      },
      "score": 0.111
    },
    "www.soonr.com": {
      "out": {
        "other": 1
      },
      "score": 0.111
    },
    "hapgood.us": {
      "out": {
        "other": 1
      },
      "score": 0.111
    },
    "www.datasf.org": {
      "out": {
        "other": 1
      },
      "score": 0.111
    },
    "www.herby.sk": {
      "out": {
        "other": 1
      },
      "score": 0.111
    },
    "thimble.webmaker.org": {
      "out": {
        "other": 1
      },
      "score": 0.111
    },
    "www.kaggle.com": {
      "out": {
        "other": 1
      },
      "score": 0.111
    },
    "ischool2014.wikispaces.com": {
      "out": {
        "other": 1
      },
      "score": 0.111
    },
    "www.exacteditions.com": {
      "out": {
        "other": 1
      },
      "score": 0.111
    },
    "cell-phones.search.ebay.com": {
      "out": {
        "other": 1
      },
      "score": 0.111
    },
    "khanacademy.org": {
      "out": {
        "other": 1
      },
      "score": 0.111
    },
    "twitter.com/golan": {
      "out": {
        "other": 1
      },
      "score": 0.111
    },
    "www.breezerbikes.com": {
      "out": {
        "other": 1
      },
      "score": 0.111
    },
    "www.makezine.com": {
      "out": {
        "other": 1
      },
      "score": 0.111
    },
    "its_collaboration_workshop_slides.pdf": {
      "out": {
        "other": 1
      },
      "score": 0.111
    },
    "twitter.com/jeresig": {
      "out": {
        "other": 1
      },
      "score": 0.111
    },
    "usa.batavus.com": {
      "out": {
        "other": 1
      },
      "score": 0.111
    },
    "wonderfl.net": {
      "out": {
        "other": 1
      },
      "score": 0.111
    },
    "www.ctc.org.uk": {
      "out": {
        "other": 1
      },
      "score": 0.111
    },
    "bikehugger.com": {
      "out": {
        "other": 1
      },
      "score": 0.111
    },
    "infolab.stanford.edu": {
      "out": {
        "other": 1
      },
      "score": 0.111
    },
    "tryruby.org": {
      "out": {
        "other": 1
      },
      "score": 0.111
    },
    "twitter.com/popcornjs": {
      "out": {
        "other": 1
      },
      "score": 0.111
    },
    "www.coasting.com": {
      "out": {
        "other": 1
      },
      "score": 0.111
    },
    "aws.amazon.com": {
      "out": {
        "other": 1
      },
      "score": 0.111
    },
    "query.nytimes.com": {
      "out": {
        "other": 1
      },
      "score": 0.111
    },
    "www.curriki.org": {
      "out": {
        "other": 1
      },
      "score": 0.111
    },
    "projects.latimes.com": {
      "out": {
        "other": 1
      },
      "score": 0.111
    },
    "www.reuters.com": {
      "out": {
        "other": 1
      },
      "score": 0.111
    },
    "www.sheldonbrown.com": {
      "out": {
        "other": 1
      },
      "score": 0.111
    },
    "1l2p.net": {
      "out": {
        "other": 1
      },
      "score": 0.111
    },
    "badges.p2pu.org": {
      "out": {
        "other": 1
      },
      "score": 0.111
    },
    "fm.schmoller.net": {
      "out": {
        "other": 1
      },
      "score": 0.111
    },
    "rnotes.html": {
      "out": {
        "other": 1
      },
      "score": 0.111
    },
    "studio.processingtogether.com": {
      "out": {
        "other": 1
      },
      "score": 0.111
    },
    "www.makerfaire.com": {
      "out": {
        "other": 1
      },
      "score": 0.111
    },
    "aied2011_cls_cfp.pdf": {
      "out": {
        "other": 1
      },
      "score": 0.111
    },
    "letsencrypt.org": {
      "out": {
        "other": 1
      },
      "score": 0.111
    },
    "twitter.com/REAS": {
      "out": {
        "other": 1
      },
      "score": 0.111
    },
    "www.fastcompany.com": {
      "out": {
        "other": 1
      },
      "score": 0.111
    },
    "BEEwebStatusMenuSOURCE_0.80.dmg": {
      "out": {
        "other": 1
      },
      "score": 0.111
    },
    "bits.blogs.nytimes.com": {
      "out": {
        "other": 1
      },
      "score": 0.111
    },
    "gamification.org": {
      "out": {
        "other": 1
      },
      "score": 0.111
    },
    "www.livecodenetwork.org": {
      "out": {
        "other": 1
      },
      "score": 0.111
    },
    "veloroutes.org": {
      "out": {
        "other": 1
      },
      "score": 0.111
    },
    "html5.wikispaces.com": {
      "out": {
        "other": 1
      },
      "score": 0.111
    },
    "javascript": {
      "out": {
        "other": 1
      },
      "score": 0.111
    },
    "www.aaai.org": {
      "out": {
        "other": 1
      },
      "score": 0.111
    },
    "www.adafruit.com": {
      "out": {
        "other": 1
      },
      "score": 0.111
    },
    "www.easychair.org": {
      "out": {
        "other": 1
      },
      "score": 0.111
    },
    "www.lockss.org": {
      "out": {
        "other": 1
      },
      "score": 0.111
    },
    "blendmylearning.files.wordpress.com": {
      "out": {
        "other": 1
      },
      "score": 0.111
    },
    "learningu.org": {
      "out": {
        "other": 1
      },
      "score": 0.111
    },
    "syllabus-enhancer.png": {
      "out": {
        "other": 1
      },
      "score": 0.111
    },
    "twitter.com/ddmeyer": {
      "out": {
        "other": 1
      },
      "score": 0.111
    },
    "www.etherpad.com": {
      "out": {
        "other": 1
      },
      "score": 0.111
    },
    "www.wired.com": {
      "out": {
        "other": 1
      },
      "score": 0.111
    },
    "activity-update-email.png": {
      "out": {
        "other": 1
      },
      "score": 0.111
    },
    "repository.tudelft.nl": {
      "out": {
        "other": 1
      },
      "score": 0.111
    },
    "sllconf.com": {
      "out": {
        "other": 1
      },
      "score": 0.111
    },
    "www.sketchpatch.net": {
      "out": {
        "other": 1
      },
      "score": 0.111
    },
    "www.subwayknitter.com": {
      "out": {
        "other": 1
      },
      "score": 0.111
    },
    "phil.veloblog.ch": {
      "out": {
        "other": 1
      },
      "score": 0.111
    },
    "twitter.com/edtechdev": {
      "out": {
        "other": 1
      },
      "score": 0.111
    },
    "video.google.com": {
      "out": {
        "other": 1
      },
      "score": 0.111
    }
  }
}