{
  "domain": "arinbasu.withknown.com",
  "urls": [
    "https://arinbasu.withknown.com/profile/arinbasu",
    "http://medium.com/@arinbasu"
  ],
  "names": [
    "Arin Basu",
    "Awareness about awareness",
    "Arins Site"
  ],
  "descriptions": [
    "Buddhist Meditation. Nature. Photography. Travel",
    "Data analysis. Buddhist meditation. Environment. Medicine. Technology"
  ],
  "pictures": [
    "https://arinbasu.withknown.com/file/fd9b401fd0177c7b494aeee0e00daf5f"
  ],
  "hcard": {
    "properties": {
      "name": [
        "Arin Basu"
      ],
      "note": [
        {
          "html": "<div class=\"highlightedText\">\n<p>Buddhist Meditation. Nature. Photography. Travel</p>\n</div>",
          "value": "\nBuddhist Meditation. Nature. Photography. Travel\n"
        }
      ],
      "photo": [
        "https://arinbasu.withknown.com/file/fd9b401fd0177c7b494aeee0e00daf5f"
      ],
      "profile": [
        "Arin Basu"
      ],
      "url": [
        "https://arinbasu.withknown.com/profile/arinbasu",
        "https://arinbasu.withknown.com/profile/arinbasu",
        "http://medium.com/@arinbasu"
      ]
    },
    "type": [
      "h-card"
    ]
  },
  "rel_mes": [
    "http://medium.com/@arinbasu"
  ],
  "crawl_start": "2017-04-27T07:52:29",
  "crawl_end": "2017-04-27T07:54:02",
  "num_pages": 123,
  "total_html_size": 2646853,
  "servers": [
    "Apache",
    "Known"
  ],
  "mf2_classes": [
    "h-entry",
    "h-card"
  ],
  "tags": [
    "relme",
    "bridgy",
    "webmention",
    "micropub",
    "authorization",
    "token",
    "websub",
    "Known"
  ],
  "endpoints": {
    "webmention": [
      "https://arinbasu.withknown.com/webmention/"
    ],
    "micropub": [
      "https://arinbasu.withknown.com/micropub/endpoint"
    ],
    "authorization": [
      "https://arinbasu.withknown.com/indieauth/auth"
    ],
    "token": [
      "https://arinbasu.withknown.com/indieauth/token"
    ],
    "websub": [
      "http://withknown.superfeedr.com/"
    ]
  },
  "links_out": 296,
  "links_in": 1,
  "links": {
    "medium.com": {
      "out": {
        "other": 150
      },
      "score": 1
    },
    "www.ello.co": {
      "out": {
        "other": 29
      },
      "score": 0.712
    },
    "www.twitter.com": {
      "out": {
        "other": 29
      },
      "score": 0.712
    },
    "www.withknown.com": {
      "out": {
        "other": 29
      },
      "score": 0.712
    },
    "www.theguardian.com": {
      "out": {
        "other": 17
      },
      "score": 0.619
    },
    "www.pandoc.org": {
      "out": {
        "other": 5
      },
      "score": 0.404
    },
    "readwrite.com": {
      "out": {
        "other": 5
      },
      "score": 0.404
    },
    "www.lyx.com": {
      "out": {
        "other": 5
      },
      "score": 0.404
    },
    "www.authorea.com": {
      "out": {
        "other": 5
      },
      "score": 0.404
    },
    "gruber.com": {
      "out": {
        "other": 5
      },
      "score": 0.404
    },
    "www.lionsroar.com": {
      "out": {
        "other": 5
      },
      "score": 0.404
    },
    "www.gardenersown.co.uk": {
      "out": {
        "other": 4
      },
      "score": 0.365
    },
    "www.alltrials.net": {
      "out": {
        "other": 4
      },
      "score": 0.365
    },
    "www.jackkornfield.com": {
      "out": {
        "other": 4
      },
      "score": 0.365
    },
    "brid.gy": {
      "in": {
        "other": 1
      },
      "score": 0
    }
  }
}