{
  "domain": "arlojamesbarnes.com",
  "urls": [
    "http://arlojamesbarnes.com/"
  ],
  "names": [
    "Arlo James Barnes' Online Home"
  ],
  "descriptions": [
    "The personal site and center of Web (and Internet) operations for Arlo James Barnes"
  ],
  "pictures": [],
  "hcard": {},
  "rel_mes": [
    "https://twitter.com/ArloJamesBarnes",
    "https://github.com/ArloJamesBarnes",
    "https://plus.google.com/+ArloBarnes",
    "sms:+15055018097",
    "mailto:arlo.barnes@example.com"
  ],
  "tags": [
    "relme"
  ],
  "endpoints": {},
  "crawl_start": "2017-06-11T14:32:22.853127",
  "crawl_end": "2017-06-11T14:32:22.853127",
  "links_out": 0,
  "links_in": 0,
  "links": {}
}