{
  "domain": "armingrewe.tumblr.com",
  "urls": [
    "http://armingrewe.tumblr.com",
    "http://armingrewe.tumblr.com/?og=1"
  ],
  "names": [
    "Armin's Tumblr",
    "armingrewe"
  ],
  "descriptions": [
    "just some stuff I didn't know where else to post. That's about it.",
    "armingrewe"
  ],
  "pictures": [
    "http://68.media.tumblr.com/avatar_8b2f3a71e08d_128.png"
  ],
  "hcard": {},
  "rel_mes": [],
  "crawl_start": "2017-04-27T07:52:30",
  "crawl_end": "2017-04-27T08:40:24",
  "num_pages": 1950,
  "total_html_size": 132827375,
  "servers": [
    "openresty"
  ],
  "tags": [
    "bridgy",
    "webmention"
  ],
  "endpoints": {
    "webmention": [
      "https://www.brid.gy/webmention/tumblr"
    ]
  },
  "links_out": 5139,
  "links_in": 30,
  "links": {
    "www.tumblr.com": {
      "out": {
        "other": 4480
      },
      "score": 1
    },
    "armingrewetumblr.disqus.com": {
      "out": {
        "other": 499
      },
      "score": 0.759
    },
    "t.umblr.com": {
      "out": {
        "other": 98
      },
      "score": 0.580
    },
    "thebandidlewild.tumblr.com": {
      "out": {
        "other": 34
      },
      "score": 0.464
    },
    "brid.gy": {
      "in": {
        "other": 23
      },
      "score": 0.345
    },
    "gifak-net.tumblr.com": {
      "out": {
        "other": 6
      },
      "score": 0.273
    },
    "mrlapadite.tumblr.com": {
      "out": {
        "other": 4
      },
      "score": 0.229
    },
    "blog.ministryofpropaganda.co.uk": {
      "in": {
        "other": 7
      },
      "score": 0.214
    },
    "catsbeaversandducks.tumblr.com": {
      "out": {
        "other": 2
      },
      "score": 0.153
    },
    "assets.tumblr.com": {
      "out": {
        "other": 2
      },
      "score": 0.153
    },
    "whiskyblender.tumblr.com": {
      "out": {
        "other": 2
      },
      "score": 0.153
    },
    "SUCCEEDIN.tumblr.com": {
      "out": {
        "other": 2
      },
      "score": 0.153
    },
    "twitter.com/Earth_Pics": {
      "out": {
        "other": 2
      },
      "score": 0.153
    },
    "demurely1.tumblr.com": {
      "out": {
        "other": 2
      },
      "score": 0.153
    },
    "headlikeanorange.tumblr.com": {
      "out": {
        "other": 2
      },
      "score": 0.153
    },
    "jollysportingbear.tumblr.com": {
      "out": {
        "other": 2
      },
      "score": 0.153
    },
    "untilthedevilknowsimdead-deacti.tumblr.com": {
      "out": {
        "other": 2
      },
      "score": 0.153
    }
  }
}