{
  "domain": "aroncarroll.com",
  "urls": [
    "http://aroncarroll.com/"
  ],
  "names": [
    "Aron Carroll"
  ],
  "descriptions": [
    "Aron is a web developer living and working in Berlin, Germany"
  ],
  "pictures": [],
  "hcard": {},
  "rel_mes": [
    "http://last.fm/user/ac94",
    "http://letterboxd.com/aron",
    "http://books.aroncarroll.com/",
    "http://notes.aroncarroll.com",
    "http://github.com/aron"
  ],
  "crawl_start": "2017-06-09T17:33:28",
  "crawl_end": "2017-06-09T17:33:28",
  "num_pages": 1,
  "total_html_size": 2311,
  "servers": [
    "GitHub.com"
  ],
  "tags": [
    "relme"
  ],
  "endpoints": {},
  "links_out": 7,
  "links_in": 35,
  "links": {
    "adactio.com": {
      "in": {
        "other": 28
      },
      "score": 1
    },
    "indieweb.org": {
      "in": {
        "other": 6
      },
      "score": 0.538
    },
    "github.com": {
      "out": {
        "other": 1
      },
      "score": 0.208
    },
    "last.fm": {
      "out": {
        "other": 1
      },
      "score": 0.208
    },
    "letterboxd.com": {
      "out": {
        "other": 1
      },
      "score": 0.208
    },
    "notes.aroncarroll.com": {
      "out": {
        "other": 1
      },
      "score": 0.208
    },
    "books.aroncarroll.com": {
      "out": {
        "other": 1
      },
      "score": 0.208
    },
    "mailto": {
      "out": {
        "other": 1
      },
      "score": 0.208
    },
    "asyncjs.com": {
      "out": {
        "other": 1
      },
      "score": 0.208
    },
    "chat.indieweb.org": {
      "in": {
        "other": 1
      },
      "score": 0
    }
  }
}