{
  "domain": "artbrock.com",
  "urls": [
    "http://artbrock.com/"
  ],
  "names": [
    "Arthur Brock's Personal Web Site | Arthur Brock"
  ],
  "descriptions": [],
  "pictures": [],
  "hcard": {},
  "rel_mes": [
    "http://www.twitter.com/artbrock",
    "http://vimeo.com/artbrock",
    "http://www.delicious.com/artbrock",
    "http://www.artbrock.com/rss.xml"
  ],
  "crawl_start": "2017-06-09T17:33:29",
  "crawl_end": "2017-06-09T17:36:36",
  "num_pages": 391,
  "total_html_size": 10644483,
  "servers": [
    "Apache (Unix) mod_ssl OpenSSLg DAV SVN mod_fastcgi PHP"
  ],
  "tags": [
    "relme"
  ],
  "endpoints": {},
  "links_out": 3387,
  "links_in": 9,
  "links": {
    "www.artbrock.com": {
      "out": {
        "other": 430
      },
      "score": 1
    },
    "vimeo.com": {
      "out": {
        "other": 416
      },
      "score": 0.994
    },
    "www.addtoany.com": {
      "out": {
        "other": 390
      },
      "score": 0.985
    },
    "www.antsin.com": {
      "out": {
        "other": 390
      },
      "score": 0.985
    },
    "www.delicious.com": {
      "out": {
        "other": 390
      },
      "score": 0.985
    },
    "twitter.com/artbrock": {
      "out": {
        "other": 390
      },
      "score": 0.985
    },
    "en.wikipedia.org": {
      "out": {
        "other": 248
      },
      "score": 0.919
    },
    "artbrock.disqus.com": {
      "out": {
        "other": 145
      },
      "score": 0.839
    },
    "openid.net": {
      "out": {
        "other": 74
      },
      "score": 0.740
    },
    "blog.newcurrencyfrontiers.com": {
      "out": {
        "other": 45
      },
      "score": 0.666
    },
    "ceptr.org": {
      "out": {
        "other": 30
      },
      "score": 0.605
    },
    "prezi.com": {
      "out": {
        "other": 26
      },
      "score": 0.584
    },
    "get.adobe.com": {
      "out": {
        "other": 15
      },
      "score": 0.503
    },
    "artbrock.agilelearningcenters.org": {
      "out": {
        "other": 15
      },
      "score": 0.503
    },
    "docs.google.com": {
      "out": {
        "other": 14
      },
      "score": 0.493
    },
    "PlatformCoop.net": {
      "out": {
        "other": 12
      },
      "score": 0.470
    },
    "creativecommons.org": {
      "out": {
        "other": 12
      },
      "score": 0.470
    },
    "www.EmergingLeaderLabs.org": {
      "out": {
        "other": 11
      },
      "score": 0.457
    },
    "qivc.org": {
      "out": {
        "other": 11
      },
      "score": 0.457
    },
    "tomis.agilelearningcenters.org": {
      "out": {
        "other": 11
      },
      "score": 0.457
    },
    "blog.p2pfoundation.net": {
      "out": {
        "other": 10
      },
      "score": 0.444
    },
    "www.youtube.com": {
      "out": {
        "other": 10
      },
      "score": 0.444
    },
    "www.threebles.com": {
      "out": {
        "other": 9
      },
      "score": 0.428
    },
    "craphound.com": {
      "out": {
        "other": 8
      },
      "score": 0.410
    },
    "grassrootseconomics.org": {
      "out": {
        "other": 8
      },
      "score": 0.410
    },
    "artbrock.AgileLearningCenters.org": {
      "out": {
        "other": 8
      },
      "score": 0.410
    },
    "www.arthurmag.com": {
      "out": {
        "other": 7
      },
      "score": 0.391
    },
    "blog.gardeviance.org": {
      "out": {
        "other": 7
      },
      "score": 0.391
    },
    "eric.harris-braun.com": {
      "out": {
        "other": 7
      },
      "score": 0.391
    },
    "EmergingLeaderLabs.org": {
      "out": {
        "other": 7
      },
      "score": 0.391
    },
    "github.com": {
      "out": {
        "other": 7
      },
      "score": 0.391
    },
    "www.flickr.com": {
      "out": {
        "other": 6
      },
      "score": 0.367
    },
    "www.geograph.org.uk": {
      "out": {
        "other": 6
      },
      "score": 0.367
    },
    "WebOfTrust.info": {
      "out": {
        "other": 6
      },
      "score": 0.367
    },
    "targetedcurrencies.net": {
      "out": {
        "other": 6
      },
      "score": 0.367
    },
    "geekgene.com": {
      "out": {
        "other": 6
      },
      "score": 0.367
    },
    "portfolios.gaiauniversity.org": {
      "out": {
        "other": 6
      },
      "score": 0.367
    },
    "nyc.AgileLearningCenters.org": {
      "out": {
        "other": 5
      },
      "score": 0.340
    },
    "StarterKit.AgileLearningCenters.org": {
      "out": {
        "other": 5
      },
      "score": 0.340
    },
    "www.metacurrency.org": {
      "out": {
        "other": 5
      },
      "score": 0.340
    },
    "rushkoff.com": {
      "out": {
        "other": 5
      },
      "score": 0.340
    },
    "emergingleaderlabs.org": {
      "out": {
        "other": 4
      },
      "score": 0.308
    },
    "shareable.net": {
      "out": {
        "other": 4
      },
      "score": 0.308
    },
    "www.amazon.com": {
      "out": {
        "other": 4
      },
      "score": 0.308
    },
    "metacurrency.org": {
      "out": {
        "other": 4
      },
      "score": 0.308
    },
    "projects": {
      "out": {
        "other": 4
      },
      "score": 0.308
    },
    "thrivable.net": {
      "out": {
        "other": 4
      },
      "score": 0.308
    },
    "newcurrencyfrontiers.com": {
      "out": {
        "other": 4
      },
      "score": 0.308
    },
    "www.huffingtonpost.com": {
      "out": {
        "other": 3
      },
      "score": 0.265
    },
    "mashable.com": {
      "out": {
        "other": 3
      },
      "score": 0.265
    },
    "ashleyslist.blogspirit.com": {
      "out": {
        "other": 3
      },
      "score": 0.265
    },
    "futureofmoney.com": {
      "out": {
        "other": 3
      },
      "score": 0.265
    },
    "indieweb.org": {
      "in": {
        "other": 6
      },
      "score": 0.265
    },
    "missionlocal.org": {
      "out": {
        "other": 3
      },
      "score": 0.265
    },
    "www.MetaCurrency.org": {
      "out": {
        "other": 3
      },
      "score": 0.265
    },
    "AgileLearningCenters.org": {
      "out": {
        "other": 3
      },
      "score": 0.265
    },
    "www.NewCurrencyFrontiers.com": {
      "out": {
        "other": 3
      },
      "score": 0.265
    },
    "www.yourbrandplan.com": {
      "out": {
        "other": 3
      },
      "score": 0.265
    },
    "www.milehighbiz.org": {
      "out": {
        "other": 3
      },
      "score": 0.265
    },
    "www.couchsurfing.org": {
      "out": {
        "other": 2
      },
      "score": 0.206
    },
    "www.knightfoundation.org": {
      "out": {
        "other": 2
      },
      "score": 0.206
    },
    "www.currencyguild.com": {
      "out": {
        "other": 2
      },
      "score": 0.206
    },
    "communitycurrenciesinaction.eu": {
      "out": {
        "other": 2
      },
      "score": 0.206
    },
    "milehighbiz.org": {
      "out": {
        "other": 2
      },
      "score": 0.206
    },
    "xkcd.com": {
      "out": {
        "other": 2
      },
      "score": 0.206
    },
    "bleacherreport.com": {
      "out": {
        "other": 2
      },
      "score": 0.206
    },
    "www.facebook.com": {
      "out": {
        "other": 2
      },
      "score": 0.206
    },
    "www.ColoradoLocalFirst.com": {
      "out": {
        "other": 2
      },
      "score": 0.206
    },
    "www.LifebloodDesign.com": {
      "out": {
        "other": 2
      },
      "score": 0.206
    },
    "www.relocalize.net": {
      "out": {
        "other": 2
      },
      "score": 0.206
    },
    "NaNoWriMo.org": {
      "out": {
        "other": 2
      },
      "score": 0.206
    },
    "www.lietaer.com": {
      "out": {
        "other": 2
      },
      "score": 0.206
    },
    "www.symbionomics.com": {
      "out": {
        "other": 2
      },
      "score": 0.206
    },
    "agilelearningcenters.org": {
      "out": {
        "other": 2
      },
      "score": 0.206
    },
    "www.iftf.org": {
      "out": {
        "other": 2
      },
      "score": 0.206
    },
    "everett.agilelearningcenters.org": {
      "out": {
        "other": 2
      },
      "score": 0.206
    },
    "www.maconmoney.org": {
      "out": {
        "other": 2
      },
      "score": 0.206
    },
    "www.MileHighBiz.org": {
      "out": {
        "other": 2
      },
      "score": 0.206
    },
    "www.emaze.com": {
      "out": {
        "other": 2
      },
      "score": 0.206
    },
    "www.flowplace.org": {
      "out": {
        "other": 2
      },
      "score": 0.206
    },
    "player.vimeo.com": {
      "out": {
        "other": 2
      },
      "score": 0.206
    },
    "www.LivingEconomies.org": {
      "out": {
        "other": 2
      },
      "score": 0.206
    },
    "www.Metacurrency.org": {
      "out": {
        "other": 2
      },
      "score": 0.206
    },
    "NewCurrencyFrontiers.com": {
      "out": {
        "other": 2
      },
      "score": 0.206
    },
    "www.newcurrencyfrontiers.com": {
      "out": {
        "other": 2
      },
      "score": 0.206
    },
    "99designs.com": {
      "out": {
        "other": 2
      },
      "score": 0.206
    },
    "www.worldwithoutoil.org": {
      "out": {
        "other": 2
      },
      "score": 0.206
    },
    "youtu.be": {
      "out": {
        "other": 2
      },
      "score": 0.206
    },
    "www.lifeblooddesign.com": {
      "out": {
        "other": 2
      },
      "score": 0.206
    },
    "www.triarchypress.net": {
      "out": {
        "other": 2
      },
      "score": 0.206
    },
    "groundcrew.us": {
      "out": {
        "other": 2
      },
      "score": 0.206
    },
    "conferencecurrents.com": {
      "out": {
        "other": 2
      },
      "score": 0.206
    },
    "gameshifting.net": {
      "out": {
        "other": 2
      },
      "score": 0.206
    },
    "www.sciencenews.org": {
      "out": {
        "other": 2
      },
      "score": 0.206
    },
    "www.explainxkcd.com": {
      "out": {
        "other": 2
      },
      "score": 0.206
    },
    "www.GeekGene.com": {
      "out": {
        "other": 2
      },
      "score": 0.206
    },
    "www.LocalFlavorGuides.com": {
      "out": {
        "other": 2
      },
      "score": 0.206
    },
    "ALC.network": {
      "out": {
        "other": 2
      },
      "score": 0.206
    },
    "articles.latimes.com": {
      "out": {
        "other": 2
      },
      "score": 0.206
    },
    "contactcon.com": {
      "out": {
        "other": 2
      },
      "score": 0.206
    },
    "www.voiceamerica.com": {
      "out": {
        "other": 2
      },
      "score": 0.206
    },
    "chat.indieweb.org": {
      "in": {
        "other": 3
      },
      "score": 0.163
    },
    "www.webvisionsevent.com": {
      "out": {
        "other": 1
      },
      "score": 0.103
    },
    "latd.com": {
      "out": {
        "other": 1
      },
      "score": 0.103
    },
    "gigaom.com": {
      "out": {
        "other": 1
      },
      "score": 0.103
    },
    "www.dreamteamtech.com": {
      "out": {
        "other": 1
      },
      "score": 0.103
    },
    "lifeblooddesign.com": {
      "out": {
        "other": 1
      },
      "score": 0.103
    },
    "www.wgbh.org": {
      "out": {
        "other": 1
      },
      "score": 0.103
    },
    "therexpedition.com": {
      "out": {
        "other": 1
      },
      "score": 0.103
    },
    "www.ted.com": {
      "out": {
        "other": 1
      },
      "score": 0.103
    },
    "www.emergingleaderlabs.org": {
      "out": {
        "other": 1
      },
      "score": 0.103
    },
    "clearbon.com": {
      "out": {
        "other": 1
      },
      "score": 0.103
    },
    "www.ridekicks.com": {
      "out": {
        "other": 1
      },
      "score": 0.103
    },
    "www.smartbrief.com": {
      "out": {
        "other": 1
      },
      "score": 0.103
    },
    "latdsurvey.net": {
      "out": {
        "other": 1
      },
      "score": 0.103
    },
    "bizwest.com": {
      "out": {
        "other": 1
      },
      "score": 0.103
    },
    "www.thredup.com": {
      "out": {
        "other": 1
      },
      "score": 0.103
    },
    "THE ORIGINAL WEB PAGE SOURCE": {
      "out": {
        "other": 1
      },
      "score": 0.103
    },
    "www.theurbn.com": {
      "out": {
        "other": 1
      },
      "score": 0.103
    },
    "www.shareable.net": {
      "out": {
        "other": 1
      },
      "score": 0.103
    },
    "workz.dk": {
      "out": {
        "other": 1
      },
      "score": 0.103
    },
    "www.orbooks.com": {
      "out": {
        "other": 1
      },
      "score": 0.103
    },
    "readwriteweb.com": {
      "out": {
        "other": 1
      },
      "score": 0.103
    },
    "www.wagn.org": {
      "out": {
        "other": 1
      },
      "score": 0.103
    },
    "blog.ted.com": {
      "out": {
        "other": 1
      },
      "score": 0.103
    },
    "www.next-gen.biz": {
      "out": {
        "other": 1
      },
      "score": 0.103
    },
    "symbionomics.com": {
      "out": {
        "other": 1
      },
      "score": 0.103
    },
    "bernalbucks.clearbon.net": {
      "out": {
        "other": 1
      },
      "score": 0.103
    }
  }
}