{
  "domain": "arunslr.withknown.com",
  "urls": [
    "https://arunslr.withknown.com/profile/samishanmugam",
    "https://twitter.com/arunslr",
    "http://Arun Kuppusamy Shanmugam"
  ],
  "names": [
    "Kuppusamy S",
    "My Story"
  ],
  "descriptions": [
    "Mentor in Coder Dojo Erode, Design Engineer in Mechanical Field, sheet metal design, html learner, digital literacy.",
    "A social website powered by Known"
  ],
  "pictures": [
    "https://arunslr.withknown.com/file/6353817e825b038c22ab146e935127c6/thumb.jpg",
    "https://arunslr.withknown.com/gfx/logos/logo_k.png"
  ],
  "hcard": {
    "properties": {
      "name": [
        "Kuppusamy S"
      ],
      "note": [
        {
          "html": "<div class=\"highlightedText\">\n<p>Mentor in Coder Dojo Erode, Design Engineer in Mechanical Field, sheet metal design, html learner, digital literacy.</p>\n</div> ",
          "value": "\nMentor in Coder Dojo Erode, Design Engineer in Mechanical Field, sheet metal design, html learner, digital literacy.\n "
        }
      ],
      "photo": [
        "https://arunslr.withknown.com/file/6353817e825b038c22ab146e935127c6/thumb.jpg"
      ],
      "profile": [
        "Kuppusamy S"
      ],
      "url": [
        "https://arunslr.withknown.com/profile/samishanmugam",
        "https://arunslr.withknown.com/profile/samishanmugam",
        "https://twitter.com/arunslr",
        "http://Arun Kuppusamy Shanmugam"
      ]
    },
    "type": [
      "h-card"
    ]
  },
  "rel_mes": [
    "https://twitter.com/arunslr",
    "http://Arun Kuppusamy Shanmugam"
  ],
  "crawl_start": "2017-04-27T07:52:31",
  "crawl_end": "2017-04-27T07:52:48",
  "num_pages": 18,
  "total_html_size": 476536,
  "servers": [
    "Apache",
    "Known"
  ],
  "mf2_classes": [
    "h-card",
    "h-entry"
  ],
  "tags": [
    "relme",
    "bridgy",
    "webmention",
    "websub",
    "Known"
  ],
  "endpoints": {
    "webmention": [
      "https://arunslr.withknown.com/webmention/"
    ],
    "websub": [
      "http://withknown.superfeedr.com/"
    ]
  },
  "links_out": 88,
  "links_in": 4,
  "links": {
    "1.bp.blogspot.com": {
      "out": {
        "other": 25
      },
      "score": 1
    },
    "4.bp.blogspot.com": {
      "out": {
        "other": 20
      },
      "score": 0.944
    },
    "2.bp.blogspot.com": {
      "out": {
        "other": 10
      },
      "score": 0.767
    },
    "3.bp.blogspot.com": {
      "out": {
        "other": 10
      },
      "score": 0.767
    },
    "twitter.com/arunslr": {
      "out": {
        "other": 9
      },
      "score": 0.739
    },
    "Arun Kuppusamy Shanmugam": {
      "out": {
        "other": 9
      },
      "score": 0.739
    },
    "www.blogger.com": {
      "out": {
        "other": 5
      },
      "score": 0.588
    },
    "stream.withknown.com": {
      "in": {
        "other": 4
      },
      "score": 0.355
    }
  }
}