{
  "domain": "ascher.ca",
  "urls": [
    "https://ascher.ca/"
  ],
  "names": [
    "David Ascher"
  ],
  "descriptions": [],
  "pictures": [
    "https://s2.wp.com/i/favicon.ico",
    "https://s0.wp.com/i/blank.jpg"
  ],
  "hcard": {},
  "rel_mes": [
    "https://twitter.com/davidascher",
    "https://github.com/davidascher",
    "mailto:david.ascher@gmail.com"
  ],
  "crawl_start": "2017-06-09T17:33:29",
  "crawl_end": "2017-06-09T17:43:57",
  "num_pages": 693,
  "total_html_size": 31213192,
  "servers": [
    "nginx",
    "WordPress.com"
  ],
  "mf2_classes": [
    "h-card",
    "h-feed",
    "h-entry"
  ],
  "tags": [
    "relme"
  ],
  "endpoints": {},
  "links_out": 9959,
  "links_in": 150,
  "links": {
    "javascript": {
      "out": {
        "other": 2290
      },
      "score": 1
    },
    "gmail.com": {
      "out": {
        "other": 696
      },
      "score": 0.859
    },
    "twitter.com/davidascher": {
      "out": {
        "other": 693
      },
      "score": 0.859
    },
    "wordpress.com": {
      "out": {
        "other": 693
      },
      "score": 0.859
    },
    "www.facebook.com": {
      "out": {
        "other": 693
      },
      "score": 0.859
    },
    "www.twitter.com": {
      "out": {
        "other": 693
      },
      "score": 0.859
    },
    "github.com": {
      "out": {
        "other": 695
      },
      "score": 0.859
    },
    "www.instagram.com": {
      "out": {
        "other": 693
      },
      "score": 0.859
    },
    "www.linkedin.com": {
      "out": {
        "other": 693
      },
      "score": 0.859
    },
    "internetdefenseleague.org": {
      "out": {
        "other": 693
      },
      "score": 0.859
    },
    "gravatar.com": {
      "out": {
        "other": 458
      },
      "score": 0.809
    },
    "www.flickr.com": {
      "out": {
        "other": 109
      },
      "score": 0.638
    },
    "standblog.org": {
      "in": {
        "other": 132
      },
      "out": {
        "other": 3
      },
      "score": 0.585
    },
    "www.amazon.com": {
      "out": {
        "other": 24
      },
      "score": 0.459
    },
    "wiki.mozilla.org": {
      "out": {
        "other": 20
      },
      "score": 0.438
    },
    "www.mozilla.org": {
      "out": {
        "other": 16
      },
      "score": 0.412
    },
    "flickr.com": {
      "out": {
        "other": 14
      },
      "score": 0.395
    },
    "www.ted.com": {
      "out": {
        "other": 13
      },
      "score": 0.387
    },
    "activestate.com": {
      "out": {
        "other": 12
      },
      "score": 0.377
    },
    "weblogs.mozillazine.org": {
      "out": {
        "other": 12
      },
      "score": 0.377
    },
    "en.wikipedia.org": {
      "out": {
        "other": 11
      },
      "score": 0.367
    },
    "bugzilla.mozilla.org": {
      "out": {
        "other": 11
      },
      "score": 0.367
    },
    "www.visophyte.org": {
      "out": {
        "other": 10
      },
      "score": 0.356
    },
    "www.mozillamessaging.com": {
      "out": {
        "other": 10
      },
      "score": 0.356
    },
    "blogs.activestate.com": {
      "out": {
        "other": 9
      },
      "score": 0.343
    },
    "www.nytimes.com": {
      "out": {
        "other": 7
      },
      "score": 0.313
    },
    "addons.mozilla.org": {
      "out": {
        "other": 7
      },
      "score": 0.313
    },
    "www.apple.com": {
      "out": {
        "other": 6
      },
      "score": 0.294
    },
    "labs.mozilla.com": {
      "out": {
        "other": 6
      },
      "score": 0.294
    },
    "conferences.oreillynet.com": {
      "out": {
        "other": 5
      },
      "score": 0.273
    },
    "www.youtube.com": {
      "out": {
        "other": 5
      },
      "score": 0.273
    },
    "www.livejournal.com": {
      "out": {
        "other": 5
      },
      "score": 0.273
    },
    "www.npr.org": {
      "out": {
        "other": 5
      },
      "score": 0.273
    },
    "zak.greant.com": {
      "out": {
        "other": 5
      },
      "score": 0.273
    },
    "www.djangoproject.com": {
      "out": {
        "other": 5
      },
      "score": 0.273
    },
    "weblog.infoworld.com": {
      "out": {
        "other": 5
      },
      "score": 0.273
    },
    "mozillalabs.com": {
      "out": {
        "other": 5
      },
      "score": 0.273
    },
    "eaves.ca": {
      "out": {
        "other": 5
      },
      "score": 0.273
    },
    "www.bloglines.com": {
      "out": {
        "other": 5
      },
      "score": 0.273
    },
    "www.ascher.ca": {
      "out": {
        "other": 5
      },
      "score": 0.273
    },
    "www.imdb.com": {
      "out": {
        "other": 4
      },
      "score": 0.247
    },
    "www.google.com": {
      "out": {
        "other": 4
      },
      "score": 0.247
    },
    "www.wordpress.org": {
      "out": {
        "other": 4
      },
      "score": 0.247
    },
    "paul.kedrosky.com": {
      "out": {
        "other": 4
      },
      "score": 0.247
    },
    "simile.mit.edu": {
      "out": {
        "other": 4
      },
      "score": 0.247
    },
    "tinyurl.com": {
      "out": {
        "other": 4
      },
      "score": 0.247
    },
    "binarybonsai.com": {
      "out": {
        "other": 4
      },
      "score": 0.247
    },
    "en.oreilly.com": {
      "out": {
        "other": 4
      },
      "score": 0.247
    },
    "groups.google.com": {
      "out": {
        "other": 4
      },
      "score": 0.247
    },
    "radar.oreilly.com": {
      "out": {
        "other": 4
      },
      "score": 0.247
    },
    "twitter.com": {
      "out": {
        "other": 4
      },
      "score": 0.247
    },
    "osconf.kmdi.utoronto.ca": {
      "out": {
        "other": 4
      },
      "score": 0.247
    },
    "code.google.com": {
      "out": {
        "other": 4
      },
      "score": 0.247
    },
    "www.inverse.ca": {
      "out": {
        "other": 4
      },
      "score": 0.247
    },
    "www.loiclemeur.com": {
      "out": {
        "other": 4
      },
      "score": 0.247
    },
    "blog.mozilla.com": {
      "out": {
        "other": 4
      },
      "score": 0.247
    },
    "www.firstmonday.org": {
      "out": {
        "other": 3
      },
      "score": 0.212
    },
    "www.irishheather.com": {
      "out": {
        "other": 3
      },
      "score": 0.212
    },
    "john.jubjubs.net": {
      "out": {
        "other": 3
      },
      "score": 0.212
    },
    "blogs.gnwc.ca": {
      "out": {
        "other": 3
      },
      "score": 0.212
    },
    "www.python.org": {
      "out": {
        "other": 3
      },
      "score": 0.212
    },
    "www.w3.org": {
      "out": {
        "other": 3
      },
      "score": 0.212
    },
    "stephesblog.blogs.com": {
      "out": {
        "other": 3
      },
      "score": 0.212
    },
    "creativecommons.org": {
      "out": {
        "other": 3
      },
      "score": 0.212
    },
    "www.readwriteweb.com": {
      "out": {
        "other": 3
      },
      "score": 0.212
    },
    "www.tbray.org": {
      "out": {
        "other": 3
      },
      "score": 0.212
    },
    "www.thinkcity.ca": {
      "out": {
        "other": 3
      },
      "score": 0.212
    },
    "www.cs.cmu.edu": {
      "out": {
        "other": 3
      },
      "score": 0.212
    },
    "developer.mozilla.org": {
      "out": {
        "other": 3
      },
      "score": 0.212
    },
    "zesty.ca": {
      "out": {
        "other": 3
      },
      "score": 0.212
    },
    "www.activestate.com": {
      "out": {
        "other": 3
      },
      "score": 0.212
    },
    "www.massivechange.com": {
      "out": {
        "other": 3
      },
      "score": 0.212
    },
    "www.theglobeandmail.com": {
      "out": {
        "other": 3
      },
      "score": 0.212
    },
    "technorati.com": {
      "out": {
        "other": 3
      },
      "score": 0.212
    },
    "eliberatica.ro": {
      "out": {
        "other": 3
      },
      "score": 0.212
    },
    "www.slideshare.net": {
      "out": {
        "other": 3
      },
      "score": 0.212
    },
    "dojotoolkit.org": {
      "out": {
        "other": 3
      },
      "score": 0.212
    },
    "www.mozilla.com": {
      "out": {
        "other": 3
      },
      "score": 0.212
    },
    "online.effbot.org": {
      "out": {
        "other": 3
      },
      "score": 0.212
    },
    "jonudell.net": {
      "in": {
        "other": 6
      },
      "score": 0.212
    },
    "www.intertwingly.net": {
      "out": {
        "other": 3
      },
      "score": 0.212
    },
    "cbeard.typepad.com": {
      "out": {
        "other": 2
      },
      "score": 0.165
    },
    "mail.google.com": {
      "out": {
        "other": 2
      },
      "score": 0.165
    },
    "quality.mozilla.org": {
      "out": {
        "other": 2
      },
      "score": 0.165
    },
    "raspberrypi.org": {
      "out": {
        "other": 2
      },
      "score": 0.165
    },
    "www.darrenbarefoot.com": {
      "out": {
        "other": 2
      },
      "score": 0.165
    },
    "www.pythonchallenge.com": {
      "out": {
        "other": 2
      },
      "score": 0.165
    },
    "store.adobe.com": {
      "out": {
        "other": 2
      },
      "score": 0.165
    },
    "www.trumba.com": {
      "out": {
        "other": 2
      },
      "score": 0.165
    },
    "forums.mozillazine.org": {
      "out": {
        "other": 2
      },
      "score": 0.165
    },
    "lists.mozilla.org": {
      "out": {
        "other": 2
      },
      "score": 0.165
    },
    "query.nytimes.com": {
      "out": {
        "other": 2
      },
      "score": 0.165
    },
    "www.edwardtufte.com": {
      "out": {
        "other": 2
      },
      "score": 0.165
    },
    "wiki.slimdevices.com": {
      "out": {
        "other": 2
      },
      "score": 0.165
    },
    "www.ipetitions.com": {
      "out": {
        "other": 2
      },
      "score": 0.165
    },
    "www.leevalley.com": {
      "out": {
        "other": 2
      },
      "score": 0.165
    },
    "www.scalableogo.org": {
      "out": {
        "other": 2
      },
      "score": 0.165
    },
    "diveintomark.org": {
      "out": {
        "other": 2
      },
      "score": 0.165
    },
    "www.canada.com": {
      "out": {
        "other": 2
      },
      "score": 0.165
    },
    "clarkbw.net": {
      "out": {
        "other": 2
      },
      "score": 0.165
    },
    "www.paulgraham.com": {
      "out": {
        "other": 2
      },
      "score": 0.165
    },
    "www.vanartgallery.bc.ca": {
      "out": {
        "other": 2
      },
      "score": 0.165
    },
    "facebook.com/apps": {
      "out": {
        "other": 2
      },
      "score": 0.165
    },
    "bmannconsulting.com": {
      "out": {
        "other": 2
      },
      "score": 0.165
    },
    "213.186.36.10": {
      "out": {
        "other": 2
      },
      "score": 0.165
    },
    "developer.yahoo.com": {
      "out": {
        "other": 2
      },
      "score": 0.165
    },
    "static.videoegg.com": {
      "out": {
        "other": 2
      },
      "score": 0.165
    },
    "video.google.com": {
      "out": {
        "other": 2
      },
      "score": 0.165
    },
    "commonspace.wordpress.com": {
      "out": {
        "other": 2
      },
      "score": 0.165
    },
    "www.pycon.org": {
      "out": {
        "other": 2
      },
      "score": 0.165
    },
    "blogs.mozillamessaging.com": {
      "out": {
        "other": 2
      },
      "score": 0.165
    },
    "mxr.mozilla.org": {
      "out": {
        "other": 2
      },
      "score": 0.165
    },
    "gawker.com": {
      "out": {
        "other": 2
      },
      "score": 0.165
    },
    "simonwillison.net": {
      "out": {
        "other": 2
      },
      "score": 0.165
    },
    "slimdevices.com": {
      "out": {
        "other": 2
      },
      "score": 0.165
    },
    "www.connotea.org": {
      "out": {
        "other": 2
      },
      "score": 0.165
    },
    "nodebox.net": {
      "out": {
        "other": 2
      },
      "score": 0.165
    },
    "webmaker.org": {
      "out": {
        "other": 2
      },
      "score": 0.165
    },
    "www.kickstarter.com": {
      "out": {
        "other": 2
      },
      "score": 0.165
    },
    "blog.lizardwrangler.com": {
      "out": {
        "other": 2
      },
      "score": 0.165
    },
    "chandlerproject.org": {
      "out": {
        "other": 2
      },
      "score": 0.165
    },
    "dean.edwards.name": {
      "out": {
        "other": 2
      },
      "score": 0.165
    },
    "www.flapjax-lang.org": {
      "out": {
        "other": 2
      },
      "score": 0.165
    },
    "codesorcery.net": {
      "out": {
        "other": 2
      },
      "score": 0.165
    },
    "blog.chadlindstrom.ca": {
      "out": {
        "other": 2
      },
      "score": 0.165
    },
    "getsatisfaction.com": {
      "out": {
        "other": 2
      },
      "score": 0.165
    },
    "www.sdexpo.com": {
      "out": {
        "other": 2
      },
      "score": 0.165
    },
    "quizilla.com": {
      "out": {
        "other": 2
      },
      "score": 0.165
    },
    "irc.mozilla.org": {
      "out": {
        "other": 2
      },
      "score": 0.165
    },
    "www.raincitystudios.com": {
      "out": {
        "other": 2
      },
      "score": 0.165
    },
    "avantgame.blogspot.com": {
      "out": {
        "other": 2
      },
      "score": 0.165
    },
    "www.calconnect.org": {
      "out": {
        "other": 2
      },
      "score": 0.165
    },
    "clicky.visophyte.org": {
      "out": {
        "other": 2
      },
      "score": 0.165
    },
    "dabbledb.com": {
      "out": {
        "other": 2
      },
      "score": 0.165
    },
    "wardcunningham.github.com": {
      "out": {
        "other": 2
      },
      "score": 0.165
    },
    "www.williamgibsonbooks.com": {
      "out": {
        "other": 2
      },
      "score": 0.165
    },
    "www.loudthinking.com": {
      "out": {
        "other": 2
      },
      "score": 0.165
    },
    "blog.ascher.ca": {
      "out": {
        "other": 2
      },
      "score": 0.165
    },
    "simonwex.com": {
      "out": {
        "other": 2
      },
      "score": 0.165
    },
    "commonspace.typepad.com": {
      "out": {
        "other": 2
      },
      "score": 0.165
    },
    "insanecats.com": {
      "out": {
        "other": 2
      },
      "score": 0.165
    },
    "www.bradsoft.com": {
      "out": {
        "other": 2
      },
      "score": 0.165
    },
    "trentm.com": {
      "out": {
        "other": 2
      },
      "score": 0.165
    },
    "alarmingdevelopment.org": {
      "out": {
        "other": 2
      },
      "score": 0.165
    },
    "aspn.activestate.com": {
      "out": {
        "other": 2
      },
      "score": 0.165
    },
    "www.bmannconsulting.com": {
      "in": {
        "other": 3
      },
      "score": 0.130
    },
    "logic.stanford.edu": {
      "out": {
        "other": 1
      },
      "score": 0.0822
    },
    "www.eventbrite.com": {
      "out": {
        "other": 1
      },
      "score": 0.0822
    },
    "www.koolanoo.com": {
      "out": {
        "other": 1
      },
      "score": 0.0822
    },
    "www.pubmed.com": {
      "out": {
        "other": 1
      },
      "score": 0.0822
    },
    "air.mozilla.com": {
      "out": {
        "other": 1
      },
      "score": 0.0822
    },
    "angel.co": {
      "out": {
        "other": 1
      },
      "score": 0.0822
    },
    "gears.google.com": {
      "out": {
        "other": 1
      },
      "score": 0.0822
    },
    "ietf.org": {
      "out": {
        "other": 1
      },
      "score": 0.0822
    },
    "kb.mozillazine.org": {
      "out": {
        "other": 1
      },
      "score": 0.0822
    },
    "sparkleshare.org": {
      "out": {
        "other": 1
      },
      "score": 0.0822
    },
    "thegreedypig.ca": {
      "out": {
        "other": 1
      },
      "score": 0.0822
    },
    "www.bobvila.com": {
      "out": {
        "other": 1
      },
      "score": 0.0822
    },
    "www.mozdev.org": {
      "out": {
        "other": 1
      },
      "score": 0.0822
    },
    "conal.net": {
      "out": {
        "other": 1
      },
      "score": 0.0822
    },
    "developers.facebook.com": {
      "out": {
        "other": 1
      },
      "score": 0.0822
    },
    "go2web2.blogspot.com": {
      "out": {
        "other": 1
      },
      "score": 0.0822
    },
    "linagora.com": {
      "out": {
        "other": 1
      },
      "score": 0.0822
    },
    "meteor.com": {
      "out": {
        "other": 1
      },
      "score": 0.0822
    },
    "snakesandrubies.com": {
      "out": {
        "other": 1
      },
      "score": 0.0822
    },
    "www.badgerbadgerbadger.com": {
      "out": {
        "other": 1
      },
      "score": 0.0822
    },
    "www.webmaker.org": {
      "out": {
        "other": 1
      },
      "score": 0.0822
    },
    "alex.netwindows.org": {
      "out": {
        "other": 1
      },
      "score": 0.0822
    },
    "bedbooks.net": {
      "out": {
        "other": 1
      },
      "score": 0.0822
    },
    "support.activestate.com": {
      "out": {
        "other": 1
      },
      "score": 0.0822
    },
    "www.brown.edu": {
      "out": {
        "other": 1
      },
      "score": 0.0822
    },
    "www.consulfrance-vancouver.org": {
      "out": {
        "other": 1
      },
      "score": 0.0822
    },
    "www.mozilla-europe.org": {
      "out": {
        "other": 1
      },
      "score": 0.0822
    },
    "www.stokeyouth.co.uk": {
      "out": {
        "other": 1
      },
      "score": 0.0822
    },
    "johnbiehler.com": {
      "out": {
        "other": 1
      },
      "score": 0.0822
    },
    "subtextual.org": {
      "out": {
        "other": 1
      },
      "score": 0.0822
    },
    "www.equi4.com": {
      "out": {
        "other": 1
      },
      "score": 0.0822
    },
    "www.gordonelementary.ca": {
      "out": {
        "other": 1
      },
      "score": 0.0822
    },
    "www.pcduino.com": {
      "out": {
        "other": 1
      },
      "score": 0.0822
    },
    "www.toolbase.org": {
      "out": {
        "other": 1
      },
      "score": 0.0822
    },
    "www.trenchmice.com": {
      "out": {
        "other": 1
      },
      "score": 0.0822
    },
    "www.vancity.com": {
      "out": {
        "other": 1
      },
      "score": 0.0822
    },
    "www.yucatantoday.com": {
      "out": {
        "other": 1
      },
      "score": 0.0822
    },
    "www.zephoria.org": {
      "out": {
        "other": 1
      },
      "score": 0.0822
    },
    "blogs.adobe.com": {
      "out": {
        "other": 1
      },
      "score": 0.0822
    },
    "greasemonkey.mozdev.org": {
      "out": {
        "other": 1
      },
      "score": 0.0822
    },
    "portland.craigslist.org": {
      "out": {
        "other": 1
      },
      "score": 0.0822
    },
    "typographi.com": {
      "out": {
        "other": 1
      },
      "score": 0.0822
    },
    "witheve.com": {
      "out": {
        "other": 1
      },
      "score": 0.0822
    },
    "www.alice.org": {
      "out": {
        "other": 1
      },
      "score": 0.0822
    },
    "alex.dojotoolkit.org": {
      "out": {
        "other": 1
      },
      "score": 0.0822
    },
    "jan.prima.de": {
      "out": {
        "other": 1
      },
      "score": 0.0822
    },
    "shaver.off.net": {
      "out": {
        "other": 1
      },
      "score": 0.0822
    },
    "smallthought.com": {
      "out": {
        "other": 1
      },
      "score": 0.0822
    },
    "twitter.com/freshelectrons": {
      "out": {
        "other": 1
      },
      "score": 0.0822
    },
    "www.ramikayyali.com": {
      "out": {
        "other": 1
      },
      "score": 0.0822
    },
    "www.sitepen.com": {
      "out": {
        "other": 1
      },
      "score": 0.0822
    },
    "money.cnn.com": {
      "out": {
        "other": 1
      },
      "score": 0.0822
    },
    "openid.net": {
      "out": {
        "other": 1
      },
      "score": 0.0822
    },
    "www.thecorporation.com": {
      "out": {
        "other": 1
      },
      "score": 0.0822
    },
    "matej.ceplovi.cz": {
      "in": {
        "other": 2
      },
      "score": 0.0822
    },
    "codespeak.net": {
      "out": {
        "other": 1
      },
      "score": 0.0822
    },
    "dropbox.com": {
      "out": {
        "other": 1
      },
      "score": 0.0822
    },
    "ingy.net": {
      "out": {
        "other": 1
      },
      "score": 0.0822
    },
    "ll4.csail.mit.edu": {
      "out": {
        "other": 1
      },
      "score": 0.0822
    },
    "presidentialtransition.gov": {
      "out": {
        "other": 1
      },
      "score": 0.0822
    },
    "ross.typepad.com": {
      "out": {
        "other": 1
      },
      "score": 0.0822
    },
    "upcoming.yahoo.com": {
      "out": {
        "other": 1
      },
      "score": 0.0822
    },
    "www.amazon.ca": {
      "out": {
        "other": 1
      },
      "score": 0.0822
    },
    "www.red-sweater.com": {
      "out": {
        "other": 1
      },
      "score": 0.0822
    },
    "zeit.co": {
      "out": {
        "other": 1
      },
      "score": 0.0822
    },
    "blog.ianbicking.org": {
      "out": {
        "other": 1
      },
      "score": 0.0822
    },
    "googledataapis.blogspot.com": {
      "out": {
        "other": 1
      },
      "score": 0.0822
    },
    "ietfreport.isoc.org": {
      "out": {
        "other": 1
      },
      "score": 0.0822
    },
    "lifehacker.com": {
      "out": {
        "other": 1
      },
      "score": 0.0822
    },
    "maps.google.co.uk": {
      "out": {
        "other": 1
      },
      "score": 0.0822
    },
    "support.mozilla.com": {
      "out": {
        "other": 1
      },
      "score": 0.0822
    },
    "weblog.latte.ca": {
      "out": {
        "other": 1
      },
      "score": 0.0822
    },
    "www.cianblog.com": {
      "out": {
        "other": 1
      },
      "score": 0.0822
    },
    "www.collaboration-world.com": {
      "out": {
        "other": 1
      },
      "score": 0.0822
    },
    "www.jhorman.org": {
      "out": {
        "other": 1
      },
      "score": 0.0822
    },
    "www.lemonadeformobiles.com": {
      "out": {
        "other": 1
      },
      "score": 0.0822
    },
    "www.niehs.nih.gov": {
      "out": {
        "other": 1
      },
      "score": 0.0822
    },
    "wwwm.meebo.com": {
      "out": {
        "other": 1
      },
      "score": 0.0822
    },
    "a9.com": {
      "out": {
        "other": 1
      },
      "score": 0.0822
    },
    "google.org": {
      "out": {
        "other": 1
      },
      "score": 0.0822
    },
    "mozilla.org": {
      "out": {
        "other": 1
      },
      "score": 0.0822
    },
    "slicehost.com": {
      "out": {
        "other": 1
      },
      "score": 0.0822
    },
    "sourceforge.net": {
      "out": {
        "other": 1
      },
      "score": 0.0822
    },
    "www.gladwell.com": {
      "out": {
        "other": 1
      },
      "score": 0.0822
    },
    "www.seaside.st": {
      "out": {
        "other": 1
      },
      "score": 0.0822
    },
    "www.whatwg.org": {
      "out": {
        "other": 1
      },
      "score": 0.0822
    },
    "yahoo.com": {
      "out": {
        "other": 1
      },
      "score": 0.0822
    },
    "allinthehead.com": {
      "out": {
        "other": 1
      },
      "score": 0.0822
    },
    "bitworking.org": {
      "out": {
        "other": 1
      },
      "score": 0.0822
    },
    "change.gov": {
      "out": {
        "other": 1
      },
      "score": 0.0822
    },
    "crashopensource.wordpress.com": {
      "out": {
        "other": 1
      },
      "score": 0.0822
    },
    "instantbird.com": {
      "out": {
        "other": 1
      },
      "score": 0.0822
    },
    "talsraviv.com": {
      "out": {
        "other": 1
      },
      "score": 0.0822
    },
    "twitter.com/avibryant": {
      "out": {
        "other": 1
      },
      "score": 0.0822
    },
    "www.acm.org": {
      "out": {
        "other": 1
      },
      "score": 0.0822
    },
    "extjs.com": {
      "out": {
        "other": 1
      },
      "score": 0.0822
    },
    "firebase.com": {
      "out": {
        "other": 1
      },
      "score": 0.0822
    },
    "fosscoach.wikia.com": {
      "out": {
        "other": 1
      },
      "score": 0.0822
    },
    "laughingsquid.com": {
      "out": {
        "other": 1
      },
      "score": 0.0822
    },
    "maps.google.ca": {
      "out": {
        "other": 1
      },
      "score": 0.0822
    },
    "news.yahoo.com": {
      "out": {
        "other": 1
      },
      "score": 0.0822
    },
    "techcrunch.com": {
      "out": {
        "other": 1
      },
      "score": 0.0822
    },
    "www.pbase.com": {
      "out": {
        "other": 1
      },
      "score": 0.0822
    },
    "mail.python.org": {
      "out": {
        "other": 1
      },
      "score": 0.0822
    },
    "spacing.ca": {
      "out": {
        "other": 1
      },
      "score": 0.0822
    },
    "www.socialatlemagasin.com": {
      "out": {
        "other": 1
      },
      "score": 0.0822
    },
    "37signals.com": {
      "out": {
        "other": 1
      },
      "score": 0.0822
    },
    "apps-preview.mozilla.org": {
      "out": {
        "other": 1
      },
      "score": 0.0822
    },
    "gizmodo.com": {
      "out": {
        "other": 1
      },
      "score": 0.0822
    },
    "osbc.com": {
      "out": {
        "other": 1
      },
      "score": 0.0822
    },
    "technet.microsoft.com": {
      "out": {
        "other": 1
      },
      "score": 0.0822
    },
    "www.corante.com": {
      "out": {
        "other": 1
      },
      "score": 0.0822
    },
    "www.pcworld.com": {
      "out": {
        "other": 1
      },
      "score": 0.0822
    },
    "alfredhermida.com": {
      "out": {
        "other": 1
      },
      "score": 0.0822
    },
    "pyre.third-bit.com": {
      "out": {
        "other": 1
      },
      "score": 0.0822
    },
    "www.radicalbehavior.com": {
      "out": {
        "other": 1
      },
      "score": 0.0822
    },
    "www.redalt.com": {
      "out": {
        "other": 1
      },
      "score": 0.0822
    },
    "www.research.ibm.com": {
      "out": {
        "other": 1
      },
      "score": 0.0822
    },
    "www.wonkette.com": {
      "out": {
        "other": 1
      },
      "score": 0.0822
    },
    "careers.mozilla.org": {
      "out": {
        "other": 1
      },
      "score": 0.0822
    },
    "developer.pidgin.im": {
      "out": {
        "other": 1
      },
      "score": 0.0822
    },
    "wiki.python.org": {
      "out": {
        "other": 1
      },
      "score": 0.0822
    },
    "www.ftrain.com": {
      "out": {
        "other": 1
      },
      "score": 0.0822
    },
    "www.people.hbs.edu": {
      "out": {
        "other": 1
      },
      "score": 0.0822
    },
    "www.socialtext.net": {
      "out": {
        "other": 1
      },
      "score": 0.0822
    },
    "del.icio.us": {
      "out": {
        "other": 1
      },
      "score": 0.0822
    },
    "hula-project.org": {
      "out": {
        "other": 1
      },
      "score": 0.0822
    },
    "jquery.com": {
      "out": {
        "other": 1
      },
      "score": 0.0822
    },
    "litmus.mozilla.org": {
      "out": {
        "other": 1
      },
      "score": 0.0822
    },
    "mail.opengroupware.org": {
      "out": {
        "other": 1
      },
      "score": 0.0822
    },
    "nat.org": {
      "out": {
        "other": 1
      },
      "score": 0.0822
    },
    "www.culturejamthefilm.com": {
      "out": {
        "other": 1
      },
      "score": 0.0822
    },
    "www.gawker.com": {
      "out": {
        "other": 1
      },
      "score": 0.0822
    },
    "markos.gaivo.net": {
      "in": {
        "other": 2
      },
      "score": 0.0822
    },
    "www.salon.com": {
      "out": {
        "other": 1
      },
      "score": 0.0822
    },
    "www.shutterbook.com": {
      "out": {
        "other": 1
      },
      "score": 0.0822
    },
    "www.velib.paris.fr": {
      "out": {
        "other": 1
      },
      "score": 0.0822
    },
    "indieweb.org": {
      "in": {
        "other": 2
      },
      "score": 0.0822
    },
    "oduinn.com": {
      "out": {
        "other": 1
      },
      "score": 0.0822
    },
    "www.fillet-of-soul.de": {
      "out": {
        "other": 1
      },
      "score": 0.0822
    },
    "www.kaply.com": {
      "out": {
        "other": 1
      },
      "score": 0.0822
    },
    "cluetrain.com": {
      "out": {
        "other": 1
      },
      "score": 0.0822
    },
    "communitystore.mozilla.org": {
      "out": {
        "other": 1
      },
      "score": 0.0822
    },
    "rosi.ro": {
      "out": {
        "other": 1
      },
      "score": 0.0822
    },
    "rwxweb.wordpress.com": {
      "out": {
        "other": 1
      },
      "score": 0.0822
    },
    "theroyalorder.com": {
      "out": {
        "other": 1
      },
      "score": 0.0822
    },
    "www.adambosworth.net": {
      "out": {
        "other": 1
      },
      "score": 0.0822
    },
    "www.avantgame.com": {
      "out": {
        "other": 1
      },
      "score": 0.0822
    },
    "www.iorgforum.org": {
      "out": {
        "other": 1
      },
      "score": 0.0822
    },
    "www.jobvite.com": {
      "out": {
        "other": 1
      },
      "score": 0.0822
    },
    "www.oup.co.uk": {
      "out": {
        "other": 1
      },
      "score": 0.0822
    },
    "www.washingtonpost.com": {
      "out": {
        "other": 1
      },
      "score": 0.0822
    },
    "bellsouth.net": {
      "out": {
        "other": 1
      },
      "score": 0.0822
    },
    "mightygodking.com": {
      "out": {
        "other": 1
      },
      "score": 0.0822
    },
    "rpc.bloglines.com": {
      "out": {
        "other": 1
      },
      "score": 0.0822
    },
    "us.imdb.com": {
      "out": {
        "other": 1
      },
      "score": 0.0822
    },
    "venturebeat.com": {
      "out": {
        "other": 1
      },
      "score": 0.0822
    },
    "www.phpwest.com": {
      "out": {
        "other": 1
      },
      "score": 0.0822
    },
    "yeswescan.org": {
      "out": {
        "other": 1
      },
      "score": 0.0822
    },
    "blog.persistent.info": {
      "out": {
        "other": 1
      },
      "score": 0.0822
    },
    "ccgi.standard8.plus.com": {
      "out": {
        "other": 1
      },
      "score": 0.0822
    },
    "thisamericanlife.org": {
      "out": {
        "other": 1
      },
      "score": 0.0822
    },
    "www.openidenabled.com": {
      "out": {
        "other": 1
      },
      "score": 0.0822
    },
    "aboriginalvoices.com": {
      "out": {
        "other": 1
      },
      "score": 0.0822
    },
    "browserid.org": {
      "out": {
        "other": 1
      },
      "score": 0.0822
    },
    "davidAschr.ishavingamassage.com": {
      "out": {
        "other": 1
      },
      "score": 0.0822
    },
    "www.ActiveState.com": {
      "out": {
        "other": 1
      },
      "score": 0.0822
    },
    "www.albinoblacksheep.com": {
      "out": {
        "other": 1
      },
      "score": 0.0822
    },
    "www.brucemaudesign.com": {
      "out": {
        "other": 1
      },
      "score": 0.0822
    },
    "www.cbc.ca": {
      "out": {
        "other": 1
      },
      "score": 0.0822
    },
    "www.ehmac.ca": {
      "out": {
        "other": 1
      },
      "score": 0.0822
    },
    "www.getmiro.com": {
      "out": {
        "other": 1
      },
      "score": 0.0822
    },
    "www.herecomeseverybody.org": {
      "out": {
        "other": 1
      },
      "score": 0.0822
    },
    "www.shirky.com": {
      "out": {
        "other": 1
      },
      "score": 0.0822
    },
    "www.telusmobility.com": {
      "out": {
        "other": 1
      },
      "score": 0.0822
    },
    "www.extensionsmirror.nl": {
      "out": {
        "other": 1
      },
      "score": 0.0822
    },
    "www.fckeditor.net": {
      "out": {
        "other": 1
      },
      "score": 0.0822
    },
    "www.teavancouver.com": {
      "out": {
        "other": 1
      },
      "score": 0.0822
    },
    "example.com": {
      "out": {
        "other": 1
      },
      "score": 0.0822
    },
    "laquercia.ca": {
      "out": {
        "other": 1
      },
      "score": 0.0822
    },
    "research.microsoft.com": {
      "out": {
        "other": 1
      },
      "score": 0.0822
    },
    "www.appple.ca": {
      "out": {
        "other": 1
      },
      "score": 0.0822
    },
    "pidgin.im": {
      "out": {
        "other": 1
      },
      "score": 0.0822
    },
    "robert.accettura.com": {
      "out": {
        "other": 1
      },
      "score": 0.0822
    },
    "spreadthunderbird.com": {
      "out": {
        "other": 1
      },
      "score": 0.0822
    },
    "static.slideshare.net": {
      "out": {
        "other": 1
      },
      "score": 0.0822
    },
    "www.actenum.com": {
      "out": {
        "other": 1
      },
      "score": 0.0822
    },
    "www.viff.org": {
      "out": {
        "other": 1
      },
      "score": 0.0822
    },
    "airmozilla-videocast.podomatic.com": {
      "out": {
        "other": 1
      },
      "score": 0.0822
    },
    "cdespinosa.posterous.com": {
      "out": {
        "other": 1
      },
      "score": 0.0822
    },
    "helveticafilm.com": {
      "out": {
        "other": 1
      },
      "score": 0.0822
    },
    "jeremy.zawodny.com": {
      "out": {
        "other": 1
      },
      "score": 0.0822
    },
    "mesquilla.com": {
      "out": {
        "other": 1
      },
      "score": 0.0822
    },
    "norrlandsguld.privaten.nu": {
      "out": {
        "other": 1
      },
      "score": 0.0822
    },
    "www.googlefight.com": {
      "out": {
        "other": 1
      },
      "score": 0.0822
    },
    "www.microsoft.com": {
      "out": {
        "other": 1
      },
      "score": 0.0822
    },
    "joi.ito.com": {
      "out": {
        "other": 1
      },
      "score": 0.0822
    },
    "radio.weblogs.com": {
      "out": {
        "other": 1
      },
      "score": 0.0822
    },
    "reg.gvrsf.ca": {
      "out": {
        "other": 1
      },
      "score": 0.0822
    },
    "www.education.gouv.fr": {
      "out": {
        "other": 1
      },
      "score": 0.0822
    },
    "www.ludicorp.com": {
      "out": {
        "other": 1
      },
      "score": 0.0822
    },
    "alumni.media.mit.edu": {
      "out": {
        "other": 1
      },
      "score": 0.0822
    },
    "cypressmountain.com": {
      "out": {
        "other": 1
      },
      "score": 0.0822
    },
    "eeepc.asus.com": {
      "out": {
        "other": 1
      },
      "score": 0.0822
    },
    "processing.org": {
      "out": {
        "other": 1
      },
      "score": 0.0822
    },
    "remixology2.eventbrite.com": {
      "out": {
        "other": 1
      },
      "score": 0.0822
    },
    "www.wirfs-brock.com": {
      "out": {
        "other": 1
      },
      "score": 0.0822
    },
    "mozilla.com": {
      "out": {
        "other": 1
      },
      "score": 0.0822
    },
    "www-psych.stanford.edu": {
      "out": {
        "other": 1
      },
      "score": 0.0822
    },
    "www.cmpevents.com": {
      "out": {
        "other": 1
      },
      "score": 0.0822
    },
    "www.idi.ntnu.no": {
      "out": {
        "other": 1
      },
      "score": 0.0822
    },
    "www.swivel.com": {
      "out": {
        "other": 1
      },
      "score": 0.0822
    },
    "afp.google.com": {
      "out": {
        "other": 1
      },
      "score": 0.0822
    },
    "brevity.org": {
      "out": {
        "other": 1
      },
      "score": 0.0822
    },
    "couchdb.org": {
      "out": {
        "other": 1
      },
      "score": 0.0822
    },
    "www.brioche.ca": {
      "out": {
        "other": 1
      },
      "score": 0.0822
    },
    "www.linode.com": {
      "out": {
        "other": 1
      },
      "score": 0.0822
    },
    "www.marcozehe.de": {
      "out": {
        "other": 1
      },
      "score": 0.0822
    },
    "blogs.sun.com": {
      "out": {
        "other": 1
      },
      "score": 0.0822
    },
    "chicago.everyblock.com": {
      "out": {
        "other": 1
      },
      "score": 0.0822
    },
    "img529.imageshack.us": {
      "out": {
        "other": 1
      },
      "score": 0.0822
    },
    "medium.com": {
      "out": {
        "other": 1
      },
      "score": 0.0822
    },
    "site44.com": {
      "out": {
        "other": 1
      },
      "score": 0.0822
    },
    "technology.timesonline.co.uk": {
      "out": {
        "other": 1
      },
      "score": 0.0822
    },
    "www.maawg.org": {
      "out": {
        "other": 1
      },
      "score": 0.0822
    },
    "www.mediatemple.net": {
      "out": {
        "other": 1
      },
      "score": 0.0822
    },
    "www.spreadfirefox.com": {
      "out": {
        "other": 1
      },
      "score": 0.0822
    },
    "ahumanright.org": {
      "out": {
        "other": 1
      },
      "score": 0.0822
    },
    "laughingsquid.us": {
      "out": {
        "other": 1
      },
      "score": 0.0822
    },
    "lauren.vortex.com": {
      "out": {
        "other": 1
      },
      "score": 0.0822
    },
    "pogo.com": {
      "out": {
        "other": 1
      },
      "score": 0.0822
    },
    "windowgroup.com": {
      "out": {
        "other": 1
      },
      "score": 0.0822
    },
    "www.hdm-stuttgart.de": {
      "out": {
        "other": 1
      },
      "score": 0.0822
    },
    "www.krazydad.com": {
      "out": {
        "other": 1
      },
      "score": 0.0822
    },
    "www.merit.unimaas.nl": {
      "out": {
        "other": 1
      },
      "score": 0.0822
    },
    "www.parrotcode.org": {
      "out": {
        "other": 1
      },
      "score": 0.0822
    },
    "www.wiimoteproject.com": {
      "out": {
        "other": 1
      },
      "score": 0.0822
    },
    "blip.tv": {
      "out": {
        "other": 1
      },
      "score": 0.0822
    },
    "damienkatz.net": {
      "out": {
        "other": 1
      },
      "score": 0.0822
    },
    "dutherenverseauborddelatable.wordpress.com": {
      "out": {
        "other": 1
      },
      "score": 0.0822
    },
    "lambda-the-ultimate.org": {
      "out": {
        "other": 1
      },
      "score": 0.0822
    },
    "mark-lucovsky.blogspot.com": {
      "out": {
        "other": 1
      },
      "score": 0.0822
    },
    "www.dreamhost.com": {
      "out": {
        "other": 1
      },
      "score": 0.0822
    },
    "www.geckozone.org": {
      "out": {
        "other": 1
      },
      "score": 0.0822
    },
    "www.rumblingedge.com": {
      "out": {
        "other": 1
      },
      "score": 0.0822
    },
    "www.salttastingroom.com": {
      "out": {
        "other": 1
      },
      "score": 0.0822
    },
    "www.shaw.ca": {
      "out": {
        "other": 1
      },
      "score": 0.0822
    },
    "shawnwilsher.com": {
      "out": {
        "other": 1
      },
      "score": 0.0822
    },
    "webtask.io": {
      "out": {
        "other": 1
      },
      "score": 0.0822
    },
    "wordpress.org": {
      "out": {
        "other": 1
      },
      "score": 0.0822
    },
    "www.delicados-deli.com": {
      "out": {
        "other": 1
      },
      "score": 0.0822
    },
    "www.wolframalpha.com": {
      "out": {
        "other": 1
      },
      "score": 0.0822
    },
    "bespin.mozilla.com": {
      "out": {
        "other": 1
      },
      "score": 0.0822
    },
    "dor.hbs.edu": {
      "out": {
        "other": 1
      },
      "score": 0.0822
    },
    "flowingdata.com": {
      "out": {
        "other": 1
      },
      "score": 0.0822
    },
    "thestranger.com": {
      "out": {
        "other": 1
      },
      "score": 0.0822
    },
    "vis.stanford.edu": {
      "out": {
        "other": 1
      },
      "score": 0.0822
    },
    "worrydream.com": {
      "out": {
        "other": 1
      },
      "score": 0.0822
    },
    "www.silverorange.com": {
      "out": {
        "other": 1
      },
      "score": 0.0822
    },
    "chelseanovak.wordpress.com": {
      "out": {
        "other": 1
      },
      "score": 0.0822
    },
    "stdlib.com": {
      "out": {
        "other": 1
      },
      "score": 0.0822
    },
    "www.campfirenow.com": {
      "out": {
        "other": 1
      },
      "score": 0.0822
    },
    "www.citeulike.org": {
      "out": {
        "other": 1
      },
      "score": 0.0822
    },
    "www.tdsnow.com": {
      "out": {
        "other": 1
      },
      "score": 0.0822
    },
    "alaskanalpineclub.org": {
      "out": {
        "other": 1
      },
      "score": 0.0822
    },
    "fixoutlook.org": {
      "out": {
        "other": 1
      },
      "score": 0.0822
    },
    "scratch.mit.edu": {
      "out": {
        "other": 1
      },
      "score": 0.0822
    },
    "www.aglassandahalffullproductions.com": {
      "out": {
        "other": 1
      },
      "score": 0.0822
    },
    "www.boneta.ca": {
      "out": {
        "other": 1
      },
      "score": 0.0822
    },
    "www.cllap.qc.ca": {
      "out": {
        "other": 1
      },
      "score": 0.0822
    },
    "www.spicebird.com": {
      "out": {
        "other": 1
      },
      "score": 0.0822
    },
    "news.com.com": {
      "out": {
        "other": 1
      },
      "score": 0.0822
    },
    "raelity.org": {
      "out": {
        "other": 1
      },
      "score": 0.0822
    },
    "snapstream.com": {
      "out": {
        "other": 1
      },
      "score": 0.0822
    },
    "www.43folders.com": {
      "out": {
        "other": 1
      },
      "score": 0.0822
    },
    "www.answers.com": {
      "out": {
        "other": 1
      },
      "score": 0.0822
    },
    "www.messagingarchitects.com": {
      "out": {
        "other": 1
      },
      "score": 0.0822
    },
    "www.novusnow.ca": {
      "out": {
        "other": 1
      },
      "score": 0.0822
    },
    "beta.mytelus.com": {
      "out": {
        "other": 1
      },
      "score": 0.0822
    },
    "blog.ingy.net": {
      "out": {
        "other": 1
      },
      "score": 0.0822
    },
    "columbia.edu": {
      "out": {
        "other": 1
      },
      "score": 0.0822
    },
    "tim.oreilly.com": {
      "out": {
        "other": 1
      },
      "score": 0.0822
    },
    "www.guardian.co.uk": {
      "out": {
        "other": 1
      },
      "score": 0.0822
    },
    "www.thevap.com": {
      "out": {
        "other": 1
      },
      "score": 0.0822
    },
    "www.uic.edu": {
      "out": {
        "other": 1
      },
      "score": 0.0822
    },
    "intertwingly.net": {
      "out": {
        "other": 1
      },
      "score": 0.0822
    },
    "medstory.com": {
      "out": {
        "other": 1
      },
      "score": 0.0822
    },
    "rebron.org": {
      "out": {
        "other": 1
      },
      "score": 0.0822
    },
    "superhappydevhouse.org": {
      "out": {
        "other": 1
      },
      "score": 0.0822
    },
    "www.adiumx.com": {
      "out": {
        "other": 1
      },
      "score": 0.0822
    },
    "www.iamcal.com": {
      "out": {
        "other": 1
      },
      "score": 0.0822
    },
    "www.usingenglish.com": {
      "out": {
        "other": 1
      },
      "score": 0.0822
    },
    "f1.mozillamessaging.com": {
      "out": {
        "other": 1
      },
      "score": 0.0822
    },
    "loiclemeur.com": {
      "out": {
        "other": 1
      },
      "score": 0.0822
    },
    "maps.google.com": {
      "out": {
        "other": 1
      },
      "score": 0.0822
    },
    "www.erights.org": {
      "out": {
        "other": 1
      },
      "score": 0.0822
    },
    "www.newyorker.com": {
      "out": {
        "other": 1
      },
      "score": 0.0822
    },
    "www.osbc2004.com": {
      "out": {
        "other": 1
      },
      "score": 0.0822
    },
    "www.themonsterengine.com": {
      "out": {
        "other": 1
      },
      "score": 0.0822
    },
    "fettig.net": {
      "out": {
        "other": 1
      },
      "score": 0.0822
    },
    "nymag.com": {
      "out": {
        "other": 1
      },
      "score": 0.0822
    },
    "pstsdk.codeplex.com": {
      "out": {
        "other": 1
      },
      "score": 0.0822
    },
    "quetzalcoatal.blogspot.com": {
      "out": {
        "other": 1
      },
      "score": 0.0822
    },
    "www.brianstorms.com": {
      "out": {
        "other": 1
      },
      "score": 0.0822
    },
    "www.extjs.com": {
      "out": {
        "other": 1
      },
      "score": 0.0822
    },
    "www.humanized.com": {
      "out": {
        "other": 1
      },
      "score": 0.0822
    },
    "www.openwebvancouver.ca": {
      "out": {
        "other": 1
      },
      "score": 0.0822
    },
    "www.theregister.co.uk": {
      "out": {
        "other": 1
      },
      "score": 0.0822
    },
    "www.utsire.com": {
      "out": {
        "other": 1
      },
      "score": 0.0822
    },
    "books": {
      "out": {
        "other": 1
      },
      "score": 0.0822
    },
    "brand.yahoo.com": {
      "out": {
        "other": 1
      },
      "score": 0.0822
    },
    "development.openoffice.org": {
      "out": {
        "other": 1
      },
      "score": 0.0822
    },
    "news.mozilla.org": {
      "out": {
        "other": 1
      },
      "score": 0.0822
    },
    "nuba.ca": {
      "out": {
        "other": 1
      },
      "score": 0.0822
    },
    "people.csail.mit.edu": {
      "out": {
        "other": 1
      },
      "score": 0.0822
    },
    "webaccelerator.google.com": {
      "out": {
        "other": 1
      },
      "score": 0.0822
    },
    "www.bartleby.com": {
      "out": {
        "other": 1
      },
      "score": 0.0822
    },
    "www.lilyapp.org": {
      "out": {
        "other": 1
      },
      "score": 0.0822
    },
    "www.starkravingfinkle.org": {
      "out": {
        "other": 1
      },
      "score": 0.0822
    },
    "www.northernvoice.ca": {
      "out": {
        "other": 1
      },
      "score": 0.0822
    },
    "www.sauria.com": {
      "out": {
        "other": 1
      },
      "score": 0.0822
    },
    "www.viddler.com": {
      "out": {
        "other": 1
      },
      "score": 0.0822
    },
    "blueslugs.com": {
      "out": {
        "other": 1
      },
      "score": 0.0822
    },
    "elm-lang.org": {
      "out": {
        "other": 1
      },
      "score": 0.0822
    },
    "fundraising.wikimedia.org": {
      "out": {
        "other": 1
      },
      "score": 0.0822
    },
    "groups.inf.ed.ac.uk": {
      "out": {
        "other": 1
      },
      "score": 0.0822
    },
    "guides.webbynode.com": {
      "out": {
        "other": 1
      },
      "score": 0.0822
    },
    "www.dwellcreative.com": {
      "out": {
        "other": 1
      },
      "score": 0.0822
    },
    "www.forum.nokia.com": {
      "out": {
        "other": 1
      },
      "score": 0.0822
    },
    "www.intothefuzz.com": {
      "out": {
        "other": 1
      },
      "score": 0.0822
    },
    "www.lizhickok.com": {
      "out": {
        "other": 1
      },
      "score": 0.0822
    },
    "www.shinnova.com": {
      "out": {
        "other": 1
      },
      "score": 0.0822
    },
    "www.vanpyz.org": {
      "out": {
        "other": 1
      },
      "score": 0.0822
    },
    "bloglines.com": {
      "out": {
        "other": 1
      },
      "score": 0.0822
    },
    "domain.tld": {
      "out": {
        "other": 1
      },
      "score": 0.0822
    },
    "hiveminder.com": {
      "out": {
        "other": 1
      },
      "score": 0.0822
    },
    "lists.apple.com": {
      "out": {
        "other": 1
      },
      "score": 0.0822
    },
    "webfwd.org": {
      "out": {
        "other": 1
      },
      "score": 0.0822
    },
    "www.andreasn.se": {
      "out": {
        "other": 1
      },
      "score": 0.0822
    },
    "www.cassecroute.de": {
      "out": {
        "other": 1
      },
      "score": 0.0822
    },
    "www.chrisjordan.com": {
      "out": {
        "other": 1
      },
      "score": 0.0822
    },
    "opennews.org": {
      "out": {
        "other": 1
      },
      "score": 0.0822
    },
    "wiki.joyent.com": {
      "out": {
        "other": 1
      },
      "score": 0.0822
    },
    "www.dopplr.com": {
      "out": {
        "other": 1
      },
      "score": 0.0822
    },
    "www.groupdav.org": {
      "out": {
        "other": 1
      },
      "score": 0.0822
    },
    "www.monsieurvuong.de": {
      "out": {
        "other": 1
      },
      "score": 0.0822
    },
    "gmail.google.com": {
      "out": {
        "other": 1
      },
      "score": 0.0822
    },
    "harp.io": {
      "out": {
        "other": 1
      },
      "score": 0.0822
    },
    "milimail.org": {
      "out": {
        "other": 1
      },
      "score": 0.0822
    },
    "mozillascience.org": {
      "out": {
        "other": 1
      },
      "score": 0.0822
    },
    "no.de": {
      "out": {
        "other": 1
      },
      "score": 0.0822
    },
    "rightscale.com": {
      "out": {
        "other": 1
      },
      "score": 0.0822
    },
    "www.omas-apotheke.com": {
      "out": {
        "other": 1
      },
      "score": 0.0822
    },
    "brid.gy": {
      "in": {
        "other": 1
      },
      "score": 0
    },
    "chat.indieweb.org": {
      "in": {
        "other": 1
      },
      "score": 0
    },
    "channy.creation.net": {
      "in": {
        "other": 1
      },
      "score": 0
    }
  }
}