{
  "domain": "asd.learnlearn.in",
  "urls": [
    "https://asd.learnlearn.in/"
  ],
  "names": [
    "Akshay S Dinesh",
    "Akshay S Dinesh | learning life"
  ],
  "descriptions": [
    "Insight wiki"
  ],
  "pictures": [],
  "hcard": {
    "properties": {
      "name": [
        "Akshay S Dinesh"
      ],
      "url": [
        "https://asd.learnlearn.in/"
      ]
    },
    "type": [
      "h-card"
    ]
  },
  "rel_mes": [
    "https://asd.learnlearn.in/",
    "mailto:asdofindia@gmail.com",
    "https://mozillians.org/u/asdofindia",
    "https://github.com/asdofindia",
    "https://twitter.com/asdofindia",
    "https://google.com/+AkshaySDinesh"
  ],
  "crawl_start": "2017-06-09T17:33:31",
  "crawl_end": "2017-06-09T17:34:44",
  "num_pages": 138,
  "total_html_size": 965324,
  "servers": [],
  "mf2_classes": [
    "h-card"
  ],
  "tags": [
    "relme"
  ],
  "endpoints": {},
  "links_out": 1344,
  "links_in": 0,
  "links": {
    "github.com": {
      "out": {
        "other": 170
      },
      "score": 1
    },
    "learnlearn.in": {
      "out": {
        "other": 162
      },
      "score": 0.991
    },
    "mozillians.org": {
      "out": {
        "other": 152
      },
      "score": 0.981
    },
    "blog.learnlearn.in": {
      "out": {
        "other": 152
      },
      "score": 0.981
    },
    "twitter.com/asdofindia": {
      "out": {
        "other": 144
      },
      "score": 0.971
    },
    "gmail.com": {
      "out": {
        "other": 140
      },
      "score": 0.966
    },
    "google.com": {
      "out": {
        "other": 138
      },
      "score": 0.964
    },
    "discourse.mozilla-community.org": {
      "out": {
        "other": 22
      },
      "score": 0.648
    },
    "www.mediawiki.org": {
      "out": {
        "other": 20
      },
      "score": 0.633
    },
    "www.gnu.org": {
      "out": {
        "other": 8
      },
      "score": 0.475
    },
    "en.wikipedia.org": {
      "out": {
        "other": 8
      },
      "score": 0.475
    },
    "wiki.mozilla.org": {
      "out": {
        "other": 8
      },
      "score": 0.475
    },
    "www.mozilla.org": {
      "out": {
        "other": 8
      },
      "score": 0.475
    },
    "developer.mozilla.org": {
      "out": {
        "other": 6
      },
      "score": 0.425
    },
    "public.etherpad-mozilla.org": {
      "out": {
        "other": 6
      },
      "score": 0.425
    },
    "www.goodreads.com": {
      "out": {
        "other": 6
      },
      "score": 0.425
    },
    "asdofindia.github.io": {
      "out": {
        "other": 4
      },
      "score": 0.357
    },
    "blog.mozillaindia.org": {
      "out": {
        "other": 4
      },
      "score": 0.357
    },
    "waitbutwhy.com": {
      "out": {
        "other": 4
      },
      "score": 0.357
    },
    "facebook.com/help": {
      "out": {
        "other": 4
      },
      "score": 0.357
    },
    "dobelli.com": {
      "out": {
        "other": 4
      },
      "score": 0.357
    },
    "telegram.me": {
      "out": {
        "other": 4
      },
      "score": 0.357
    },
    "whatcanidoformozilla.org": {
      "out": {
        "other": 4
      },
      "score": 0.357
    },
    "www.thehindu.com": {
      "out": {
        "other": 4
      },
      "score": 0.357
    },
    "blog.mozilla.org": {
      "out": {
        "other": 4
      },
      "score": 0.357
    },
    "docs.google.com": {
      "out": {
        "other": 4
      },
      "score": 0.357
    },
    "theladiesfinger.com": {
      "out": {
        "other": 4
      },
      "score": 0.357
    },
    "teach.mozilla.org": {
      "out": {
        "other": 4
      },
      "score": 0.357
    },
    "bugzilla.mozilla.org": {
      "out": {
        "other": 4
      },
      "score": 0.357
    },
    "dealingwithdisrespect.com": {
      "out": {
        "other": 2
      },
      "score": 0.238
    },
    "kilter.in": {
      "out": {
        "other": 2
      },
      "score": 0.238
    },
    "matrix.org": {
      "out": {
        "other": 2
      },
      "score": 0.238
    },
    "t.co": {
      "out": {
        "other": 2
      },
      "score": 0.238
    },
    "beingrez.com": {
      "out": {
        "other": 2
      },
      "score": 0.238
    },
    "twitter.com/RUWAIZRAZAK": {
      "out": {
        "other": 2
      },
      "score": 0.238
    },
    "joindiaspora.com": {
      "out": {
        "other": 2
      },
      "score": 0.238
    },
    "www.fox.com": {
      "out": {
        "other": 2
      },
      "score": 0.238
    },
    "zenhabits.net": {
      "out": {
        "other": 2
      },
      "score": 0.238
    },
    "www.eff.org": {
      "out": {
        "other": 2
      },
      "score": 0.238
    },
    "www.mozillascience.org": {
      "out": {
        "other": 2
      },
      "score": 0.238
    },
    "ftp.mozilla.org": {
      "out": {
        "other": 2
      },
      "score": 0.238
    },
    "www.cs.jhu.edu": {
      "out": {
        "other": 2
      },
      "score": 0.238
    },
    "www.otsukare.info": {
      "out": {
        "other": 2
      },
      "score": 0.238
    },
    "www.theverge.com": {
      "out": {
        "other": 2
      },
      "score": 0.238
    },
    "ifttt.com": {
      "out": {
        "other": 2
      },
      "score": 0.238
    },
    "mbbshacker.blogspot.com": {
      "out": {
        "other": 2
      },
      "score": 0.238
    },
    "mozilla.org": {
      "out": {
        "other": 2
      },
      "score": 0.238
    },
    "xkcd.com": {
      "out": {
        "other": 2
      },
      "score": 0.238
    },
    "www.indiaenvironmentportal.org.in": {
      "out": {
        "other": 2
      },
      "score": 0.238
    },
    "twitter.com/dun3buggi3": {
      "out": {
        "other": 2
      },
      "score": 0.238
    },
    "www.thewrap.com": {
      "out": {
        "other": 2
      },
      "score": 0.238
    },
    "twitter.com/internetofshit": {
      "out": {
        "other": 2
      },
      "score": 0.238
    },
    "www.amazon.com": {
      "out": {
        "other": 2
      },
      "score": 0.238
    },
    "factordaily.com": {
      "out": {
        "other": 2
      },
      "score": 0.238
    },
    "plus.google.com/+AkshaySDinesh": {
      "out": {
        "other": 2
      },
      "score": 0.238
    },
    "telegram.org": {
      "out": {
        "other": 2
      },
      "score": 0.238
    },
    "benjaminkerensa.com": {
      "out": {
        "other": 2
      },
      "score": 0.238
    },
    "ieeesjce.com": {
      "out": {
        "other": 2
      },
      "score": 0.238
    },
    "socialblood.org": {
      "out": {
        "other": 2
      },
      "score": 0.238
    },
    "vremind.org": {
      "out": {
        "other": 2
      },
      "score": 0.238
    },
    "drive.google.com": {
      "out": {
        "other": 2
      },
      "score": 0.238
    },
    "www.joshmatthews.net": {
      "out": {
        "other": 2
      },
      "score": 0.238
    },
    "youtu.be": {
      "out": {
        "other": 2
      },
      "score": 0.238
    },
    "tiptoes.ca": {
      "out": {
        "other": 2
      },
      "score": 0.238
    },
    "autistici.org": {
      "out": {
        "other": 2
      },
      "score": 0.238
    },
    "bl.ocks.org": {
      "out": {
        "other": 2
      },
      "score": 0.238
    },
    "liberbot.meteor.com": {
      "out": {
        "other": 2
      },
      "score": 0.238
    },
    "t.me": {
      "out": {
        "other": 2
      },
      "score": 0.238
    },
    "medium.com": {
      "out": {
        "other": 2
      },
      "score": 0.238
    },
    "mozillaindia.org": {
      "out": {
        "other": 2
      },
      "score": 0.238
    },
    "support.google.com": {
      "out": {
        "other": 2
      },
      "score": 0.238
    },
    "advocacy.mozilla.org": {
      "out": {
        "other": 2
      },
      "score": 0.238
    },
    "twitter.com/hashtag": {
      "out": {
        "other": 2
      },
      "score": 0.238
    },
    "www.openstreetmap.org": {
      "out": {
        "other": 2
      },
      "score": 0.238
    },
    "kaustavdm.in": {
      "out": {
        "other": 2
      },
      "score": 0.238
    },
    "wiki.smc.org.in": {
      "out": {
        "other": 2
      },
      "score": 0.238
    },
    "www.smithsonianmag.com": {
      "out": {
        "other": 2
      },
      "score": 0.238
    },
    "support.mozilla.org": {
      "out": {
        "other": 2
      },
      "score": 0.238
    },
    "us11.campaign-archive1.com": {
      "out": {
        "other": 2
      },
      "score": 0.238
    },
    "www.amazon.in": {
      "out": {
        "other": 2
      },
      "score": 0.238
    },
    "www.politico.com": {
      "out": {
        "other": 2
      },
      "score": 0.238
    },
    "leanpub.com": {
      "out": {
        "other": 2
      },
      "score": 0.238
    },
    "www.rust-lang.org": {
      "out": {
        "other": 2
      },
      "score": 0.238
    },
    "ateam-bootcamp.readthedocs.org": {
      "out": {
        "other": 2
      },
      "score": 0.238
    },
    "smc.org.in": {
      "out": {
        "other": 2
      },
      "score": 0.238
    },
    "twitter.com/MikeatFacebook": {
      "out": {
        "other": 2
      },
      "score": 0.238
    },
    "www.bbc.co.uk": {
      "out": {
        "other": 2
      },
      "score": 0.238
    },
    "www.glucosio.org": {
      "out": {
        "other": 2
      },
      "score": 0.238
    },
    "trai.gov.in": {
      "out": {
        "other": 2
      },
      "score": 0.238
    },
    "l10n.mozilla.org": {
      "out": {
        "other": 2
      },
      "score": 0.238
    },
    "raw.githubusercontent.com": {
      "out": {
        "other": 2
      },
      "score": 0.238
    },
    "the-ken.com": {
      "out": {
        "other": 2
      },
      "score": 0.238
    },
    "www.washingtonpost.com": {
      "out": {
        "other": 2
      },
      "score": 0.238
    },
    "addons.mozilla.org": {
      "out": {
        "other": 2
      },
      "score": 0.238
    },
    "twitter.com/abhi12ravi": {
      "out": {
        "other": 2
      },
      "score": 0.238
    },
    "www.drjaywortman.com": {
      "out": {
        "other": 2
      },
      "score": 0.238
    },
    "openstreetmap.org": {
      "out": {
        "other": 2
      },
      "score": 0.238
    },
    "pages.github.com": {
      "out": {
        "other": 2
      },
      "score": 0.238
    },
    "www.actiu.net": {
      "out": {
        "other": 2
      },
      "score": 0.238
    },
    "www.meradoctor.com": {
      "out": {
        "other": 2
      },
      "score": 0.238
    }
  }
}