{
  "domain": "aseriesofideas.com",
  "urls": [
    "http://aseriesofideas.com/"
  ],
  "names": [
    "aseriesofideas.com"
  ],
  "descriptions": [],
  "pictures": [],
  "hcard": {},
  "rel_mes": [],
  "tags": [
    "bridgy"
  ],
  "endpoints": {},
  "crawl_start": "2017-05-19T22:45:53.747660",
  "crawl_end": "2017-05-19T22:45:53.747660",
  "links_out": 0,
  "links_in": 58,
  "links": {
    "stream.withknown.com": {
      "in": {
        "in-reply-to": 8,
        "other": 19
      },
      "score": 1
    },
    "known.kylewm.com": {
      "in": {
        "in-reply-to": 6,
        "other": 5
      },
      "score": 0.873
    },
    "kylewm.com": {
      "in": {
        "like-of": 3,
        "other": 7,
        "in-reply-to": 2
      },
      "score": 0.770
    },
    "brid.gy": {
      "in": {
        "other": 5
      },
      "score": 0.395
    },
    "aaronparecki.com": {
      "in": {
        "other": 2
      },
      "score": 0.170
    },
    "snarfed.org": {
      "in": {
        "like-of": 1
      },
      "score": 0.170
    }
  }
}