{
  "domain": "askmat2.tumblr.com",
  "urls": [
    "http://askmat2.tumblr.com",
    "http://askmat2.tumblr.com/?og=1"
  ],
  "names": [
    "Ask anyone in Mattwo's universe.",
    "askmat2"
  ],
  "descriptions": [
    "Characters: Matone: A high creation god of good. Mattwo: A high creation god of neutrality. An observer of worlds. Matthree: A high creation god of evil. All three \"Mats\" are not omnipotent because...",
    "Characters: Matone: A high creation god of good. Mattwo: A high creation god of neutrality. An...",
    "askmat2"
  ],
  "pictures": [
    "http://68.media.tumblr.com/avatar_7140fef8f99b_128.png"
  ],
  "hcard": {},
  "rel_mes": [
    "https://twitter.com/mattwo7",
    "htttp://askmat2.tumblr.com",
    "https://www.facebook.com/mattwo7",
    "https://youtube.com/mattwo7"
  ],
  "crawl_start": "2017-06-09T17:33:34",
  "crawl_end": "2017-06-09T19:00:45",
  "num_pages": 3844,
  "total_html_size": 314789498,
  "servers": [
    "openresty"
  ],
  "tags": [
    "relme"
  ],
  "endpoints": {},
  "links_out": 288552,
  "links_in": 0,
  "links": {
    "t.umblr.com": {
      "out": {
        "other": 6189
      },
      "score": 1
    },
    "www.tumblr.com": {
      "out": {
        "other": 4685
      },
      "score": 0.970
    },
    "asktheacewings.tumblr.com": {
      "out": {
        "other": 2598
      },
      "score": 0.908
    },
    "askmat2mane6.tumblr.com": {
      "out": {
        "other": 2513
      },
      "score": 0.903
    },
    "askbawssspike.tumblr.com": {
      "out": {
        "other": 2383
      },
      "score": 0.898
    },
    "ask-stoner-spike.tumblr.com": {
      "out": {
        "other": 2380
      },
      "score": 0.898
    },
    "askrarifruit.tumblr.com": {
      "out": {
        "other": 2358
      },
      "score": 0.897
    },
    "askpiratedash.tumblr.com": {
      "out": {
        "other": 2370
      },
      "score": 0.897
    },
    "askcutiepie.tumblr.com": {
      "out": {
        "other": 2354
      },
      "score": 0.897
    },
    "painlesswolf.tumblr.com": {
      "out": {
        "other": 2348
      },
      "score": 0.897
    },
    "asktheshadows.tumblr.com": {
      "out": {
        "other": 2370
      },
      "score": 0.897
    },
    "ask-thecrusaders.tumblr.com": {
      "out": {
        "other": 2348
      },
      "score": 0.897
    },
    "askbigredmacintosh.tumblr.com": {
      "out": {
        "other": 2330
      },
      "score": 0.896
    },
    "askmegaman.tumblr.com": {
      "out": {
        "other": 2330
      },
      "score": 0.896
    },
    "askpacman-blog.tumblr.com": {
      "out": {
        "other": 2330
      },
      "score": 0.896
    },
    "superspadedcomicsinc-blog.tumblr.com": {
      "out": {
        "other": 2330
      },
      "score": 0.896
    },
    "askallstars.tumblr.com": {
      "out": {
        "other": 2332
      },
      "score": 0.896
    },
    "fluttershyhi.tumblr.com": {
      "out": {
        "other": 2330
      },
      "score": 0.896
    },
    "ask-omega.tumblr.com": {
      "out": {
        "other": 2330
      },
      "score": 0.896
    },
    "askgoldstandard.tumblr.com": {
      "out": {
        "other": 2333
      },
      "score": 0.896
    },
    "i-hate-babies-blog.tumblr.com": {
      "out": {
        "other": 2330
      },
      "score": 0.896
    },
    "supersmashponies.tumblr.com": {
      "out": {
        "other": 2330
      },
      "score": 0.896
    },
    "ask-kirbopher.tumblr.com": {
      "out": {
        "other": 2330
      },
      "score": 0.896
    },
    "askposey.tumblr.com": {
      "out": {
        "other": 2330
      },
      "score": 0.896
    },
    "fluffymixer.tumblr.com": {
      "out": {
        "other": 2330
      },
      "score": 0.896
    },
    "ask-posey.tumblr.com": {
      "out": {
        "other": 2341
      },
      "score": 0.896
    },
    "ask-the-gmod-ponies.tumblr.com": {
      "out": {
        "other": 2330
      },
      "score": 0.896
    },
    "slice-of-life-twilight.tumblr.com": {
      "out": {
        "other": 2330
      },
      "score": 0.896
    },
    "askrobotnik1.tumblr.com": {
      "out": {
        "other": 2338
      },
      "score": 0.896
    },
    "mravanimatedseries-blog.tumblr.com": {
      "out": {
        "other": 2330
      },
      "score": 0.896
    },
    "somboom.tumblr.com": {
      "out": {
        "other": 2330
      },
      "score": 0.896
    },
    "ask-ichijouji.tumblr.com": {
      "out": {
        "other": 2330
      },
      "score": 0.896
    },
    "gladosstillalive-blog.tumblr.com": {
      "out": {
        "other": 2330
      },
      "score": 0.896
    },
    "lyraslaptop.tumblr.com": {
      "out": {
        "other": 2332
      },
      "score": 0.896
    },
    "askironwill.tumblr.com": {
      "out": {
        "other": 2330
      },
      "score": 0.896
    },
    "askthosesillystickmen.tumblr.com": {
      "out": {
        "other": 2347
      },
      "score": 0.896
    },
    "ponyspotlight.tumblr.com": {
      "out": {
        "other": 2330
      },
      "score": 0.896
    },
    "rangernation.com": {
      "out": {
        "other": 2330
      },
      "score": 0.896
    },
    "ask-dr-adorable.tumblr.com": {
      "out": {
        "other": 2330
      },
      "score": 0.896
    },
    "ask-epsilon.tumblr.com": {
      "out": {
        "other": 2330
      },
      "score": 0.896
    },
    "equestrian-post.tumblr.com": {
      "out": {
        "other": 2330
      },
      "score": 0.896
    },
    "superprosopeio.tumblr.com": {
      "out": {
        "other": 2330
      },
      "score": 0.896
    },
    "ask-adventure02-blog.tumblr.com": {
      "out": {
        "other": 2330
      },
      "score": 0.896
    },
    "ask-church-blog.tumblr.com": {
      "out": {
        "other": 2330
      },
      "score": 0.896
    },
    "askneros.tumblr.com": {
      "out": {
        "other": 2330
      },
      "score": 0.896
    },
    "ask-tucker-blog.tumblr.com": {
      "out": {
        "other": 2330
      },
      "score": 0.896
    },
    "askwormmon.tumblr.com": {
      "out": {
        "other": 2330
      },
      "score": 0.896
    },
    "zeltraxmillenium.tumblr.com": {
      "out": {
        "other": 2330
      },
      "score": 0.896
    },
    "brony-rictor.tumblr.com": {
      "out": {
        "other": 2330
      },
      "score": 0.896
    },
    "villainsbar.tumblr.com": {
      "out": {
        "other": 2330
      },
      "score": 0.896
    },
    "askpiratesenshi.tumblr.com": {
      "out": {
        "other": 2330
      },
      "score": 0.896
    },
    "cupidite.tumblr.com": {
      "out": {
        "other": 2337
      },
      "score": 0.896
    },
    "omochaoexplainsitall.tumblr.com": {
      "out": {
        "other": 2330
      },
      "score": 0.896
    },
    "ask-kamen-rider-wooo.tumblr.com": {
      "out": {
        "other": 2330
      },
      "score": 0.896
    },
    "askdatalink.tumblr.com": {
      "out": {
        "other": 2330
      },
      "score": 0.896
    },
    "marvelouscompass.tumblr.com": {
      "out": {
        "other": 2330
      },
      "score": 0.896
    },
    "askpinkiepyro.tumblr.com": {
      "out": {
        "other": 2337
      },
      "score": 0.896
    },
    "askthehackerspies.tumblr.com": {
      "out": {
        "other": 2343
      },
      "score": 0.896
    },
    "dearpinkiepie.tumblr.com": {
      "out": {
        "other": 2330
      },
      "score": 0.896
    },
    "ask-ai-gamma.tumblr.com": {
      "out": {
        "other": 2330
      },
      "score": 0.896
    },
    "askdoctorx.tumblr.com": {
      "out": {
        "other": 2330
      },
      "score": 0.896
    },
    "keepbeachcityweird.tumblr.com": {
      "out": {
        "other": 2330
      },
      "score": 0.896
    },
    "thederpzone.tumblr.com": {
      "out": {
        "other": 2330
      },
      "score": 0.896
    },
    "askprotectobros.tumblr.com": {
      "out": {
        "other": 2330
      },
      "score": 0.896
    },
    "askredrage.tumblr.com": {
      "out": {
        "other": 2330
      },
      "score": 0.896
    },
    "askthedashingrainbow-blog.tumblr.com": {
      "out": {
        "other": 2330
      },
      "score": 0.896
    },
    "asktheelementsofinsanity.tumblr.com": {
      "out": {
        "other": 2330
      },
      "score": 0.896
    },
    "batmarereturns.tumblr.com": {
      "out": {
        "other": 2330
      },
      "score": 0.896
    },
    "felino-main.tumblr.com": {
      "out": {
        "other": 2330
      },
      "score": 0.896
    },
    "super-party-pony-pinkie.tumblr.com": {
      "out": {
        "other": 2330
      },
      "score": 0.896
    },
    "askderpyscientist.tumblr.com": {
      "out": {
        "other": 2330
      },
      "score": 0.896
    },
    "the-one-true-onceler-blog.tumblr.com": {
      "out": {
        "other": 2330
      },
      "score": 0.896
    },
    "thecartoonphysicist.tumblr.com": {
      "out": {
        "other": 2330
      },
      "score": 0.896
    },
    "ask-the-blu-medic-and-company.tumblr.com": {
      "out": {
        "other": 2330
      },
      "score": 0.896
    },
    "askheavyweaponspony-blog.tumblr.com": {
      "out": {
        "other": 2330
      },
      "score": 0.896
    },
    "friendship-is-witchcraft-blog.tumblr.com": {
      "out": {
        "other": 2330
      },
      "score": 0.896
    },
    "pinkiepalace.tumblr.com": {
      "out": {
        "other": 2330
      },
      "score": 0.896
    },
    "powerrangersfanforce.tumblr.com": {
      "out": {
        "other": 2330
      },
      "score": 0.896
    },
    "thedoctorandhispony.tumblr.com": {
      "out": {
        "other": 2330
      },
      "score": 0.896
    },
    "tumblermon-blog.tumblr.com": {
      "out": {
        "other": 2330
      },
      "score": 0.896
    },
    "raindropsanswers.tumblr.com": {
      "out": {
        "other": 2339
      },
      "score": 0.896
    },
    "askhumanderpyagain.tumblr.com": {
      "out": {
        "other": 2330
      },
      "score": 0.896
    },
    "ask-ikea-pony.tumblr.com": {
      "out": {
        "other": 2330
      },
      "score": 0.896
    },
    "ask-video-game-nerd-celestia.tumblr.com": {
      "out": {
        "other": 2330
      },
      "score": 0.896
    },
    "askflyingnights.tumblr.com": {
      "out": {
        "other": 2332
      },
      "score": 0.896
    },
    "goldengirlcoh.tumblr.com": {
      "out": {
        "other": 2330
      },
      "score": 0.896
    },
    "mlpjapan.tumblr.com": {
      "out": {
        "other": 2330
      },
      "score": 0.896
    },
    "www.sailorponies.com": {
      "out": {
        "other": 2330
      },
      "score": 0.896
    },
    "ask-king-sombra.tumblr.com": {
      "out": {
        "other": 2338
      },
      "score": 0.896
    },
    "ask-the-dark-knight-blog.tumblr.com": {
      "out": {
        "other": 2330
      },
      "score": 0.896
    },
    "ask-trixie-from-trixie-vs.tumblr.com": {
      "out": {
        "other": 2330
      },
      "score": 0.896
    },
    "askaidelta.tumblr.com": {
      "out": {
        "other": 2330
      },
      "score": 0.896
    },
    "badboxartmegaman.tumblr.com": {
      "out": {
        "other": 2330
      },
      "score": 0.896
    },
    "thetwilab.tumblr.com": {
      "out": {
        "other": 2330
      },
      "score": 0.896
    },
    "heroescafe.tumblr.com": {
      "out": {
        "other": 2330
      },
      "score": 0.896
    },
    "officialteamfourstar.tumblr.com": {
      "out": {
        "other": 2330
      },
      "score": 0.896
    },
    "renascorner.tumblr.com": {
      "out": {
        "other": 2330
      },
      "score": 0.896
    },
    "the-mysterious-dr-x.tumblr.com": {
      "out": {
        "other": 2330
      },
      "score": 0.896
    },
    "attorneyonline.tumblr.com": {
      "out": {
        "other": 2330
      },
      "score": 0.896
    },
    "outofworkderpy.tumblr.com": {
      "out": {
        "other": 2341
      },
      "score": 0.896
    },
    "xover1.tumblr.com": {
      "out": {
        "other": 2330
      },
      "score": 0.896
    },
    "askmy2bits.tumblr.com": {
      "out": {
        "other": 2330
      },
      "score": 0.896
    },
    "dislorderlyconduct.tumblr.com": {
      "out": {
        "other": 2330
      },
      "score": 0.896
    },
    "thecrossroadshotel.tumblr.com": {
      "out": {
        "other": 2330
      },
      "score": 0.896
    },
    "ask-caboose-blog-blog.tumblr.com": {
      "out": {
        "other": 2330
      },
      "score": 0.896
    },
    "askengiepony-blog.tumblr.com": {
      "out": {
        "other": 2330
      },
      "score": 0.896
    },
    "twitter.com/Mattwo7": {
      "out": {
        "other": 2330
      },
      "score": 0.896
    },
    "www.patreon.com": {
      "out": {
        "other": 2330
      },
      "score": 0.896
    },
    "ask-the-spy-pony-blog.tumblr.com": {
      "out": {
        "other": 2330
      },
      "score": 0.896
    },
    "askdanvs.tumblr.com": {
      "out": {
        "other": 2330
      },
      "score": 0.896
    },
    "lunaafterdark-revived.tumblr.com": {
      "out": {
        "other": 2330
      },
      "score": 0.896
    },
    "sweetiebotreplies.tumblr.com": {
      "out": {
        "other": 2339
      },
      "score": 0.896
    },
    "askvietcrystal.tumblr.com": {
      "out": {
        "other": 2330
      },
      "score": 0.896
    },
    "askapplejackandredengineer.tumblr.com": {
      "out": {
        "other": 2330
      },
      "score": 0.896
    },
    "twibrary.tumblr.com": {
      "out": {
        "other": 2330
      },
      "score": 0.896
    },
    "chaohaven.tumblr.com": {
      "out": {
        "other": 2330
      },
      "score": 0.896
    },
    "discorderlyconduct.tumblr.com": {
      "out": {
        "other": 2337
      },
      "score": 0.896
    },
    "quantite-derpy.tumblr.com": {
      "out": {
        "other": 2330
      },
      "score": 0.896
    },
    "askdoctortwooves.tumblr.com": {
      "out": {
        "other": 599
      },
      "score": 0.752
    },
    "acewingsarchives.tumblr.com": {
      "out": {
        "other": 595
      },
      "score": 0.751
    },
    "mattwo.deviantart.com": {
      "out": {
        "other": 487
      },
      "score": 0.730
    },
    "tmblr.co": {
      "out": {
        "other": 329
      },
      "score": 0.688
    },
    "asktf2teamluna.tumblr.com": {
      "out": {
        "other": 315
      },
      "score": 0.684
    },
    "mat2modblog.tumblr.com": {
      "out": {
        "other": 245
      },
      "score": 0.656
    },
    "askjbotzgamerbot.tumblr.com": {
      "out": {
        "other": 237
      },
      "score": 0.653
    },
    "askeeveedoc.tumblr.com": {
      "out": {
        "other": 183
      },
      "score": 0.626
    },
    "askquantumdoctor.tumblr.com": {
      "out": {
        "other": 134
      },
      "score": 0.593
    },
    "askequestriabluteam.tumblr.com": {
      "out": {
        "other": 124
      },
      "score": 0.584
    },
    "gmodredvsblue.tumblr.com": {
      "out": {
        "other": 124
      },
      "score": 0.584
    },
    "askdiscordwhooves.tumblr.com": {
      "out": {
        "other": 121
      },
      "score": 0.582
    },
    "mat2rp.tumblr.com": {
      "out": {
        "other": 109
      },
      "score": 0.571
    },
    "askkeithkitara.tumblr.com": {
      "out": {
        "other": 106
      },
      "score": 0.568
    },
    "wonderboltsoarin.tumblr.com": {
      "out": {
        "other": 90
      },
      "score": 0.550
    },
    "askquin.tumblr.com": {
      "out": {
        "other": 83
      },
      "score": 0.542
    },
    "asksurprise.tumblr.com": {
      "out": {
        "other": 82
      },
      "score": 0.541
    },
    "mat2art.tumblr.com": {
      "out": {
        "other": 60
      },
      "score": 0.508
    },
    "askkamenriderdecade.tumblr.com": {
      "out": {
        "other": 56
      },
      "score": 0.501
    },
    "jitterbugjive.tumblr.com": {
      "out": {
        "other": 56
      },
      "score": 0.501
    },
    "tundrow.tumblr.com": {
      "out": {
        "other": 47
      },
      "score": 0.481
    },
    "askponyinabox.tumblr.com": {
      "out": {
        "other": 46
      },
      "score": 0.479
    },
    "ask-the-tf2-ponies.tumblr.com": {
      "out": {
        "other": 46
      },
      "score": 0.479
    },
    "askpolitoed.tumblr.com": {
      "out": {
        "other": 46
      },
      "score": 0.479
    },
    "daltoncitywebcomic.tumblr.com": {
      "out": {
        "other": 45
      },
      "score": 0.477
    },
    "asksonicblast224.tumblr.com": {
      "out": {
        "other": 43
      },
      "score": 0.472
    },
    "sailormod.tumblr.com": {
      "out": {
        "other": 43
      },
      "score": 0.472
    },
    "imagine-your-fav-character.tumblr.com": {
      "out": {
        "other": 42
      },
      "score": 0.470
    },
    "ask-bowtie-emily.tumblr.com": {
      "out": {
        "other": 41
      },
      "score": 0.468
    },
    "askrobotnik.tumblr.com": {
      "out": {
        "other": 40
      },
      "score": 0.464
    },
    "colgateanswers.tumblr.com": {
      "out": {
        "other": 40
      },
      "score": 0.464
    },
    "the-medicine-cat-and-companion.tumblr.com": {
      "out": {
        "other": 40
      },
      "score": 0.464
    },
    "rowanstorm22.tumblr.com": {
      "out": {
        "other": 39
      },
      "score": 0.462
    },
    "askmrhugalout1.tumblr.com": {
      "out": {
        "other": 37
      },
      "score": 0.456
    },
    "askvaudeville.tumblr.com": {
      "out": {
        "other": 35
      },
      "score": 0.451
    },
    "lordfuse.tumblr.com": {
      "out": {
        "other": 31
      },
      "score": 0.438
    },
    "ask-princess-trollestia.tumblr.com": {
      "out": {
        "other": 27
      },
      "score": 0.423
    },
    "ask-trixie.tumblr.com": {
      "out": {
        "other": 25
      },
      "score": 0.415
    },
    "vocationaldeathcruise.tumblr.com": {
      "out": {
        "other": 24
      },
      "score": 0.410
    },
    "askthesillystickmen.tumblr.com": {
      "out": {
        "other": 24
      },
      "score": 0.410
    },
    "ask-ditzy-and-dinky.tumblr.com": {
      "out": {
        "other": 23
      },
      "score": 0.406
    },
    "daringdoreplies.tumblr.com": {
      "out": {
        "other": 23
      },
      "score": 0.406
    },
    "lovestruck-derpy.tumblr.com": {
      "out": {
        "other": 22
      },
      "score": 0.401
    },
    "showakitashirakawa.tumblr.com": {
      "out": {
        "other": 22
      },
      "score": 0.401
    },
    "fc05.deviantart.net": {
      "out": {
        "other": 21
      },
      "score": 0.397
    },
    "asksirlintalot.tumblr.com": {
      "out": {
        "other": 20
      },
      "score": 0.391
    },
    "ask-ironwill-now.tumblr.com": {
      "out": {
        "other": 20
      },
      "score": 0.391
    },
    "askblackbetrayal-deactivated201.tumblr.com": {
      "out": {
        "other": 19
      },
      "score": 0.386
    },
    "cutiemarkswap.tumblr.com": {
      "out": {
        "other": 19
      },
      "score": 0.386
    },
    "ask-step-lock.tumblr.com": {
      "out": {
        "other": 19
      },
      "score": 0.386
    },
    "dan-vs-fim.tumblr.com": {
      "out": {
        "other": 19
      },
      "score": 0.386
    },
    "askcopheavy.tumblr.com": {
      "out": {
        "other": 19
      },
      "score": 0.386
    },
    "singularity-interface.tumblr.com": {
      "out": {
        "other": 19
      },
      "score": 0.386
    },
    "ask-doctorcolgate.tumblr.com": {
      "out": {
        "other": 18
      },
      "score": 0.380
    },
    "askthemanesix.tumblr.com": {
      "out": {
        "other": 18
      },
      "score": 0.380
    },
    "anticsponydisciple.tumblr.com": {
      "out": {
        "other": 18
      },
      "score": 0.380
    },
    "ask-thegrimreaper.tumblr.com": {
      "out": {
        "other": 18
      },
      "score": 0.380
    },
    "ask-frigiddrift.tumblr.com": {
      "out": {
        "other": 18
      },
      "score": 0.380
    },
    "ask-stick-ponies.tumblr.com": {
      "out": {
        "other": 18
      },
      "score": 0.380
    },
    "thatscootaloo.tumblr.com": {
      "out": {
        "other": 18
      },
      "score": 0.380
    },
    "harleykingdraws.tumblr.com": {
      "out": {
        "other": 18
      },
      "score": 0.380
    },
    "sfmredvsblue.tumblr.com": {
      "out": {
        "other": 18
      },
      "score": 0.380
    },
    "askeppaljeck.tumblr.com": {
      "out": {
        "other": 17
      },
      "score": 0.374
    },
    "askmrclever.tumblr.com": {
      "out": {
        "other": 17
      },
      "score": 0.374
    },
    "twitter.com/ttasattasa": {
      "out": {
        "other": 17
      },
      "score": 0.374
    },
    "blackvyper.tumblr.com": {
      "out": {
        "other": 17
      },
      "score": 0.374
    },
    "askthedoctorallons-y.tumblr.com": {
      "out": {
        "other": 17
      },
      "score": 0.374
    },
    "ask-santalestia.tumblr.com": {
      "out": {
        "other": 16
      },
      "score": 0.368
    },
    "artofthefez.tumblr.com": {
      "out": {
        "other": 16
      },
      "score": 0.368
    },
    "www.livestream.com": {
      "out": {
        "other": 16
      },
      "score": 0.368
    },
    "maklarr7000.tumblr.com": {
      "out": {
        "other": 16
      },
      "score": 0.368
    },
    "justaskflutterguy.tumblr.com": {
      "out": {
        "other": 15
      },
      "score": 0.361
    },
    "ask-presto.tumblr.com": {
      "out": {
        "other": 15
      },
      "score": 0.361
    },
    "asksticks.tumblr.com": {
      "out": {
        "other": 15
      },
      "score": 0.361
    },
    "fc09.deviantart.net": {
      "out": {
        "other": 15
      },
      "score": 0.361
    },
    "asktodiscordantderpy.tumblr.com": {
      "out": {
        "other": 15
      },
      "score": 0.361
    },
    "askblackbetrayal.tumblr.com": {
      "out": {
        "other": 15
      },
      "score": 0.361
    },
    "fc08.deviantart.net": {
      "out": {
        "other": 15
      },
      "score": 0.361
    },
    "ask-minuette.tumblr.com": {
      "out": {
        "other": 15
      },
      "score": 0.361
    },
    "mediclyarfmon.tumblr.com": {
      "out": {
        "other": 15
      },
      "score": 0.361
    },
    "ask-fyrefly.tumblr.com": {
      "out": {
        "other": 14
      },
      "score": 0.353
    },
    "askthesparklers.tumblr.com": {
      "out": {
        "other": 14
      },
      "score": 0.353
    },
    "askhero361.tumblr.com": {
      "out": {
        "other": 14
      },
      "score": 0.353
    },
    "ask-bon-bon.tumblr.com": {
      "out": {
        "other": 14
      },
      "score": 0.353
    },
    "themysteriousmaredowell.tumblr.com": {
      "out": {
        "other": 14
      },
      "score": 0.353
    },
    "askdeadrainbowdash.tumblr.com": {
      "out": {
        "other": 13
      },
      "score": 0.346
    },
    "thegmodgreenteam.tumblr.com": {
      "out": {
        "other": 13
      },
      "score": 0.346
    },
    "askmisstwilightsparkle.tumblr.com": {
      "out": {
        "other": 13
      },
      "score": 0.346
    },
    "asktylerpinkiepie.tumblr.com": {
      "out": {
        "other": 13
      },
      "score": 0.346
    },
    "askendario.tumblr.com": {
      "out": {
        "other": 13
      },
      "score": 0.346
    },
    "happyexplosiondaygorgeous.tumblr.com": {
      "out": {
        "other": 12
      },
      "score": 0.337
    },
    "storiesofgarryonine.tumblr.com": {
      "out": {
        "other": 12
      },
      "score": 0.337
    },
    "ask-inkiepie.tumblr.com": {
      "out": {
        "other": 12
      },
      "score": 0.337
    },
    "micthemicrophone.tumblr.com": {
      "out": {
        "other": 12
      },
      "score": 0.337
    },
    "www.dailymotion.com": {
      "out": {
        "other": 12
      },
      "score": 0.337
    },
    "askmlcblobs.tumblr.com": {
      "out": {
        "other": 11
      },
      "score": 0.328
    },
    "m-mmph.tumblr.com": {
      "out": {
        "other": 11
      },
      "score": 0.328
    },
    "my-little-art-challenge.tumblr.com": {
      "out": {
        "other": 11
      },
      "score": 0.328
    },
    "askclockwisewhooves.tumblr.com": {
      "out": {
        "other": 11
      },
      "score": 0.328
    },
    "vocationaldeathchimera.tumblr.com": {
      "out": {
        "other": 11
      },
      "score": 0.328
    },
    "the-netsurfing-guy.tumblr.com": {
      "out": {
        "other": 11
      },
      "score": 0.328
    },
    "askdashandscoutponies.tumblr.com": {
      "out": {
        "other": 11
      },
      "score": 0.328
    },
    "askthesoilderandspider.tumblr.com": {
      "out": {
        "other": 11
      },
      "score": 0.328
    },
    "25.media.tumblr.com": {
      "out": {
        "other": 11
      },
      "score": 0.328
    },
    "hideoutfromreality.tumblr.com": {
      "out": {
        "other": 11
      },
      "score": 0.328
    },
    "ask-blumedic-pony.tumblr.com": {
      "out": {
        "other": 11
      },
      "score": 0.328
    },
    "500rassilon.tumblr.com": {
      "out": {
        "other": 10
      },
      "score": 0.318
    },
    "askthesoilder.tumblr.com": {
      "out": {
        "other": 10
      },
      "score": 0.318
    },
    "ask-the-toy-box.tumblr.com": {
      "out": {
        "other": 10
      },
      "score": 0.318
    },
    "ask-agent-south-dakota.tumblr.com": {
      "out": {
        "other": 10
      },
      "score": 0.318
    },
    "rkp102.tumblr.com": {
      "out": {
        "other": 10
      },
      "score": 0.318
    },
    "kevthemod.tumblr.com": {
      "out": {
        "other": 10
      },
      "score": 0.318
    },
    "bitch-in-black.tumblr.com": {
      "out": {
        "other": 10
      },
      "score": 0.318
    },
    "asksillyhat.tumblr.com": {
      "out": {
        "other": 10
      },
      "score": 0.318
    },
    "demotivatedpinkiepie.tumblr.com": {
      "out": {
        "other": 10
      },
      "score": 0.318
    },
    "askmineturtle.tumblr.com": {
      "out": {
        "other": 10
      },
      "score": 0.318
    },
    "ask-omalley.tumblr.com": {
      "out": {
        "other": 10
      },
      "score": 0.318
    },
    "askfuzzumz.tumblr.com": {
      "out": {
        "other": 10
      },
      "score": 0.318
    },
    "askrobolyra.tumblr.com": {
      "out": {
        "other": 9
      },
      "score": 0.306
    },
    "askhipsterdash.tumblr.com": {
      "out": {
        "other": 9
      },
      "score": 0.306
    },
    "theonetruesonic.tumblr.com": {
      "out": {
        "other": 9
      },
      "score": 0.306
    },
    "randomgeeknamedbrent.tumblr.com": {
      "out": {
        "other": 9
      },
      "score": 0.306
    },
    "dwn009.tumblr.com": {
      "out": {
        "other": 9
      },
      "score": 0.306
    },
    "fc02.deviantart.net": {
      "out": {
        "other": 9
      },
      "score": 0.306
    },
    "ask-demopony.tumblr.com": {
      "out": {
        "other": 9
      },
      "score": 0.306
    },
    "askladyvonclef.tumblr.com": {
      "out": {
        "other": 9
      },
      "score": 0.306
    },
    "harleykingdraws-blog.tumblr.com": {
      "out": {
        "other": 8
      },
      "score": 0.294
    },
    "rainboomvanguard.tumblr.com": {
      "out": {
        "other": 8
      },
      "score": 0.294
    },
    "ask-lovely-pages.tumblr.com": {
      "out": {
        "other": 8
      },
      "score": 0.294
    },
    "askfilmreel.tumblr.com": {
      "out": {
        "other": 8
      },
      "score": 0.294
    },
    "ask-shadowflame.tumblr.com": {
      "out": {
        "other": 8
      },
      "score": 0.294
    },
    "blitzenpony.tumblr.com": {
      "out": {
        "other": 8
      },
      "score": 0.294
    },
    "gigabeetle.tumblr.com": {
      "out": {
        "other": 8
      },
      "score": 0.294
    },
    "askgeneralrex.tumblr.com": {
      "out": {
        "other": 8
      },
      "score": 0.294
    },
    "th07.deviantart.net": {
      "out": {
        "other": 8
      },
      "score": 0.294
    },
    "sturmpony.tumblr.com": {
      "out": {
        "other": 7
      },
      "score": 0.280
    },
    "askdjglados.tumblr.com": {
      "out": {
        "other": 7
      },
      "score": 0.280
    },
    "askpinchy.tumblr.com": {
      "out": {
        "other": 7
      },
      "score": 0.280
    },
    "mrhugalout1.tumblr.com": {
      "out": {
        "other": 7
      },
      "score": 0.280
    },
    "askpipsqueakpyro.tumblr.com": {
      "out": {
        "other": 7
      },
      "score": 0.280
    },
    "mrugburn.tumblr.com": {
      "out": {
        "other": 7
      },
      "score": 0.280
    },
    "wheredidyamileavemenow.tumblr.com": {
      "out": {
        "other": 7
      },
      "score": 0.280
    },
    "askfetchbeer.tumblr.com": {
      "out": {
        "other": 7
      },
      "score": 0.280
    },
    "askpyropony.tumblr.com": {
      "out": {
        "other": 7
      },
      "score": 0.280
    },
    "everythingaaaaaaaaaaaaa.tumblr.com": {
      "out": {
        "other": 7
      },
      "score": 0.280
    },
    "askpyroblu.tumblr.com": {
      "out": {
        "other": 7
      },
      "score": 0.280
    },
    "ask-star-chaser.tumblr.com": {
      "out": {
        "other": 7
      },
      "score": 0.280
    },
    "jackle-app.tumblr.com": {
      "out": {
        "other": 7
      },
      "score": 0.280
    },
    "askteenapplebloom.tumblr.com": {
      "out": {
        "other": 7
      },
      "score": 0.280
    },
    "twitter.com/niantim": {
      "out": {
        "other": 7
      },
      "score": 0.280
    },
    "ladyderpysphotos.tumblr.com": {
      "out": {
        "other": 7
      },
      "score": 0.280
    },
    "giantluna.tumblr.com": {
      "out": {
        "other": 7
      },
      "score": 0.280
    },
    "ask-fancy-pants.tumblr.com": {
      "out": {
        "other": 6
      },
      "score": 0.263
    },
    "theonlycottoncandy.tumblr.com": {
      "out": {
        "other": 6
      },
      "score": 0.263
    },
    "ask-sizzle-and-shubie.tumblr.com": {
      "out": {
        "other": 6
      },
      "score": 0.263
    },
    "fmartcorner.tumblr.com": {
      "out": {
        "other": 6
      },
      "score": 0.263
    },
    "betterbemeta.tumblr.com": {
      "out": {
        "other": 6
      },
      "score": 0.263
    },
    "asktwolightsparkle.tumblr.com": {
      "out": {
        "other": 6
      },
      "score": 0.263
    },
    "blazeraptor.tumblr.com": {
      "out": {
        "other": 5
      },
      "score": 0.244
    },
    "askroyalho-oh.tumblr.com": {
      "out": {
        "other": 5
      },
      "score": 0.244
    },
    "ask-ninetails.tumblr.com": {
      "out": {
        "other": 5
      },
      "score": 0.244
    },
    "th03.deviantart.net": {
      "out": {
        "other": 5
      },
      "score": 0.244
    },
    "askpalkia.tumblr.com": {
      "out": {
        "other": 5
      },
      "score": 0.244
    },
    "keirostarr.tumblr.com": {
      "out": {
        "other": 5
      },
      "score": 0.244
    },
    "ask-rayquaza.tumblr.com": {
      "out": {
        "other": 5
      },
      "score": 0.244
    },
    "askjolteon.tumblr.com": {
      "out": {
        "other": 5
      },
      "score": 0.244
    },
    "fc04.deviantart.net": {
      "out": {
        "other": 5
      },
      "score": 0.244
    },
    "askewingsisters.tumblr.com": {
      "out": {
        "other": 5
      },
      "score": 0.244
    },
    "ask-derpialga.tumblr.com": {
      "out": {
        "other": 5
      },
      "score": 0.244
    },
    "digibronyfanart.tumblr.com": {
      "out": {
        "other": 4
      },
      "score": 0.221
    },
    "theaskkermitblog.tumblr.com": {
      "out": {
        "other": 4
      },
      "score": 0.221
    },
    "gmod-box.tumblr.com": {
      "out": {
        "other": 4
      },
      "score": 0.221
    },
    "mat2halo.tumblr.com": {
      "out": {
        "other": 4
      },
      "score": 0.221
    },
    "mastermod.tumblr.com": {
      "out": {
        "other": 4
      },
      "score": 0.221
    },
    "didyouknowgaming.com": {
      "out": {
        "other": 4
      },
      "score": 0.221
    },
    "hoppie-glitter.tumblr.com": {
      "out": {
        "other": 4
      },
      "score": 0.221
    },
    "whoovesnassistant.tumblr.com": {
      "out": {
        "other": 4
      },
      "score": 0.221
    },
    "asklibrapony.tumblr.com": {
      "out": {
        "other": 4
      },
      "score": 0.221
    },
    "mikeythefox.tumblr.com": {
      "out": {
        "other": 4
      },
      "score": 0.221
    },
    "asksilverthehedgie.tumblr.com": {
      "out": {
        "other": 4
      },
      "score": 0.221
    },
    "askfruino.tumblr.com": {
      "out": {
        "other": 3
      },
      "score": 0.190
    },
    "asklunafromthemod.tumblr.com": {
      "out": {
        "other": 3
      },
      "score": 0.190
    },
    "dethklop.tumblr.com": {
      "out": {
        "other": 3
      },
      "score": 0.190
    },
    "lagaloutsmod-deactivated2016022.tumblr.com": {
      "out": {
        "other": 3
      },
      "score": 0.190
    },
    "doe-donut.tumblr.com": {
      "out": {
        "other": 3
      },
      "score": 0.190
    },
    "mat2gaming.tumblr.com": {
      "out": {
        "other": 2
      },
      "score": 0.147
    },
    "www.deviantart.com": {
      "out": {
        "other": 2
      },
      "score": 0.147
    },
    "askautumngem-blog.tumblr.com": {
      "out": {
        "other": 2
      },
      "score": 0.147
    },
    "askhumanluna.tumblr.com": {
      "out": {
        "other": 2
      },
      "score": 0.147
    },
    "askyoutubepony.tumblr.com": {
      "out": {
        "other": 2
      },
      "score": 0.147
    },
    "thatsmugbastard.tumblr.com": {
      "out": {
        "other": 2
      },
      "score": 0.147
    },
    "akumath.tumblr.com": {
      "out": {
        "other": 2
      },
      "score": 0.147
    },
    "ask8bitstickman.tumblr.com": {
      "out": {
        "other": 2
      },
      "score": 0.147
    },
    "seemslegity.tumblr.com": {
      "out": {
        "other": 2
      },
      "score": 0.147
    },
    "ask-paradoxium.tumblr.com": {
      "out": {
        "other": 2
      },
      "score": 0.147
    },
    "avaomod.tumblr.com": {
      "out": {
        "other": 2
      },
      "score": 0.147
    },
    "itsalamenameanyway.tumblr.com": {
      "out": {
        "other": 2
      },
      "score": 0.147
    },
    "miscreantmisadventures.tumblr.com": {
      "out": {
        "other": 2
      },
      "score": 0.147
    },
    "princess-peachie.tumblr.com": {
      "out": {
        "other": 2
      },
      "score": 0.147
    },
    "askevilgeniustwilight.tumblr.com": {
      "out": {
        "other": 2
      },
      "score": 0.147
    },
    "asksailorponies.tumblr.com": {
      "out": {
        "other": 2
      },
      "score": 0.147
    },
    "craftybrony.deviantart.com": {
      "out": {
        "other": 2
      },
      "score": 0.147
    },
    "hiyashix2.deviantart.com": {
      "out": {
        "other": 2
      },
      "score": 0.147
    },
    "asthma-hound-chihuahua.tumblr.com": {
      "out": {
        "other": 2
      },
      "score": 0.147
    },
    "doctorspangle.tumblr.com": {
      "out": {
        "other": 2
      },
      "score": 0.147
    },
    "heavypony.tumblr.com": {
      "out": {
        "other": 2
      },
      "score": 0.147
    },
    "tokuokatime.tumblr.com": {
      "out": {
        "other": 2
      },
      "score": 0.147
    },
    "ask-green-lantern-fluttershy.tumblr.com": {
      "out": {
        "other": 2
      },
      "score": 0.147
    },
    "rey-jjj.tumblr.com": {
      "out": {
        "other": 2
      },
      "score": 0.147
    },
    "asklilfluttertardis.tumblr.com": {
      "out": {
        "other": 2
      },
      "score": 0.147
    },
    "vilemishywishy.tumblr.com": {
      "out": {
        "other": 2
      },
      "score": 0.147
    },
    "ask-a-xerneas.tumblr.com": {
      "out": {
        "other": 2
      },
      "score": 0.147
    },
    "ask-derpy-whooves.tumblr.com": {
      "out": {
        "other": 2
      },
      "score": 0.147
    },
    "askvanillaandrummie.tumblr.com": {
      "out": {
        "other": 2
      },
      "score": 0.147
    },
    "ask-fangthesniper.tumblr.com": {
      "out": {
        "other": 2
      },
      "score": 0.147
    },
    "askhumantrixie.tumblr.com": {
      "out": {
        "other": 2
      },
      "score": 0.147
    },
    "askcolgateandberrypunch.tumblr.com": {
      "out": {
        "other": 2
      },
      "score": 0.147
    },
    "chocolatepony.tumblr.com": {
      "out": {
        "other": 2
      },
      "score": 0.147
    },
    "brushieallthethings.tumblr.com": {
      "out": {
        "other": 2
      },
      "score": 0.147
    },
    "rage-against-the-spam-machines.tumblr.com": {
      "out": {
        "other": 2
      },
      "score": 0.147
    },
    "askprincessmolestia.tumblr.com": {
      "out": {
        "other": 2
      },
      "score": 0.147
    },
    "twilightunbound.tumblr.com": {
      "out": {
        "other": 2
      },
      "score": 0.147
    },
    "worthrose.tumblr.com": {
      "out": {
        "other": 2
      },
      "score": 0.147
    },
    "askdatawierd.tumblr.com": {
      "out": {
        "other": 2
      },
      "score": 0.147
    },
    "ask-marx.tumblr.com": {
      "out": {
        "other": 2
      },
      "score": 0.147
    },
    "askautumngem.tumblr.com": {
      "out": {
        "other": 2
      },
      "score": 0.147
    },
    "askmodestia.tumblr.com": {
      "out": {
        "other": 2
      },
      "score": 0.147
    },
    "askponifiedluffy.tumblr.com": {
      "out": {
        "other": 2
      },
      "score": 0.147
    },
    "asktimetravelerdinky.tumblr.com": {
      "out": {
        "other": 2
      },
      "score": 0.147
    },
    "ferbfletch.tumblr.com": {
      "out": {
        "other": 2
      },
      "score": 0.147
    },
    "miquelfire.tumblr.com": {
      "out": {
        "other": 2
      },
      "score": 0.147
    },
    "thejonwalter.tumblr.com": {
      "out": {
        "other": 2
      },
      "score": 0.147
    },
    "jack5-reblog.tumblr.com": {
      "out": {
        "other": 2
      },
      "score": 0.147
    },
    "midnightamour.tumblr.com": {
      "out": {
        "other": 2
      },
      "score": 0.147
    },
    "s7.photobucket.com": {
      "out": {
        "other": 2
      },
      "score": 0.147
    },
    "scootoaster.tumblr.com": {
      "out": {
        "other": 2
      },
      "score": 0.147
    },
    "gmodern-life.tumblr.com": {
      "out": {
        "other": 1
      },
      "score": 0.0735
    },
    "vilepants.tumblr.com": {
      "out": {
        "other": 1
      },
      "score": 0.0735
    }
  }
}