{
  "domain": "asuh.com",
  "urls": [
    "http://asuh.com/"
  ],
  "names": [
    "asuh.com – change is inevitable"
  ],
  "descriptions": [],
  "pictures": [],
  "hcard": {},
  "rel_mes": [
    "https://github.com/asuh",
    "https://twitter.com/asuh",
    "https://last.fm/user/asuh"
  ],
  "tags": [
    "relme"
  ],
  "endpoints": {},
  "crawl_start": "2017-06-11T14:32:38.017196",
  "crawl_end": "2017-06-11T14:32:38.017196",
  "links_out": 0,
  "links_in": 2493,
  "links": {
    "www.asuh.com": {
      "in": {
        "other": 2493
      },
      "score": 1
    }
  }
}