{
  "domain": "atlas.p3k.io",
  "urls": [
    "http://atlas.p3k.io/"
  ],
  "names": [
    "Atlas"
  ],
  "descriptions": [],
  "pictures": [],
  "hcard": {},
  "rel_mes": [],
  "crawl_start": "2017-06-07T17:36:28",
  "crawl_end": "2017-06-07T17:36:28",
  "num_pages": 1,
  "total_html_size": 2625,
  "servers": [
    "nginx"
  ],
  "tags": [
    "tool",
    "webmention.io"
  ],
  "endpoints": {},
  "links_out": 3,
  "links_in": 61,
  "links": {
    "wirres.net": {
      "in": {
        "other": 38
      },
      "score": 1
    },
    "indieweb.org": {
      "in": {
        "other": 11
      },
      "score": 0.659
    },
    "chat.indieweb.org": {
      "in": {
        "other": 7
      },
      "score": 0.536
    },
    "github.com": {
      "out": {
        "other": 2
      },
      "score": 0.382
    },
    "telegraph.p3k.io": {
      "in": {
        "other": 3
      },
      "score": 0.302
    },
    "aaronparecki.com": {
      "in": {
        "other": 2
      },
      "score": 0.190
    },
    "erikflowers.github.io": {
      "out": {
        "other": 1
      },
      "score": 0.190
    }
  }
}