{
  "domain": "atomickiva.net",
  "urls": [
    "http://atomickiva.net/profile/geoff",
    "https://twitter.com/technoclave",
    "https://howitzer-of-moderation.tumblr.com",
    "https://www.facebook.com/geoffrey.nicholson.9/",
    "https://instagram.com/atomickiva"
  ],
  "names": [
    "Geoff Nicholson",
    "atomickiva.net"
  ],
  "descriptions": [
    "Bricoleur & Anachronist",
    "atomickiva"
  ],
  "pictures": [
    "http://atomickiva.net/file/a8ec97fd1ab0afa3b8e05579e1034549/thumb.jpg"
  ],
  "hcard": {
    "properties": {
      "name": [
        "Geoff Nicholson"
      ],
      "note": [
        {
          "html": "<div class=\"highlightedText\">\n<p>Bricoleur &amp; Anachronist</p>\n</div> ",
          "value": "\nBricoleur & Anachronist\n "
        }
      ],
      "photo": [
        "http://atomickiva.net/file/a8ec97fd1ab0afa3b8e05579e1034549/thumb.jpg"
      ],
      "profile": [
        "Geoff Nicholson"
      ],
      "url": [
        "http://atomickiva.net/profile/geoff",
        "http://atomickiva.net/profile/geoff",
        "https://twitter.com/technoclave",
        "https://howitzer-of-moderation.tumblr.com",
        "https://www.facebook.com/geoffrey.nicholson.9/",
        "https://instagram.com/atomickiva"
      ]
    },
    "type": [
      "h-card"
    ]
  },
  "rel_mes": [
    "https://twitter.com/technoclave",
    "https://howitzer-of-moderation.tumblr.com",
    "https://www.facebook.com/geoffrey.nicholson.9/",
    "https://instagram.com/atomickiva"
  ],
  "crawl_start": "2017-04-27T07:52:34",
  "crawl_end": "2017-04-27T07:56:05",
  "num_pages": 148,
  "total_html_size": 3228403,
  "servers": [
    "Apache (CentOS) OpenSSLe-fips mod_vhost_ldap",
    "Known"
  ],
  "mf2_classes": [
    "h-event",
    "h-entry",
    "h-card",
    "h-cite"
  ],
  "tags": [
    "relme",
    "bridgy",
    "webmention",
    "micropub",
    "authorization",
    "token",
    "websub",
    "Known"
  ],
  "endpoints": {
    "webmention": [
      "http://atomickiva.net/webmention/"
    ],
    "micropub": [
      "http://atomickiva.net/micropub/endpoint"
    ],
    "authorization": [
      "https://indieauth.com/auth"
    ],
    "token": [
      "http://atomickiva.net/indieauth/token"
    ],
    "websub": [
      "http://withknown.superfeedr.com/"
    ]
  },
  "links_out": 792,
  "links_in": 20,
  "links": {
    "withknown.com": {
      "out": {
        "other": 148
      },
      "score": 1
    },
    "twitter.com/technoclave": {
      "out": {
        "other": 89,
        "in-reply-to": 8
      },
      "score": 0.975
    },
    "facebook.com/events": {
      "out": {
        "in-reply-to": 18
      },
      "score": 0.912
    },
    "facebook.com/geoffrey.nicholson.9": {
      "out": {
        "other": 77
      },
      "score": 0.886
    },
    "howitzer-of-moderation.tumblr.com": {
      "out": {
        "other": 77
      },
      "score": 0.886
    },
    "instagram.com": {
      "out": {
        "other": 77
      },
      "score": 0.886
    },
    "facebook.com/10204951468246430": {
      "out": {
        "other": 74
      },
      "score": 0.879
    },
    "twitter.com/sergeantdutch": {
      "out": {
        "in-reply-to": 8,
        "other": 8
      },
      "score": 0.801
    },
    "www.instagram.com": {
      "out": {
        "in-reply-to": 8
      },
      "score": 0.770
    },
    "sirensdeck.com": {
      "out": {
        "in-reply-to": 6
      },
      "score": 0.719
    },
    "www.brid.gy": {
      "out": {
        "other": 24
      },
      "score": 0.680
    },
    "www.brookings.edu": {
      "out": {
        "other": 22
      },
      "score": 0.664
    },
    "petitions.whitehouse.gov": {
      "out": {
        "other": 11,
        "in-reply-to": 1
      },
      "score": 0.610
    },
    "genius.com": {
      "out": {
        "other": 11,
        "in-reply-to": 1
      },
      "score": 0.610
    },
    "www.theregister.co.uk": {
      "out": {
        "other": 13
      },
      "score": 0.573
    },
    "partiallyclips.com": {
      "out": {
        "other": 12
      },
      "score": 0.559
    },
    "indiewebcamp.com": {
      "out": {
        "other": 9
      },
      "score": 0.508
    },
    "facebook.com/10207167790978361": {
      "out": {
        "other": 8
      },
      "score": 0.487
    },
    "facebook.com/985090208179239": {
      "out": {
        "other": 6
      },
      "score": 0.436
    },
    "facebook.com/10207526611865786": {
      "out": {
        "other": 6
      },
      "score": 0.436
    },
    "brid.gy": {
      "in": {
        "other": 12
      },
      "score": 0.436
    },
    "saintsal.com": {
      "out": {
        "other": 6
      },
      "score": 0.436
    },
    "vimeo.com": {
      "out": {
        "other": 5
      },
      "score": 0.404
    },
    "facebook.com/10154524065158539": {
      "out": {
        "other": 4
      },
      "score": 0.366
    },
    "facebook.com/914815440900": {
      "out": {
        "other": 4
      },
      "score": 0.366
    },
    "twitter.com/lonewolftek": {
      "out": {
        "other": 4
      },
      "score": 0.366
    },
    "www.earthmagazine.org": {
      "out": {
        "other": 4
      },
      "score": 0.366
    },
    "indieweb.org": {
      "in": {
        "other": 6
      },
      "score": 0.315
    },
    "facebook.com/10153528485322365": {
      "out": {
        "other": 2
      },
      "score": 0.244
    },
    "facebook.com/10153523164619500": {
      "out": {
        "other": 2
      },
      "score": 0.244
    },
    "facebook.com/10153675024411264": {
      "out": {
        "other": 2
      },
      "score": 0.244
    },
    "facebook.com/10206376733690836": {
      "out": {
        "other": 2
      },
      "score": 0.244
    },
    "facebook.com/10207840323144846": {
      "out": {
        "other": 2
      },
      "score": 0.244
    },
    "facebook.com/10100372799036487": {
      "out": {
        "other": 2
      },
      "score": 0.244
    },
    "facebook.com/10207452811668467": {
      "out": {
        "other": 2
      },
      "score": 0.244
    },
    "facebook.com/10204942185256905": {
      "out": {
        "other": 2
      },
      "score": 0.244
    },
    "facebook.com/10200944381087414": {
      "out": {
        "other": 2
      },
      "score": 0.244
    },
    "facebook.com/859679025976": {
      "out": {
        "other": 2
      },
      "score": 0.244
    },
    "facebook.com/614327980741": {
      "out": {
        "other": 2
      },
      "score": 0.244
    },
    "facebook.com/10206472413382800": {
      "out": {
        "other": 2
      },
      "score": 0.244
    },
    "facebook.com/10207238776546106": {
      "out": {
        "other": 2
      },
      "score": 0.244
    },
    "twitter.com/WMDuran": {
      "out": {
        "other": 2
      },
      "score": 0.244
    },
    "facebook.com/10207781994897818": {
      "out": {
        "other": 2
      },
      "score": 0.244
    },
    "facebook.com/10208403795153768": {
      "out": {
        "other": 2
      },
      "score": 0.244
    },
    "facebook.com/10153537729513744": {
      "out": {
        "other": 2
      },
      "score": 0.244
    },
    "facebook.com/614327940821": {
      "out": {
        "other": 2
      },
      "score": 0.244
    },
    "facebook.com/10100190980825421": {
      "out": {
        "other": 2
      },
      "score": 0.244
    },
    "twitter.com/BethanyRDuber": {
      "out": {
        "other": 2
      },
      "score": 0.244
    },
    "facebook.com/10153106195413424": {
      "out": {
        "other": 2
      },
      "score": 0.244
    },
    "chat.indieweb.org": {
      "in": {
        "other": 2
      },
      "score": 0.122
    },
    "youtu.be": {
      "out": {
        "other": 1
      },
      "score": 0.122
    }
  }
}