{
  "domain": "atomicules.co.uk",
  "urls": [
    "http://atomicules.co.uk/"
  ],
  "names": [
    "atomicules",
    "atomicules - Home"
  ],
  "descriptions": [],
  "pictures": [
    "http://atomicules.co.uk/images/favicon.png"
  ],
  "hcard": {
    "properties": {
      "name": [
        "atomicules"
      ],
      "photo": [
        "http://atomicules.co.uk/images/favicon.png"
      ],
      "url": [
        "http://atomicules.co.uk/"
      ]
    },
    "type": [
      "h-card"
    ]
  },
  "rel_mes": [
    "http://stackoverflow.com/users/208793/atomicules",
    "https://github.com/atomicules",
    "http://pinboard.in/u:atomicules",
    "https://twitter.com/atomicules",
    "http://alpha.libre.fm/user/atomicules",
    "http://www.last.fm/user/i5m",
    "https://www.flickr.com/people/i-5-m/",
    "http://vimeo.com/atomicules",
    "http://atomicules.co.uk/"
  ],
  "crawl_start": "2017-04-23T22:42:52",
  "crawl_end": "2017-04-23T23:23:12",
  "num_pages": 975,
  "total_html_size": 15144818,
  "servers": [
    "bozohttpd"
  ],
  "mf2_classes": [
    "h-entry",
    "h-card",
    "h-cite"
  ],
  "tags": [
    "relme",
    "IRC",
    "webmention"
  ],
  "endpoints": {
    "webmention": [
      "https://webmention.herokuapp.com/api/webmention"
    ]
  },
  "links_out": 6100,
  "links_in": 254,
  "links": {
    "creativecommons.org": {
      "out": {
        "other": 887
      },
      "score": 1
    },
    "linode.com": {
      "out": {
        "other": 881
      },
      "score": 0.999
    },
    "netbsd.org": {
      "out": {
        "other": 879
      },
      "score": 0.999
    },
    "jekyllrb.com": {
      "out": {
        "other": 879
      },
      "score": 0.999
    },
    "twitter.com/intent": {
      "out": {
        "other": 465
      },
      "score": 0.914
    },
    "www.flickr.com": {
      "out": {
        "repost-of": 14,
        "other": 181
      },
      "score": 0.816
    },
    "github.com": {
      "out": {
        "other": 202
      },
      "score": 0.802
    },
    "indieweb.org": {
      "in": {
        "other": 181
      },
      "score": 0.695
    },
    "en.wikipedia.org": {
      "out": {
        "other": 45
      },
      "score": 0.602
    },
    "dhotson.tumblr.com": {
      "out": {
        "repost-of": 10,
        "other": 9
      },
      "score": 0.583
    },
    "chat.indieweb.org": {
      "in": {
        "other": 70
      },
      "score": 0.568
    },
    "gist.github.com": {
      "out": {
        "other": 30
      },
      "score": 0.547
    },
    "indiewebcamp.com": {
      "out": {
        "other": 28
      },
      "score": 0.539
    },
    "www.vim.org": {
      "out": {
        "other": 28
      },
      "score": 0.539
    },
    "www.thelineofbestfit.com": {
      "out": {
        "other": 24
      },
      "score": 0.517
    },
    "twitter.com": {
      "out": {
        "other": 23
      },
      "score": 0.512
    },
    "www.bbc.co.uk": {
      "out": {
        "other": 23
      },
      "score": 0.512
    },
    "pinboard.in": {
      "out": {
        "other": 20
      },
      "score": 0.493
    },
    "kisskitty.tumblr.com": {
      "out": {
        "other": 6,
        "repost-of": 4
      },
      "score": 0.479
    },
    "stackoverflow.com": {
      "out": {
        "other": 17
      },
      "score": 0.472
    },
    "www.last.fm": {
      "out": {
        "other": 17
      },
      "score": 0.472
    },
    "flickr.com": {
      "out": {
        "other": 9,
        "repost-of": 2
      },
      "score": 0.455
    },
    "twitter.com/atomicules": {
      "out": {
        "other": 15
      },
      "score": 0.455
    },
    "www23.wolframalpha.com": {
      "out": {
        "other": 14
      },
      "score": 0.445
    },
    "hackage.haskell.org": {
      "out": {
        "other": 14
      },
      "score": 0.445
    },
    "deangray.co.uk": {
      "out": {
        "repost-of": 3,
        "other": 3
      },
      "score": 0.425
    },
    "wiki.github.com": {
      "out": {
        "other": 12
      },
      "score": 0.425
    },
    "mail-index.netbsd.org": {
      "out": {
        "other": 11
      },
      "score": 0.413
    },
    "www.apple.com": {
      "out": {
        "other": 11
      },
      "score": 0.413
    },
    "code.google.com": {
      "out": {
        "other": 10
      },
      "score": 0.401
    },
    "www.floodgap.com": {
      "out": {
        "other": 10
      },
      "score": 0.401
    },
    "sourceforge.net": {
      "out": {
        "other": 9
      },
      "score": 0.386
    },
    "us.imdb.com": {
      "out": {
        "other": 9
      },
      "score": 0.386
    },
    "vimeo.com": {
      "out": {
        "other": 6,
        "repost-of": 1
      },
      "score": 0.386
    },
    "www.netbsd.org": {
      "out": {
        "other": 9
      },
      "score": 0.386
    },
    "kiza.eu": {
      "out": {
        "other": 9
      },
      "score": 0.386
    },
    "blog.flickr.net": {
      "out": {
        "other": 9
      },
      "score": 0.386
    },
    "www.mixcloud.com": {
      "out": {
        "other": 8
      },
      "score": 0.370
    },
    "hickensian.com": {
      "out": {
        "repost-of": 2,
        "other": 2
      },
      "score": 0.370
    },
    "groups.google.com": {
      "out": {
        "other": 8
      },
      "score": 0.370
    },
    "rstat.us": {
      "out": {
        "other": 8
      },
      "score": 0.370
    },
    "wellplacedpixels.com": {
      "out": {
        "other": 2,
        "repost-of": 2
      },
      "score": 0.370
    },
    "simp.ly": {
      "out": {
        "other": 8
      },
      "score": 0.370
    },
    "www.guardian.co.uk": {
      "out": {
        "other": 7
      },
      "score": 0.353
    },
    "shoes.heroku.com": {
      "out": {
        "other": 7
      },
      "score": 0.353
    },
    "www.theguardian.com": {
      "out": {
        "in-reply-to": 1,
        "other": 2
      },
      "score": 0.353
    },
    "www.slax.org": {
      "out": {
        "other": 7
      },
      "score": 0.353
    },
    "pkgsrc.se": {
      "out": {
        "other": 6
      },
      "score": 0.332
    },
    "www.sjscycles.co.uk": {
      "out": {
        "other": 6
      },
      "score": 0.332
    },
    "soundcloud.com": {
      "out": {
        "other": 6
      },
      "score": 0.332
    },
    "reprog.wordpress.com": {
      "out": {
        "other": 6
      },
      "score": 0.332
    },
    "librelist.com": {
      "out": {
        "other": 6
      },
      "score": 0.332
    },
    "www.youtube.com": {
      "out": {
        "other": 6
      },
      "score": 0.332
    },
    "www.barebones.com": {
      "out": {
        "other": 6
      },
      "score": 0.332
    },
    "www.shmoop.com": {
      "out": {
        "other": 6
      },
      "score": 0.332
    },
    "www.lfgss.com": {
      "out": {
        "other": 5
      },
      "score": 0.307
    },
    "www.goodmath.org": {
      "out": {
        "in-reply-to": 1
      },
      "score": 0.307
    },
    "blog.hackety-hack.com": {
      "out": {
        "repost-of": 1,
        "other": 2
      },
      "score": 0.307
    },
    "m.pinboard.in": {
      "out": {
        "other": 5
      },
      "score": 0.307
    },
    "discussions.apple.com": {
      "out": {
        "other": 5
      },
      "score": 0.307
    },
    "rubygems.org": {
      "out": {
        "other": 5
      },
      "score": 0.307
    },
    "article.gmane.org": {
      "out": {
        "other": 5
      },
      "score": 0.307
    },
    "feedafever.com": {
      "out": {
        "other": 5
      },
      "score": 0.307
    },
    "addons.mozilla.org": {
      "out": {
        "other": 5
      },
      "score": 0.307
    },
    "www.amazon.co.uk": {
      "out": {
        "other": 5
      },
      "score": 0.307
    },
    "www.schwalbe.co.uk": {
      "out": {
        "other": 5
      },
      "score": 0.307
    },
    "www.myspace.com": {
      "out": {
        "other": 5
      },
      "score": 0.307
    },
    "www.google.com": {
      "out": {
        "other": 5
      },
      "score": 0.307
    },
    "www.bumm.de": {
      "out": {
        "other": 5
      },
      "score": 0.307
    },
    "www.phoenixframework.org": {
      "out": {
        "other": 4
      },
      "score": 0.278
    },
    "daringfireball.net": {
      "out": {
        "other": 4
      },
      "score": 0.278
    },
    "whistory": {
      "out": {
        "other": 4
      },
      "score": 0.278
    },
    "www.the-paceline.com": {
      "out": {
        "repost-of": 1,
        "other": 1
      },
      "score": 0.278
    },
    "www.boneshakermag.com": {
      "out": {
        "other": 4
      },
      "score": 0.278
    },
    "git.notmuchmail.org": {
      "out": {
        "other": 4
      },
      "score": 0.278
    },
    "www.ledger-cli.org": {
      "out": {
        "other": 4
      },
      "score": 0.278
    },
    "www.wolframalpha.com": {
      "out": {
        "other": 4
      },
      "score": 0.278
    },
    "superuser.com": {
      "out": {
        "other": 4
      },
      "score": 0.278
    },
    "www.gesteves.com": {
      "out": {
        "repost-of": 1,
        "other": 1
      },
      "score": 0.278
    },
    "markmywords.tumblr.com": {
      "out": {
        "repost-of": 1,
        "other": 1
      },
      "score": 0.278
    },
    "blog.gesteves.com": {
      "out": {
        "other": 1,
        "repost-of": 1
      },
      "score": 0.278
    },
    "jimray.tumblr.com": {
      "out": {
        "other": 1,
        "repost-of": 1
      },
      "score": 0.278
    },
    "wiki": {
      "out": {
        "other": 4
      },
      "score": 0.278
    },
    "tumblr.zacharyscott.net": {
      "out": {
        "other": 1,
        "repost-of": 1
      },
      "score": 0.278
    },
    "www.genesisbikes.co.uk": {
      "out": {
        "other": 4
      },
      "score": 0.278
    },
    "webkit.org": {
      "out": {
        "other": 4
      },
      "score": 0.278
    },
    "bug.tasktools.org": {
      "out": {
        "other": 4
      },
      "score": 0.278
    },
    "www.schwalbe.com": {
      "out": {
        "other": 4
      },
      "score": 0.278
    },
    "www.marco.org": {
      "out": {
        "other": 1,
        "repost-of": 1
      },
      "score": 0.278
    },
    "nanoblogger.sourceforge.net": {
      "out": {
        "other": 4
      },
      "score": 0.278
    },
    "netbsd.gw.com": {
      "out": {
        "other": 4
      },
      "score": 0.278
    },
    "www.pocketsmith.com": {
      "out": {
        "other": 4
      },
      "score": 0.278
    },
    "artifact": {
      "out": {
        "other": 4
      },
      "score": 0.278
    },
    "shoooes.net": {
      "out": {
        "other": 4
      },
      "score": 0.278
    },
    "web.mac.com": {
      "out": {
        "other": 4
      },
      "score": 0.278
    },
    "whyday.tumblr.com": {
      "out": {
        "repost-of": 1,
        "other": 1
      },
      "score": 0.278
    },
    "notmuchmail.org": {
      "out": {
        "other": 4
      },
      "score": 0.278
    },
    "www.post-gazette.com": {
      "out": {
        "repost-of": 1,
        "other": 1
      },
      "score": 0.278
    },
    "dwm.suckless.org": {
      "out": {
        "other": 4
      },
      "score": 0.278
    },
    "userscripts.org": {
      "out": {
        "other": 4
      },
      "score": 0.278
    },
    "www.blogger.com": {
      "out": {
        "other": 4
      },
      "score": 0.278
    },
    "developer.mozilla.org": {
      "out": {
        "other": 3
      },
      "score": 0.239
    },
    "rubyforge.org": {
      "out": {
        "other": 3
      },
      "score": 0.239
    },
    "www.planetx.co.uk": {
      "out": {
        "other": 3
      },
      "score": 0.239
    },
    "webmention.herokuapp.com": {
      "in": {
        "other": 2
      },
      "out": {
        "other": 2
      },
      "score": 0.239
    },
    "perldoc.perl.org": {
      "out": {
        "other": 3
      },
      "score": 0.239
    },
    "tantek.com": {
      "out": {
        "other": 2
      },
      "in": {
        "like-of": 1
      },
      "score": 0.239
    },
    "www.mac.com": {
      "out": {
        "other": 3
      },
      "score": 0.239
    },
    "trac.macports.org": {
      "out": {
        "other": 3
      },
      "score": 0.239
    },
    "www.gnu.org": {
      "out": {
        "other": 3
      },
      "score": 0.239
    },
    "www.halfords.com": {
      "out": {
        "other": 3
      },
      "score": 0.239
    },
    "caminobrowser.org": {
      "out": {
        "other": 3
      },
      "score": 0.239
    },
    "tools.suckless.org": {
      "out": {
        "other": 3
      },
      "score": 0.239
    },
    "1.bp.blogspot.com": {
      "out": {
        "repost-of": 1
      },
      "score": 0.239
    },
    "green.shoesrb.com": {
      "out": {
        "other": 3
      },
      "score": 0.239
    },
    "www.bike24.com": {
      "out": {
        "other": 3
      },
      "score": 0.239
    },
    "www.mirbsd.org": {
      "out": {
        "other": 3
      },
      "score": 0.239
    },
    "bugs.foocorp.net": {
      "out": {
        "other": 3
      },
      "score": 0.239
    },
    "suckless.org": {
      "out": {
        "other": 3
      },
      "score": 0.239
    },
    "www.appletalker.net": {
      "out": {
        "other": 3
      },
      "score": 0.239
    },
    "www.xfm.co.uk": {
      "out": {
        "other": 3
      },
      "score": 0.239
    },
    "gopher.atomicules.co.uk": {
      "out": {
        "other": 3
      },
      "score": 0.239
    },
    "tensionsevolve.files.wordpress.com": {
      "out": {
        "repost-of": 1
      },
      "score": 0.239
    },
    "thread.gmane.org": {
      "out": {
        "other": 3
      },
      "score": 0.239
    },
    "htmlunit.sourceforge.net": {
      "out": {
        "other": 3
      },
      "score": 0.239
    },
    "vim.wikia.com": {
      "out": {
        "other": 3
      },
      "score": 0.239
    },
    "www.gsmarena.com": {
      "out": {
        "other": 3
      },
      "score": 0.239
    },
    "www.infiniteulysses.com": {
      "out": {
        "other": 3
      },
      "score": 0.239
    },
    "microformats.org": {
      "out": {
        "other": 3
      },
      "score": 0.239
    },
    "tagtimeline": {
      "out": {
        "other": 3
      },
      "score": 0.239
    },
    "web.archive.org": {
      "out": {
        "other": 3
      },
      "score": 0.239
    },
    "www.mutt.org": {
      "out": {
        "other": 3
      },
      "score": 0.239
    },
    "yayeveryday.com": {
      "out": {
        "repost-of": 1
      },
      "score": 0.239
    },
    "www.wesabe.com": {
      "out": {
        "other": 3
      },
      "score": 0.239
    },
    "www.biostat.jhsph.edu": {
      "out": {
        "other": 3
      },
      "score": 0.239
    },
    "www.blazewear.com": {
      "out": {
        "other": 3
      },
      "score": 0.239
    },
    "www.wiggle.co.uk": {
      "out": {
        "other": 3
      },
      "score": 0.239
    },
    "enable-cors.org": {
      "out": {
        "other": 3
      },
      "score": 0.239
    },
    "indiewebify.me": {
      "out": {
        "other": 3
      },
      "score": 0.239
    },
    "i-5-m.net": {
      "out": {
        "other": 3
      },
      "score": 0.239
    },
    "www.sheldonbrown.com": {
      "out": {
        "other": 3
      },
      "score": 0.239
    },
    "www.sealskinz.com": {
      "out": {
        "other": 3
      },
      "score": 0.239
    },
    "www.caminobrowser.org": {
      "out": {
        "other": 3
      },
      "score": 0.239
    },
    "stats.stackexchange.com": {
      "out": {
        "other": 3
      },
      "score": 0.239
    },
    "www.kevinalbrecht.com": {
      "out": {
        "other": 3
      },
      "score": 0.239
    },
    "tktnew": {
      "out": {
        "other": 3
      },
      "score": 0.239
    },
    "vim.sourceforge.net": {
      "out": {
        "other": 3
      },
      "score": 0.239
    },
    "alpha.libre.fm": {
      "out": {
        "other": 3
      },
      "score": 0.239
    },
    "bitbucket.org": {
      "out": {
        "other": 3
      },
      "score": 0.239
    },
    "www.velorution.biz": {
      "out": {
        "repost-of": 1
      },
      "score": 0.239
    },
    "developer.apple.com": {
      "out": {
        "other": 3
      },
      "score": 0.239
    },
    "www.roaringpenguin.com": {
      "out": {
        "other": 3
      },
      "score": 0.239
    },
    "forums.macnn.com": {
      "out": {
        "other": 3
      },
      "score": 0.239
    },
    "abook.sourceforge.net": {
      "out": {
        "other": 3
      },
      "score": 0.239
    },
    "simplenoteapp.com": {
      "out": {
        "other": 3
      },
      "score": 0.239
    },
    "st.suckless.org": {
      "out": {
        "other": 3
      },
      "score": 0.239
    },
    "nanoblogger.sf.net": {
      "out": {
        "other": 3
      },
      "score": 0.239
    },
    "www.w3.org": {
      "out": {
        "other": 3
      },
      "score": 0.239
    },
    "convore.com": {
      "out": {
        "other": 3
      },
      "score": 0.239
    },
    "code.flickr.com": {
      "out": {
        "other": 2
      },
      "score": 0.186
    },
    "prgmr.com": {
      "out": {
        "other": 2
      },
      "score": 0.186
    },
    "drawingablank.me": {
      "out": {
        "other": 2
      },
      "score": 0.186
    },
    "www.feyrer.de": {
      "out": {
        "other": 2
      },
      "score": 0.186
    },
    "www.independent.co.uk": {
      "out": {
        "other": 2
      },
      "score": 0.186
    },
    "www.webpagetest.org": {
      "out": {
        "other": 2
      },
      "score": 0.186
    },
    "docs.python.org": {
      "out": {
        "other": 2
      },
      "score": 0.186
    },
    "schwalbe.com": {
      "out": {
        "other": 2
      },
      "score": 0.186
    },
    "ss64.com": {
      "out": {
        "other": 2
      },
      "score": 0.186
    },
    "hacks.mozilla.org": {
      "out": {
        "other": 2
      },
      "score": 0.186
    },
    "www.nme.com": {
      "out": {
        "other": 2
      },
      "score": 0.186
    },
    "www.spotify.com": {
      "out": {
        "other": 2
      },
      "score": 0.186
    },
    "teuxdeux.com": {
      "out": {
        "other": 2
      },
      "score": 0.186
    },
    "www.adox.de": {
      "out": {
        "other": 2
      },
      "score": 0.186
    },
    "www.mozilla.org": {
      "out": {
        "other": 2
      },
      "score": 0.186
    },
    "community.mcafee.com": {
      "out": {
        "other": 2
      },
      "score": 0.186
    },
    "crantastic.org": {
      "out": {
        "other": 2
      },
      "score": 0.186
    },
    "diveintohtml5.org": {
      "out": {
        "other": 2
      },
      "score": 0.186
    },
    "unwiredcouch.com": {
      "out": {
        "other": 2
      },
      "score": 0.186
    },
    "www.tutorialspoint.com": {
      "out": {
        "other": 2
      },
      "score": 0.186
    },
    "www.web-development.co.uk": {
      "out": {
        "other": 2
      },
      "score": 0.186
    },
    "www.appletalker.com": {
      "out": {
        "other": 2
      },
      "score": 0.186
    },
    "www.dwaynesphoto.com": {
      "out": {
        "other": 2
      },
      "score": 0.186
    },
    "www.geetasks.com": {
      "out": {
        "other": 2
      },
      "score": 0.186
    },
    "hacketyhack.net": {
      "out": {
        "other": 2
      },
      "score": 0.186
    },
    "pypi.python.org": {
      "out": {
        "other": 2
      },
      "score": 0.186
    },
    "road.cc": {
      "out": {
        "other": 2
      },
      "score": 0.186
    },
    "snarfed.org": {
      "out": {
        "other": 2
      },
      "score": 0.186
    },
    "chimera.mozdev.org": {
      "out": {
        "other": 2
      },
      "score": 0.186
    },
    "s79.photobucket.com": {
      "out": {
        "other": 2
      },
      "score": 0.186
    },
    "watir.com": {
      "out": {
        "other": 2
      },
      "score": 0.186
    },
    "jacquesmattheij.com": {
      "out": {
        "other": 2
      },
      "score": 0.186
    },
    "manybooks.net": {
      "out": {
        "other": 2
      },
      "score": 0.186
    },
    "www.haloscan.com": {
      "out": {
        "other": 2
      },
      "score": 0.186
    },
    "www.ideasasylum.com": {
      "out": {
        "other": 2
      },
      "score": 0.186
    },
    "xsldbg.sourceforge.net": {
      "out": {
        "other": 2
      },
      "score": 0.186
    },
    "pin13.net": {
      "out": {
        "other": 2
      },
      "score": 0.186
    },
    "repo.or.cz": {
      "out": {
        "other": 2
      },
      "score": 0.186
    },
    "www.sitepoint.com": {
      "out": {
        "other": 2
      },
      "score": 0.186
    },
    "www.thegeekstuff.com": {
      "out": {
        "other": 2
      },
      "score": 0.186
    },
    "slax.org": {
      "out": {
        "other": 2
      },
      "score": 0.186
    },
    "www.learnyouahaskell.com": {
      "out": {
        "other": 2
      },
      "score": 0.186
    },
    "blog.pinboard.in": {
      "out": {
        "other": 2
      },
      "score": 0.186
    },
    "sup.rubyforge.org": {
      "out": {
        "other": 2
      },
      "score": 0.186
    },
    "www.camerapedia.org": {
      "out": {
        "other": 2
      },
      "score": 0.186
    },
    "www.haskell.org": {
      "out": {
        "other": 2
      },
      "score": 0.186
    },
    "taskwarrior.org": {
      "out": {
        "other": 2
      },
      "score": 0.186
    },
    "twitter.com/ashbb": {
      "out": {
        "other": 2
      },
      "score": 0.186
    },
    "www.infoq.com": {
      "out": {
        "other": 2
      },
      "score": 0.186
    },
    "bugs.webkit.org": {
      "out": {
        "other": 2
      },
      "score": 0.186
    },
    "letour.yorkshire.com": {
      "out": {
        "other": 2
      },
      "score": 0.186
    },
    "projects.haskell.org": {
      "out": {
        "other": 2
      },
      "score": 0.186
    },
    "www.metoffice.gov.uk": {
      "out": {
        "other": 2
      },
      "score": 0.186
    },
    "boardmanbikes.com": {
      "out": {
        "other": 2
      },
      "score": 0.186
    },
    "bret.io": {
      "out": {
        "other": 2
      },
      "score": 0.186
    },
    "forums.ipodlounge.com": {
      "out": {
        "other": 2
      },
      "score": 0.186
    },
    "ashbb.github.com": {
      "out": {
        "other": 2
      },
      "score": 0.186
    },
    "ruby-doc.org": {
      "out": {
        "other": 2
      },
      "score": 0.186
    },
    "upsilon.cc": {
      "out": {
        "other": 2
      },
      "score": 0.186
    },
    "www.boardmanbikes.com": {
      "out": {
        "other": 2
      },
      "score": 0.186
    },
    "www.reddit.com": {
      "out": {
        "other": 2
      },
      "score": 0.186
    },
    "book.realworldhaskell.org": {
      "out": {
        "other": 2
      },
      "score": 0.186
    },
    "www.alistapart.com": {
      "out": {
        "other": 2
      },
      "score": 0.186
    },
    "news.bbc.co.uk": {
      "out": {
        "other": 2
      },
      "score": 0.186
    },
    "sheldonbrown.com": {
      "out": {
        "other": 2
      },
      "score": 0.186
    },
    "www.maximporges.com": {
      "out": {
        "other": 2
      },
      "score": 0.186
    },
    "www.stat.ucla.edu": {
      "out": {
        "other": 2
      },
      "score": 0.186
    },
    "duckduckgo.com": {
      "out": {
        "other": 2
      },
      "score": 0.186
    },
    "helvetireader.com": {
      "out": {
        "other": 2
      },
      "score": 0.186
    },
    "money.strands.com": {
      "out": {
        "other": 2
      },
      "score": 0.186
    },
    "roo.rubyforge.org": {
      "out": {
        "other": 2
      },
      "score": 0.186
    },
    "www.tarsnap.com": {
      "out": {
        "other": 2
      },
      "score": 0.186
    },
    "developer.yahoo.com": {
      "out": {
        "other": 2
      },
      "score": 0.186
    },
    "elinks.or.cz": {
      "out": {
        "other": 2
      },
      "score": 0.186
    },
    "libxml.rubyforge.org": {
      "out": {
        "other": 2
      },
      "score": 0.186
    },
    "whytheluckystiff.net": {
      "out": {
        "other": 2
      },
      "score": 0.186
    },
    "www.coolrunning.com": {
      "out": {
        "other": 2
      },
      "score": 0.186
    },
    "www.statistik.lmu.de": {
      "out": {
        "other": 2
      },
      "score": 0.186
    },
    "cran.r-project.org": {
      "out": {
        "other": 2
      },
      "score": 0.186
    },
    "discussion.autodesk.com": {
      "out": {
        "other": 2
      },
      "score": 0.186
    },
    "homepage.mac.com": {
      "out": {
        "other": 2
      },
      "score": 0.186
    },
    "wiki.netbsd.org": {
      "out": {
        "other": 2
      },
      "score": 0.186
    },
    "chrome.google.com": {
      "out": {
        "other": 2
      },
      "score": 0.186
    },
    "docs.gradle.org": {
      "out": {
        "other": 2
      },
      "score": 0.186
    },
    "ragemagazine.co.uk": {
      "out": {
        "other": 2
      },
      "score": 0.186
    },
    "taglist": {
      "out": {
        "other": 2
      },
      "score": 0.186
    },
    "twitter.com/bengoldacre": {
      "out": {
        "other": 2
      },
      "score": 0.186
    },
    "www.decimus.net": {
      "out": {
        "other": 2
      },
      "score": 0.186
    },
    "bugs.ledger-cli.org": {
      "out": {
        "other": 2
      },
      "score": 0.186
    },
    "mowglii.com": {
      "out": {
        "other": 2
      },
      "score": 0.186
    },
    "offlineimap.org": {
      "out": {
        "other": 2
      },
      "score": 0.186
    },
    "paperbagrecords.com": {
      "out": {
        "other": 2
      },
      "score": 0.186
    },
    "datatable.r-forge.r-project.org": {
      "out": {
        "other": 2
      },
      "score": 0.186
    },
    "thenorthrace.co.uk": {
      "out": {
        "other": 2
      },
      "score": 0.186
    },
    "www.archlinux.org": {
      "out": {
        "other": 2
      },
      "score": 0.186
    },
    "www.ruby-lang.org": {
      "out": {
        "other": 2
      },
      "score": 0.186
    },
    "diveintomark.org": {
      "out": {
        "other": 2
      },
      "score": 0.186
    },
    "www.oreillynet.com": {
      "out": {
        "other": 2
      },
      "score": 0.186
    },
    "newsbeuter.org": {
      "out": {
        "other": 2
      },
      "score": 0.186
    },
    "%7B%20%post_url%202015-07-10-Wolf-Alice%20%%7D": {
      "out": {
        "other": 2
      },
      "score": 0.186
    },
    "www.google.co.uk": {
      "out": {
        "other": 2
      },
      "score": 0.186
    },
    "www.ibreakhorses.se": {
      "out": {
        "other": 2
      },
      "score": 0.186
    },
    "www.lovemoney.com": {
      "out": {
        "other": 2
      },
      "score": 0.186
    },
    "www.macosxhints.com": {
      "out": {
        "other": 2
      },
      "score": 0.186
    },
    "hacketyhack.heroku.com": {
      "out": {
        "other": 2
      },
      "score": 0.186
    },
    "aur.archlinux.org": {
      "out": {
        "other": 2
      },
      "score": 0.186
    },
    "bbc.in": {
      "out": {
        "other": 2
      },
      "score": 0.186
    },
    "erlangcentral.org": {
      "out": {
        "other": 2
      },
      "score": 0.186
    },
    "waronthemotorist.wordpress.com": {
      "out": {
        "other": 2
      },
      "score": 0.186
    },
    "www.theregister.co.uk": {
      "out": {
        "other": 2
      },
      "score": 0.186
    },
    "pwman.sourceforge.net": {
      "out": {
        "other": 2
      },
      "score": 0.186
    },
    "www.fenixtorch.co.uk": {
      "out": {
        "other": 2
      },
      "score": 0.186
    },
    "learnyousomeerlang.com": {
      "out": {
        "other": 2
      },
      "score": 0.186
    },
    "rubyinstaller.org": {
      "out": {
        "other": 2
      },
      "score": 0.186
    },
    "stat.ethz.ch": {
      "out": {
        "other": 2
      },
      "score": 0.186
    },
    "www.hopegb.com": {
      "out": {
        "other": 2
      },
      "score": 0.186
    },
    "aaisp.net": {
      "out": {
        "other": 2
      },
      "score": 0.186
    },
    "dhotson.github.com": {
      "out": {
        "other": 2
      },
      "score": 0.186
    },
    "subversion.tigris.org": {
      "out": {
        "other": 2
      },
      "score": 0.186
    },
    "surf.suckless.org": {
      "out": {
        "other": 2
      },
      "score": 0.186
    },
    "tenfourfox.blogspot.com": {
      "out": {
        "other": 2
      },
      "score": 0.186
    },
    "help.github.com": {
      "out": {
        "other": 2
      },
      "score": 0.186
    },
    "hicksdesign.co.uk": {
      "out": {
        "other": 2
      },
      "score": 0.186
    },
    "mongrel.rubyforge.org": {
      "out": {
        "other": 2
      },
      "score": 0.186
    },
    "www.fieldlife.co.uk": {
      "out": {
        "other": 2
      },
      "score": 0.186
    },
    "www.nominet.org.uk": {
      "out": {
        "other": 2
      },
      "score": 0.186
    },
    "hivelogic.com": {
      "out": {
        "other": 2
      },
      "score": 0.186
    },
    "scroblr.net": {
      "out": {
        "other": 2
      },
      "score": 0.186
    },
    "www.linuxquestions.org": {
      "out": {
        "other": 2
      },
      "score": 0.186
    },
    "www.ocssolutions.com": {
      "out": {
        "other": 2
      },
      "score": 0.186
    },
    "www.opera.com": {
      "out": {
        "other": 2
      },
      "score": 0.186
    },
    "etherpad.com": {
      "out": {
        "other": 2
      },
      "score": 0.186
    },
    "libre.fm": {
      "out": {
        "other": 2
      },
      "score": 0.186
    },
    "sekhon.berkeley.edu": {
      "out": {
        "other": 2
      },
      "score": 0.186
    },
    "www.nationalarchives.gov.uk": {
      "out": {
        "other": 2
      },
      "score": 0.186
    },
    "yacf.co.uk": {
      "out": {
        "other": 2
      },
      "score": 0.186
    },
    "alistapart.com": {
      "out": {
        "other": 1
      },
      "score": 0.0926
    },
    "hsivonen.iki.fi": {
      "out": {
        "other": 1
      },
      "score": 0.0926
    },
    "jason.the-graham.com": {
      "out": {
        "other": 1
      },
      "score": 0.0926
    },
    "juliaguliaaa.tumblr.com": {
      "out": {
        "other": 1
      },
      "score": 0.0926
    },
    "pro.html.it": {
      "out": {
        "other": 1
      },
      "score": 0.0926
    },
    "www.activestate.com": {
      "out": {
        "other": 1
      },
      "score": 0.0926
    },
    "www.ansys.com": {
      "out": {
        "other": 1
      },
      "score": 0.0926
    },
    "www.barcelonaconnect.com": {
      "out": {
        "other": 1
      },
      "score": 0.0926
    },
    "www.defmacro.org": {
      "out": {
        "other": 1
      },
      "score": 0.0926
    },
    "www.easyjet.com": {
      "out": {
        "other": 1
      },
      "score": 0.0926
    },
    "www.greensherpa.com": {
      "out": {
        "other": 1
      },
      "score": 0.0926
    },
    "www.hasselblad.com": {
      "out": {
        "other": 1
      },
      "score": 0.0926
    },
    "www.jayshirley.com": {
      "out": {
        "other": 1
      },
      "score": 0.0926
    },
    "www.photofilmprocessing.co.uk": {
      "out": {
        "other": 1
      },
      "score": 0.0926
    },
    "www.resoph.com": {
      "out": {
        "other": 1
      },
      "score": 0.0926
    },
    "alpha.app.net": {
      "out": {
        "other": 1
      },
      "score": 0.0926
    },
    "blogs.suntimes.com": {
      "out": {
        "other": 1
      },
      "score": 0.0926
    },
    "en.m.wikipedia.org": {
      "out": {
        "other": 1
      },
      "score": 0.0926
    },
    "freestylersmusic.co.uk": {
      "out": {
        "other": 1
      },
      "score": 0.0926
    },
    "mutt.blackfish.org.uk": {
      "out": {
        "other": 1
      },
      "score": 0.0926
    },
    "search.cpan.org": {
      "out": {
        "other": 1
      },
      "score": 0.0926
    },
    "stackexchange.com": {
      "out": {
        "other": 1
      },
      "score": 0.0926
    },
    "www.leedsfestival.com": {
      "out": {
        "other": 1
      },
      "score": 0.0926
    },
    "www.pugrecords.com": {
      "out": {
        "other": 1
      },
      "score": 0.0926
    },
    "adamscarvalho.com": {
      "out": {
        "other": 1
      },
      "score": 0.0926
    },
    "the-weeknd.com": {
      "out": {
        "other": 1
      },
      "score": 0.0926
    },
    "www.bitwaste.com": {
      "out": {
        "other": 1
      },
      "score": 0.0926
    },
    "www.commandlinefu.com": {
      "out": {
        "other": 1
      },
      "score": 0.0926
    },
    "www.hotornot.com": {
      "out": {
        "other": 1
      },
      "score": 0.0926
    },
    "andrew.hedges.name": {
      "out": {
        "other": 1
      },
      "score": 0.0926
    },
    "blog.travis-ci.com": {
      "out": {
        "other": 1
      },
      "score": 0.0926
    },
    "downloadstats.mozilla.com": {
      "out": {
        "other": 1
      },
      "score": 0.0926
    },
    "ethanschoonover.com": {
      "out": {
        "other": 1
      },
      "score": 0.0926
    },
    "jack.tumblr.com": {
      "out": {
        "other": 1
      },
      "score": 0.0926
    },
    "members.ferrara.linux.it": {
      "out": {
        "other": 1
      },
      "score": 0.0926
    },
    "publicmind.blogger.com": {
      "out": {
        "other": 1
      },
      "score": 0.0926
    },
    "tktable.sourceforge.net": {
      "out": {
        "other": 1
      },
      "score": 0.0926
    },
    "twitter.rubyforge.org": {
      "out": {
        "other": 1
      },
      "score": 0.0926
    },
    "urbanvelo.org": {
      "out": {
        "other": 1
      },
      "score": 0.0926
    },
    "www.dlink.com": {
      "out": {
        "other": 1
      },
      "score": 0.0926
    },
    "www.igniterealtime.org": {
      "out": {
        "other": 1
      },
      "score": 0.0926
    },
    "www.indicommons.org": {
      "out": {
        "other": 1
      },
      "score": 0.0926
    },
    "www.whenwewasrad.co.uk": {
      "out": {
        "other": 1
      },
      "score": 0.0926
    },
    "bagraiders.com": {
      "out": {
        "other": 1
      },
      "score": 0.0926
    },
    "poignantguide.net": {
      "out": {
        "other": 1
      },
      "score": 0.0926
    },
    "reader.google.com": {
      "out": {
        "other": 1
      },
      "score": 0.0926
    },
    "www.evanscycles.com": {
      "out": {
        "other": 1
      },
      "score": 0.0926
    },
    "www.exiv2.org": {
      "out": {
        "other": 1
      },
      "score": 0.0926
    },
    "www.kylebean.co.uk": {
      "out": {
        "other": 1
      },
      "score": 0.0926
    },
    "www.mumfordandsons.com": {
      "out": {
        "other": 1
      },
      "score": 0.0926
    },
    "www.pendulum.com": {
      "out": {
        "other": 1
      },
      "score": 0.0926
    },
    "www.typography.com": {
      "out": {
        "other": 1
      },
      "score": 0.0926
    },
    "blog.chromium.org": {
      "out": {
        "other": 1
      },
      "score": 0.0926
    },
    "blog.mozilla.com": {
      "out": {
        "other": 1
      },
      "score": 0.0926
    },
    "ctags.sourceforge.net": {
      "out": {
        "other": 1
      },
      "score": 0.0926
    },
    "ftp.netbsd.org": {
      "out": {
        "other": 1
      },
      "score": 0.0926
    },
    "gimp-app.sourceforge.net": {
      "out": {
        "other": 1
      },
      "score": 0.0926
    },
    "lists.linuxfromscratch.org": {
      "out": {
        "other": 1
      },
      "score": 0.0926
    },
    "madeatgloria.com": {
      "out": {
        "other": 1
      },
      "score": 0.0926
    },
    "prism.mozilla.com": {
      "out": {
        "other": 1
      },
      "score": 0.0926
    },
    "shoesrb.com": {
      "out": {
        "other": 1
      },
      "score": 0.0926
    },
    "snippets.dzone.com": {
      "out": {
        "other": 1
      },
      "score": 0.0926
    },
    "www.harrys-gym.com": {
      "out": {
        "other": 1
      },
      "score": 0.0926
    },
    "www.ifyoumakeit.com": {
      "out": {
        "other": 1
      },
      "score": 0.0926
    },
    "www.thefreestylers.com": {
      "out": {
        "other": 1
      },
      "score": 0.0926
    },
    "argouml-stats.tigris.org": {
      "out": {
        "other": 1
      },
      "score": 0.0926
    },
    "brand.bensherman.com": {
      "out": {
        "other": 1
      },
      "score": 0.0926
    },
    "www.chesterzoo.org.uk": {
      "out": {
        "other": 1
      },
      "score": 0.0926
    },
    "www.garibion.com": {
      "out": {
        "other": 1
      },
      "score": 0.0926
    },
    "www.isthe.com": {
      "out": {
        "other": 1
      },
      "score": 0.0926
    },
    "www.kodak.com": {
      "out": {
        "other": 1
      },
      "score": 0.0926
    },
    "www.rocklinux.net": {
      "out": {
        "other": 1
      },
      "score": 0.0926
    },
    "bicycle.thebluesmokeband.com": {
      "out": {
        "other": 1
      },
      "score": 0.0926
    },
    "danbenjamin.com": {
      "out": {
        "other": 1
      },
      "score": 0.0926
    },
    "dev.yorhel.nl": {
      "out": {
        "other": 1
      },
      "score": 0.0926
    },
    "homepage.1000words.kodak.com": {
      "out": {
        "other": 1
      },
      "score": 0.0926
    },
    "mail.google.com": {
      "out": {
        "other": 1
      },
      "score": 0.0926
    },
    "manfrottoschoolofxcellence.com": {
      "out": {
        "other": 1
      },
      "score": 0.0926
    },
    "mlterm.sourceforge.net": {
      "out": {
        "other": 1
      },
      "score": 0.0926
    },
    "pessimization.com": {
      "out": {
        "other": 1
      },
      "score": 0.0926
    },
    "theyoungturks.co.uk": {
      "out": {
        "other": 1
      },
      "score": 0.0926
    },
    "tldp.org": {
      "out": {
        "other": 1
      },
      "score": 0.0926
    },
    "werehosed.mvmanila.com": {
      "out": {
        "other": 1
      },
      "score": 0.0926
    },
    "www.csttires.com": {
      "out": {
        "other": 1
      },
      "score": 0.0926
    },
    "www.cyclingthe6.com": {
      "out": {
        "other": 1
      },
      "score": 0.0926
    },
    "www.jahshaka.org": {
      "out": {
        "other": 1
      },
      "score": 0.0926
    },
    "www.kryogenix.org": {
      "out": {
        "other": 1
      },
      "score": 0.0926
    },
    "www.liverpooljohnlennonairport.com": {
      "out": {
        "other": 1
      },
      "score": 0.0926
    },
    "bikehugger.com": {
      "out": {
        "other": 1
      },
      "score": 0.0926
    },
    "dir.gmane.org": {
      "out": {
        "other": 1
      },
      "score": 0.0926
    },
    "teamherecomethebelgians.blogspot.co.uk": {
      "out": {
        "other": 1
      },
      "score": 0.0926
    },
    "twitter.com/Hicksdesign": {
      "out": {
        "other": 1
      },
      "score": 0.0926
    },
    "webxact.watchfire.com": {
      "out": {
        "other": 1
      },
      "score": 0.0926
    },
    "www.clashmusic.com": {
      "out": {
        "other": 1
      },
      "score": 0.0926
    },
    "www.herbaliser.com": {
      "out": {
        "other": 1
      },
      "score": 0.0926
    },
    "www.microshift.biz": {
      "out": {
        "other": 1
      },
      "score": 0.0926
    },
    "www.mobilecrunch.com": {
      "out": {
        "other": 1
      },
      "score": 0.0926
    },
    "www.planet-x-bikes.co.uk": {
      "out": {
        "other": 1
      },
      "score": 0.0926
    },
    "www.steveklabnik.com": {
      "out": {
        "other": 1
      },
      "score": 0.0926
    },
    "zaaghad.blogspot.com": {
      "out": {
        "other": 1
      },
      "score": 0.0926
    },
    "bugzilla.elinks.cz": {
      "out": {
        "other": 1
      },
      "score": 0.0926
    },
    "tuppis.com": {
      "out": {
        "other": 1
      },
      "score": 0.0926
    },
    "www.caffenol.org": {
      "out": {
        "other": 1
      },
      "score": 0.0926
    },
    "www.coolhunting.com": {
      "out": {
        "other": 1
      },
      "score": 0.0926
    },
    "www.gmailnotifier.com": {
      "out": {
        "other": 1
      },
      "score": 0.0926
    },
    "www.hargrovescycles.co.uk": {
      "out": {
        "other": 1
      },
      "score": 0.0926
    },
    "www.osdisc.com": {
      "out": {
        "other": 1
      },
      "score": 0.0926
    },
    "www.quaker.co.uk": {
      "out": {
        "other": 1
      },
      "score": 0.0926
    },
    "www.thevaccines.co.uk": {
      "out": {
        "other": 1
      },
      "score": 0.0926
    },
    "coding.derkeiler.com": {
      "out": {
        "other": 1
      },
      "score": 0.0926
    },
    "gmailgrowl.blogspot.com": {
      "out": {
        "other": 1
      },
      "score": 0.0926
    },
    "http": {
      "out": {
        "other": 1
      },
      "score": 0.0926
    },
    "productideas.appspot.com": {
      "out": {
        "other": 1
      },
      "score": 0.0926
    },
    "vimcasts.org": {
      "out": {
        "other": 1
      },
      "score": 0.0926
    },
    "www.redlers.com": {
      "out": {
        "other": 1
      },
      "score": 0.0926
    },
    "zem.novylen.net": {
      "out": {
        "other": 1
      },
      "score": 0.0926
    },
    "georgierogers.co.uk": {
      "out": {
        "other": 1
      },
      "score": 0.0926
    },
    "kilianvalkhof.com": {
      "out": {
        "other": 1
      },
      "score": 0.0926
    },
    "philsroadbikingblog.blogspot.com": {
      "out": {
        "other": 1
      },
      "score": 0.0926
    },
    "pinnacle-bikes.co.uk": {
      "out": {
        "other": 1
      },
      "score": 0.0926
    },
    "www.dyndns.com": {
      "out": {
        "other": 1
      },
      "score": 0.0926
    },
    "www.ironclad.com": {
      "out": {
        "other": 1
      },
      "score": 0.0926
    },
    "www.richardcoyle.fsnet.co.uk": {
      "out": {
        "other": 1
      },
      "score": 0.0926
    },
    "www.virtualbox.org": {
      "out": {
        "other": 1
      },
      "score": 0.0926
    },
    "www.xml.com": {
      "out": {
        "other": 1
      },
      "score": 0.0926
    },
    "fi.github.com": {
      "out": {
        "other": 1
      },
      "score": 0.0926
    },
    "git.tasktools.org": {
      "out": {
        "other": 1
      },
      "score": 0.0926
    },
    "mechanize.rubyforge.org": {
      "out": {
        "other": 1
      },
      "score": 0.0926
    },
    "thewomenstour.co.uk": {
      "out": {
        "other": 1
      },
      "score": 0.0926
    },
    "www.bosstones.com": {
      "out": {
        "other": 1
      },
      "score": 0.0926
    },
    "www.expensr.com": {
      "out": {
        "other": 1
      },
      "score": 0.0926
    },
    "www.graphicconverter.net": {
      "out": {
        "other": 1
      },
      "score": 0.0926
    },
    "www.iri5.com": {
      "out": {
        "other": 1
      },
      "score": 0.0926
    },
    "www.joeydevilla.com": {
      "out": {
        "other": 1
      },
      "score": 0.0926
    },
    "www.stderr.nl": {
      "out": {
        "other": 1
      },
      "score": 0.0926
    },
    "www96.wolframalpha.com": {
      "out": {
        "other": 1
      },
      "score": 0.0926
    },
    "archlinux.org": {
      "out": {
        "other": 1
      },
      "score": 0.0926
    },
    "dorsetcereals.co.uk": {
      "out": {
        "other": 1
      },
      "score": 0.0926
    },
    "getfiregpg.org": {
      "out": {
        "other": 1
      },
      "score": 0.0926
    },
    "instagr.am": {
      "out": {
        "other": 1
      },
      "score": 0.0926
    },
    "juliastats.github.io": {
      "out": {
        "other": 1
      },
      "score": 0.0926
    },
    "timberandsteel.wordpress.com": {
      "out": {
        "other": 1
      },
      "score": 0.0926
    },
    "www.buxfer.com": {
      "out": {
        "other": 1
      },
      "score": 0.0926
    },
    "www.indiescreet.com": {
      "out": {
        "other": 1
      },
      "score": 0.0926
    },
    "www.microshift.com.tw": {
      "out": {
        "other": 1
      },
      "score": 0.0926
    },
    "www.readingfestival.com": {
      "out": {
        "other": 1
      },
      "score": 0.0926
    },
    "www.the-impossible-project.com": {
      "out": {
        "other": 1
      },
      "score": 0.0926
    },
    "bazaar-vcs.org": {
      "out": {
        "other": 1
      },
      "score": 0.0926
    },
    "costaricacoffeeart.com": {
      "out": {
        "other": 1
      },
      "score": 0.0926
    },
    "forum.ctc.org.uk": {
      "out": {
        "other": 1
      },
      "score": 0.0926
    },
    "googlereader.blogspot.com": {
      "out": {
        "other": 1
      },
      "score": 0.0926
    },
    "mirbsd.de": {
      "out": {
        "other": 1
      },
      "score": 0.0926
    },
    "polaroids.theskeltons.org": {
      "out": {
        "other": 1
      },
      "score": 0.0926
    },
    "toolbar.google.com": {
      "out": {
        "other": 1
      },
      "score": 0.0926
    },
    "www.freddyvazquez.com": {
      "out": {
        "other": 1
      },
      "score": 0.0926
    },
    "www.manywhere.com": {
      "out": {
        "other": 1
      },
      "score": 0.0926
    },
    "www.roxio-shop.com": {
      "out": {
        "other": 1
      },
      "score": 0.0926
    },
    "www.senser.co.uk": {
      "out": {
        "other": 1
      },
      "score": 0.0926
    },
    "www.stop-smidsy.org.uk": {
      "out": {
        "other": 1
      },
      "score": 0.0926
    },
    "arstechnica.com": {
      "out": {
        "other": 1
      },
      "score": 0.0926
    },
    "en.wikiquote.org": {
      "out": {
        "other": 1
      },
      "score": 0.0926
    },
    "hailstonesoftware.com": {
      "out": {
        "other": 1
      },
      "score": 0.0926
    },
    "hotsaucecommittee.com": {
      "out": {
        "other": 1
      },
      "score": 0.0926
    },
    "lifehacker.com": {
      "out": {
        "other": 1
      },
      "score": 0.0926
    },
    "maps.google.co.uk": {
      "out": {
        "other": 1
      },
      "score": 0.0926
    },
    "mentalreminder.tumblr.com": {
      "out": {
        "other": 1
      },
      "score": 0.0926
    },
    "nicedit.com": {
      "out": {
        "other": 1
      },
      "score": 0.0926
    },
    "ufridman.org": {
      "out": {
        "other": 1
      },
      "score": 0.0926
    },
    "wiki.inkscape.org": {
      "out": {
        "other": 1
      },
      "score": 0.0926
    },
    "www.bellatisport.com": {
      "out": {
        "other": 1
      },
      "score": 0.0926
    },
    "www.bikeforums.net": {
      "out": {
        "other": 1
      },
      "score": 0.0926
    },
    "www.codingmonkeys.de": {
      "out": {
        "other": 1
      },
      "score": 0.0926
    },
    "www.ishootfilm.org": {
      "out": {
        "other": 1
      },
      "score": 0.0926
    },
    "benward.me": {
      "out": {
        "other": 1
      },
      "score": 0.0926
    },
    "blog.teuxdeux.com": {
      "out": {
        "other": 1
      },
      "score": 0.0926
    },
    "fds.oup.com": {
      "out": {
        "other": 1
      },
      "score": 0.0926
    },
    "feh.finalrewind.org": {
      "out": {
        "other": 1
      },
      "score": 0.0926
    },
    "jappler.com": {
      "out": {
        "other": 1
      },
      "score": 0.0926
    },
    "rails.vim.tpope.net": {
      "out": {
        "other": 1
      },
      "score": 0.0926
    },
    "taskk.it": {
      "out": {
        "other": 1
      },
      "score": 0.0926
    },
    "www.gutenberg.org": {
      "out": {
        "other": 1
      },
      "score": 0.0926
    },
    "www.photo-express.co.uk": {
      "out": {
        "other": 1
      },
      "score": 0.0926
    },
    "www.yousaypartywesaydie.ca": {
      "out": {
        "other": 1
      },
      "score": 0.0926
    },
    "bike.com": {
      "out": {
        "other": 1
      },
      "score": 0.0926
    },
    "blockheadskateboards.com": {
      "out": {
        "other": 1
      },
      "score": 0.0926
    },
    "getfirebug.com": {
      "out": {
        "other": 1
      },
      "score": 0.0926
    },
    "plixi.com": {
      "out": {
        "other": 1
      },
      "score": 0.0926
    },
    "slinky.imukuppi.org": {
      "out": {
        "other": 1
      },
      "score": 0.0926
    },
    "www.edinburghbicycle.com": {
      "out": {
        "other": 1
      },
      "score": 0.0926
    },
    "www.everydns.com": {
      "out": {
        "other": 1
      },
      "score": 0.0926
    },
    "www.i5m.me.uk": {
      "out": {
        "other": 1
      },
      "score": 0.0926
    },
    "www.indiana.edu": {
      "out": {
        "other": 1
      },
      "score": 0.0926
    },
    "www.karmadownload.com": {
      "out": {
        "other": 1
      },
      "score": 0.0926
    },
    "www.londoncyclist.co.uk": {
      "out": {
        "other": 1
      },
      "score": 0.0926
    },
    "www.tomordonez.com": {
      "out": {
        "other": 1
      },
      "score": 0.0926
    },
    "antirez.com": {
      "out": {
        "other": 1
      },
      "score": 0.0926
    },
    "badlydonekindlebooks.tumblr.com": {
      "out": {
        "other": 1
      },
      "score": 0.0926
    },
    "compgroups.net": {
      "out": {
        "other": 1
      },
      "score": 0.0926
    },
    "facebook.com/eddytemplemorris": {
      "out": {
        "other": 1
      },
      "score": 0.0926
    },
    "furius.ca": {
      "out": {
        "other": 1
      },
      "score": 0.0926
    },
    "imagemagick.sourceforge.net": {
      "out": {
        "other": 1
      },
      "score": 0.0926
    },
    "johnaugust.com": {
      "out": {
        "other": 1
      },
      "score": 0.0926
    },
    "reederapp.com": {
      "out": {
        "other": 1
      },
      "score": 0.0926
    },
    "registry.gimp.org": {
      "out": {
        "other": 1
      },
      "score": 0.0926
    },
    "sparrowmailapp.com": {
      "out": {
        "other": 1
      },
      "score": 0.0926
    },
    "ukf.com": {
      "out": {
        "other": 1
      },
      "score": 0.0926
    },
    "www.apug.org": {
      "out": {
        "other": 1
      },
      "score": 0.0926
    },
    "www.btinternet.com": {
      "out": {
        "other": 1
      },
      "score": 0.0926
    },
    "www.cycletoworkalliance.org.uk": {
      "out": {
        "other": 1
      },
      "score": 0.0926
    },
    "www.hmrc.gov.uk": {
      "out": {
        "other": 1
      },
      "score": 0.0926
    },
    "www.macromates.com": {
      "out": {
        "other": 1
      },
      "score": 0.0926
    },
    "www.puzzlevideo.com": {
      "out": {
        "other": 1
      },
      "score": 0.0926
    },
    "www.red-sweater.com": {
      "out": {
        "other": 1
      },
      "score": 0.0926
    },
    "www.vimeo.com": {
      "out": {
        "other": 1
      },
      "score": 0.0926
    },
    "blogs.phoenixnewtimes.com": {
      "out": {
        "other": 1
      },
      "score": 0.0926
    },
    "hackety-hack.com": {
      "out": {
        "other": 1
      },
      "score": 0.0926
    },
    "i5m.spaces.live.com": {
      "out": {
        "other": 1
      },
      "score": 0.0926
    },
    "manalang.com": {
      "out": {
        "other": 1
      },
      "score": 0.0926
    },
    "profiles.google.com": {
      "out": {
        "other": 1
      },
      "score": 0.0926
    },
    "ranger.nongnu.org": {
      "out": {
        "other": 1
      },
      "score": 0.0926
    },
    "rubyonrails.org": {
      "out": {
        "other": 1
      },
      "score": 0.0926
    },
    "stiobhart.net": {
      "out": {
        "other": 1
      },
      "score": 0.0926
    },
    "webjay.org": {
      "out": {
        "other": 1
      },
      "score": 0.0926
    },
    "www.globalexchange.org": {
      "out": {
        "other": 1
      },
      "score": 0.0926
    },
    "www.gtbicycles.com": {
      "out": {
        "other": 1
      },
      "score": 0.0926
    },
    "www.howtocreate.co.uk": {
      "out": {
        "other": 1
      },
      "score": 0.0926
    },
    "www.nonpolynomial.com": {
      "out": {
        "other": 1
      },
      "score": 0.0926
    },
    "www.paperplanes.de": {
      "out": {
        "other": 1
      },
      "score": 0.0926
    },
    "www.r-project.org": {
      "out": {
        "other": 1
      },
      "score": 0.0926
    },
    "blog.shoesrb.com": {
      "out": {
        "other": 1
      },
      "score": 0.0926
    },
    "custardycling.co.uk": {
      "out": {
        "other": 1
      },
      "score": 0.0926
    },
    "devyn.heroku.com": {
      "out": {
        "other": 1
      },
      "score": 0.0926
    },
    "getsatisfaction.com": {
      "out": {
        "other": 1
      },
      "score": 0.0926
    },
    "gpg4usb.cpunk.de": {
      "out": {
        "other": 1
      },
      "score": 0.0926
    },
    "hosting.media72.co.uk": {
      "out": {
        "other": 1
      },
      "score": 0.0926
    },
    "hynek.me": {
      "out": {
        "other": 1
      },
      "score": 0.0926
    },
    "lisp.plasticki.com": {
      "out": {
        "other": 1
      },
      "score": 0.0926
    },
    "marthasandarthurs.bandcamp.com": {
      "out": {
        "other": 1
      },
      "score": 0.0926
    },
    "mpv.io": {
      "out": {
        "other": 1
      },
      "score": 0.0926
    },
    "my.domain": {
      "out": {
        "other": 1
      },
      "score": 0.0926
    },
    "pitchfork.com": {
      "out": {
        "other": 1
      },
      "score": 0.0926
    },
    "thegoods.ath.cx": {
      "out": {
        "other": 1
      },
      "score": 0.0926
    },
    "www.autodesk.com": {
      "out": {
        "other": 1
      },
      "score": 0.0926
    },
    "www.cabochon.com": {
      "out": {
        "other": 1
      },
      "score": 0.0926
    },
    "www.dougscripts.com": {
      "out": {
        "other": 1
      },
      "score": 0.0926
    },
    "www.ruby-doc.org": {
      "out": {
        "other": 1
      },
      "score": 0.0926
    },
    "www.umu.man.ac.uk": {
      "out": {
        "other": 1
      },
      "score": 0.0926
    },
    "www.zedshaw.com": {
      "out": {
        "other": 1
      },
      "score": 0.0926
    },
    "albertux.ayalasoft.com": {
      "out": {
        "other": 1
      },
      "score": 0.0926
    },
    "brikis98.blogspot.co.uk": {
      "out": {
        "other": 1
      },
      "score": 0.0926
    },
    "mediapipe.sourceforge.net": {
      "out": {
        "other": 1
      },
      "score": 0.0926
    },
    "theopenphotoproject.org": {
      "out": {
        "other": 1
      },
      "score": 0.0926
    },
    "www.andreafabrizi.it": {
      "out": {
        "other": 1
      },
      "score": 0.0926
    },
    "www.microsoft.com": {
      "out": {
        "other": 1
      },
      "score": 0.0926
    },
    "www.omnigroup.com": {
      "out": {
        "other": 1
      },
      "score": 0.0926
    },
    "www.rigida.com": {
      "out": {
        "other": 1
      },
      "score": 0.0926
    },
    "www.velocityreviews.com": {
      "out": {
        "other": 1
      },
      "score": 0.0926
    },
    "massiveattack.com": {
      "out": {
        "other": 1
      },
      "score": 0.0926
    },
    "twitter.com/DaveGorman": {
      "out": {
        "other": 1
      },
      "score": 0.0926
    },
    "www.newsbeuter.org": {
      "out": {
        "other": 1
      },
      "score": 0.0926
    },
    "www.sebadoh.com": {
      "out": {
        "other": 1
      },
      "score": 0.0926
    },
    "blog.infinitered.com": {
      "out": {
        "other": 1
      },
      "score": 0.0926
    },
    "hackety.org": {
      "out": {
        "other": 1
      },
      "score": 0.0926
    },
    "rjbs.manxome.org": {
      "out": {
        "other": 1
      },
      "score": 0.0926
    },
    "vgoff.blogspot.com": {
      "out": {
        "other": 1
      },
      "score": 0.0926
    },
    "www.dorsetcereals.co.uk": {
      "out": {
        "other": 1
      },
      "score": 0.0926
    },
    "www.habitables.co.uk": {
      "out": {
        "other": 1
      },
      "score": 0.0926
    },
    "www.refsmmat.com": {
      "out": {
        "other": 1
      },
      "score": 0.0926
    },
    "www.sviib.com": {
      "out": {
        "other": 1
      },
      "score": 0.0926
    },
    "yehudakatz.com": {
      "out": {
        "other": 1
      },
      "score": 0.0926
    },
    "identi.ca": {
      "out": {
        "other": 1
      },
      "score": 0.0926
    },
    "mason-larobina.github.com": {
      "out": {
        "other": 1
      },
      "score": 0.0926
    },
    "rcommander.com": {
      "out": {
        "other": 1
      },
      "score": 0.0926
    },
    "scroodl.net": {
      "out": {
        "other": 1
      },
      "score": 0.0926
    },
    "twitter.com/pchapuis": {
      "out": {
        "other": 1
      },
      "score": 0.0926
    },
    "www.common-lisp.net": {
      "out": {
        "other": 1
      },
      "score": 0.0926
    },
    "www.intercat.gencat.es": {
      "out": {
        "other": 1
      },
      "score": 0.0926
    },
    "www.swiss-miss.com": {
      "out": {
        "other": 1
      },
      "score": 0.0926
    },
    "robots.thoughtbot.com": {
      "out": {
        "other": 1
      },
      "score": 0.0926
    },
    "www.budgetpulse.com": {
      "out": {
        "other": 1
      },
      "score": 0.0926
    },
    "www.dreamworks.com": {
      "out": {
        "other": 1
      },
      "score": 0.0926
    },
    "www.satine.org": {
      "out": {
        "other": 1
      },
      "score": 0.0926
    },
    "www.secretgeek.net": {
      "out": {
        "other": 1
      },
      "score": 0.0926
    },
    "www.snuff.net": {
      "out": {
        "other": 1
      },
      "score": 0.0926
    },
    "www.statravel.co.uk": {
      "out": {
        "other": 1
      },
      "score": 0.0926
    },
    "www.tredz.co.uk": {
      "out": {
        "other": 1
      },
      "score": 0.0926
    },
    "bcrypt.sourceforge.net": {
      "out": {
        "other": 1
      },
      "score": 0.0926
    },
    "brokestream.com": {
      "out": {
        "other": 1
      },
      "score": 0.0926
    },
    "customthemes.tumblr.com": {
      "out": {
        "other": 1
      },
      "score": 0.0926
    },
    "git-scm.com": {
      "out": {
        "other": 1
      },
      "score": 0.0926
    },
    "greyhoundman.blogspot.com": {
      "out": {
        "other": 1
      },
      "score": 0.0926
    },
    "highline.rubyforge.org": {
      "out": {
        "other": 1
      },
      "score": 0.0926
    },
    "hledger.org": {
      "out": {
        "other": 1
      },
      "score": 0.0926
    },
    "quazen.com": {
      "out": {
        "other": 1
      },
      "score": 0.0926
    },
    "weblog.rubyonrails.org": {
      "out": {
        "other": 1
      },
      "score": 0.0926
    },
    "www.chromeplus.org": {
      "out": {
        "other": 1
      },
      "score": 0.0926
    },
    "www.eff.org": {
      "out": {
        "other": 1
      },
      "score": 0.0926
    },
    "www.jimlangley.net": {
      "out": {
        "other": 1
      },
      "score": 0.0926
    },
    "www.rubyforums.com": {
      "out": {
        "other": 1
      },
      "score": 0.0926
    },
    "blog.netbsd.org": {
      "out": {
        "other": 1
      },
      "score": 0.0926
    },
    "python-future.org": {
      "out": {
        "other": 1
      },
      "score": 0.0926
    },
    "truecrypt.org": {
      "out": {
        "other": 1
      },
      "score": 0.0926
    },
    "twitter.com/headsetpress": {
      "out": {
        "other": 1
      },
      "score": 0.0926
    },
    "wiki.greasespot.net": {
      "out": {
        "other": 1
      },
      "score": 0.0926
    },
    "www.ag-photolab.co.uk": {
      "out": {
        "other": 1
      },
      "score": 0.0926
    },
    "www.alastairhumphreys.com": {
      "out": {
        "other": 1
      },
      "score": 0.0926
    },
    "www.rin-shun.com": {
      "out": {
        "other": 1
      },
      "score": 0.0926
    },
    "www.rubyonrailsforum.com": {
      "out": {
        "other": 1
      },
      "score": 0.0926
    },
    "boutofcontext.com": {
      "out": {
        "other": 1
      },
      "score": 0.0926
    },
    "lastpass.com": {
      "out": {
        "other": 1
      },
      "score": 0.0926
    },
    "news.ycombinator.com": {
      "out": {
        "other": 1
      },
      "score": 0.0926
    },
    "perso.wanadoo.fr": {
      "out": {
        "other": 1
      },
      "score": 0.0926
    },
    "www.erlang.org": {
      "out": {
        "other": 1
      },
      "score": 0.0926
    },
    "www.impacdublinaward.ie": {
      "out": {
        "other": 1
      },
      "score": 0.0926
    },
    "www.teuxdeux.com": {
      "out": {
        "other": 1
      },
      "score": 0.0926
    },
    "www.worldsbestbars.com": {
      "out": {
        "other": 1
      },
      "score": 0.0926
    },
    "anniemacpresents.com": {
      "out": {
        "other": 1
      },
      "score": 0.0926
    },
    "atomicules-public-gpg.key": {
      "out": {
        "other": 1
      },
      "score": 0.0926
    },
    "d.hatena.ne.jp": {
      "out": {
        "other": 1
      },
      "score": 0.0926
    },
    "flic.kr": {
      "out": {
        "other": 1
      },
      "score": 0.0926
    },
    "groups.yahoo.com": {
      "out": {
        "other": 1
      },
      "score": 0.0926
    },
    "pwman.svn.sourceforge.net": {
      "out": {
        "other": 1
      },
      "score": 0.0926
    },
    "smile.co.uk": {
      "out": {
        "other": 1
      },
      "score": 0.0926
    },
    "smultron.sourceforge.net": {
      "out": {
        "other": 1
      },
      "score": 0.0926
    },
    "software.schmorp.de": {
      "out": {
        "other": 1
      },
      "score": 0.0926
    },
    "www.epitonic.com": {
      "out": {
        "other": 1
      },
      "score": 0.0926
    },
    "www.mail-archive.com": {
      "out": {
        "other": 1
      },
      "score": 0.0926
    },
    "www.routes2ride.org.uk": {
      "out": {
        "other": 1
      },
      "score": 0.0926
    },
    "www.sorry-im-late.com": {
      "out": {
        "other": 1
      },
      "score": 0.0926
    },
    "www.teleread.org": {
      "out": {
        "other": 1
      },
      "score": 0.0926
    },
    "bananabo.at": {
      "out": {
        "other": 1
      },
      "score": 0.0926
    },
    "blog.steveklabnik.com": {
      "out": {
        "other": 1
      },
      "score": 0.0926
    },
    "discountfilmsdirect.co.uk": {
      "out": {
        "other": 1
      },
      "score": 0.0926
    },
    "jamie.ideasasylum.com": {
      "out": {
        "other": 1
      },
      "score": 0.0926
    },
    "shirt-pocket.com": {
      "out": {
        "other": 1
      },
      "score": 0.0926
    },
    "www.geezeo.com": {
      "out": {
        "other": 1
      },
      "score": 0.0926
    },
    "www.hovding.com": {
      "out": {
        "other": 1
      },
      "score": 0.0926
    },
    "www.moneytrackin.com": {
      "out": {
        "other": 1
      },
      "score": 0.0926
    },
    "www.royalmail.com": {
      "out": {
        "other": 1
      },
      "score": 0.0926
    },
    "www.ryde.nl": {
      "out": {
        "other": 1
      },
      "score": 0.0926
    },
    "www.toshiba.eu": {
      "out": {
        "other": 1
      },
      "score": 0.0926
    },
    "www.wobblyweb.com": {
      "out": {
        "other": 1
      },
      "score": 0.0926
    },
    "blog.bitbucket.org": {
      "out": {
        "other": 1
      },
      "score": 0.0926
    },
    "gobby.0x539.de": {
      "out": {
        "other": 1
      },
      "score": 0.0926
    },
    "nokogiri.rubyforge.org": {
      "out": {
        "other": 1
      },
      "score": 0.0926
    },
    "python.org": {
      "out": {
        "other": 1
      },
      "score": 0.0926
    },
    "vgough.github.io": {
      "out": {
        "other": 1
      },
      "score": 0.0926
    },
    "wayback.archive.org": {
      "out": {
        "other": 1
      },
      "score": 0.0926
    },
    "www.blackbirdsf.org": {
      "out": {
        "other": 1
      },
      "score": 0.0926
    },
    "www.channel4.com": {
      "out": {
        "other": 1
      },
      "score": 0.0926
    },
    "www.getsafe.org": {
      "out": {
        "other": 1
      },
      "score": 0.0926
    },
    "www.noahandthewhale.com": {
      "out": {
        "other": 1
      },
      "score": 0.0926
    },
    "www.smile.co.uk": {
      "out": {
        "other": 1
      },
      "score": 0.0926
    },
    "blog.wesabe.com": {
      "out": {
        "other": 1
      },
      "score": 0.0926
    },
    "culturedcode.com": {
      "out": {
        "other": 1
      },
      "score": 0.0926
    },
    "flygdynamikern.blogspot.it": {
      "out": {
        "other": 1
      },
      "score": 0.0926
    },
    "fuckyeahfacts.tumblr.com": {
      "out": {
        "other": 1
      },
      "score": 0.0926
    },
    "lavabit.com": {
      "out": {
        "other": 1
      },
      "score": 0.0926
    },
    "luakit.org": {
      "out": {
        "other": 1
      },
      "score": 0.0926
    },
    "my.pocketsmith.com": {
      "out": {
        "other": 1
      },
      "score": 0.0926
    },
    "objectmix.com": {
      "out": {
        "other": 1
      },
      "score": 0.0926
    },
    "www.amateurtopologist.com": {
      "out": {
        "other": 1
      },
      "score": 0.0926
    },
    "www.maxdunn.com": {
      "out": {
        "other": 1
      },
      "score": 0.0926
    },
    "www.yashicatlr.com": {
      "out": {
        "other": 1
      },
      "score": 0.0926
    },
    "dev.twitter.com": {
      "out": {
        "other": 1
      },
      "score": 0.0926
    },
    "gitorious.org": {
      "out": {
        "other": 1
      },
      "score": 0.0926
    },
    "rubysoc.org": {
      "out": {
        "other": 1
      },
      "score": 0.0926
    },
    "thechemicalbrothers.com": {
      "out": {
        "other": 1
      },
      "score": 0.0926
    },
    "travis-ci.org": {
      "out": {
        "other": 1
      },
      "score": 0.0926
    },
    "www.22host.co.uk": {
      "out": {
        "other": 1
      },
      "score": 0.0926
    },
    "www.dostips.com": {
      "out": {
        "other": 1
      },
      "score": 0.0926
    },
    "www.pmean.com": {
      "out": {
        "other": 1
      },
      "score": 0.0926
    },
    "www.red-r.org": {
      "out": {
        "other": 1
      },
      "score": 0.0926
    },
    "www.vips.ecs.soton.ac.uk": {
      "out": {
        "other": 1
      },
      "score": 0.0926
    },
    "www.viralnova.com": {
      "out": {
        "other": 1
      },
      "score": 0.0926
    },
    "app.simplenote.com": {
      "out": {
        "other": 1
      },
      "score": 0.0926
    },
    "argouml.tigris.org": {
      "out": {
        "other": 1
      },
      "score": 0.0926
    },
    "hiveware.com": {
      "out": {
        "other": 1
      },
      "score": 0.0926
    },
    "mij.oltrelinux.com": {
      "out": {
        "other": 1
      },
      "score": 0.0926
    },
    "moonedit.com": {
      "out": {
        "other": 1
      },
      "score": 0.0926
    },
    "nightly.webkit.org": {
      "out": {
        "other": 1
      },
      "score": 0.0926
    },
    "twitter.com/megnut": {
      "out": {
        "other": 1
      },
      "score": 0.0926
    },
    "www.7-zip.org": {
      "out": {
        "other": 1
      },
      "score": 0.0926
    },
    "www.courier-mta.%22rg": {
      "out": {
        "other": 1
      },
      "score": 0.0926
    },
    "www.lacie.co.uk": {
      "out": {
        "other": 1
      },
      "score": 0.0926
    },
    "www.macstories.net": {
      "out": {
        "other": 1
      },
      "score": 0.0926
    },
    "www.mint.com": {
      "out": {
        "other": 1
      },
      "score": 0.0926
    },
    "www.rcommander.com": {
      "out": {
        "other": 1
      },
      "score": 0.0926
    },
    "www.twinings.com": {
      "out": {
        "other": 1
      },
      "score": 0.0926
    },
    "youtube.com": {
      "out": {
        "other": 1
      },
      "score": 0.0926
    },
    "brandnewbeatniks.wordpress.com": {
      "out": {
        "other": 1
      },
      "score": 0.0926
    },
    "ckck.tumblr.com": {
      "out": {
        "other": 1
      },
      "score": 0.0926
    },
    "codefeed.tumblr.com": {
      "out": {
        "other": 1
      },
      "score": 0.0926
    },
    "ivanzuzak.info": {
      "out": {
        "other": 1
      },
      "score": 0.0926
    },
    "stainlessapp.com": {
      "out": {
        "other": 1
      },
      "score": 0.0926
    },
    "www.43folders.com": {
      "out": {
        "other": 1
      },
      "score": 0.0926
    },
    "www.bignosebird.com": {
      "out": {
        "other": 1
      },
      "score": 0.0926
    },
    "www.gofundme.com": {
      "out": {
        "other": 1
      },
      "score": 0.0926
    },
    "www.macports.org": {
      "out": {
        "other": 1
      },
      "score": 0.0926
    },
    "www.pearlizumi.com": {
      "out": {
        "other": 1
      },
      "score": 0.0926
    },
    "www.randomhouse.co.uk": {
      "out": {
        "other": 1
      },
      "score": 0.0926
    },
    "www.terrypratchettbooks.com": {
      "out": {
        "other": 1
      },
      "score": 0.0926
    },
    "blog.mnasyrov.com": {
      "out": {
        "other": 1
      },
      "score": 0.0926
    },
    "cmus.sourceforge.net": {
      "out": {
        "other": 1
      },
      "score": 0.0926
    },
    "mashable.com": {
      "out": {
        "other": 1
      },
      "score": 0.0926
    },
    "offliberty.com": {
      "out": {
        "other": 1
      },
      "score": 0.0926
    },
    "webwhois.nic.uk": {
      "out": {
        "other": 1
      },
      "score": 0.0926
    },
    "www.me.com": {
      "out": {
        "other": 1
      },
      "score": 0.0926
    },
    "www.modularmania.com": {
      "out": {
        "other": 1
      },
      "score": 0.0926
    },
    "xmonad.org": {
      "out": {
        "other": 1
      },
      "score": 0.0926
    },
    "en.wikibooks.org": {
      "out": {
        "other": 1
      },
      "score": 0.0926
    },
    "www.harrypotter.co.uk": {
      "out": {
        "other": 1
      },
      "score": 0.0926
    },
    "www.moveabletype.org": {
      "out": {
        "other": 1
      },
      "score": 0.0926
    },
    "www.on-one.co.uk": {
      "out": {
        "other": 1
      },
      "score": 0.0926
    },
    "www.towelday.org": {
      "out": {
        "other": 1
      },
      "score": 0.0926
    },
    "allthatissolid.com": {
      "out": {
        "other": 1
      },
      "score": 0.0926
    },
    "codaset.com": {
      "out": {
        "other": 1
      },
      "score": 0.0926
    },
    "dengmao.wordpress.com": {
      "out": {
        "other": 1
      },
      "score": 0.0926
    },
    "hellorip.com": {
      "out": {
        "other": 1
      },
      "score": 0.0926
    },
    "julialang.org": {
      "out": {
        "other": 1
      },
      "score": 0.0926
    },
    "rubyinstaller.rubyforge.org": {
      "out": {
        "other": 1
      },
      "score": 0.0926
    },
    "www.friendsreunited.co.uk": {
      "out": {
        "other": 1
      },
      "score": 0.0926
    },
    "www.kenstone.net": {
      "out": {
        "other": 1
      },
      "score": 0.0926
    },
    "www.spdshoes.org": {
      "out": {
        "other": 1
      },
      "score": 0.0926
    },
    "www.truecrypt.org": {
      "out": {
        "other": 1
      },
      "score": 0.0926
    },
    "xmlsoft.org": {
      "out": {
        "other": 1
      },
      "score": 0.0926
    },
    "youngandlostclub.com": {
      "out": {
        "other": 1
      },
      "score": 0.0926
    },
    "204.73.203.34": {
      "out": {
        "other": 1
      },
      "score": 0.0926
    },
    "codeclimate.com": {
      "out": {
        "other": 1
      },
      "score": 0.0926
    },
    "flickr.vispillo.org": {
      "out": {
        "other": 1
      },
      "score": 0.0926
    },
    "keepshellyinathens.blogspot.com": {
      "out": {
        "other": 1
      },
      "score": 0.0926
    },
    "mercurial.selenic.com": {
      "out": {
        "other": 1
      },
      "score": 0.0926
    },
    "www.aeonmagazine.com": {
      "out": {
        "other": 1
      },
      "score": 0.0926
    },
    "www.amazon.com": {
      "out": {
        "other": 1
      },
      "score": 0.0926
    },
    "www.cutcopy.net": {
      "out": {
        "other": 1
      },
      "score": 0.0926
    },
    "www.photoghostlab.com": {
      "out": {
        "other": 1
      },
      "score": 0.0926
    },
    "www.rubyonrails.org": {
      "out": {
        "other": 1
      },
      "score": 0.0926
    },
    "www.theintrepidcamera.co.uk": {
      "out": {
        "other": 1
      },
      "score": 0.0926
    },
    "yieldthought.com": {
      "out": {
        "other": 1
      },
      "score": 0.0926
    },
    "build.last.fm": {
      "out": {
        "other": 1
      },
      "score": 0.0926
    },
    "dev.w3.org": {
      "out": {
        "other": 1
      },
      "score": 0.0926
    },
    "developers.google.com": {
      "out": {
        "other": 1
      },
      "score": 0.0926
    },
    "dirtyprettything.tumblr.com": {
      "out": {
        "other": 1
      },
      "score": 0.0926
    },
    "ejohn.org": {
      "out": {
        "other": 1
      },
      "score": 0.0926
    },
    "linux.die.net": {
      "out": {
        "other": 1
      },
      "score": 0.0926
    },
    "members.chello.nl": {
      "out": {
        "other": 1
      },
      "score": 0.0926
    },
    "members.optusnet.com.au": {
      "out": {
        "other": 1
      },
      "score": 0.0926
    },
    "misterehiphop.bandcamp.com": {
      "out": {
        "other": 1
      },
      "score": 0.0926
    },
    "wip.pkgsrc.org": {
      "out": {
        "other": 1
      },
      "score": 0.0926
    },
    "www.complete-review.com": {
      "out": {
        "other": 1
      },
      "score": 0.0926
    },
    "www.midnight-commander.org": {
      "out": {
        "other": 1
      },
      "score": 0.0926
    },
    "www.pjharvey.net": {
      "out": {
        "other": 1
      },
      "score": 0.0926
    },
    "www.uci-cinemas.co.uk": {
      "out": {
        "other": 1
      },
      "score": 0.0926
    },
    "cmus.sf.net": {
      "out": {
        "other": 1
      },
      "score": 0.0926
    },
    "fsk141.com": {
      "out": {
        "other": 1
      },
      "score": 0.0926
    },
    "linuxmint.com": {
      "out": {
        "other": 1
      },
      "score": 0.0926
    },
    "sbcl.org": {
      "out": {
        "other": 1
      },
      "score": 0.0926
    },
    "www.delorie.com": {
      "out": {
        "other": 1
      },
      "score": 0.0926
    },
    "www.easyclasspage.de": {
      "out": {
        "other": 1
      },
      "score": 0.0926
    },
    "www.mathersoflancashire.co.uk": {
      "out": {
        "other": 1
      },
      "score": 0.0926
    },
    "www.mathportal.org": {
      "out": {
        "other": 1
      },
      "score": 0.0926
    },
    "www.nytimes.com": {
      "out": {
        "other": 1
      },
      "score": 0.0926
    },
    "www.octave.org": {
      "out": {
        "other": 1
      },
      "score": 0.0926
    },
    "bankingkismet.wordpress.com": {
      "out": {
        "other": 1
      },
      "score": 0.0926
    },
    "blog.flameeyes.eu": {
      "out": {
        "other": 1
      },
      "score": 0.0926
    },
    "delicious.com": {
      "out": {
        "other": 1
      },
      "score": 0.0926
    },
    "jaspervdj.be": {
      "out": {
        "other": 1
      },
      "score": 0.0926
    },
    "pbrisbin.com": {
      "out": {
        "other": 1
      },
      "score": 0.0926
    },
    "singlespeed2011.wordpress.com": {
      "out": {
        "other": 1
      },
      "score": 0.0926
    },
    "www.bikeradar.com": {
      "out": {
        "other": 1
      },
      "score": 0.0926
    },
    "www.cygwin.com": {
      "out": {
        "other": 1
      },
      "score": 0.0926
    },
    "www.linuxmint.com": {
      "out": {
        "other": 1
      },
      "score": 0.0926
    },
    "www.macba.es": {
      "out": {
        "other": 1
      },
      "score": 0.0926
    },
    "yuck.bandcamp.com": {
      "out": {
        "other": 1
      },
      "score": 0.0926
    },
    "light-reviews.com": {
      "out": {
        "other": 1
      },
      "score": 0.0926
    },
    "nex.scrapping.cc": {
      "out": {
        "other": 1
      },
      "score": 0.0926
    },
    "quotepad.info": {
      "out": {
        "other": 1
      },
      "score": 0.0926
    },
    "the-shoebox.org": {
      "out": {
        "other": 1
      },
      "score": 0.0926
    },
    "www.7dayshop.com": {
      "out": {
        "other": 1
      },
      "score": 0.0926
    },
    "www.everydns.net": {
      "out": {
        "other": 1
      },
      "score": 0.0926
    },
    "www.rudder.com": {
      "out": {
        "other": 1
      },
      "score": 0.0926
    },
    "beanstalkapp.com": {
      "out": {
        "other": 1
      },
      "score": 0.0926
    },
    "erlang.org": {
      "out": {
        "other": 1
      },
      "score": 0.0926
    },
    "gnats.netbsd.org": {
      "out": {
        "other": 1
      },
      "score": 0.0926
    },
    "pages.github.com": {
      "out": {
        "other": 1
      },
      "score": 0.0926
    },
    "peterwhitecycles.com": {
      "out": {
        "other": 1
      },
      "score": 0.0926
    },
    "savedeo.comj": {
      "out": {
        "other": 1
      },
      "score": 0.0926
    },
    "twitter.com/i5m": {
      "out": {
        "other": 1
      },
      "score": 0.0926
    },
    "wiki.archlinux.org": {
      "out": {
        "other": 1
      },
      "score": 0.0926
    },
    "www.archdirect.com": {
      "out": {
        "other": 1
      },
      "score": 0.0926
    },
    "www.audioscrobbler.net": {
      "out": {
        "other": 1
      },
      "score": 0.0926
    },
    "www.dandelionradio.com": {
      "out": {
        "other": 1
      },
      "score": 0.0926
    },
    "www.ekmpowershop8.com": {
      "out": {
        "other": 1
      },
      "score": 0.0926
    },
    "www.elinks.cz": {
      "out": {
        "other": 1
      },
      "score": 0.0926
    },
    "www.oup.com": {
      "out": {
        "other": 1
      },
      "score": 0.0926
    },
    "archive.org": {
      "out": {
        "other": 1
      },
      "score": 0.0926
    },
    "danielchoi.com": {
      "out": {
        "other": 1
      },
      "score": 0.0926
    },
    "thomas.pelletier.im": {
      "out": {
        "other": 1
      },
      "score": 0.0926
    },
    "www.asdamobile.com": {
      "out": {
        "other": 1
      },
      "score": 0.0926
    },
    "www.beincorporated.com": {
      "out": {
        "other": 1
      },
      "score": 0.0926
    },
    "www.cprogramming.com": {
      "out": {
        "other": 1
      },
      "score": 0.0926
    },
    "www.justthrive.com": {
      "out": {
        "other": 1
      },
      "score": 0.0926
    },
    "www.lastpass.com": {
      "out": {
        "other": 1
      },
      "score": 0.0926
    },
    "www.pawridge.co.uk": {
      "out": {
        "other": 1
      },
      "score": 0.0926
    },
    "www.ridemonkey.com": {
      "out": {
        "other": 1
      },
      "score": 0.0926
    },
    "alancolville.org": {
      "out": {
        "other": 1
      },
      "score": 0.0926
    },
    "awkwardfamilyphotos.com": {
      "out": {
        "other": 1
      },
      "score": 0.0926
    },
    "forum.jquery.com": {
      "out": {
        "other": 1
      },
      "score": 0.0926
    },
    "gaarai.com": {
      "out": {
        "other": 1
      },
      "score": 0.0926
    },
    "judofyr.net": {
      "out": {
        "other": 1
      },
      "score": 0.0926
    },
    "project-osrm.org": {
      "out": {
        "other": 1
      },
      "score": 0.0926
    },
    "twitter.com/kuy": {
      "out": {
        "other": 1
      },
      "score": 0.0926
    },
    "www.audiobullys.com": {
      "out": {
        "other": 1
      },
      "score": 0.0926
    },
    "www.cyclingtipsblog.com": {
      "out": {
        "other": 1
      },
      "score": 0.0926
    },
    "www.quicklisp.org": {
      "out": {
        "other": 1
      },
      "score": 0.0926
    },
    "exiv2.org": {
      "out": {
        "other": 1
      },
      "score": 0.0926
    },
    "technet.microsoft.com": {
      "out": {
        "other": 1
      },
      "score": 0.0926
    },
    "www.4square.co.uk": {
      "out": {
        "other": 1
      },
      "score": 0.0926
    },
    "www.costaricacoffeeart.com": {
      "out": {
        "other": 1
      },
      "score": 0.0926
    },
    "www.dubstepforum.com": {
      "out": {
        "other": 1
      },
      "score": 0.0926
    },
    "www.edbott.com": {
      "out": {
        "other": 1
      },
      "score": 0.0926
    },
    "www.fadingred.org": {
      "out": {
        "other": 1
      },
      "score": 0.0926
    },
    "www.iwascoding.com": {
      "out": {
        "other": 1
      },
      "score": 0.0926
    },
    "www.kickstarter.com": {
      "out": {
        "other": 1
      },
      "score": 0.0926
    },
    "www.lightsgoblue.com": {
      "out": {
        "other": 1
      },
      "score": 0.0926
    },
    "www.pinboard.in": {
      "out": {
        "other": 1
      },
      "score": 0.0926
    },
    "www.richmondreview.co.uk": {
      "out": {
        "other": 1
      },
      "score": 0.0926
    },
    "www.sublimetext.com": {
      "out": {
        "other": 1
      },
      "score": 0.0926
    },
    "www.vipan.com": {
      "out": {
        "other": 1
      },
      "score": 0.0926
    },
    "bbs.archlinux.org": {
      "out": {
        "other": 1
      },
      "score": 0.0926
    },
    "mic.com": {
      "out": {
        "other": 1
      },
      "score": 0.0926
    },
    "tumblephone.com": {
      "out": {
        "other": 1
      },
      "score": 0.0926
    },
    "www.daemon-systems.org": {
      "out": {
        "other": 1
      },
      "score": 0.0926
    },
    "code.flickr.net": {
      "out": {
        "other": 1
      },
      "score": 0.0926
    },
    "code.newtypography.co.uk": {
      "out": {
        "other": 1
      },
      "score": 0.0926
    },
    "codezen.org": {
      "out": {
        "other": 1
      },
      "score": 0.0926
    },
    "forums.mtbr.com": {
      "out": {
        "other": 1
      },
      "score": 0.0926
    },
    "randomlearningnotes.wordpress.com": {
      "out": {
        "other": 1
      },
      "score": 0.0926
    },
    "www.imagemagick.org": {
      "out": {
        "other": 1
      },
      "score": 0.0926
    },
    "www.moreintelligentlife.com": {
      "out": {
        "other": 1
      },
      "score": 0.0926
    }
  }
}