{
  "domain": "auggernaut.com",
  "urls": [
    "http://auggernaut.com/"
  ],
  "names": [
    "Auggernaut "
  ],
  "descriptions": [],
  "pictures": [],
  "hcard": {},
  "rel_mes": [
    "https://twitter.com/augustinbralley",
    "https://github.com/auggernaut",
    "https://plus.google.com/+augustinbralley",
    "http://facebook.com/abralley"
  ],
  "crawl_start": "2017-06-09T17:33:36",
  "crawl_end": "2017-06-09T17:33:46",
  "num_pages": 25,
  "total_html_size": 614351,
  "servers": [
    "nginx",
    "WordPress"
  ],
  "mf2_classes": [
    "h-entry",
    "h-card"
  ],
  "tags": [
    "relme",
    "WordPress"
  ],
  "endpoints": {},
  "links_out": 193,
  "links_in": 13,
  "links": {
    "github.com": {
      "out": {
        "other": 30
      },
      "score": 1
    },
    "twitter.com/augustinbralley": {
      "out": {
        "other": 26
      },
      "score": 0.966
    },
    "facebook.com/abralley": {
      "out": {
        "other": 26
      },
      "score": 0.966
    },
    "plus.google.com/+augustinbralley": {
      "out": {
        "other": 25
      },
      "score": 0.956
    },
    "www.datacosmos.com": {
      "out": {
        "other": 7
      },
      "score": 0.645
    },
    "pipeapp.co": {
      "out": {
        "other": 7
      },
      "score": 0.645
    },
    "www.amazon.com": {
      "out": {
        "other": 7
      },
      "score": 0.645
    },
    "bartaz.github.com": {
      "out": {
        "other": 7
      },
      "score": 0.645
    },
    "lockerproject.org": {
      "out": {
        "other": 6
      },
      "score": 0.606
    },
    "nodejs.org": {
      "out": {
        "other": 6
      },
      "score": 0.606
    },
    "www.burningman.com": {
      "out": {
        "other": 6
      },
      "score": 0.606
    },
    "indieweb.org": {
      "in": {
        "other": 10
      },
      "score": 0.562
    },
    "www.youtube.com": {
      "out": {
        "other": 3
      },
      "score": 0.438
    },
    "blog.singly.com": {
      "out": {
        "other": 3
      },
      "score": 0.438
    },
    "datacosmos.com": {
      "out": {
        "other": 2
      },
      "score": 0.340
    },
    "givego.co": {
      "out": {
        "other": 2
      },
      "score": 0.340
    },
    "chat.indieweb.org": {
      "in": {
        "other": 3
      },
      "score": 0.269
    },
    "www.imagemagick.org": {
      "out": {
        "other": 1
      },
      "score": 0.169
    },
    "www.addyosmani.com": {
      "out": {
        "other": 1
      },
      "score": 0.169
    },
    "www.walmart.com": {
      "out": {
        "other": 1
      },
      "score": 0.169
    },
    "hnrankings.info": {
      "out": {
        "other": 1
      },
      "score": 0.169
    },
    "webchat.freenode.net": {
      "out": {
        "other": 1
      },
      "score": 0.169
    },
    "www.dhamma.org": {
      "out": {
        "other": 1
      },
      "score": 0.169
    },
    "www.sublimetext.com": {
      "out": {
        "other": 1
      },
      "score": 0.169
    },
    "localhost": {
      "out": {
        "other": 1
      },
      "score": 0.169
    },
    "gmail.com": {
      "out": {
        "other": 1
      },
      "score": 0.169
    },
    "blog.lockerproject.org": {
      "out": {
        "other": 1
      },
      "score": 0.169
    },
    "developer.mozilla.org": {
      "out": {
        "other": 1
      },
      "score": 0.169
    },
    "dooing.org": {
      "out": {
        "other": 1
      },
      "score": 0.169
    },
    "robdodson.me": {
      "out": {
        "other": 1
      },
      "score": 0.169
    },
    "dl.dropbox.com": {
      "out": {
        "other": 1
      },
      "score": 0.169
    },
    "twitter.com/dmragone": {
      "out": {
        "other": 1
      },
      "score": 0.169
    },
    "help.github.com": {
      "out": {
        "other": 1
      },
      "score": 0.169
    },
    "www.foundrygroup.com": {
      "out": {
        "other": 1
      },
      "score": 0.169
    },
    "wandering-through-time-and-place.me": {
      "out": {
        "other": 1
      },
      "score": 0.169
    },
    "www.strangecosmos.com": {
      "out": {
        "other": 1
      },
      "score": 0.169
    },
    "gigaom.com": {
      "out": {
        "other": 1
      },
      "score": 0.169
    },
    "twitter.com/surgemd": {
      "out": {
        "other": 1
      },
      "score": 0.169
    },
    "www.singly.com": {
      "out": {
        "other": 1
      },
      "score": 0.169
    },
    "hynesva.com": {
      "out": {
        "other": 1
      },
      "score": 0.169
    },
    "safe-forest-3356.herokuapp.com": {
      "out": {
        "other": 1
      },
      "score": 0.169
    },
    "www.lowes.com": {
      "out": {
        "other": 1
      },
      "score": 0.169
    },
    "www.usepipe.com": {
      "out": {
        "other": 1
      },
      "score": 0.169
    },
    "en.wikipedia.org": {
      "out": {
        "other": 1
      },
      "score": 0.169
    },
    "www.speakerconfessions.com": {
      "out": {
        "other": 1
      },
      "score": 0.169
    },
    "twitter.com/sinak": {
      "out": {
        "other": 1
      },
      "score": 0.169
    },
    "www.dailymotion.com": {
      "out": {
        "other": 1
      },
      "score": 0.169
    }
  }
}