{
  "domain": "auli.haldjas.org",
  "urls": [
    "http://auli.haldjas.org/"
  ],
  "names": [
    "Auli Kütt",
    "Aul"
  ],
  "descriptions": [
    "Aul, -i, zool., (Estonian for) Clangula hyemalis, a medium-sized migratory sea duck wintering along coastal northern Europe."
  ],
  "pictures": [
    "http://www.gravatar.com/avatar/353b5dd542a54df77123a023840774eb?s=150"
  ],
  "hcard": {
    "children": [
      {
        "properties": {
          "name": [
            "Summon the Coatsy"
          ],
          "summary": [
            "Interview with John Coatsworth, the marketing specialist for the cleanup action of Clean Across Nova Scotia (as part of the World Cleanup 2012 project). Discussing the clean tag campaign of CANS, volunteering in Canada, consumerism, waste problems and guerilla marketing in general."
          ]
        },
        "type": [
          "h-entry"
        ]
      },
      {
        "properties": {
          "name": [
            "Shamengo"
          ],
          "summary": [
            "They are people who have come upon incredible ideas; people who do something for their community and environment. They might have started small and found a lot of resistance, but kept going and turned out into something big."
          ]
        },
        "type": [
          "h-entry"
        ]
      }
    ],
    "properties": {
      "email": [
        "mailto:kiri@haldjas.org"
      ],
      "name": [
        "Auli Kütt"
      ],
      "note": [
        "Aul, -i, zool., (Estonian for) Clangula hyemalis, a medium-sized migratory sea duck wintering along coastal northern Europe."
      ],
      "photo": [
        "http://www.gravatar.com/avatar/353b5dd542a54df77123a023840774eb?s=150"
      ],
      "url": [
        "http://auli.haldjas.org/"
      ]
    },
    "type": [
      "h-card"
    ]
  },
  "rel_mes": [
    "https://github.com/kirilind",
    "https://twitter.com/kirilind",
    "mailto:kiri@haldjas.org",
    "https://facebook.com/haldjas",
    "https://linkedin.com/in/aulikytt"
  ],
  "crawl_start": "2017-04-23T22:42:53",
  "crawl_end": "2017-04-23T22:42:57",
  "num_pages": 6,
  "total_html_size": 57853,
  "servers": [
    "GitHub.com",
    "Bootply"
  ],
  "mf2_classes": [
    "h-entry",
    "h-card"
  ],
  "tags": [
    "relme",
    "IRC"
  ],
  "endpoints": {},
  "links_out": 54,
  "links_in": 923,
  "links": {
    "kirilind.withknown.com": {
      "in": {
        "other": 902
      },
      "score": 1
    },
    "www.youtube.com": {
      "out": {
        "other": 7
      },
      "score": 0.388
    },
    "indieweb.org": {
      "in": {
        "other": 14
      },
      "score": 0.388
    },
    "linkedin.com": {
      "out": {
        "other": 6
      },
      "score": 0.365
    },
    "haldjas.org": {
      "out": {
        "other": 6
      },
      "score": 0.365
    },
    "github.com": {
      "out": {
        "other": 6
      },
      "score": 0.365
    },
    "twitter.com/kirilind": {
      "out": {
        "other": 6
      },
      "score": 0.365
    },
    "facebook.com/haldjas": {
      "out": {
        "other": 6
      },
      "score": 0.365
    },
    "chat.indieweb.org": {
      "in": {
        "other": 6
      },
      "score": 0.263
    },
    "twitter.com/share": {
      "out": {
        "other": 2
      },
      "score": 0.204
    },
    "facebook.com/sharer": {
      "out": {
        "other": 2
      },
      "score": 0.204
    },
    "wic2014.mimuw.edu.pl": {
      "out": {
        "other": 1
      },
      "score": 0.102
    },
    "facebook.com/shamengo1": {
      "out": {
        "other": 1
      },
      "score": 0.102
    },
    "jekyllrb.com": {
      "out": {
        "other": 1
      },
      "score": 0.102
    },
    "www.shamengo.com": {
      "out": {
        "other": 1
      },
      "score": 0.102
    },
    "notes.3kbo.com": {
      "out": {
        "other": 1
      },
      "score": 0.102
    },
    "facebook.com/shamengo": {
      "out": {
        "other": 1
      },
      "score": 0.102
    },
    "www.bootply.com": {
      "out": {
        "other": 1
      },
      "score": 0.102
    },
    "dbtek.github.io": {
      "out": {
        "other": 1
      },
      "score": 0.102
    },
    "snarfed.org": {
      "out": {
        "other": 1
      },
      "score": 0.102
    },
    "indiewebify.me": {
      "out": {
        "other": 1
      },
      "score": 0.102
    },
    "redecentralize.org": {
      "out": {
        "other": 1
      },
      "score": 0.102
    },
    "indiewebcamp.com": {
      "out": {
        "other": 1
      },
      "score": 0.102
    },
    "twitter.com/shamengo": {
      "out": {
        "other": 1
      },
      "score": 0.102
    },
    "profile.daha.co.uk": {
      "in": {
        "other": 1
      },
      "score": 0
    }
  }
}