{
  "domain": "auth.sanchitkarve.com",
  "urls": [
    "http://auth.sanchitkarve.com/"
  ],
  "names": [
    "Sanchit Karve"
  ],
  "descriptions": [],
  "pictures": [],
  "hcard": {},
  "rel_mes": [
    "https://twitter.com/born2c0de",
    "http://www.flickr.com/photos/b2c",
    "https://github.com/born2c0de"
  ],
  "crawl_start": "2017-06-09T17:33:37",
  "crawl_end": "2017-06-09T17:33:37",
  "num_pages": 1,
  "total_html_size": 4897,
  "servers": [
    "Apache"
  ],
  "tags": [
    "relme"
  ],
  "endpoints": {},
  "links_out": 16,
  "links_in": 3,
  "links": {
    "www.sanchitkarve.com": {
      "out": {
        "other": 3
      },
      "score": 1
    },
    "www.dreamincode.net": {
      "out": {
        "other": 2
      },
      "score": 0.777
    },
    "indieweb.org": {
      "in": {
        "other": 2
      },
      "score": 0.387
    },
    "github.com": {
      "out": {
        "other": 1
      },
      "score": 0.387
    },
    "www.linkedin.com": {
      "out": {
        "other": 1
      },
      "score": 0.387
    },
    "validator.w3.org": {
      "out": {
        "other": 1
      },
      "score": 0.387
    },
    "twitter.com/born2c0de": {
      "out": {
        "other": 1
      },
      "score": 0.387
    },
    "www.flickr.com": {
      "out": {
        "other": 1
      },
      "score": 0.387
    },
    "www.last.fm": {
      "out": {
        "other": 1
      },
      "score": 0.387
    },
    "www.orkut.com": {
      "out": {
        "other": 1
      },
      "score": 0.387
    },
    "www.sports-tracker.com": {
      "out": {
        "other": 1
      },
      "score": 0.387
    },
    "facebook.com/sanchit.karve": {
      "out": {
        "other": 1
      },
      "score": 0.387
    },
    "gamercard.xbox.com": {
      "out": {
        "other": 1
      },
      "score": 0.387
    },
    "plus.google.com/110603478331593663602": {
      "out": {
        "other": 1
      },
      "score": 0.387
    },
    "chat.indieweb.org": {
      "in": {
        "other": 1
      },
      "score": 0
    }
  }
}