{
  "domain": "avada.kr",
  "urls": [
    "https://avada.kr/"
  ],
  "names": [
    "Wordpress | AVADA.KR - 워드프레스",
    "AVADA.KR - 워드프레스"
  ],
  "descriptions": [
    "워드프레스 설치, 메뉴얼, SEO,속도,플러그인, 테마,사용법 - wordpress ,theme, plugins, menual,using tip,speed, and avada theme"
  ],
  "pictures": [
    "https://avada.kr/wrps/wp-content/uploads/2014/08/favicon.ico",
    "https://avada.kr/wrps/wp-content/uploads/2014/01/avadakr_main_logo_2x.png"
  ],
  "hcard": {},
  "rel_mes": [],
  "crawl_start": "2017-04-27T07:52:39",
  "crawl_end": "2017-04-27T08:30:54",
  "num_pages": 1579,
  "total_html_size": 325968336,
  "servers": [
    "nginx",
    "Powered by LayerSlider - Multi-Purpose, Responsive, Parallax, Mobile-Friendly Slider Plugin for WordPress."
  ],
  "mf2_classes": [
    "h-as-reply",
    "h-entry",
    "h-as-mention",
    "h-card"
  ],
  "tags": [
    "bridgy",
    "webmention"
  ],
  "endpoints": {
    "webmention": [
      "https://avada.kr/wp-json/webmention/1.0/endpoint"
    ]
  },
  "links_out": 5243,
  "links_in": 75,
  "links": {
    "wpbox.kr": {
      "out": {
        "other": 3522
      },
      "score": 1
    },
    "facebook.com/groups": {
      "out": {
        "other": 1527
      },
      "score": 0.905
    },
    "www.youtube.com": {
      "out": {
        "other": 63
      },
      "score": 0.546
    },
    "avada.theme-fusion.com": {
      "out": {
        "other": 63
      },
      "score": 0.546
    },
    "doplay.kr": {
      "in": {
        "other": 53
      },
      "score": 0.448
    },
    "brid.gy": {
      "in": {
        "other": 22
      },
      "score": 0.349
    },
    "theme-fusion.com": {
      "out": {
        "other": 8
      },
      "score": 0.313
    },
    "facebook.com/233791886819999": {
      "out": {
        "other": 6
      },
      "score": 0.280
    },
    "enniomorricone.kr": {
      "out": {
        "other": 5
      },
      "score": 0.260
    },
    "facebook.com/830285983756161": {
      "out": {
        "other": 5
      },
      "score": 0.260
    },
    "themeforest.net": {
      "out": {
        "other": 4
      },
      "score": 0.235
    },
    "class.wpbox.kr": {
      "out": {
        "other": 3
      },
      "score": 0.202
    },
    "codecanyon.net": {
      "out": {
        "other": 3
      },
      "score": 0.202
    },
    "wordpress.org": {
      "out": {
        "other": 3
      },
      "score": 0.202
    },
    "alextip.com": {
      "out": {
        "other": 2
      },
      "score": 0.157
    },
    "catholiclife.kr": {
      "out": {
        "other": 2
      },
      "score": 0.157
    },
    "bhr001.cafe24.com": {
      "out": {
        "other": 2
      },
      "score": 0.157
    },
    "raonhaje2013.cafe24.com": {
      "out": {
        "other": 2
      },
      "score": 0.157
    },
    "aurazi.co.kr": {
      "out": {
        "other": 2
      },
      "score": 0.157
    },
    "naver.com": {
      "out": {
        "other": 2
      },
      "score": 0.157
    },
    "djplatech.co.kr": {
      "out": {
        "other": 2
      },
      "score": 0.157
    },
    "simone3187.cafe24.com": {
      "out": {
        "other": 2
      },
      "score": 0.157
    },
    "studiomid.com": {
      "out": {
        "other": 2
      },
      "score": 0.157
    },
    "needsdesign.kr": {
      "out": {
        "other": 2
      },
      "score": 0.157
    },
    "swingmybaby.com": {
      "out": {
        "other": 2
      },
      "score": 0.157
    },
    "neostyle.kr": {
      "out": {
        "other": 2
      },
      "score": 0.157
    },
    "toprun.yoopd.com": {
      "out": {
        "other": 2
      },
      "score": 0.157
    },
    "www.phpmyadmin.net": {
      "out": {
        "other": 1
      },
      "score": 0.0782
    },
    "gmail.com": {
      "out": {
        "other": 1
      },
      "score": 0.0782
    },
    "www.editplus.com": {
      "out": {
        "other": 1
      },
      "score": 0.0782
    },
    "www.dropbox.com": {
      "out": {
        "other": 1
      },
      "score": 0.0782
    },
    "developers.facebook.com": {
      "out": {
        "other": 1
      },
      "score": 0.0782
    }
  }
}