{
  "domain": "averymiller.org",
  "urls": [
    "http://averymiller.org/"
  ],
  "names": [
    "Avery Miller"
  ],
  "descriptions": [],
  "pictures": [
    "https://the-grid-user-content.s3-us-west-2.amazonaws.com/8d44d224-9bb2-4411-957c-0853fe701939.jpg"
  ],
  "hcard": {},
  "rel_mes": [],
  "crawl_start": "2017-04-30T01:57:40",
  "crawl_end": "2017-04-30T01:58:13",
  "num_pages": 10,
  "total_html_size": 1929342,
  "servers": [
    "The Grid the-composer/ds-nj/"
  ],
  "mf2_classes": [
    "h-3rem",
    "h-a",
    "h-100p",
    "h-4rem",
    "h-2rem",
    "h-1rem"
  ],
  "tags": [],
  "endpoints": {},
  "links_out": 205,
  "links_in": 4,
  "links": {
    "www.youtube.com": {
      "out": {
        "other": 81
      },
      "score": 1
    },
    "index.html": {
      "out": {
        "other": 30
      },
      "score": 0.804
    },
    "twitter.com/averybmiller": {
      "out": {
        "other": 20
      },
      "score": 0.725
    },
    "avery-miller-2017-demo-reel": {
      "out": {
        "other": 13
      },
      "score": 0.640
    },
    "vid.me": {
      "out": {
        "other": 10
      },
      "score": 0.589
    },
    "shop.spreadshirt.com": {
      "out": {
        "other": 10
      },
      "score": 0.589
    },
    "en.wikipedia.org": {
      "out": {
        "other": 8
      },
      "score": 0.544
    },
    "www.AveryMiller.org": {
      "out": {
        "other": 7
      },
      "score": 0.519
    },
    "my-proposal-for-a-martian-flag": {
      "out": {
        "other": 4
      },
      "score": 0.409
    },
    "youtu.be": {
      "out": {
        "other": 3
      },
      "score": 0.352
    },
    "weird-zootopia-games": {
      "out": {
        "other": 2
      },
      "score": 0.273
    },
    "cat-and-me": {
      "out": {
        "other": 2
      },
      "score": 0.273
    },
    "some-of-my-favorite-coins": {
      "out": {
        "other": 2
      },
      "score": 0.273
    },
    "thunderpaw-and-how-sadness-drives-creativity": {
      "out": {
        "other": 2
      },
      "score": 0.273
    },
    "night-in-the-woods-game-glitch": {
      "out": {
        "other": 2
      },
      "score": 0.273
    },
    "commons.wikimedia.org": {
      "out": {
        "other": 1
      },
      "score": 0.136
    },
    "www.nasa.gov": {
      "out": {
        "other": 1
      },
      "score": 0.136
    },
    "www.flagofplanetearth.com": {
      "out": {
        "other": 1
      },
      "score": 0.136
    },
    "whatisfurry.org": {
      "out": {
        "other": 1
      },
      "score": 0.136
    },
    "indieweb.org": {
      "in": {
        "other": 2
      },
      "score": 0.136
    },
    "super-mario-run-game-glitch": {
      "out": {
        "other": 1
      },
      "score": 0.136
    },
    "rss.xml": {
      "out": {
        "other": 1
      },
      "score": 0.136
    },
    "the-mysterious-history-of-rob-czar": {
      "out": {
        "other": 1
      },
      "score": 0.136
    },
    "www.patreon.com": {
      "out": {
        "other": 1
      },
      "score": 0.136
    },
    "thunderpaw.co": {
      "out": {
        "other": 1
      },
      "score": 0.136
    },
    "chat.indieweb.org": {
      "in": {
        "other": 1
      },
      "score": 0
    },
    "brid.gy": {
      "in": {
        "other": 1
      },
      "score": 0
    }
  }
}