{
  "domain": "avinash.com.np",
  "urls": [
    "http://avinash.com.np/"
  ],
  "names": [
    "Avinash's Blog"
  ],
  "descriptions": [],
  "pictures": [
    "http://avinash.com.np/favicon.ico"
  ],
  "hcard": {},
  "rel_mes": [
    "mailto:avinash@avinash.com.np"
  ],
  "crawl_start": "2017-06-09T17:33:37",
  "crawl_end": "2017-06-09T17:34:18",
  "num_pages": 85,
  "total_html_size": 467218,
  "servers": [
    "GitHub.com"
  ],
  "tags": [
    "relme"
  ],
  "endpoints": {},
  "links_out": 316,
  "links_in": 6,
  "links": {
    "bm.avinash.com.np": {
      "out": {
        "other": 85
      },
      "score": 1
    },
    "disqus.com": {
      "out": {
        "other": 34
      },
      "score": 0.821
    },
    "developer.mozilla.org": {
      "out": {
        "other": 31
      },
      "score": 0.804
    },
    "github.com": {
      "out": {
        "other": 26
      },
      "score": 0.768
    },
    "www.flickr.com": {
      "out": {
        "other": 23
      },
      "score": 0.745
    },
    "avinash.me": {
      "out": {
        "other": 12
      },
      "score": 0.619
    },
    "hacks.mozilla.org": {
      "out": {
        "other": 12
      },
      "score": 0.619
    },
    "webmaker.org": {
      "out": {
        "other": 8
      },
      "score": 0.539
    },
    "people.mozilla.com": {
      "out": {
        "other": 6
      },
      "score": 0.482
    },
    "www.html5rocks.com": {
      "out": {
        "other": 6
      },
      "score": 0.482
    },
    "addyosmani.com": {
      "out": {
        "other": 5
      },
      "score": 0.447
    },
    "developer.apple.com": {
      "out": {
        "other": 5
      },
      "score": 0.447
    },
    "andrew.hedges.name": {
      "out": {
        "other": 5
      },
      "score": 0.447
    },
    "www.codinghorror.com": {
      "out": {
        "other": 5
      },
      "score": 0.447
    },
    "addons.mozilla.org": {
      "out": {
        "other": 4
      },
      "score": 0.405
    },
    "www.kalpapathum.blogspot.com": {
      "out": {
        "other": 4
      },
      "score": 0.405
    },
    "ashickur-noor.me": {
      "out": {
        "other": 4
      },
      "score": 0.405
    },
    "www.wired.com": {
      "out": {
        "other": 4
      },
      "score": 0.405
    },
    "mythrobin.com": {
      "out": {
        "other": 4
      },
      "score": 0.405
    },
    "priyankaivy.blogspot.in": {
      "out": {
        "other": 4
      },
      "score": 0.405
    },
    "en.wikipedia.org": {
      "out": {
        "other": 4
      },
      "score": 0.405
    },
    "adactio.com": {
      "in": {
        "other": 6
      },
      "score": 0.348
    },
    "gist.github.com": {
      "out": {
        "other": 3
      },
      "score": 0.348
    },
    "deployd.com": {
      "out": {
        "other": 3
      },
      "score": 0.348
    },
    "twitter.com/search": {
      "out": {
        "other": 3
      },
      "score": 0.348
    },
    "twitter.com/hardfire": {
      "out": {
        "other": 2
      },
      "score": 0.270
    },
    "developersnepal.herokuapp.com": {
      "out": {
        "other": 2
      },
      "score": 0.270
    },
    "www.thenational.ae": {
      "out": {
        "other": 2
      },
      "score": 0.270
    },
    "facebook.com/hardfire": {
      "out": {
        "other": 2
      },
      "score": 0.270
    },
    "explicitgene.files.wordpress.com": {
      "out": {
        "other": 2
      },
      "score": 0.270
    },
    "www.pantone.com": {
      "out": {
        "other": 1
      },
      "score": 0.135
    },
    "html5doctor.com": {
      "out": {
        "other": 1
      },
      "score": 0.135
    },
    "facebook.com/hikefornepal": {
      "out": {
        "other": 1
      },
      "score": 0.135
    },
    "www.econ.yale.edu": {
      "out": {
        "other": 1
      },
      "score": 0.135
    },
    "www.africa.upenn.edu": {
      "out": {
        "other": 1
      },
      "score": 0.135
    },
    "davidwalsh.name": {
      "out": {
        "other": 1
      },
      "score": 0.135
    }
  }
}