{
  "domain": "ayak.org",
  "urls": [
    "http://ayak.org/"
  ],
  "names": [
    "ayak.org"
  ],
  "descriptions": [],
  "pictures": [],
  "hcard": {},
  "rel_mes": [],
  "crawl_start": "2017-04-27T07:52:38",
  "crawl_end": "2017-04-27T07:52:38",
  "num_pages": 1,
  "total_html_size": 5,
  "servers": [
    "Apache"
  ],
  "tags": [
    "bridgy"
  ],
  "endpoints": {},
  "links_out": 0,
  "links_in": 6,
  "links": {
    "brid.gy": {
      "in": {
        "other": 6
      },
      "score": 1
    }
  }
}