{
  "domain": "baer.works",
  "urls": [
    "https://baer.works/"
  ],
  "names": [
    "Matt Baer",
    "bär works."
  ],
  "descriptions": [
    "Baer works — a place for the long-form musings of Matt Baer, a software developer."
  ],
  "pictures": [
    "https://baer.works/image/b.png",
    "https://baer.works/favicon-32x32.png",
    "https://baer.works/android-chrome-192x192.png",
    "https://baer.works/favicon-96x96.png",
    "https://baer.works/favicon-16x16.png"
  ],
  "hcard": {
    "properties": {
      "name": [
        "Matt Baer"
      ],
      "photo": [
        "https://baer.works/image/b.png"
      ],
      "url": [
        "https://baer.works/"
      ]
    },
    "type": [
      "h-card"
    ]
  },
  "rel_mes": [
    "https://twitter.com/ilikebeans",
    "https://github.com/thebaer",
    "https://baer.works/"
  ],
  "crawl_start": "2017-04-23T22:43:00",
  "crawl_end": "2017-04-23T22:43:04",
  "num_pages": 6,
  "total_html_size": 35811,
  "servers": [
    "nginx"
  ],
  "mf2_classes": [
    "h-card"
  ],
  "tags": [
    "relme",
    "IRC"
  ],
  "endpoints": {},
  "links_out": 81,
  "links_in": 8,
  "links": {
    "www.youtube.com": {
      "out": {
        "other": 8
      },
      "score": 1
    },
    "github.com": {
      "out": {
        "other": 4
      },
      "score": 0.751
    },
    "write.as": {
      "out": {
        "other": 3
      },
      "score": 0.646
    },
    "nautil.us": {
      "out": {
        "other": 2
      },
      "score": 0.502
    },
    "indieweb.org": {
      "in": {
        "other": 4
      },
      "score": 0.502
    },
    "www.nytimes.com": {
      "out": {
        "other": 2
      },
      "score": 0.502
    },
    "theintercept.com": {
      "out": {
        "other": 2
      },
      "score": 0.502
    },
    "aeon.co": {
      "out": {
        "other": 2
      },
      "score": 0.502
    },
    "chat.indieweb.org": {
      "in": {
        "other": 4
      },
      "score": 0.502
    },
    "lithub.com": {
      "out": {
        "other": 1
      },
      "score": 0.250
    },
    "pitchfork.com": {
      "out": {
        "other": 1
      },
      "score": 0.250
    },
    "tvuol.uol.com.br": {
      "out": {
        "other": 1
      },
      "score": 0.250
    },
    "twitter.com/ilikebeans": {
      "out": {
        "other": 1
      },
      "score": 0.250
    },
    "alexcabal.com": {
      "out": {
        "other": 1
      },
      "score": 0.250
    },
    "thelongandshort.org": {
      "out": {
        "other": 1
      },
      "score": 0.250
    },
    "www.motherjones.com": {
      "out": {
        "other": 1
      },
      "score": 0.250
    },
    "carolblack.org": {
      "out": {
        "other": 1
      },
      "score": 0.250
    },
    "www.xpace.info": {
      "out": {
        "other": 1
      },
      "score": 0.250
    },
    "blogs.wsj.com": {
      "out": {
        "other": 1
      },
      "score": 0.250
    },
    "www.theverge.com": {
      "out": {
        "other": 1
      },
      "score": 0.250
    },
    "hintjens.com": {
      "out": {
        "other": 1
      },
      "score": 0.250
    },
    "fermatslibrary.com": {
      "out": {
        "other": 1
      },
      "score": 0.250
    },
    "hobbyearth.com": {
      "out": {
        "other": 1
      },
      "score": 0.250
    },
    "themacro.com": {
      "out": {
        "other": 1
      },
      "score": 0.250
    },
    "www.remoteyear.com": {
      "out": {
        "other": 1
      },
      "score": 0.250
    },
    "www.vox.com": {
      "out": {
        "other": 1
      },
      "score": 0.250
    },
    "notational.net": {
      "out": {
        "other": 1
      },
      "score": 0.250
    },
    "samnewman.io": {
      "out": {
        "other": 1
      },
      "score": 0.250
    },
    "html.house": {
      "out": {
        "other": 1
      },
      "score": 0.250
    },
    "www.themediabriefing.com": {
      "out": {
        "other": 1
      },
      "score": 0.250
    },
    "www.commentarymagazine.com": {
      "out": {
        "other": 1
      },
      "score": 0.250
    },
    "blog.burntsushi.net": {
      "out": {
        "other": 1
      },
      "score": 0.250
    },
    "sidbala.com": {
      "out": {
        "other": 1
      },
      "score": 0.250
    },
    "www.scu.edu": {
      "out": {
        "other": 1
      },
      "score": 0.250
    },
    "medium.com": {
      "out": {
        "other": 1
      },
      "score": 0.250
    },
    "motherboard.vice.com": {
      "out": {
        "other": 1
      },
      "score": 0.250
    },
    "www.winstonchurchill.org": {
      "out": {
        "other": 1
      },
      "score": 0.250
    },
    "www.ribbonfarm.com": {
      "out": {
        "other": 1
      },
      "score": 0.250
    },
    "about.usps.com": {
      "out": {
        "other": 1
      },
      "score": 0.250
    },
    "arstechnica.com": {
      "out": {
        "other": 1
      },
      "score": 0.250
    },
    "signalvnoise.com": {
      "out": {
        "other": 1
      },
      "score": 0.250
    },
    "20khz.gizmodo.com": {
      "out": {
        "other": 1
      },
      "score": 0.250
    },
    "allegro.tech": {
      "out": {
        "other": 1
      },
      "score": 0.250
    },
    "mattbaer.io": {
      "out": {
        "other": 1
      },
      "score": 0.250
    },
    "zachholman.com": {
      "out": {
        "other": 1
      },
      "score": 0.250
    },
    "miter.mit.edu": {
      "out": {
        "other": 1
      },
      "score": 0.250
    },
    "keybase.io": {
      "out": {
        "other": 1
      },
      "score": 0.250
    },
    "nadim.computer": {
      "out": {
        "other": 1
      },
      "score": 0.250
    },
    "www.politico.com": {
      "out": {
        "other": 1
      },
      "score": 0.250
    },
    "deep.design": {
      "out": {
        "other": 1
      },
      "score": 0.250
    },
    "www.davidbrin.com": {
      "out": {
        "other": 1
      },
      "score": 0.250
    },
    "www.telegraph-office.com": {
      "out": {
        "other": 1
      },
      "score": 0.250
    },
    "www.theatlantic.com": {
      "out": {
        "other": 1
      },
      "score": 0.250
    },
    "digitalmateriality.com": {
      "out": {
        "other": 1
      },
      "score": 0.250
    },
    "snap.as": {
      "out": {
        "other": 1
      },
      "score": 0.250
    },
    "scripting.com": {
      "out": {
        "other": 1
      },
      "score": 0.250
    },
    "codewords.recurse.com": {
      "out": {
        "other": 1
      },
      "score": 0.250
    },
    "web.media.mit.edu": {
      "out": {
        "other": 1
      },
      "score": 0.250
    },
    "youtu.be": {
      "out": {
        "other": 1
      },
      "score": 0.250
    },
    "www.troyhunt.com": {
      "out": {
        "other": 1
      },
      "score": 0.250
    },
    "newrepublic.com": {
      "out": {
        "other": 1
      },
      "score": 0.250
    },
    "shouldvestayedhome": {
      "out": {
        "other": 1
      },
      "score": 0.250
    },
    "www.theinertia.com": {
      "out": {
        "other": 1
      },
      "score": 0.250
    },
    "vimeo.com": {
      "out": {
        "other": 1
      },
      "score": 0.250
    },
    "www.atariarchives.org": {
      "out": {
        "other": 1
      },
      "score": 0.250
    },
    "www.complex.com": {
      "out": {
        "other": 1
      },
      "score": 0.250
    },
    "www.straightdope.com": {
      "out": {
        "other": 1
      },
      "score": 0.250
    }
  }
}