{
  "domain": "bali.withknown.com",
  "urls": [
    "https://withknown.com/"
  ],
  "names": [
    "Known: social publishing for groups and individuals"
  ],
  "descriptions": [
    "Publish blog posts, photos and media to your own site, and syndicate it to your social networks. Keep everything on your own site."
  ],
  "pictures": [
    "https://withknown.com/img/Circle-K_Yel_rounded.png",
    "https://withknown.com/img/home/hero-desk.jpg"
  ],
  "hcard": {},
  "rel_mes": [],
  "tags": [
    "bridgy"
  ],
  "endpoints": {},
  "crawl_start": "2017-05-19T22:46:29.055039",
  "crawl_end": "2017-05-19T22:46:29.055039",
  "links_out": 0,
  "links_in": 17,
  "links": {
    "stream.withknown.com": {
      "in": {
        "in-reply-to": 12,
        "other": 1
      },
      "score": 1
    },
    "lancaster.withknown.com": {
      "in": {
        "other": 4
      },
      "score": 0.338
    }
  }
}