{
  "domain": "bastianallgeier.com",
  "urls": [
    "http://bastianallgeier.com/"
  ],
  "names": [
    "Bastian Allgeier / Designer / Developer"
  ],
  "descriptions": [],
  "pictures": [],
  "hcard": {},
  "rel_mes": [
    "https://twitter.com/bastianallgeier",
    "http://github.com/bastianallgeier",
    "http://dribbble.com/bastianallgeier"
  ],
  "crawl_start": "2017-04-27T07:52:40",
  "crawl_end": "2017-04-27T07:52:51",
  "num_pages": 15,
  "total_html_size": 85420,
  "servers": [
    "Apache"
  ],
  "mf2_classes": [
    "h-card",
    "h-entry"
  ],
  "tags": [
    "relme",
    "bridgy",
    "webmention"
  ],
  "endpoints": {
    "webmention": [
      "https://bastianallgeier.com/webmention"
    ]
  },
  "links_out": 73,
  "links_in": 558,
  "links": {
    "adactio.com": {
      "in": {
        "other": 190,
        "bookmark-of": 152
      },
      "score": 1
    },
    "aaronparecki.com": {
      "in": {
        "other": 38,
        "bookmark-of": 15
      },
      "out": {
        "like-of": 1
      },
      "score": 0.690
    },
    "wirres.net": {
      "in": {
        "like-of": 30
      },
      "score": 0.660
    },
    "indieweb.org": {
      "in": {
        "other": 40
      },
      "score": 0.595
    },
    "github.com": {
      "out": {
        "other": 19
      },
      "score": 0.587
    },
    "known.kevinmarks.com": {
      "in": {
        "in-reply-to": 5,
        "other": 5
      },
      "score": 0.548
    },
    "twitter.com/bastianallgeier": {
      "out": {
        "other": 15
      },
      "score": 0.548
    },
    "dribbble.com": {
      "out": {
        "other": 15
      },
      "score": 0.548
    },
    "waterpigs.co.uk": {
      "in": {
        "other": 20
      },
      "score": 0.484
    },
    "chat.indieweb.org": {
      "in": {
        "other": 11
      },
      "score": 0.387
    },
    "marcthiele.com": {
      "in": {
        "other": 11
      },
      "score": 0.387
    },
    "lostfocus.de": {
      "in": {
        "other": 9
      },
      "score": 0.355
    },
    "beyondtellerrand.com": {
      "in": {
        "other": 8
      },
      "score": 0.335
    },
    "indiewebcamp.com": {
      "out": {
        "other": 3
      },
      "score": 0.289
    },
    "bulletjournal.com": {
      "out": {
        "other": 2
      },
      "score": 0.224
    },
    "matthiasott.com": {
      "in": {
        "other": 3
      },
      "score": 0.177
    },
    "unrelenting.technology": {
      "in": {
        "other": 3
      },
      "score": 0.177
    },
    "jkphl.is": {
      "in": {
        "other": 2
      },
      "score": 0.112
    },
    "decentralize.it": {
      "out": {
        "other": 1
      },
      "score": 0.112
    },
    "ownyourgram.com": {
      "out": {
        "other": 1
      },
      "score": 0.112
    },
    "getkirby.com": {
      "out": {
        "other": 1
      },
      "score": 0.112
    },
    "hackernoon.com": {
      "out": {
        "other": 1
      },
      "score": 0.112
    },
    "metafizzy.co": {
      "out": {
        "other": 1
      },
      "score": 0.112
    },
    "paulrobertlloyd.com": {
      "in": {
        "other": 2
      },
      "score": 0.112
    },
    "zootool.com": {
      "out": {
        "other": 1
      },
      "score": 0.112
    },
    "www.the-haystack.com": {
      "out": {
        "other": 1
      },
      "score": 0.112
    },
    "fabianmichael.de": {
      "in": {
        "other": 2
      },
      "score": 0.112
    },
    "indieauth.com": {
      "out": {
        "other": 1
      },
      "score": 0.112
    },
    "www.wikinews.org": {
      "out": {
        "other": 1
      },
      "score": 0.112
    },
    "www.brid.gy": {
      "out": {
        "other": 1
      },
      "score": 0.112
    },
    "2014.beyondtellerrand.com": {
      "out": {
        "other": 1
      },
      "score": 0.112
    },
    "webmention.io": {
      "out": {
        "other": 1
      },
      "score": 0.112
    },
    "wikipediafornews.org": {
      "out": {
        "other": 1
      },
      "score": 0.112
    },
    "rudigermeyer.com": {
      "in": {
        "other": 2
      },
      "score": 0.112
    },
    "home.idonethis.com": {
      "out": {
        "other": 1
      },
      "score": 0.112
    },
    "decentralizecamp.com": {
      "out": {
        "other": 1
      },
      "score": 0.112
    },
    "twitter.com/adactio": {
      "out": {
        "other": 1
      },
      "score": 0.112
    },
    "twitter.com/tobiastom": {
      "out": {
        "other": 1
      },
      "score": 0.112
    },
    "www.youtube.com": {
      "out": {
        "other": 1
      },
      "score": 0.112
    },
    "seblog.nl": {
      "in": {
        "bookmark-of": 1
      },
      "score": 0.112
    },
    "davidakennedy.com": {
      "in": {
        "other": 1
      },
      "score": 0
    },
    "www.pixelbande.de": {
      "in": {
        "other": 1
      },
      "score": 0
    },
    "www.kevinmarks.com": {
      "in": {
        "other": 1
      },
      "score": 0
    },
    "brid.gy": {
      "in": {
        "other": 1
      },
      "score": 0
    },
    "www.kevin-marks.com": {
      "in": {
        "other": 1
      },
      "score": 0
    },
    "kaipahl.de": {
      "in": {
        "other": 1
      },
      "score": 0
    },
    "tobiastom.name": {
      "in": {
        "other": 1
      },
      "score": 0
    },
    "ixis.io": {
      "in": {
        "other": 1
      },
      "score": 0
    },
    "johannesdachsel.com": {
      "in": {
        "other": 1
      },
      "score": 0
    }
  }
}