{
  "domain": "bastien.tribuleblanc.com",
  "urls": [
    "http://bastien.tribuleblanc.com/"
  ],
  "names": [
    "Bastien Leblanc"
  ],
  "descriptions": [],
  "pictures": [
    "http://bastien.tribuleblanc.com/storage/cache/images/000/002/IMG-5151,medium_large.1379762310.jpg"
  ],
  "hcard": {},
  "rel_mes": [],
  "crawl_start": "2017-06-09T17:33:38",
  "crawl_end": "2017-06-09T17:45:32",
  "num_pages": 213,
  "total_html_size": 6626138,
  "servers": [
    "Apache (Debian)",
    "WordPress",
    "Koken"
  ],
  "mf2_classes": [
    "h-card",
    "h-feed",
    "h-entry"
  ],
  "tags": [
    "WordPress"
  ],
  "endpoints": {},
  "links_out": 1743,
  "links_in": 0,
  "links": {
    "www.bastienleblanc.com": {
      "out": {
        "other": 502
      },
      "score": 1
    },
    "wordpress.org": {
      "out": {
        "other": 196
      },
      "score": 0.864
    },
    "soundcloud.com": {
      "out": {
        "other": 122
      },
      "score": 0.796
    },
    "www.myspace.com": {
      "out": {
        "other": 115
      },
      "score": 0.787
    },
    "www.deezer.com": {
      "out": {
        "other": 85
      },
      "score": 0.744
    },
    "www.dailymotion.com": {
      "out": {
        "other": 47
      },
      "score": 0.657
    },
    "www.franceinter.fr": {
      "out": {
        "other": 42
      },
      "score": 0.641
    },
    "www.lepost.fr": {
      "out": {
        "other": 30
      },
      "score": 0.592
    },
    "open.spotify.com": {
      "out": {
        "other": 25
      },
      "score": 0.566
    },
    "blackandwhitesessions.blogspot.com": {
      "out": {
        "other": 25
      },
      "score": 0.566
    },
    "www.ouifm.fr": {
      "out": {
        "other": 18
      },
      "score": 0.518
    },
    "www.adobe.com": {
      "out": {
        "other": 18
      },
      "score": 0.518
    },
    "vimeo.com": {
      "out": {
        "other": 18
      },
      "score": 0.518
    },
    "www.blurb.fr": {
      "out": {
        "other": 17
      },
      "score": 0.511
    },
    "twitter.com/share": {
      "out": {
        "other": 16
      },
      "score": 0.502
    },
    "samwalkermusic.bandcamp.com": {
      "out": {
        "other": 16
      },
      "score": 0.502
    },
    "www.popnews.com": {
      "out": {
        "other": 14
      },
      "score": 0.482
    },
    "plus.google.com/share": {
      "out": {
        "other": 13
      },
      "score": 0.472
    },
    "www.facebook.com": {
      "out": {
        "other": 13
      },
      "score": 0.472
    },
    "twitter.com/intent": {
      "out": {
        "other": 13
      },
      "score": 0.472
    },
    "pinterest.com": {
      "out": {
        "other": 13
      },
      "score": 0.472
    },
    "www.le-hiboo.com": {
      "out": {
        "other": 13
      },
      "score": 0.472
    },
    "www.tumblr.com": {
      "out": {
        "other": 13
      },
      "score": 0.472
    },
    "blog.lossless.fr": {
      "out": {
        "other": 12
      },
      "score": 0.460
    },
    "www.youtube.com": {
      "out": {
        "other": 11
      },
      "score": 0.447
    },
    "www.franceculture.fr": {
      "out": {
        "other": 10
      },
      "score": 0.434
    },
    "www.lemouv.fr": {
      "out": {
        "other": 9
      },
      "score": 0.418
    },
    "www.telerama.fr": {
      "out": {
        "other": 8
      },
      "score": 0.401
    },
    "sites.radiofrance.fr": {
      "out": {
        "other": 8
      },
      "score": 0.401
    },
    "robin-photo.com": {
      "out": {
        "other": 8
      },
      "score": 0.401
    },
    "liveweb.arte.tv": {
      "out": {
        "other": 8
      },
      "score": 0.401
    },
    "www.amblingalp.com": {
      "out": {
        "other": 8
      },
      "score": 0.401
    },
    "votreserveur": {
      "out": {
        "other": 7
      },
      "score": 0.382
    },
    "www.soul-kitchen.fr": {
      "out": {
        "other": 7
      },
      "score": 0.382
    },
    "culturebox.francetvinfo.fr": {
      "out": {
        "other": 7
      },
      "score": 0.382
    },
    "theghostofasabertoothtiger.com": {
      "out": {
        "other": 7
      },
      "score": 0.382
    },
    "sod.ward404.com": {
      "out": {
        "other": 7
      },
      "score": 0.382
    },
    "www.flickr.com": {
      "out": {
        "other": 7
      },
      "score": 0.382
    },
    "ericj.nuxit.net": {
      "out": {
        "other": 7
      },
      "score": 0.382
    },
    "video.mytaratata.com": {
      "out": {
        "other": 7
      },
      "score": 0.382
    },
    "bitbucket.org": {
      "out": {
        "other": 7
      },
      "score": 0.382
    },
    "www.pingpong.fr": {
      "out": {
        "other": 6
      },
      "score": 0.359
    },
    "7ciel.net": {
      "out": {
        "other": 6
      },
      "score": 0.359
    },
    "rockcover.over-blog.com": {
      "out": {
        "other": 6
      },
      "score": 0.359
    },
    "www.photosconcerts.com": {
      "out": {
        "other": 6
      },
      "score": 0.359
    },
    "www.tindersticks.co.uk": {
      "out": {
        "other": 6
      },
      "score": 0.359
    },
    "www.nadasurf.com": {
      "out": {
        "other": 6
      },
      "score": 0.359
    },
    "www.nadasurfan.com": {
      "out": {
        "other": 6
      },
      "score": 0.359
    },
    "www.emilianatorrini.com": {
      "out": {
        "other": 6
      },
      "score": 0.359
    },
    "www.bandofhorses.com": {
      "out": {
        "other": 6
      },
      "score": 0.359
    },
    "www.themabuses.com": {
      "out": {
        "other": 6
      },
      "score": 0.359
    },
    "www.apocalyptica.com": {
      "out": {
        "other": 6
      },
      "score": 0.359
    },
    "www.france4.fr": {
      "out": {
        "other": 5
      },
      "score": 0.333
    },
    "podcast.lagrosseradio.com": {
      "out": {
        "other": 5
      },
      "score": 0.333
    },
    "tech-services.fr": {
      "out": {
        "other": 5
      },
      "score": 0.333
    },
    "www.laurentgarnier.com": {
      "out": {
        "other": 5
      },
      "score": 0.333
    },
    "spotify": {
      "out": {
        "other": 5
      },
      "score": 0.333
    },
    "www.zebramix.fr": {
      "out": {
        "other": 5
      },
      "score": 0.333
    },
    "www.lagrosseradio.com": {
      "out": {
        "other": 5
      },
      "score": 0.333
    },
    "grooveshark.com": {
      "out": {
        "other": 5
      },
      "score": 0.333
    },
    "electronlibre.info": {
      "out": {
        "other": 5
      },
      "score": 0.333
    },
    "www.metal-invasion.blogspot.fr": {
      "out": {
        "other": 5
      },
      "score": 0.333
    },
    "www.desproges.fr": {
      "out": {
        "other": 5
      },
      "score": 0.333
    },
    "getadblock.com": {
      "out": {
        "other": 5
      },
      "score": 0.333
    },
    "podcast-mp3.lagrosseradio.com": {
      "out": {
        "other": 5
      },
      "score": 0.333
    },
    "ploum.net": {
      "out": {
        "other": 5
      },
      "score": 0.333
    },
    "www.radioparadise.com": {
      "out": {
        "other": 4
      },
      "score": 0.301
    },
    "facebook.com/pages": {
      "out": {
        "other": 4
      },
      "score": 0.301
    },
    "www.rockone.fr": {
      "out": {
        "other": 4
      },
      "score": 0.301
    },
    "www.npr.org": {
      "out": {
        "other": 4
      },
      "score": 0.301
    },
    "www.blogotheque.net": {
      "out": {
        "other": 2
      },
      "score": 0.201
    },
    "profile.myspace.com": {
      "out": {
        "other": 2
      },
      "score": 0.201
    },
    "septciel.blogspot.com": {
      "out": {
        "other": 2
      },
      "score": 0.201
    },
    "vids.myspace.com": {
      "out": {
        "other": 2
      },
      "score": 0.201
    },
    "withmusicinmymind.blogspot.com": {
      "out": {
        "other": 2
      },
      "score": 0.201
    },
    "technorati.com": {
      "out": {
        "other": 2
      },
      "score": 0.201
    },
    "sleepingyears.com": {
      "out": {
        "other": 2
      },
      "score": 0.201
    },
    "www.lesboutiquessonores.com": {
      "out": {
        "other": 2
      },
      "score": 0.201
    },
    "solyflor.pagecom.fr": {
      "out": {
        "other": 2
      },
      "score": 0.201
    },
    "djzebra.free.fr": {
      "out": {
        "other": 2
      },
      "score": 0.201
    },
    "The Mess We Made": {
      "out": {
        "other": 1
      },
      "score": 0.100
    },
    "musique.fnac.com": {
      "out": {
        "other": 1
      },
      "score": 0.100
    },
    "www.yourmajesty.net": {
      "out": {
        "other": 1
      },
      "score": 0.100
    },
    "www.boniver.org": {
      "out": {
        "other": 1
      },
      "score": 0.100
    },
    "www.musicspot.fr": {
      "out": {
        "other": 1
      },
      "score": 0.100
    },
    "www.thejonspencerbluesexplosion.com": {
      "out": {
        "other": 1
      },
      "score": 0.100
    },
    "www.muziko.fr": {
      "out": {
        "other": 1
      },
      "score": 0.100
    },
    "bootik.abusdangereux.net": {
      "out": {
        "other": 1
      },
      "score": 0.100
    },
    "www.7ciel.net": {
      "out": {
        "other": 1
      },
      "score": 0.100
    },
    "netherless.wordpress.com": {
      "out": {
        "other": 1
      },
      "score": 0.100
    },
    "www.lechoix.fr": {
      "out": {
        "other": 1
      },
      "score": 0.100
    },
    "www.piano-magic.co.uk": {
      "out": {
        "other": 1
      },
      "score": 0.100
    },
    "musique.fluctuat.net": {
      "out": {
        "other": 1
      },
      "score": 0.100
    },
    "www.andalsothetrees.co.uk": {
      "out": {
        "other": 1
      },
      "score": 0.100
    },
    "www.lesinrocks.com": {
      "out": {
        "other": 1
      },
      "score": 0.100
    },
    "www.dirtyprettythingsband.com": {
      "out": {
        "other": 1
      },
      "score": 0.100
    },
    "www.spotify.com": {
      "out": {
        "other": 1
      },
      "score": 0.100
    },
    "photosteracien77.free.fr": {
      "out": {
        "other": 1
      },
      "score": 0.100
    },
    "nymag.com": {
      "out": {
        "other": 1
      },
      "score": 0.100
    },
    "www.musicme.com": {
      "out": {
        "other": 1
      },
      "score": 0.100
    },
    "www.bootlegsfr.com": {
      "out": {
        "other": 1
      },
      "score": 0.100
    },
    "www.desoreillesdansbabylone.com": {
      "out": {
        "other": 1
      },
      "score": 0.100
    },
    "fr.youtube.com": {
      "out": {
        "other": 1
      },
      "score": 0.100
    },
    "www.arbobo.fr": {
      "out": {
        "other": 1
      },
      "score": 0.100
    },
    "www.michaelwookey.com": {
      "out": {
        "other": 1
      },
      "score": 0.100
    },
    "www.travisonline.com": {
      "out": {
        "other": 1
      },
      "score": 0.100
    },
    "www.nightwish.com": {
      "out": {
        "other": 1
      },
      "score": 0.100
    },
    "www.mandor.fr": {
      "out": {
        "other": 1
      },
      "score": 0.100
    },
    "www.serjtankian.com": {
      "out": {
        "other": 1
      },
      "score": 0.100
    },
    "www.fnaclive.com": {
      "out": {
        "other": 1
      },
      "score": 0.100
    },
    "2w.radio.free.fr": {
      "out": {
        "other": 1
      },
      "score": 0.100
    },
    "www.emilyjanewhite.com": {
      "out": {
        "other": 1
      },
      "score": 0.100
    },
    "www.flock.com": {
      "out": {
        "other": 1
      },
      "score": 0.100
    },
    "ks207.blogspot.com": {
      "out": {
        "other": 1
      },
      "score": 0.100
    },
    "orouni.net": {
      "out": {
        "other": 1
      },
      "score": 0.100
    },
    "www.dreamtheater.net": {
      "out": {
        "other": 1
      },
      "score": 0.100
    },
    "www.ecrans.fr": {
      "out": {
        "other": 1
      },
      "score": 0.100
    },
    "leakysparrow.blogspot.com": {
      "out": {
        "other": 1
      },
      "score": 0.100
    },
    "www.franzferdinand.co.uk": {
      "out": {
        "other": 1
      },
      "score": 0.100
    },
    "axeley.wordpress.com": {
      "out": {
        "other": 1
      },
      "score": 0.100
    },
    "hypem.com": {
      "out": {
        "other": 1
      },
      "score": 0.100
    },
    "www.nightwish.fr": {
      "out": {
        "other": 1
      },
      "score": 0.100
    }
  }
}