{
  "domain": "bayer.ws",
  "urls": [
    "https://brandon.bayer.ws",
    "https://brandon.bayer.ws/"
  ],
  "names": [
    "Brandon Bayer",
    "Brandon Bayer - The Digital Homestead of Brandon Scott Bayer"
  ],
  "descriptions": [
    "I am Brandon Bayer. I am passionate about following Jesus, crafting software, and flying airplanes. I write what I learn in order to retain it and to hone my writing skills."
  ],
  "pictures": [
    "https://secure.gravatar.com/avatar/fbb65292f78adbab7237d2ae7b68e2dc?s=256&r=g",
    "https://brandon.bayer.ws/wp-content/uploads/2015/03/bb-profile2-550c9943v1_site_icon-32x32.png",
    "https://brandon.bayer.ws/wp-content/uploads/2015/03/bb-profile2-550c9943v1_site_icon-256x256.png"
  ],
  "hcard": {
    "properties": {
      "name": [
        "Brandon Bayer"
      ],
      "photo": [
        "https://secure.gravatar.com/avatar/fbb65292f78adbab7237d2ae7b68e2dc?s=256&r=g"
      ],
      "url": [
        "https://brandon.bayer.ws"
      ]
    },
    "type": [
      "h-card"
    ]
  },
  "rel_mes": [
    "https://github.com/flybayer",
    "https://twitter.com/flybayer",
    "https://instagram.com/flybayer/",
    "https://brandon.bayer.ws"
  ],
  "tags": [
    "relme"
  ],
  "endpoints": {},
  "crawl_start": "2017-06-11T14:34:04.501323",
  "crawl_end": "2017-06-11T14:34:04.501323",
  "links_out": 0,
  "links_in": 6,
  "links": {
    "brandon.bayer.ws": {
      "in": {
        "other": 6
      },
      "score": 1
    }
  }
}