{
  "domain": "begriffs.com",
  "urls": [
    "mailto:joe@begriffs.com"
  ],
  "names": [
    "Made with â¥ by\n        Joe \"begriffs\"\n        Nelson.\n        joe@begriffs.com\nð",
    "begriffs.com"
  ],
  "descriptions": [],
  "pictures": [
    "https://begriffs.com/images/icon/favicon-196x196.png",
    "https://begriffs.com/images/icon/favicon-96x96.png",
    "https://begriffs.com/images/icon/favicon-32x32.png",
    "https://begriffs.com/images/icon/favicon-16x16.png",
    "https://begriffs.com/images/icon/favicon-128.png"
  ],
  "hcard": {
    "properties": {
      "email": [
        "mailto:joe@begriffs.com"
      ],
      "family-name": [
        "Nelson"
      ],
      "given-name": [
        "Joe"
      ],
      "name": [
        "Made with â¥ by\n        Joe \"begriffs\"\n        Nelson.\n        joe@begriffs.com\nð"
      ],
      "nickname": [
        "begriffs"
      ],
      "url": [
        "mailto:joe@begriffs.com"
      ]
    },
    "type": [
      "h-card"
    ]
  },
  "rel_mes": [
    "http://github.com/begriffs",
    "mailto:joe@begriffs.com"
  ],
  "crawl_start": "2017-06-09T17:33:42",
  "crawl_end": "2017-06-09T17:34:35",
  "num_pages": 148,
  "total_html_size": 1739974,
  "servers": [
    "nginx"
  ],
  "mf2_classes": [
    "h-card",
    "h-entry"
  ],
  "tags": [
    "relme"
  ],
  "endpoints": {},
  "links_out": 981,
  "links_in": 561,
  "links": {
    "jothut.com": {
      "in": {
        "other": 540
      },
      "score": 1
    },
    "github.com": {
      "out": {
        "other": 264
      },
      "score": 0.997
    },
    "www.youtube.com": {
      "out": {
        "other": 119
      },
      "score": 0.870
    },
    "www.goodreads.com": {
      "out": {
        "other": 76
      },
      "score": 0.798
    },
    "player.vimeo.com": {
      "out": {
        "other": 34
      },
      "score": 0.671
    },
    "www.amazon.com": {
      "out": {
        "other": 34
      },
      "score": 0.671
    },
    "hackage.haskell.org": {
      "out": {
        "other": 32
      },
      "score": 0.661
    },
    "en.wikipedia.org": {
      "out": {
        "other": 27
      },
      "score": 0.634
    },
    "amzn.to": {
      "out": {
        "other": 11
      },
      "score": 0.491
    },
    "tools.ietf.org": {
      "out": {
        "other": 7
      },
      "score": 0.420
    },
    "www.newegg.com": {
      "out": {
        "other": 6
      },
      "score": 0.394
    },
    "jelv.is": {
      "out": {
        "other": 6
      },
      "score": 0.394
    },
    "chrome.google.com": {
      "out": {
        "other": 5
      },
      "score": 0.366
    },
    "www.slideshare.net": {
      "out": {
        "other": 5
      },
      "score": 0.366
    },
    "1up.begriffs.com": {
      "out": {
        "other": 5
      },
      "score": 0.366
    },
    "bit.ly": {
      "out": {
        "other": 4
      },
      "score": 0.331
    },
    "www.haskell.org": {
      "out": {
        "other": 4
      },
      "score": 0.331
    },
    "www.linkedin.com": {
      "out": {
        "other": 4
      },
      "score": 0.331
    },
    "indieweb.org": {
      "in": {
        "other": 7
      },
      "score": 0.310
    },
    "blog.begriffs.com": {
      "out": {
        "other": 3
      },
      "score": 0.285
    },
    "bendyworks.com": {
      "out": {
        "other": 3
      },
      "score": 0.285
    },
    "haskellbook.com": {
      "out": {
        "other": 3
      },
      "score": 0.285
    },
    "www.stackage.org": {
      "out": {
        "other": 3
      },
      "score": 0.285
    },
    "bayhac.org": {
      "out": {
        "other": 3
      },
      "score": 0.285
    },
    "www.postgresql.org": {
      "out": {
        "other": 3
      },
      "score": 0.285
    },
    "postgrest.com": {
      "out": {
        "other": 3
      },
      "score": 0.285
    },
    "compass-style.org": {
      "out": {
        "other": 3
      },
      "score": 0.285
    },
    "www.icann.org": {
      "out": {
        "other": 3
      },
      "score": 0.285
    },
    "joelburget.com": {
      "out": {
        "other": 3
      },
      "score": 0.285
    },
    "help.github.com": {
      "out": {
        "other": 2
      },
      "score": 0.221
    },
    "joey.hess.usesthis.com": {
      "out": {
        "other": 2
      },
      "score": 0.221
    },
    "jsbin.com": {
      "out": {
        "other": 2
      },
      "score": 0.221
    },
    "chat.indieweb.org": {
      "in": {
        "other": 4
      },
      "score": 0.221
    },
    "www.infoq.com": {
      "out": {
        "other": 2
      },
      "score": 0.221
    },
    "www.cs.tufts.edu": {
      "out": {
        "other": 2
      },
      "score": 0.221
    },
    "circleci.com": {
      "out": {
        "other": 2
      },
      "score": 0.221
    },
    "git-scm.com": {
      "out": {
        "other": 2
      },
      "score": 0.221
    },
    "www.kevin-marks.com": {
      "in": {
        "other": 4
      },
      "score": 0.221
    },
    "2013-02-23-what-might-programming-become.html": {
      "out": {
        "other": 2
      },
      "score": 0.221
    },
    "calcurse.org": {
      "out": {
        "other": 2
      },
      "score": 0.221
    },
    "earldouglas.com": {
      "out": {
        "other": 2
      },
      "score": 0.221
    },
    "tools.suckless.org": {
      "out": {
        "other": 2
      },
      "score": 0.221
    },
    "www.dell.com": {
      "out": {
        "other": 2
      },
      "score": 0.221
    },
    "www.cse.chalmers.se": {
      "out": {
        "other": 2
      },
      "score": 0.221
    },
    "www.kurilin.net": {
      "out": {
        "other": 2
      },
      "score": 0.221
    },
    "2013-02-04-programming-pilgrimage.html": {
      "out": {
        "other": 2
      },
      "score": 0.221
    },
    "conal.net": {
      "out": {
        "other": 2
      },
      "score": 0.221
    },
    "www.yesodweb.com": {
      "out": {
        "other": 2
      },
      "score": 0.221
    },
    "thoreau.eserver.org": {
      "out": {
        "other": 2
      },
      "score": 0.221
    },
    "quickfuzz.org": {
      "out": {
        "other": 2
      },
      "score": 0.221
    },
    "www.gutenberg.org": {
      "out": {
        "other": 2
      },
      "score": 0.221
    },
    "www.gnu.org": {
      "out": {
        "other": 2
      },
      "score": 0.221
    },
    "jaspervdj.be": {
      "out": {
        "other": 2
      },
      "score": 0.221
    },
    "packages.debian.org": {
      "out": {
        "other": 2
      },
      "score": 0.221
    },
    "www.sjc.edu": {
      "out": {
        "other": 2
      },
      "score": 0.221
    },
    "www.haskellforall.com": {
      "out": {
        "other": 2
      },
      "score": 0.221
    },
    "www.apple.com": {
      "out": {
        "other": 2
      },
      "score": 0.221
    },
    "www.kevinmarks.com": {
      "in": {
        "other": 4
      },
      "score": 0.221
    },
    "www.shimer.edu": {
      "out": {
        "other": 2
      },
      "score": 0.221
    },
    "www.steveseverance.com": {
      "out": {
        "other": 2
      },
      "score": 0.221
    },
    "anildash.com": {
      "out": {
        "other": 1
      },
      "score": 0.110
    },
    "doc.bazaar.canonical.com": {
      "out": {
        "other": 1
      },
      "score": 0.110
    },
    "gist.github.com": {
      "out": {
        "other": 1
      },
      "score": 0.110
    },
    "jitsi.org": {
      "out": {
        "other": 1
      },
      "score": 0.110
    },
    "www.imc.org": {
      "out": {
        "other": 1
      },
      "score": 0.110
    },
    "www.thecrumb.com": {
      "out": {
        "other": 1
      },
      "score": 0.110
    },
    "en.wikibooks.org": {
      "out": {
        "other": 1
      },
      "score": 0.110
    },
    "fairpath.com": {
      "out": {
        "other": 1
      },
      "score": 0.110
    },
    "functorial.com": {
      "out": {
        "other": 1
      },
      "score": 0.110
    },
    "twitter.com/quarfot": {
      "out": {
        "other": 1
      },
      "score": 0.110
    },
    "www.internic.net": {
      "out": {
        "other": 1
      },
      "score": 0.110
    },
    "docs.google.com": {
      "out": {
        "other": 1
      },
      "score": 0.110
    },
    "packer.io": {
      "out": {
        "other": 1
      },
      "score": 0.110
    },
    "rubygems.org": {
      "out": {
        "other": 1
      },
      "score": 0.110
    },
    "c9.io": {
      "out": {
        "other": 1
      },
      "score": 0.110
    },
    "looprecur.com": {
      "out": {
        "other": 1
      },
      "score": 0.110
    },
    "qalculate.github.io": {
      "out": {
        "other": 1
      },
      "score": 0.110
    },
    "360percents.com": {
      "out": {
        "other": 1
      },
      "score": 0.110
    },
    "arxiv.org": {
      "out": {
        "other": 1
      },
      "score": 0.110
    },
    "dev.stephendiehl.com": {
      "out": {
        "other": 1
      },
      "score": 0.110
    },
    "kolabnow.com": {
      "out": {
        "other": 1
      },
      "score": 0.110
    },
    "sandman.io": {
      "out": {
        "other": 1
      },
      "score": 0.110
    },
    "twitter.com/ajbraus": {
      "out": {
        "other": 1
      },
      "score": 0.110
    },
    "www.doxiq.com": {
      "out": {
        "other": 1
      },
      "score": 0.110
    },
    "www.pogo.org.uk": {
      "out": {
        "other": 1
      },
      "score": 0.110
    },
    "www.techiecorner.com": {
      "out": {
        "other": 1
      },
      "score": 0.110
    },
    "semver.org": {
      "out": {
        "other": 1
      },
      "score": 0.110
    },
    "walfield.org": {
      "out": {
        "other": 1
      },
      "score": 0.110
    },
    "www.cryptoshop.com": {
      "out": {
        "other": 1
      },
      "score": 0.110
    },
    "www.tobias-elze.de": {
      "out": {
        "other": 1
      },
      "score": 0.110
    },
    "aspell.net": {
      "out": {
        "other": 1
      },
      "score": 0.110
    },
    "blog.jonharrington.org": {
      "out": {
        "other": 1
      },
      "score": 0.110
    },
    "circstatinr.st-andrews.ac.uk": {
      "out": {
        "other": 1
      },
      "score": 0.110
    },
    "frontrow.workable.com": {
      "out": {
        "other": 1
      },
      "score": 0.110
    },
    "jonls.dk": {
      "out": {
        "other": 1
      },
      "score": 0.110
    },
    "nathanleclaire.com": {
      "out": {
        "other": 1
      },
      "score": 0.110
    },
    "nixos.org": {
      "out": {
        "other": 1
      },
      "score": 0.110
    },
    "twitter.com/davenielsen": {
      "out": {
        "other": 1
      },
      "score": 0.110
    },
    "wni.herokuapp.com": {
      "out": {
        "other": 1
      },
      "score": 0.110
    },
    "www.debian.org": {
      "out": {
        "other": 1
      },
      "score": 0.110
    },
    "www.sfdph.org": {
      "out": {
        "other": 1
      },
      "score": 0.110
    },
    "andrew.gibiansky.com": {
      "out": {
        "other": 1
      },
      "score": 0.110
    },
    "plus.google.com/+ScottGust": {
      "out": {
        "other": 1
      },
      "score": 0.110
    },
    "psi-im.org": {
      "out": {
        "other": 1
      },
      "score": 0.110
    },
    "twitter.com/anotheruiguy": {
      "out": {
        "other": 1
      },
      "score": 0.110
    },
    "www.bartleby.com": {
      "out": {
        "other": 1
      },
      "score": 0.110
    },
    "www.chef.io": {
      "out": {
        "other": 1
      },
      "score": 0.110
    },
    "www.simplelists.com": {
      "out": {
        "other": 1
      },
      "score": 0.110
    },
    "blog.hanschen.org": {
      "out": {
        "other": 1
      },
      "score": 0.110
    },
    "darcs.net": {
      "out": {
        "other": 1
      },
      "score": 0.110
    },
    "stedolan.github.io": {
      "out": {
        "other": 1
      },
      "score": 0.110
    },
    "wiki.mumble.info": {
      "out": {
        "other": 1
      },
      "score": 0.110
    },
    "www.altosresearch.com": {
      "out": {
        "other": 1
      },
      "score": 0.110
    },
    "www.noisebridge.net": {
      "out": {
        "other": 1
      },
      "score": 0.110
    },
    "alpinenow.com": {
      "out": {
        "other": 1
      },
      "score": 0.110
    },
    "www.pugetsystems.com": {
      "out": {
        "other": 1
      },
      "score": 0.110
    },
    "bountysource.com": {
      "out": {
        "other": 1
      },
      "score": 0.110
    },
    "hentenaar.com": {
      "out": {
        "other": 1
      },
      "score": 0.110
    },
    "www.cloudera.com": {
      "out": {
        "other": 1
      },
      "score": 0.110
    },
    "www.csee.umbc.edu": {
      "out": {
        "other": 1
      },
      "score": 0.110
    },
    "www.eandem.co.uk": {
      "out": {
        "other": 1
      },
      "score": 0.110
    },
    "accounts.google.com": {
      "out": {
        "other": 1
      },
      "score": 0.110
    },
    "dankaminsky.com": {
      "out": {
        "other": 1
      },
      "score": 0.110
    },
    "twitter.com/lmarsden": {
      "out": {
        "other": 1
      },
      "score": 0.110
    },
    "www.cloudflare.com": {
      "out": {
        "other": 1
      },
      "score": 0.110
    },
    "www.digitalocean.com": {
      "out": {
        "other": 1
      },
      "score": 0.110
    },
    "2013-09-10-haskell-postgresql-simple-examples-part.html": {
      "out": {
        "other": 1
      },
      "score": 0.110
    },
    "bin.begriffs.com": {
      "out": {
        "other": 1
      },
      "score": 0.110
    },
    "member.wide.ad.jp": {
      "out": {
        "other": 1
      },
      "score": 0.110
    },
    "pbrisbin.com": {
      "out": {
        "other": 1
      },
      "score": 0.110
    },
    "posteo.de": {
      "out": {
        "other": 1
      },
      "score": 0.110
    },
    "refspecs.linuxfoundation.org": {
      "out": {
        "other": 1
      },
      "score": 0.110
    },
    "vimium.github.com": {
      "out": {
        "other": 1
      },
      "score": 0.110
    },
    "www.netsurf-browser.org": {
      "out": {
        "other": 1
      },
      "score": 0.110
    },
    "debian-handbook.info": {
      "out": {
        "other": 1
      },
      "score": 0.110
    },
    "documentup.com": {
      "out": {
        "other": 1
      },
      "score": 0.110
    },
    "inkscape.org": {
      "out": {
        "other": 1
      },
      "score": 0.110
    },
    "suckless.org": {
      "out": {
        "other": 1
      },
      "score": 0.110
    },
    "www.jaguarboard.org": {
      "out": {
        "other": 1
      },
      "score": 0.110
    },
    "www.namecheap.com": {
      "out": {
        "other": 1
      },
      "score": 0.110
    },
    "blog.bacula.org": {
      "out": {
        "other": 1
      },
      "score": 0.110
    },
    "learnyouahaskell.com": {
      "out": {
        "other": 1
      },
      "score": 0.110
    },
    "www.brianredbeard.com": {
      "out": {
        "other": 1
      },
      "score": 0.110
    },
    "book.dpmb.org": {
      "out": {
        "other": 1
      },
      "score": 0.110
    },
    "coldwa.st": {
      "out": {
        "other": 1
      },
      "score": 0.110
    },
    "i3wm.org": {
      "out": {
        "other": 1
      },
      "score": 0.110
    },
    "speakerdeck.com": {
      "out": {
        "other": 1
      },
      "score": 0.110
    },
    "twitter.com/mkromberg": {
      "out": {
        "other": 1
      },
      "score": 0.110
    },
    "dnssec-debugger.verisignlabs.com": {
      "out": {
        "other": 1
      },
      "score": 0.110
    },
    "uzbl.org": {
      "out": {
        "other": 1
      },
      "score": 0.110
    },
    "www.cs.berkeley.edu": {
      "out": {
        "other": 1
      },
      "score": 0.110
    },
    "www.janis-voigtlaender.eu": {
      "out": {
        "other": 1
      },
      "score": 0.110
    },
    "hirefire.io": {
      "out": {
        "other": 1
      },
      "score": 0.110
    },
    "twitter.com/bitemyapp": {
      "out": {
        "other": 1
      },
      "score": 0.110
    },
    "code.meskio.net": {
      "out": {
        "other": 1
      },
      "score": 0.110
    },
    "www.depesz.com": {
      "out": {
        "other": 1
      },
      "score": 0.110
    },
    "hexchat.github.io": {
      "out": {
        "other": 1
      },
      "score": 0.110
    },
    "repairpal.com": {
      "out": {
        "other": 1
      },
      "score": 0.110
    },
    "twitter.com/deland": {
      "out": {
        "other": 1
      },
      "score": 0.110
    },
    "twitter.com/joel_k_baxter": {
      "out": {
        "other": 1
      },
      "score": 0.110
    },
    "www.bitbabbler.org": {
      "out": {
        "other": 1
      },
      "score": 0.110
    },
    "www.csstrashman.com": {
      "out": {
        "other": 1
      },
      "score": 0.110
    },
    "sfcmc.org": {
      "out": {
        "other": 1
      },
      "score": 0.110
    },
    "www.databasesoup.com": {
      "out": {
        "other": 1
      },
      "score": 0.110
    },
    "www.kylem.net": {
      "out": {
        "other": 1
      },
      "score": 0.110
    },
    "www.meetup.com": {
      "out": {
        "other": 1
      },
      "score": 0.110
    },
    "www.microsoft.com": {
      "out": {
        "other": 1
      },
      "score": 0.110
    },
    "inconsolation.wordpress.com": {
      "out": {
        "other": 1
      },
      "score": 0.110
    },
    "swift-nav.github.io": {
      "out": {
        "other": 1
      },
      "score": 0.110
    },
    "www.gimp.org": {
      "out": {
        "other": 1
      },
      "score": 0.110
    },
    "mfine.github.io": {
      "out": {
        "other": 1
      },
      "score": 0.110
    },
    "softdroid.net": {
      "out": {
        "other": 1
      },
      "score": 0.110
    },
    "twitter.com/mfenchel": {
      "out": {
        "other": 1
      },
      "score": 0.110
    },
    "www.fastmail.com": {
      "out": {
        "other": 1
      },
      "score": 0.110
    },
    "twitter.com/kmett": {
      "out": {
        "other": 1
      },
      "score": 0.110
    },
    "www.archlinux.org": {
      "out": {
        "other": 1
      },
      "score": 0.110
    },
    "www.openspf.org": {
      "out": {
        "other": 1
      },
      "score": 0.110
    },
    "magnifier.sourceforge.net": {
      "out": {
        "other": 1
      },
      "score": 0.110
    },
    "unknownparallel.wordpress.com": {
      "out": {
        "other": 1
      },
      "score": 0.110
    },
    "agilebits.com": {
      "out": {
        "other": 1
      },
      "score": 0.110
    },
    "openvpn.net": {
      "out": {
        "other": 1
      },
      "score": 0.110
    },
    "www.diku.dk": {
      "out": {
        "other": 1
      },
      "score": 0.110
    },
    "www.nextbus.com": {
      "out": {
        "other": 1
      },
      "score": 0.110
    },
    "xkcd.com": {
      "out": {
        "other": 1
      },
      "score": 0.110
    },
    "jupyter.org": {
      "out": {
        "other": 1
      },
      "score": 0.110
    },
    "mioalter.wordpress.com": {
      "out": {
        "other": 1
      },
      "score": 0.110
    },
    "www.apress.com": {
      "out": {
        "other": 1
      },
      "score": 0.110
    },
    "www.intodns.com": {
      "out": {
        "other": 1
      },
      "score": 0.110
    },
    "www.milibrary.org": {
      "out": {
        "other": 1
      },
      "score": 0.110
    },
    "www.dasung.com": {
      "out": {
        "other": 1
      },
      "score": 0.110
    },
    "www.jut.io": {
      "out": {
        "other": 1
      },
      "score": 0.110
    },
    "www.mirbsd.org": {
      "out": {
        "other": 1
      },
      "score": 0.110
    },
    "www.neomutt.org": {
      "out": {
        "other": 1
      },
      "score": 0.110
    },
    "www.nllgg.nl": {
      "out": {
        "other": 1
      },
      "score": 0.110
    },
    "www.passwordstore.org": {
      "out": {
        "other": 1
      },
      "score": 0.110
    },
    "2013-03-08-the-pilgrimage-begins.html": {
      "out": {
        "other": 1
      },
      "score": 0.110
    },
    "2013-12-31-unlocking-deep-http-with-javascript-pt-1.html": {
      "out": {
        "other": 1
      },
      "score": 0.110
    },
    "catamorph.de": {
      "out": {
        "other": 1
      },
      "score": 0.110
    },
    "emailgenome.org": {
      "out": {
        "other": 1
      },
      "score": 0.110
    },
    "petrucci.mus.auth.gr": {
      "out": {
        "other": 1
      },
      "score": 0.110
    },
    "www.cs.man.ac.uk": {
      "out": {
        "other": 1
      },
      "score": 0.110
    },
    "www.frontrowed.com": {
      "out": {
        "other": 1
      },
      "score": 0.110
    },
    "www.orangesv.com": {
      "out": {
        "other": 1
      },
      "score": 0.110
    },
    "www.r-project.org": {
      "out": {
        "other": 1
      },
      "score": 0.110
    },
    "www.stackoveflow.com": {
      "out": {
        "other": 1
      },
      "score": 0.110
    },
    "boghop.com": {
      "in": {
        "other": 2
      },
      "score": 0.110
    },
    "amzn.com": {
      "out": {
        "other": 1
      },
      "score": 0.110
    },
    "www.google.com": {
      "out": {
        "other": 1
      },
      "score": 0.110
    },
    "www.khanacademy.org": {
      "out": {
        "other": 1
      },
      "score": 0.110
    },
    "www.mulesoft.com": {
      "out": {
        "other": 1
      },
      "score": 0.110
    },
    "2013-08-22-haskell-on-heroku-omg-lets-get-this.html": {
      "out": {
        "other": 1
      },
      "score": 0.110
    },
    "cmus.github.io": {
      "out": {
        "other": 1
      },
      "score": 0.110
    },
    "dnsimple.com": {
      "out": {
        "other": 1
      },
      "score": 0.110
    },
    "git-annex.branchable.com": {
      "out": {
        "other": 1
      },
      "score": 0.110
    },
    "twitter.com/enf": {
      "out": {
        "other": 1
      },
      "score": 0.110
    },
    "wiki.navit-project.org": {
      "out": {
        "other": 1
      },
      "score": 0.110
    },
    "www.privateinternetaccess.com": {
      "out": {
        "other": 1
      },
      "score": 0.110
    },
    "dmarc.org": {
      "out": {
        "other": 1
      },
      "score": 0.110
    },
    "www.sane-project.org": {
      "out": {
        "other": 1
      },
      "score": 0.110
    },
    "2013-03-28-feedback-on-thinkerspace.html": {
      "out": {
        "other": 1
      },
      "score": 0.110
    },
    "2013-08-27-weird-symbols-in-their-native-tongue.html": {
      "out": {
        "other": 1
      },
      "score": 0.110
    },
    "briancloutier.com": {
      "out": {
        "other": 1
      },
      "score": 0.110
    },
    "cr.yp.to": {
      "out": {
        "other": 1
      },
      "score": 0.110
    },
    "knopwob.org": {
      "out": {
        "other": 1
      },
      "score": 0.110
    },
    "publications.lib.chalmers.se": {
      "out": {
        "other": 1
      },
      "score": 0.110
    },
    "www.dyalog.com": {
      "out": {
        "other": 1
      },
      "score": 0.110
    },
    "Sr%20Engineer,%20RepairPal": {
      "out": {
        "other": 1
      },
      "score": 0.110
    },
    "codingdojo.org": {
      "out": {
        "other": 1
      },
      "score": 0.110
    },
    "pointedpenclub.wordpress.com": {
      "out": {
        "other": 1
      },
      "score": 0.110
    },
    "ocharles.org.uk": {
      "out": {
        "other": 1
      },
      "score": 0.110
    },
    "tug.ctan.org": {
      "out": {
        "other": 1
      },
      "score": 0.110
    },
    "www.bolour.com": {
      "out": {
        "other": 1
      },
      "score": 0.110
    },
    "www.cherry.de": {
      "out": {
        "other": 1
      },
      "score": 0.110
    },
    "www.jobvite.com": {
      "out": {
        "other": 1
      },
      "score": 0.110
    },
    "stackoverflow.com": {
      "out": {
        "other": 1
      },
      "score": 0.110
    },
    "tectonic.com": {
      "out": {
        "other": 1
      },
      "score": 0.110
    },
    "www.tinyletter.com": {
      "out": {
        "other": 1
      },
      "score": 0.110
    },
    "csstrashman.com": {
      "out": {
        "other": 1
      },
      "score": 0.110
    },
    "domainr.com": {
      "out": {
        "other": 1
      },
      "score": 0.110
    },
    "irssi.org": {
      "out": {
        "other": 1
      },
      "score": 0.110
    },
    "joeduffyblog.com": {
      "out": {
        "other": 1
      },
      "score": 0.110
    },
    "www.dkim.org": {
      "out": {
        "other": 1
      },
      "score": 0.110
    },
    "www.dropbox.com": {
      "out": {
        "other": 1
      },
      "score": 0.110
    },
    "michael.otacoo.com": {
      "out": {
        "other": 1
      },
      "score": 0.110
    },
    "mupdf.com": {
      "out": {
        "other": 1
      },
      "score": 0.110
    },
    "twitter.com/grkvlt": {
      "out": {
        "other": 1
      },
      "score": 0.110
    },
    "www.fceia.unr.edu.ar": {
      "out": {
        "other": 1
      },
      "score": 0.110
    },
    "erictheise.com": {
      "out": {
        "other": 1
      },
      "score": 0.110
    },
    "msmtp.sourceforge.net": {
      "out": {
        "other": 1
      },
      "score": 0.110
    },
    "world.std.com": {
      "out": {
        "other": 1
      },
      "score": 0.110
    },
    "www.knossos.net.nz": {
      "out": {
        "other": 1
      },
      "score": 0.110
    },
    "www.raspberrypi.org": {
      "out": {
        "other": 1
      },
      "score": 0.110
    },
    "abook.sourceforge.net": {
      "out": {
        "other": 1
      },
      "score": 0.110
    },
    "docs.travis-ci.com": {
      "out": {
        "other": 1
      },
      "score": 0.110
    },
    "lobste.rs": {
      "out": {
        "other": 1
      },
      "score": 0.110
    },
    "mesosphere.com": {
      "out": {
        "other": 1
      },
      "score": 0.110
    },
    "newrelic.com": {
      "out": {
        "other": 1
      },
      "score": 0.110
    },
    "pgfoundry.org": {
      "out": {
        "other": 1
      },
      "score": 0.110
    },
    "static.googleusercontent.com": {
      "out": {
        "other": 1
      },
      "score": 0.110
    },
    "vifm.info": {
      "out": {
        "other": 1
      },
      "score": 0.110
    },
    "www.tftcentral.co.uk": {
      "out": {
        "other": 1
      },
      "score": 0.110
    },
    "brew.sh": {
      "out": {
        "other": 1
      },
      "score": 0.110
    },
    "dev.mutt.org": {
      "out": {
        "other": 1
      },
      "score": 0.110
    },
    "www.christopherbiscardi.com": {
      "out": {
        "other": 1
      },
      "score": 0.110
    },
    "www.paulbolstad.net": {
      "out": {
        "other": 1
      },
      "score": 0.110
    },
    "blip.tv": {
      "out": {
        "other": 1
      },
      "score": 0.110
    },
    "hailstorm-hs.github.io": {
      "out": {
        "other": 1
      },
      "score": 0.110
    },
    "mailinator.com": {
      "out": {
        "other": 1
      },
      "score": 0.110
    },
    "mesos.apache.org": {
      "out": {
        "other": 1
      },
      "score": 0.110
    },
    "pgexperts.com": {
      "out": {
        "other": 1
      },
      "score": 0.110
    },
    "www.kdenlive.org": {
      "out": {
        "other": 1
      },
      "score": 0.110
    },
    "xmonad.org": {
      "out": {
        "other": 1
      },
      "score": 0.110
    },
    "archive.org": {
      "out": {
        "other": 1
      },
      "score": 0.110
    },
    "explorepahistory.com": {
      "out": {
        "other": 1
      },
      "score": 0.110
    },
    "haskelliseasy.readthedocs.io": {
      "out": {
        "other": 1
      },
      "score": 0.110
    },
    "lastpass.com": {
      "out": {
        "other": 1
      },
      "score": 0.110
    },
    "mduchin.math.tufts.edu": {
      "out": {
        "other": 1
      },
      "score": 0.110
    },
    "plus.google.com/108124405312975902364": {
      "out": {
        "other": 1
      },
      "score": 0.110
    },
    "radar.oreilly.com": {
      "out": {
        "other": 1
      },
      "score": 0.110
    },
    "smacss.com": {
      "out": {
        "other": 1
      },
      "score": 0.110
    },
    "www.computerhistory.org": {
      "out": {
        "other": 1
      },
      "score": 0.110
    },
    "www.gandi.net": {
      "out": {
        "other": 1
      },
      "score": 0.110
    },
    "www.soi.city.ac.uk": {
      "out": {
        "other": 1
      },
      "score": 0.110
    },
    "www.vim.org": {
      "out": {
        "other": 1
      },
      "score": 0.110
    },
    "www.xsane.org": {
      "out": {
        "other": 1
      },
      "score": 0.110
    },
    "www.zsh.org": {
      "out": {
        "other": 1
      },
      "score": 0.110
    },
    "2014-03-06-beyond-http-header-links.html": {
      "out": {
        "other": 1
      },
      "score": 0.110
    },
    "code.google.com": {
      "out": {
        "other": 1
      },
      "score": 0.110
    },
    "twitter.com/jstoiko": {
      "out": {
        "other": 1
      },
      "score": 0.110
    },
    "upward.io": {
      "out": {
        "other": 1
      },
      "score": 0.110
    },
    "wiki.lxde.org": {
      "out": {
        "other": 1
      },
      "score": 0.110
    },
    "www.dominodatalab.com": {
      "out": {
        "other": 1
      },
      "score": 0.110
    },
    "invisible-island.net": {
      "out": {
        "other": 1
      },
      "score": 0.110
    },
    "mailinabox.email": {
      "out": {
        "other": 1
      },
      "score": 0.110
    },
    "www.heroku.com": {
      "out": {
        "other": 1
      },
      "score": 0.110
    },
    "www.schoolofhaskell.com": {
      "out": {
        "other": 1
      },
      "score": 0.110
    },
    "www.unlocktheinbox.com": {
      "out": {
        "other": 1
      },
      "score": 0.110
    },
    "twitter.com/theotypes": {
      "out": {
        "other": 1
      },
      "score": 0.110
    },
    "www.cs.ox.ac.uk": {
      "out": {
        "other": 1
      },
      "score": 0.110
    },
    "100state.com": {
      "out": {
        "other": 1
      },
      "score": 0.110
    },
    "2012-07-12-dont-play-css-tetris.html": {
      "out": {
        "other": 1
      },
      "score": 0.110
    },
    "deskthority.net": {
      "out": {
        "other": 1
      },
      "score": 0.110
    },
    "docx2txt.sourceforge.net": {
      "out": {
        "other": 1
      },
      "score": 0.110
    },
    "feh.finalrewind.org": {
      "out": {
        "other": 1
      },
      "score": 0.110
    },
    "wiki.freedesktop.org": {
      "out": {
        "other": 1
      },
      "score": 0.110
    },
    "fungi.yuggoth.org": {
      "out": {
        "other": 1
      },
      "score": 0.110
    },
    "isync.sourceforge.net": {
      "out": {
        "other": 1
      },
      "score": 0.110
    },
    "javascript.about.com": {
      "out": {
        "other": 1
      },
      "score": 0.110
    },
    "linuxcommand.org": {
      "out": {
        "other": 1
      },
      "score": 0.110
    },
    "russianreport.wordpress.com": {
      "out": {
        "other": 1
      },
      "score": 0.110
    },
    "twitter.com/matthewmccull": {
      "out": {
        "other": 1
      },
      "score": 0.110
    },
    "www.linuxbabe.com": {
      "out": {
        "other": 1
      },
      "score": 0.110
    },
    "www.swiftnav.com": {
      "out": {
        "other": 1
      },
      "score": 0.110
    }
  }
}