{
  "domain": "believingprayer.com",
  "urls": [
    "http://believingprayer.com/"
  ],
  "names": [
    "Believing Prayer"
  ],
  "descriptions": [],
  "pictures": [
    "http://believingprayer.com/wp-content/uploads/fbrfg/favicon-32x32.png",
    "http://believingprayer.com/wp-content/uploads/fbrfg/favicon-16x16.png",
    "http://believingprayer.com/wp-content/uploads/fbrfg/favicon.ico",
    "http://believingprayer.com/wp-content/uploads/2015/01/bprayer-favicon1-54afc98av1_site_icon-32x32.png",
    "http://believingprayer.com/wp-content/uploads/2015/01/bprayer-favicon1-54afc98av1_site_icon-256x256.png"
  ],
  "hcard": {},
  "rel_mes": [],
  "crawl_start": "2017-04-27T07:52:44",
  "crawl_end": "2017-04-27T12:47:36",
  "num_pages": 1628,
  "total_html_size": 75225925,
  "servers": [
    "nginx",
    "WordPress"
  ],
  "mf2_classes": [
    "h-card",
    "h-as-mention",
    "h-entry",
    "h-as-reply"
  ],
  "tags": [
    "bridgy",
    "webmention",
    "WordPress"
  ],
  "endpoints": {
    "webmention": [
      "http://believingprayer.com/wp-json/webmention/1.0/endpoint"
    ]
  },
  "links_out": 3954,
  "links_in": 1815,
  "links": {
    "forthrightpress.com": {
      "out": {
        "other": 1522
      },
      "score": 1
    },
    "www.andersnoren.se": {
      "out": {
        "other": 1509
      },
      "score": 0.999
    },
    "jasrandal.withknown.com": {
      "in": {
        "other": 1665,
        "in-reply-to": 78
      },
      "out": {
        "other": 2
      },
      "score": 0.951
    },
    "muut.com": {
      "out": {
        "other": 238
      },
      "score": 0.769
    },
    "randalmatheny.com": {
      "out": {
        "other": 175
      },
      "in": {
        "other": 72
      },
      "score": 0.754
    },
    "randal.us": {
      "out": {
        "other": 102
      },
      "score": 0.663
    },
    "forthright.net": {
      "out": {
        "other": 42
      },
      "score": 0.552
    },
    "unitedprayer.files.wordpress.com": {
      "out": {
        "other": 22
      },
      "score": 0.471
    },
    "www.chuckwebster.org": {
      "out": {
        "other": 17
      },
      "score": 0.440
    },
    "nlt.to": {
      "out": {
        "other": 16
      },
      "score": 0.433
    },
    "fellowshiproom.org": {
      "out": {
        "other": 16
      },
      "score": 0.433
    },
    "preachereddie.wordpress.com": {
      "out": {
        "other": 15
      },
      "score": 0.424
    },
    "gospeak.org": {
      "out": {
        "other": 14
      },
      "score": 0.415
    },
    "twitter.com/unitedprayer": {
      "out": {
        "other": 13
      },
      "score": 0.406
    },
    "www.mtjuliet.org": {
      "out": {
        "other": 12
      },
      "score": 0.397
    },
    "brotherhoodnews.com": {
      "out": {
        "other": 9
      },
      "score": 0.360
    },
    "dailysignal.com": {
      "out": {
        "other": 8
      },
      "score": 0.345
    },
    "gospelsnippets.blogspot.com.br": {
      "out": {
        "other": 8
      },
      "score": 0.345
    },
    "www.econlib.org": {
      "out": {
        "other": 8
      },
      "score": 0.345
    },
    "ref.ly": {
      "out": {
        "other": 8
      },
      "score": 0.345
    },
    "www.esvbible.org": {
      "out": {
        "other": 7
      },
      "score": 0.329
    },
    "jeffajenkins.com": {
      "out": {
        "other": 7
      },
      "score": 0.329
    },
    "jimmybagwell.wordpress.com": {
      "out": {
        "other": 7
      },
      "score": 0.329
    },
    "www.studylight.org": {
      "out": {
        "other": 7
      },
      "score": 0.329
    },
    "www.talkshoe.com": {
      "out": {
        "other": 7
      },
      "score": 0.329
    },
    "churchofchristarticles.com": {
      "out": {
        "other": 7
      },
      "score": 0.329
    },
    "esv.literalword.com": {
      "out": {
        "other": 7
      },
      "score": 0.329
    },
    "recordings.talkshoe.com": {
      "out": {
        "other": 7
      },
      "score": 0.329
    },
    "facebook.com/notes": {
      "out": {
        "other": 7
      },
      "score": 0.329
    },
    "thejenkinsinstitute.com": {
      "out": {
        "other": 6
      },
      "score": 0.309
    },
    "100scriptures.posterous.com": {
      "out": {
        "other": 6
      },
      "score": 0.309
    },
    "twitter.com/SermonLines": {
      "out": {
        "other": 6
      },
      "score": 0.309
    },
    "www.methodist.org.uk": {
      "out": {
        "other": 6
      },
      "score": 0.309
    },
    "audioevangelism.com": {
      "out": {
        "other": 6
      },
      "score": 0.309
    },
    "www.smithvillechurch.org": {
      "out": {
        "other": 6
      },
      "score": 0.309
    },
    "gospeak.posterous.com": {
      "out": {
        "other": 6
      },
      "score": 0.309
    },
    "drjustinimelsr.com": {
      "out": {
        "other": 6
      },
      "score": 0.309
    },
    "www.gty.org": {
      "out": {
        "other": 6
      },
      "score": 0.309
    },
    "cherrystreetchurchofchrist.com": {
      "out": {
        "other": 6
      },
      "score": 0.309
    },
    "www.plainsimplefaith.com": {
      "out": {
        "other": 6
      },
      "score": 0.309
    },
    "mydailypause.org": {
      "out": {
        "other": 6
      },
      "score": 0.309
    },
    "www.cmalliance.org": {
      "out": {
        "other": 6
      },
      "score": 0.309
    },
    "www.strongchurch.org": {
      "out": {
        "other": 6
      },
      "score": 0.309
    },
    "inspirationsbykatheryn.com": {
      "out": {
        "other": 5
      },
      "score": 0.287
    },
    "mbriley.preachersfiles.com": {
      "out": {
        "other": 5
      },
      "score": 0.287
    },
    "www.worldenglishinstitute.org": {
      "out": {
        "other": 5
      },
      "score": 0.287
    },
    "is.gd": {
      "out": {
        "other": 5
      },
      "score": 0.287
    },
    "www.michaelwaymonsummers.blogspot.com.br": {
      "out": {
        "other": 5
      },
      "score": 0.287
    },
    "canalheightscofc.blogspot.com": {
      "out": {
        "other": 4
      },
      "score": 0.259
    },
    "www.timeanddate.com": {
      "out": {
        "other": 4
      },
      "score": 0.259
    },
    "www.sundayservices.anglican.asn.au": {
      "out": {
        "other": 4
      },
      "score": 0.259
    },
    "http.": {
      "out": {
        "other": 4
      },
      "score": 0.259
    },
    "lemmonsaid.wordpress.com": {
      "out": {
        "other": 4
      },
      "score": 0.259
    },
    "gospel.randal.fastmail.fm": {
      "out": {
        "other": 3
      },
      "score": 0.223
    },
    "cloudburstpoetry.com": {
      "out": {
        "other": 1
      },
      "score": 0.0864
    },
    "randalmatheny.copm": {
      "out": {
        "other": 1
      },
      "score": 0.0864
    },
    "www.zemanta.com": {
      "out": {
        "other": 1
      },
      "score": 0.0864
    }
  }
}