{
  "domain": "belle.micro.blog",
  "urls": [
    "http://belle.micro.blog/"
  ],
  "names": [
    "Belle Beth Cooper"
  ],
  "descriptions": [],
  "pictures": [],
  "hcard": {},
  "rel_mes": [],
  "crawl_start": "2017-04-28T01:48:53",
  "crawl_end": "2017-04-28T01:49:22",
  "num_pages": 25,
  "total_html_size": 30126,
  "servers": [
    "nginx"
  ],
  "mf2_classes": [
    "h-entry"
  ],
  "tags": [],
  "endpoints": {},
  "links_out": 16,
  "links_in": 0,
  "links": {
    "blog.todoist.com": {
      "out": {
        "other": 4
      },
      "score": 1
    },
    "zenhabits.net": {
      "out": {
        "other": 2
      },
      "score": 0.668
    },
    "blog.bench.co": {
      "out": {
        "other": 2
      },
      "score": 0.668
    },
    "ask.metafilter.com": {
      "out": {
        "other": 2
      },
      "score": 0.668
    },
    "blog.hellocode.co": {
      "out": {
        "other": 2
      },
      "score": 0.668
    },
    "www.fastcompany.com": {
      "out": {
        "other": 2
      },
      "score": 0.668
    },
    "jekyllrb.com": {
      "out": {
        "other": 1
      },
      "score": 0.333
    },
    "snippets.today": {
      "out": {
        "other": 1
      },
      "score": 0.333
    }
  }
}