{
  "domain": "belp.audio",
  "urls": [
    "http://belp.audio",
    "http://belp.audio/?og=1"
  ],
  "names": [
    "D.FL8 (aka BELP)",
    "belporama"
  ],
  "descriptions": [
    "belporama"
  ],
  "pictures": [
    "http://68.media.tumblr.com/avatar_3388a20333f5_128.png"
  ],
  "hcard": {
    "properties": {
      "category": [
        "http://belp.audio"
      ],
      "email": [
        "mailto:sebastian@dreamlab.net"
      ],
      "name": [
        "D.FL8 (aka BELP)"
      ],
      "photo": [
        "http://68.media.tumblr.com/avatar_3388a20333f5_128.png"
      ],
      "url": [
        "http://belp.audio"
      ]
    },
    "type": [
      "h-card"
    ]
  },
  "rel_mes": [
    "mailto:sebastian@dreamlab.net",
    "http://belp.audio",
    "http://soundcloud.com/belp-music",
    "https://twitter.com/belp_audio",
    "https://vimeo.com/deflate",
    "http://fuckyeahmunichbrutalism.tumblr.com"
  ],
  "crawl_start": "2017-04-23T22:46:57",
  "crawl_end": "2017-04-23T23:36:59",
  "num_pages": 3584,
  "total_html_size": 130117554,
  "servers": [
    "openresty"
  ],
  "mf2_classes": [
    "h-card",
    "h-entry"
  ],
  "tags": [
    "relme",
    "bridgy",
    "IRC",
    "webmention"
  ],
  "endpoints": {
    "webmention": [
      "https://brid.gy/webmention/tumblr"
    ]
  },
  "links_out": 29379,
  "links_in": 4744,
  "links": {
    "www.indiewebcamp.com": {
      "out": {
        "other": 4814
      },
      "score": 1
    },
    "t.umblr.com": {
      "out": {
        "other": 2684
      },
      "score": 0.937
    },
    "www.instagram.com": {
      "out": {
        "other": 2501
      },
      "score": 0.929
    },
    "soundcloud.com": {
      "out": {
        "other": 2483
      },
      "score": 0.928
    },
    "mono-kultur.org": {
      "out": {
        "other": 2423
      },
      "score": 0.926
    },
    "twitter.com/belp_audio": {
      "out": {
        "other": 2409
      },
      "score": 0.925
    },
    "fuckyeahmunichbrutalism.tumblr.com": {
      "out": {
        "other": 2412
      },
      "score": 0.925
    },
    "vimeo.com": {
      "out": {
        "other": 2407
      },
      "score": 0.925
    },
    "dreamlab.net": {
      "out": {
        "other": 2407
      },
      "score": 0.925
    },
    "indieweb.org": {
      "in": {
        "other": 3152
      },
      "score": 0.879
    },
    "chat.indieweb.org": {
      "in": {
        "other": 1572
      },
      "score": 0.803
    },
    "68.media.tumblr.com": {
      "out": {
        "other": 604
      },
      "score": 0.774
    },
    "schamonimusik.tumblr.com": {
      "out": {
        "other": 523
      },
      "score": 0.759
    },
    "tmblr.co": {
      "out": {
        "other": 354
      },
      "score": 0.715
    },
    "munichagain.tumblr.com": {
      "out": {
        "other": 125
      },
      "score": 0.602
    },
    "nymphfuvk.tumblr.com": {
      "out": {
        "other": 100
      },
      "score": 0.578
    },
    "superprofan.tumblr.com": {
      "out": {
        "other": 96
      },
      "score": 0.574
    },
    "instagram.com": {
      "out": {
        "other": 72
      },
      "score": 0.542
    },
    "snffnglu.tumblr.com": {
      "out": {
        "other": 72
      },
      "score": 0.542
    },
    "www.snffnglu.com": {
      "out": {
        "other": 68
      },
      "score": 0.535
    },
    "mirkokosmos.tumblr.com": {
      "out": {
        "other": 56
      },
      "score": 0.515
    },
    "jahmoni.tumblr.com": {
      "out": {
        "other": 49
      },
      "score": 0.499
    },
    "zafojones.tumblr.com": {
      "out": {
        "other": 48
      },
      "score": 0.497
    },
    "leapsinscale.tumblr.com": {
      "out": {
        "other": 45
      },
      "score": 0.491
    },
    "jahmoni.com": {
      "out": {
        "other": 40
      },
      "score": 0.478
    },
    "nicolefrenette.tumblr.com": {
      "out": {
        "other": 38
      },
      "score": 0.472
    },
    "70sscifiart.tumblr.com": {
      "out": {
        "other": 38
      },
      "score": 0.472
    },
    "belporama.tumblr.com": {
      "out": {
        "other": 38
      },
      "score": 0.472
    },
    "kebleier.tumblr.com": {
      "out": {
        "other": 34
      },
      "score": 0.460
    },
    "l-e-r-o-y.tumblr.com": {
      "out": {
        "other": 32
      },
      "score": 0.454
    },
    "antigenitalisticrrrriot.tumblr.com": {
      "out": {
        "other": 32
      },
      "score": 0.454
    },
    "antigenitalistischeoffensive2013.tumblr.com": {
      "out": {
        "other": 31
      },
      "score": 0.450
    },
    "schwein-child.tumblr.com": {
      "out": {
        "other": 30
      },
      "score": 0.446
    },
    "fastforwardmonaco.tumblr.com": {
      "out": {
        "other": 28
      },
      "score": 0.439
    },
    "taobao-media.tumblr.com": {
      "out": {
        "other": 28
      },
      "score": 0.439
    },
    "krstf3000.tumblr.com": {
      "out": {
        "other": 28
      },
      "score": 0.439
    },
    "protein-music.tumblr.com": {
      "out": {
        "other": 28
      },
      "score": 0.439
    },
    "artbeautypaintings.tumblr.com": {
      "out": {
        "other": 26
      },
      "score": 0.431
    },
    "stickersofmunich.tumblr.com": {
      "out": {
        "other": 26
      },
      "score": 0.431
    },
    "latenitelink.tumblr.com": {
      "out": {
        "other": 26
      },
      "score": 0.431
    },
    "monokulturmuenchen.tumblr.com": {
      "out": {
        "other": 25
      },
      "score": 0.426
    },
    "zpomnicore.tumblr.com": {
      "out": {
        "other": 25
      },
      "score": 0.426
    },
    "brandongravely21-blog.tumblr.com": {
      "out": {
        "other": 24
      },
      "score": 0.422
    },
    "2257ad.tumblr.com": {
      "out": {
        "other": 23
      },
      "score": 0.418
    },
    "9vil-passions.tumblr.com": {
      "out": {
        "other": 22
      },
      "score": 0.412
    },
    "version111a.tumblr.com": {
      "out": {
        "other": 22
      },
      "score": 0.412
    },
    "horfee.tumblr.com": {
      "out": {
        "other": 22
      },
      "score": 0.412
    },
    "brandongravely21.tumblr.com": {
      "out": {
        "other": 22
      },
      "score": 0.412
    },
    "the-w0rldisamess.tumblr.com": {
      "out": {
        "other": 22
      },
      "score": 0.412
    },
    "venderstrooik.tumblr.com": {
      "out": {
        "other": 20
      },
      "score": 0.402
    },
    "rosa-kammermeier.tumblr.com": {
      "out": {
        "other": 20
      },
      "score": 0.402
    },
    "nofunpress.tumblr.com": {
      "out": {
        "other": 20
      },
      "score": 0.402
    },
    "purple-underground.tumblr.com": {
      "out": {
        "other": 20
      },
      "score": 0.402
    },
    "afrikanspaceprogram.tumblr.com": {
      "out": {
        "other": 20
      },
      "score": 0.402
    },
    "ecprsn.tumblr.com": {
      "out": {
        "other": 18
      },
      "score": 0.390
    },
    "sciencefictiongallery.tumblr.com": {
      "out": {
        "other": 18
      },
      "score": 0.390
    },
    "sleekmag.tumblr.com": {
      "out": {
        "other": 18
      },
      "score": 0.390
    },
    "annamccarthy.tumblr.com": {
      "out": {
        "other": 18
      },
      "score": 0.390
    },
    "www.humphreyking.com": {
      "out": {
        "other": 18
      },
      "score": 0.390
    },
    "humphreyking.tumblr.com": {
      "out": {
        "other": 16
      },
      "score": 0.378
    },
    "jasonhenryphoto.tumblr.com": {
      "out": {
        "other": 16
      },
      "score": 0.378
    },
    "kidsofdada.tumblr.com": {
      "out": {
        "other": 16
      },
      "score": 0.378
    },
    "sleekmagazine.tumblr.com": {
      "out": {
        "other": 16
      },
      "score": 0.378
    },
    "soundslike1115.tumblr.com": {
      "out": {
        "other": 16
      },
      "score": 0.378
    },
    "weheartit.com": {
      "out": {
        "other": 15
      },
      "score": 0.371
    },
    "paulushaus.tumblr.com": {
      "out": {
        "other": 15
      },
      "score": 0.371
    },
    "lucaschanoine.tumblr.com": {
      "out": {
        "other": 14
      },
      "score": 0.363
    },
    "bazedjunkiii.tumblr.com": {
      "out": {
        "other": 14
      },
      "score": 0.363
    },
    "femaleawarenessday.tumblr.com": {
      "out": {
        "other": 14
      },
      "score": 0.363
    },
    "sleekart.tumblr.com": {
      "out": {
        "other": 14
      },
      "score": 0.363
    },
    "bottonzinho.tumblr.com": {
      "out": {
        "other": 14
      },
      "score": 0.363
    },
    "drumcorps.tumblr.com": {
      "out": {
        "other": 14
      },
      "score": 0.363
    },
    "albertayebisackey.tumblr.com": {
      "out": {
        "other": 14
      },
      "score": 0.363
    },
    "samuraifuckingfrog.tumblr.com": {
      "out": {
        "other": 12
      },
      "score": 0.347
    },
    "thetrilogytapes.tumblr.com": {
      "out": {
        "other": 12
      },
      "score": 0.347
    },
    "polakofrantek.tumblr.com": {
      "out": {
        "other": 12
      },
      "score": 0.347
    },
    "480billion.tumblr.com": {
      "out": {
        "other": 12
      },
      "score": 0.347
    },
    "upthapunx.tumblr.com": {
      "out": {
        "other": 12
      },
      "score": 0.347
    },
    "girlphotografer.tumblr.com": {
      "out": {
        "other": 12
      },
      "score": 0.347
    },
    "shannonedelaney.tumblr.com": {
      "out": {
        "other": 12
      },
      "score": 0.347
    },
    "richkidsofinstagram.tumblr.com": {
      "out": {
        "other": 12
      },
      "score": 0.347
    },
    "just-art.tumblr.com": {
      "out": {
        "other": 12
      },
      "score": 0.347
    },
    "sicsen.tumblr.com": {
      "out": {
        "other": 12
      },
      "score": 0.347
    },
    "tripppmag.tumblr.com": {
      "out": {
        "other": 12
      },
      "score": 0.347
    },
    "wasistdasfuer1demo.tumblr.com": {
      "out": {
        "other": 10
      },
      "score": 0.327
    },
    "pseudo-art-rose.tumblr.com": {
      "out": {
        "other": 10
      },
      "score": 0.327
    },
    "laclubresource.tumblr.com": {
      "out": {
        "other": 10
      },
      "score": 0.327
    },
    "melodiezmel.tumblr.com": {
      "out": {
        "other": 10
      },
      "score": 0.327
    },
    "angryinkeddrunk.tumblr.com": {
      "out": {
        "other": 10
      },
      "score": 0.327
    },
    "mongkong.tumblr.com": {
      "out": {
        "other": 10
      },
      "score": 0.327
    },
    "tomorrowandbeyond.tumblr.com": {
      "out": {
        "other": 10
      },
      "score": 0.327
    },
    "loveboatinsanity.tumblr.com": {
      "out": {
        "other": 10
      },
      "score": 0.327
    },
    "soundcloudstatus.tumblr.com": {
      "out": {
        "other": 10
      },
      "score": 0.327
    },
    "mposada.tumblr.com": {
      "out": {
        "other": 10
      },
      "score": 0.327
    },
    "mollymatalon.tumblr.com": {
      "out": {
        "other": 10
      },
      "score": 0.327
    },
    "www.tumblr.com": {
      "out": {
        "other": 9
      },
      "score": 0.315
    },
    "fuckyeahbrutalism.tumblr.com": {
      "out": {
        "other": 9
      },
      "score": 0.315
    },
    "nk43.tumblr.com": {
      "out": {
        "other": 9
      },
      "score": 0.315
    },
    "twitter.com/scottaolson": {
      "out": {
        "other": 2,
        "repost-of": 2
      },
      "score": 0.302
    },
    "aaronwynia.tumblr.com": {
      "out": {
        "other": 8
      },
      "score": 0.302
    },
    "thecamhouston.tumblr.com": {
      "out": {
        "other": 8
      },
      "score": 0.302
    },
    "mapsontheweb.zoom-maps.com": {
      "out": {
        "other": 8
      },
      "score": 0.302
    },
    "archives-dada.tumblr.com": {
      "out": {
        "other": 8
      },
      "score": 0.302
    },
    "go7ladies-deactivated20170209.tumblr.com": {
      "out": {
        "other": 8
      },
      "score": 0.302
    },
    "lly-k-deactivated20150610.tumblr.com": {
      "out": {
        "other": 8
      },
      "score": 0.302
    },
    "www.sleek-mag.com": {
      "out": {
        "other": 8
      },
      "score": 0.302
    },
    "apl315.tumblr.com": {
      "out": {
        "other": 8
      },
      "score": 0.302
    },
    "fleeten-deactivated20150421.tumblr.com": {
      "out": {
        "other": 8
      },
      "score": 0.302
    },
    "ad-noiseam.tumblr.com": {
      "out": {
        "other": 8
      },
      "score": 0.302
    },
    "eccybread-deactivated20161202.tumblr.com": {
      "out": {
        "other": 8
      },
      "score": 0.302
    },
    "feelbetterthings.tumblr.com": {
      "out": {
        "other": 8
      },
      "score": 0.302
    },
    "organarmani.tumblr.com": {
      "out": {
        "other": 8
      },
      "score": 0.302
    },
    "alexfwebb.tumblr.com": {
      "out": {
        "other": 8
      },
      "score": 0.302
    },
    "sz-international.tumblr.com": {
      "out": {
        "other": 8
      },
      "score": 0.302
    },
    "mapsontheweb.tumblr.com": {
      "out": {
        "other": 8
      },
      "score": 0.302
    },
    "vo5uru.tumblr.com": {
      "out": {
        "other": 8
      },
      "score": 0.302
    },
    "manfreckles.tumblr.com": {
      "out": {
        "other": 8
      },
      "score": 0.302
    },
    "quinterson.tumblr.com": {
      "out": {
        "other": 8
      },
      "score": 0.302
    },
    "goodmorningm0therfucker.tumblr.com": {
      "out": {
        "other": 8
      },
      "score": 0.302
    },
    "puuuh.tumblr.com": {
      "out": {
        "other": 8
      },
      "score": 0.302
    },
    "welcomefederbenefiz.tumblr.com": {
      "out": {
        "other": 8
      },
      "score": 0.302
    },
    "theblacknurse.tumblr.com": {
      "out": {
        "other": 8
      },
      "score": 0.302
    },
    "www.flickr.com": {
      "out": {
        "other": 8
      },
      "score": 0.302
    },
    "evil-beauties.blogspot.com": {
      "out": {
        "other": 8
      },
      "score": 0.302
    },
    "latexmansion.tumblr.com": {
      "out": {
        "other": 8
      },
      "score": 0.302
    },
    "loomer417.tumblr.com": {
      "out": {
        "other": 8
      },
      "score": 0.302
    },
    "nk44.tumblr.com": {
      "out": {
        "other": 8
      },
      "score": 0.302
    },
    "thisjazzaintfree.tumblr.com": {
      "out": {
        "other": 8
      },
      "score": 0.302
    },
    "luisasalvatore.tumblr.com": {
      "out": {
        "other": 7
      },
      "score": 0.288
    },
    "grtwhtgrvty.tumblr.com": {
      "out": {
        "other": 6
      },
      "score": 0.270
    },
    "helgereumann.tumblr.com": {
      "out": {
        "other": 6
      },
      "score": 0.270
    },
    "mancunianhuyjul.tumblr.com": {
      "out": {
        "other": 6
      },
      "score": 0.270
    },
    "textbaufranzdobler.tumblr.com": {
      "out": {
        "other": 6
      },
      "score": 0.270
    },
    "inked-babes-coming-in-hot.tumblr.com": {
      "out": {
        "other": 6
      },
      "score": 0.270
    },
    "mirandaivarsson.tumblr.com": {
      "out": {
        "other": 6
      },
      "score": 0.270
    },
    "ettubrut.tumblr.com": {
      "out": {
        "other": 6
      },
      "score": 0.270
    },
    "www.kidsofdada.com": {
      "out": {
        "other": 6
      },
      "score": 0.270
    },
    "mycomputerisonfire.tumblr.com": {
      "out": {
        "other": 6
      },
      "score": 0.270
    },
    "tapefruit.tumblr.com": {
      "out": {
        "other": 6
      },
      "score": 0.270
    },
    "artisanalpostcards.wordpress.com": {
      "out": {
        "other": 6
      },
      "score": 0.270
    },
    "fierce-and-fat.tumblr.com": {
      "out": {
        "other": 6
      },
      "score": 0.270
    },
    "penpath.tumblr.com": {
      "out": {
        "other": 6
      },
      "score": 0.270
    },
    "y5143.tumblr.com": {
      "out": {
        "other": 6
      },
      "score": 0.270
    },
    "nihiskistuff.tumblr.com": {
      "out": {
        "other": 6
      },
      "score": 0.270
    },
    "poznanski.tumblr.com": {
      "out": {
        "other": 6
      },
      "score": 0.270
    },
    "daryl-angel.tumblr.com": {
      "out": {
        "other": 6
      },
      "score": 0.270
    },
    "dashobos.tumblr.com": {
      "out": {
        "other": 6
      },
      "score": 0.270
    },
    "gxonethousand.tumblr.com": {
      "out": {
        "other": 6
      },
      "score": 0.270
    },
    "friendsofgas.tumblr.com": {
      "out": {
        "other": 6
      },
      "score": 0.270
    },
    "gotmagic.tumblr.com": {
      "out": {
        "other": 6
      },
      "score": 0.270
    },
    "huhwhatandwhere.tumblr.com": {
      "out": {
        "other": 6
      },
      "score": 0.270
    },
    "cephalopodciting.tumblr.com": {
      "out": {
        "other": 6
      },
      "score": 0.270
    },
    "anis-ali.tumblr.com": {
      "out": {
        "other": 6
      },
      "score": 0.270
    },
    "jovanareisinger-deactivated2016.tumblr.com": {
      "out": {
        "other": 6
      },
      "score": 0.270
    },
    "pyramidc0untry.tumblr.com": {
      "out": {
        "other": 6
      },
      "score": 0.270
    },
    "louijover.tumblr.com": {
      "out": {
        "other": 6
      },
      "score": 0.270
    },
    "lookthesunisshining.tumblr.com": {
      "out": {
        "other": 5
      },
      "score": 0.251
    },
    "lowfiparadise.tumblr.com": {
      "out": {
        "other": 5
      },
      "score": 0.251
    },
    "kartikprabhu.com": {
      "in": {
        "in-reply-to": 2
      },
      "score": 0.251
    },
    "stromgeber.lischka.cc": {
      "in": {
        "other": 9
      },
      "score": 0.240
    },
    "tantek.tumblr.com": {
      "out": {
        "other": 4
      },
      "score": 0.227
    },
    "sororitysilence.tumblr.com": {
      "out": {
        "other": 4
      },
      "score": 0.227
    },
    "alexhoehn.tumblr.com": {
      "out": {
        "other": 4
      },
      "score": 0.227
    },
    "gedankenkollekte.tumblr.com": {
      "out": {
        "other": 4
      },
      "score": 0.227
    },
    "thevaultofretroscifi.tumblr.com": {
      "out": {
        "other": 4
      },
      "score": 0.227
    },
    "astromech-punk.tumblr.com": {
      "out": {
        "other": 4
      },
      "score": 0.227
    },
    "hndrk.tumblr.com": {
      "out": {
        "other": 4
      },
      "score": 0.227
    },
    "eastafricaart.tumblr.com": {
      "out": {
        "other": 4
      },
      "score": 0.227
    },
    "davidbrandongeeting.tumblr.com": {
      "out": {
        "other": 4
      },
      "score": 0.227
    },
    "nzbillboards.tumblr.com": {
      "out": {
        "other": 4
      },
      "score": 0.227
    },
    "ryanschude.tumblr.com": {
      "out": {
        "other": 4
      },
      "score": 0.227
    },
    "acidic-alien.tumblr.com": {
      "out": {
        "other": 4
      },
      "score": 0.227
    },
    "kboyink.tumblr.com": {
      "out": {
        "other": 4
      },
      "score": 0.227
    },
    "bartokandlaveronesa.tumblr.com": {
      "out": {
        "other": 4
      },
      "score": 0.227
    },
    "navarrorravan.tumblr.com": {
      "out": {
        "other": 4
      },
      "score": 0.227
    },
    "nihiski.tumblr.com": {
      "out": {
        "other": 4
      },
      "score": 0.227
    },
    "fleeten.tumblr.com": {
      "out": {
        "other": 4
      },
      "score": 0.227
    },
    "guardian.tumblr.com": {
      "out": {
        "other": 4
      },
      "score": 0.227
    },
    "rrose1921.tumblr.com": {
      "out": {
        "other": 4
      },
      "score": 0.227
    },
    "vonverhille.tumblr.com": {
      "out": {
        "other": 4
      },
      "score": 0.227
    },
    "youtu.be": {
      "out": {
        "other": 4
      },
      "score": 0.227
    },
    "lauracallaghanillustration.tumblr.com": {
      "out": {
        "other": 4
      },
      "score": 0.227
    },
    "shlohmo.tumblr.com": {
      "out": {
        "other": 4
      },
      "score": 0.227
    },
    "splitfelipe.tumblr.com": {
      "out": {
        "other": 4
      },
      "score": 0.227
    },
    "historicaltimes.tumblr.com": {
      "out": {
        "other": 4
      },
      "score": 0.227
    },
    "nicrawhani.tumblr.com": {
      "out": {
        "other": 4
      },
      "score": 0.227
    },
    "blog.alexfwebb.com": {
      "out": {
        "other": 4
      },
      "score": 0.227
    },
    "warprecords.tumblr.com": {
      "out": {
        "other": 4
      },
      "score": 0.227
    },
    "amylombard.tumblr.com": {
      "out": {
        "other": 4
      },
      "score": 0.227
    },
    "bobbydoherty.tumblr.com": {
      "out": {
        "other": 4
      },
      "score": 0.227
    },
    "8teenswagger.tumblr.com": {
      "out": {
        "other": 4
      },
      "score": 0.227
    },
    "anisali.co.uk": {
      "out": {
        "other": 4
      },
      "score": 0.227
    },
    "inked-babes-are-among-us.tumblr.com": {
      "out": {
        "other": 4
      },
      "score": 0.227
    },
    "mxpspsl.tumblr.com": {
      "out": {
        "other": 4
      },
      "score": 0.227
    },
    "christianrclaflin.tumblr.com": {
      "out": {
        "other": 4
      },
      "score": 0.227
    },
    "jungeleutesz.tumblr.com": {
      "out": {
        "other": 4
      },
      "score": 0.227
    },
    "prince-house-rabbit.tumblr.com": {
      "out": {
        "other": 4
      },
      "score": 0.227
    },
    "no-drugs-no-life.tumblr.com": {
      "out": {
        "other": 4
      },
      "score": 0.227
    },
    "amyharrity.tumblr.com": {
      "out": {
        "other": 4
      },
      "score": 0.227
    },
    "twitter.com/MadddScience": {
      "out": {
        "other": 4
      },
      "score": 0.227
    },
    "glitchphotography.tumblr.com": {
      "out": {
        "other": 4
      },
      "score": 0.227
    },
    "remiovts.com": {
      "out": {
        "other": 4
      },
      "score": 0.227
    },
    "schamonimusikreleases.tumblr.com": {
      "out": {
        "other": 4
      },
      "score": 0.227
    },
    "bloodoftheyoung.tumblr.com": {
      "out": {
        "other": 4
      },
      "score": 0.227
    },
    "gesamtkunsttwerk.tumblr.com": {
      "out": {
        "other": 4
      },
      "score": 0.227
    },
    "antipolar.tumblr.com": {
      "out": {
        "other": 4
      },
      "score": 0.227
    },
    "dems333.tumblr.com": {
      "out": {
        "other": 4
      },
      "score": 0.227
    },
    "zestyblog.tumblr.com": {
      "out": {
        "other": 4
      },
      "score": 0.227
    },
    "dirtytapes.tumblr.com": {
      "out": {
        "other": 4
      },
      "score": 0.227
    },
    "maxernst.tumblr.com": {
      "out": {
        "other": 4
      },
      "score": 0.227
    },
    "thomasprior.tumblr.com": {
      "out": {
        "other": 4
      },
      "score": 0.227
    },
    "burakaphotography.tumblr.com": {
      "out": {
        "other": 4
      },
      "score": 0.227
    },
    "anchosixx.tumblr.com": {
      "out": {
        "other": 4
      },
      "score": 0.227
    },
    "schallundrauch.tumblr.com": {
      "out": {
        "other": 4
      },
      "score": 0.227
    },
    "cytharat.tumblr.com": {
      "out": {
        "other": 4
      },
      "score": 0.227
    },
    "kind-hearts-deactivated20150614.tumblr.com": {
      "out": {
        "other": 4
      },
      "score": 0.227
    },
    "natassja-in-eternal-sleep.tumblr.com": {
      "out": {
        "other": 4
      },
      "score": 0.227
    },
    "rrose.ro": {
      "out": {
        "other": 4
      },
      "score": 0.227
    },
    "www.thisismyshit.com": {
      "out": {
        "other": 4
      },
      "score": 0.227
    },
    "jasonnocito.tumblr.com": {
      "out": {
        "other": 4
      },
      "score": 0.227
    },
    "weltstadtmitnerz.tumblr.com": {
      "out": {
        "other": 4
      },
      "score": 0.227
    },
    "deharme.tumblr.com": {
      "out": {
        "other": 4
      },
      "score": 0.227
    },
    "mpdrolet.tumblr.com": {
      "out": {
        "other": 4
      },
      "score": 0.227
    },
    "damienmaloney.tumblr.com": {
      "out": {
        "other": 4
      },
      "score": 0.227
    },
    "tatooed-babes-need-i-say-more.tumblr.com": {
      "out": {
        "other": 4
      },
      "score": 0.227
    },
    "tiiirex-deactivated20151104.tumblr.com": {
      "out": {
        "other": 4
      },
      "score": 0.227
    },
    "alinalakitsch.tumblr.com": {
      "out": {
        "other": 4
      },
      "score": 0.227
    },
    "iconophages.tumblr.com": {
      "out": {
        "other": 4
      },
      "score": 0.227
    },
    "ldarknessl.tumblr.com": {
      "out": {
        "other": 4
      },
      "score": 0.227
    },
    "lambertduchesne.tumblr.com": {
      "out": {
        "other": 4
      },
      "score": 0.227
    },
    "iamnixpix.tumblr.com": {
      "out": {
        "other": 4
      },
      "score": 0.227
    },
    "shannonedelaneyhair.tumblr.com": {
      "out": {
        "other": 4
      },
      "score": 0.227
    },
    "adamferriss.tumblr.com": {
      "out": {
        "other": 4
      },
      "score": 0.227
    },
    "soundcloud.tumblr.com": {
      "out": {
        "other": 4
      },
      "score": 0.227
    },
    "status.soundcloud.com": {
      "out": {
        "other": 4
      },
      "score": 0.227
    },
    "iekonix-blog-blog.tumblr.com": {
      "out": {
        "other": 4
      },
      "score": 0.227
    },
    "levivianart.tumblr.com": {
      "out": {
        "other": 4
      },
      "score": 0.227
    },
    "snarfed.org": {
      "in": {
        "like-of": 3
      },
      "score": 0.195
    },
    "simhutchins.tumblr.com": {
      "out": {
        "other": 3
      },
      "score": 0.195
    },
    "lachpillenonkel.tumblr.com": {
      "out": {
        "other": 3
      },
      "score": 0.195
    },
    "imaphotoeditor.tumblr.com": {
      "out": {
        "other": 2
      },
      "score": 0.152
    },
    "mosa87.tumblr.com": {
      "out": {
        "other": 2
      },
      "score": 0.152
    },
    "s-i-m-i-c.tumblr.com": {
      "out": {
        "other": 2
      },
      "score": 0.152
    },
    "utrippy.tumblr.com": {
      "out": {
        "other": 2
      },
      "score": 0.152
    },
    "ananxid.tumblr.com": {
      "out": {
        "other": 2
      },
      "score": 0.152
    },
    "andthenitcametotheend.tumblr.com": {
      "out": {
        "other": 2
      },
      "score": 0.152
    },
    "schoolofvisualarts.tumblr.com": {
      "out": {
        "other": 2
      },
      "score": 0.152
    },
    "silkcigarette.tumblr.com": {
      "out": {
        "other": 2
      },
      "score": 0.152
    },
    "annsophiephoto.tumblr.com": {
      "out": {
        "other": 2
      },
      "score": 0.152
    },
    "benjaminrasmussen.tumblr.com": {
      "out": {
        "other": 2
      },
      "score": 0.152
    },
    "blkindigo.tumblr.com": {
      "out": {
        "other": 2
      },
      "score": 0.152
    },
    "fattyelizabeth.tumblr.com": {
      "out": {
        "other": 2
      },
      "score": 0.152
    },
    "sharkchunks.tumblr.com": {
      "out": {
        "other": 2
      },
      "score": 0.152
    },
    "sir-whey.tumblr.com": {
      "out": {
        "other": 2
      },
      "score": 0.152
    },
    "the-eternal-moonshine.tumblr.com": {
      "out": {
        "other": 2
      },
      "score": 0.152
    },
    "wir-lieben-nickmccarthy.tumblr.com": {
      "out": {
        "other": 2
      },
      "score": 0.152
    },
    "www.amazon.com": {
      "out": {
        "other": 2
      },
      "score": 0.152
    },
    "www.drsoundcloud.com": {
      "out": {
        "other": 2
      },
      "score": 0.152
    },
    "unicyclic.com": {
      "in": {
        "like-of": 2
      },
      "score": 0.152
    },
    "biscuitnapper.tumblr.com": {
      "out": {
        "other": 2
      },
      "score": 0.152
    },
    "lord-kitschener.tumblr.com": {
      "out": {
        "other": 2
      },
      "score": 0.152
    },
    "naomiwongo.tumblr.com": {
      "out": {
        "other": 2
      },
      "score": 0.152
    },
    "skittles.tumblr.com": {
      "out": {
        "other": 2
      },
      "score": 0.152
    },
    "theanalogdump.tumblr.com": {
      "out": {
        "other": 2
      },
      "score": 0.152
    },
    "www.utrippy.tumblr.com": {
      "out": {
        "other": 2
      },
      "score": 0.152
    },
    "www.vice.com": {
      "out": {
        "other": 2
      },
      "score": 0.152
    },
    "yepski.tumblr.com": {
      "out": {
        "other": 2
      },
      "score": 0.152
    },
    "drfeedwell.tumblr.com": {
      "out": {
        "other": 2
      },
      "score": 0.152
    },
    "iekonix.tumblr.com": {
      "out": {
        "other": 2
      },
      "score": 0.152
    },
    "o0o0o0o0o0o0o0o0o0o0.tumblr.com": {
      "out": {
        "other": 2
      },
      "score": 0.152
    },
    "danielhannih.tumblr.com": {
      "out": {
        "other": 2
      },
      "score": 0.152
    },
    "fantascientificamentevintage.tumblr.com": {
      "out": {
        "other": 2
      },
      "score": 0.152
    },
    "hedonism-art.tumblr.com": {
      "out": {
        "other": 2
      },
      "score": 0.152
    },
    "ninjatune.tumblr.com": {
      "out": {
        "other": 2
      },
      "score": 0.152
    },
    "raketenbasis.pancakeapps.com": {
      "out": {
        "other": 2
      },
      "score": 0.152
    },
    "serpentfire.tumblr.com": {
      "out": {
        "other": 2
      },
      "score": 0.152
    },
    "44on33.tumblr.com": {
      "out": {
        "other": 2
      },
      "score": 0.152
    },
    "glitchcovers.tumblr.com": {
      "out": {
        "other": 2
      },
      "score": 0.152
    },
    "goeticmirror.tumblr.com": {
      "out": {
        "other": 2
      },
      "score": 0.152
    },
    "nikkielamb94.tumblr.com": {
      "out": {
        "other": 2
      },
      "score": 0.152
    },
    "seemstween.tumblr.com": {
      "out": {
        "other": 2
      },
      "score": 0.152
    },
    "sikfish.tumblr.com": {
      "out": {
        "other": 2
      },
      "score": 0.152
    },
    "toiletpapercosmos.tumblr.com": {
      "out": {
        "other": 2
      },
      "score": 0.152
    },
    "tucec9.tumblr.com": {
      "out": {
        "other": 2
      },
      "score": 0.152
    },
    "wahlforss.tumblr.com": {
      "out": {
        "other": 2
      },
      "score": 0.152
    },
    "ageofmaturity.tumblr.com": {
      "out": {
        "other": 2
      },
      "score": 0.152
    },
    "analbardot.tumblr.com": {
      "out": {
        "other": 2
      },
      "score": 0.152
    },
    "arteyculturazp.tumblr.com": {
      "out": {
        "other": 2
      },
      "score": 0.152
    },
    "fuon-yuuki.tumblr.com": {
      "out": {
        "other": 2
      },
      "score": 0.152
    },
    "mrpoopy-butthole.tumblr.com": {
      "out": {
        "other": 2
      },
      "score": 0.152
    },
    "sausageproductions.tumblr.com": {
      "out": {
        "other": 2
      },
      "score": 0.152
    },
    "failnation.tumblr.com": {
      "out": {
        "other": 2
      },
      "score": 0.152
    },
    "paralysing-sadness.tumblr.com": {
      "out": {
        "other": 2
      },
      "score": 0.152
    },
    "starmadness-deactivated20160809.tumblr.com": {
      "out": {
        "other": 2
      },
      "score": 0.152
    },
    "belacqui.tumblr.com": {
      "out": {
        "other": 2
      },
      "score": 0.152
    },
    "filmclub-813.de": {
      "out": {
        "other": 2
      },
      "score": 0.152
    },
    "huebot.tumblr.com": {
      "out": {
        "other": 2
      },
      "score": 0.152
    },
    "justin-guthrie.tumblr.com": {
      "out": {
        "other": 2
      },
      "score": 0.152
    },
    "mikicis.tumblr.com": {
      "out": {
        "other": 2
      },
      "score": 0.152
    },
    "uchihar.tumblr.com": {
      "out": {
        "other": 2
      },
      "score": 0.152
    },
    "accidentttprone.tumblr.com": {
      "out": {
        "other": 2
      },
      "score": 0.152
    },
    "alwhite.tumblr.com": {
      "out": {
        "other": 2
      },
      "score": 0.152
    },
    "facebook.com/media": {
      "out": {
        "other": 2
      },
      "score": 0.152
    },
    "karmaeiic.tumblr.com": {
      "out": {
        "other": 2
      },
      "score": 0.152
    },
    "koole-the-duden.tumblr.com": {
      "out": {
        "other": 2
      },
      "score": 0.152
    },
    "melzmel.tumblr.com": {
      "out": {
        "other": 2
      },
      "score": 0.152
    },
    "nikkielambcosplay.tumblr.com": {
      "out": {
        "other": 2
      },
      "score": 0.152
    },
    "twitter.com/FetishGoth": {
      "out": {
        "other": 2
      },
      "score": 0.152
    },
    "uplifteverytime.tumblr.com": {
      "out": {
        "other": 2
      },
      "score": 0.152
    },
    "fist.tumblr.com": {
      "out": {
        "other": 2
      },
      "score": 0.152
    },
    "internethistory.tumblr.com": {
      "out": {
        "other": 2
      },
      "score": 0.152
    },
    "rpdr9.tumblr.com": {
      "out": {
        "other": 2
      },
      "score": 0.152
    },
    "wifislilangel.tumblr.com": {
      "out": {
        "other": 2
      },
      "score": 0.152
    },
    "www.imdb.com": {
      "out": {
        "other": 2
      },
      "score": 0.152
    },
    "caynotk.tumblr.com": {
      "out": {
        "other": 2
      },
      "score": 0.152
    },
    "gravespitter.tumblr.com": {
      "out": {
        "other": 2
      },
      "score": 0.152
    },
    "oplyse.tumblr.com": {
      "out": {
        "other": 2
      },
      "score": 0.152
    },
    "pogphotoarchives.tumblr.com": {
      "out": {
        "other": 2
      },
      "score": 0.152
    },
    "lifeonmars70s.tumblr.com": {
      "out": {
        "other": 2
      },
      "score": 0.152
    },
    "rebelsmusic.tumblr.com": {
      "out": {
        "other": 2
      },
      "score": 0.152
    },
    "augustation.tumblr.com": {
      "out": {
        "other": 2
      },
      "score": 0.152
    },
    "dandismodextrarradio.tumblr.com": {
      "out": {
        "other": 2
      },
      "score": 0.152
    },
    "danielwamba.tumblr.com": {
      "out": {
        "other": 2
      },
      "score": 0.152
    },
    "illmagicsociety.tumblr.com": {
      "out": {
        "other": 2
      },
      "score": 0.152
    },
    "necro-mance.tumblr.com": {
      "out": {
        "other": 2
      },
      "score": 0.152
    },
    "posta-kutusu.tumblr.com": {
      "out": {
        "other": 2
      },
      "score": 0.152
    },
    "wendy-morgan.tumblr.com": {
      "out": {
        "other": 2
      },
      "score": 0.152
    },
    "www.hhv.de": {
      "out": {
        "other": 2
      },
      "score": 0.152
    },
    "blackacrerecords.tumblr.com": {
      "out": {
        "other": 2
      },
      "score": 0.152
    },
    "cypherleague1.tumblr.com": {
      "out": {
        "other": 2
      },
      "score": 0.152
    },
    "jordyraps.tumblr.com": {
      "out": {
        "other": 2
      },
      "score": 0.152
    },
    "scruples.tumblr.com": {
      "out": {
        "other": 2
      },
      "score": 0.152
    },
    "sunsetgun.tumblr.com": {
      "out": {
        "other": 2
      },
      "score": 0.152
    },
    "vangophfuckyourself.tumblr.com": {
      "out": {
        "other": 2
      },
      "score": 0.152
    },
    "pacemoccasin.tumblr.com": {
      "out": {
        "other": 2
      },
      "score": 0.152
    },
    "rivka-kopelman.tumblr.com": {
      "out": {
        "other": 2
      },
      "score": 0.152
    },
    "unrar.tumblr.com": {
      "out": {
        "other": 2
      },
      "score": 0.152
    },
    "www.katemccgwire.com": {
      "out": {
        "other": 2
      },
      "score": 0.152
    },
    "gaywrites.tumblr.com": {
      "out": {
        "other": 2
      },
      "score": 0.152
    },
    "institut.tumblr.com": {
      "out": {
        "other": 2
      },
      "score": 0.152
    },
    "waldemar-kazak.deviantart.com": {
      "out": {
        "other": 2
      },
      "score": 0.152
    },
    "www.belleville-verlag.de": {
      "out": {
        "other": 2
      },
      "score": 0.152
    },
    "lukevanaurich.tumblr.com": {
      "out": {
        "other": 2
      },
      "score": 0.152
    },
    "phhhotographs.tumblr.com": {
      "out": {
        "other": 2
      },
      "score": 0.152
    },
    "0hbliv.tumblr.com": {
      "out": {
        "other": 2
      },
      "score": 0.152
    },
    "huariqueje.tumblr.com": {
      "out": {
        "other": 2
      },
      "score": 0.152
    },
    "lovenotesnyc.tumblr.com": {
      "out": {
        "other": 2
      },
      "score": 0.152
    },
    "megnolia-harrison.tumblr.com": {
      "out": {
        "other": 2
      },
      "score": 0.152
    },
    "ndunit.tumblr.com": {
      "out": {
        "other": 2
      },
      "score": 0.152
    },
    "sanktsebastian.tumblr.com": {
      "out": {
        "other": 2
      },
      "score": 0.152
    },
    "belacqui-pro-quo.tumblr.com": {
      "out": {
        "other": 2
      },
      "score": 0.152
    },
    "koole-the-duden-deactivated2016.tumblr.com": {
      "out": {
        "other": 2
      },
      "score": 0.152
    },
    "lowowowow.tumblr.com": {
      "out": {
        "other": 2
      },
      "score": 0.152
    },
    "useless-germanyfacts.tumblr.com": {
      "out": {
        "other": 2
      },
      "score": 0.152
    },
    "www.samsungmobile.tumblr.com": {
      "out": {
        "other": 2
      },
      "score": 0.152
    },
    "bignaturaltits.maturenudewomens.com": {
      "out": {
        "other": 2
      },
      "score": 0.152
    },
    "blackacrerecords.co.uk": {
      "out": {
        "other": 2
      },
      "score": 0.152
    },
    "caradelneil.deviantart.com": {
      "out": {
        "other": 2
      },
      "score": 0.152
    },
    "dennisbusch.tumblr.com": {
      "out": {
        "other": 2
      },
      "score": 0.152
    },
    "edition.cnn.com": {
      "out": {
        "other": 2
      },
      "score": 0.152
    },
    "nicolaasss.tumblr.com": {
      "out": {
        "other": 2
      },
      "score": 0.152
    },
    "superprofanity.tumblr.com": {
      "out": {
        "other": 2
      },
      "score": 0.152
    },
    "crunkybarsofficial.tumblr.com": {
      "out": {
        "other": 2
      },
      "score": 0.152
    },
    "floppydisko.tumblr.com": {
      "out": {
        "other": 2
      },
      "score": 0.152
    },
    "thepsychedelicward-deactivated2.tumblr.com": {
      "out": {
        "other": 2
      },
      "score": 0.152
    },
    "twitter.com/hossamadonna": {
      "out": {
        "other": 2
      },
      "score": 0.152
    },
    "alogicals.tumblr.com": {
      "out": {
        "other": 2
      },
      "score": 0.152
    },
    "atomicarthaus.tumblr.com": {
      "out": {
        "other": 2
      },
      "score": 0.152
    },
    "blackcontemporaryart.tumblr.com": {
      "out": {
        "other": 2
      },
      "score": 0.152
    },
    "facebook.com/christianpitschl": {
      "out": {
        "other": 2
      },
      "score": 0.152
    },
    "fyglasgow.tumblr.com": {
      "out": {
        "other": 2
      },
      "score": 0.152
    },
    "teilzeitniceguy.tumblr.com": {
      "out": {
        "other": 2
      },
      "score": 0.152
    },
    "zarapazfotoblog.tumblr.com": {
      "out": {
        "other": 2
      },
      "score": 0.152
    },
    "blackray.pp.163.com": {
      "out": {
        "other": 2
      },
      "score": 0.152
    },
    "christianpitschl.tumblr.com": {
      "out": {
        "other": 2
      },
      "score": 0.152
    },
    "jovanaisst.tumblr.com": {
      "out": {
        "other": 2
      },
      "score": 0.152
    },
    "caughtinyourhipster.tumblr.com": {
      "out": {
        "other": 2
      },
      "score": 0.152
    },
    "dailybauhaus.tumblr.com": {
      "out": {
        "other": 2
      },
      "score": 0.152
    },
    "herfilthycatharsis.tumblr.com": {
      "out": {
        "other": 2
      },
      "score": 0.152
    },
    "inventorymagazine.tumblr.com": {
      "out": {
        "other": 2
      },
      "score": 0.152
    },
    "lostartjon.tumblr.com": {
      "out": {
        "other": 2
      },
      "score": 0.152
    },
    "meldharmawan.tumblr.com": {
      "out": {
        "other": 2
      },
      "score": 0.152
    },
    "thirdplanet13.tumblr.com": {
      "out": {
        "other": 2
      },
      "score": 0.152
    },
    "eclairquotidien.tumblr.com": {
      "out": {
        "other": 2
      },
      "score": 0.152
    },
    "neonrocketship.tumblr.com": {
      "out": {
        "other": 2
      },
      "score": 0.152
    },
    "patorourke.tumblr.com": {
      "out": {
        "other": 2
      },
      "score": 0.152
    },
    "sniper.jp": {
      "out": {
        "other": 2
      },
      "score": 0.152
    },
    "www.agmuse.co.jp": {
      "out": {
        "other": 2
      },
      "score": 0.152
    },
    "abcdff.tumblr.com": {
      "out": {
        "other": 2
      },
      "score": 0.152
    },
    "thepsychedelicward.tumblr.com": {
      "out": {
        "other": 2
      },
      "score": 0.152
    },
    "www.lisa-ziegler.tumblr.com": {
      "out": {
        "other": 2
      },
      "score": 0.152
    },
    "asa-taura.tumblr.com": {
      "out": {
        "other": 2
      },
      "score": 0.152
    },
    "boojerk.tumblr.com": {
      "out": {
        "other": 2
      },
      "score": 0.152
    },
    "coolthingoftheday.tumblr.com": {
      "out": {
        "other": 2
      },
      "score": 0.152
    },
    "www.anthonybila.tumblr.com": {
      "out": {
        "other": 2
      },
      "score": 0.152
    },
    "cocainesocialist.tumblr.com": {
      "out": {
        "other": 2
      },
      "score": 0.152
    },
    "germanpostwarmodern.tumblr.com": {
      "out": {
        "other": 2
      },
      "score": 0.152
    },
    "marlasingerphotography.tumblr.com": {
      "out": {
        "other": 2
      },
      "score": 0.152
    },
    "senseorsensuality.tumblr.com": {
      "out": {
        "other": 2
      },
      "score": 0.152
    },
    "teaviathan.tumblr.com": {
      "out": {
        "other": 2
      },
      "score": 0.152
    },
    "torati.deviantart.com": {
      "out": {
        "other": 2
      },
      "score": 0.152
    },
    "y-uchihara.tumblr.com": {
      "out": {
        "other": 2
      },
      "score": 0.152
    },
    "brid.gy": {
      "in": {
        "other": 4
      },
      "score": 0.152
    },
    "angst-essen-seele-auf.tumblr.com": {
      "out": {
        "other": 2
      },
      "score": 0.152
    },
    "facebook.com/Sabatobox": {
      "out": {
        "other": 2
      },
      "score": 0.152
    },
    "flirtintown.tumblr.com": {
      "out": {
        "other": 2
      },
      "score": 0.152
    },
    "phantastische-illustrationen.tumblr.com": {
      "out": {
        "other": 2
      },
      "score": 0.152
    },
    "rpdr8.tumblr.com": {
      "out": {
        "other": 2
      },
      "score": 0.152
    },
    "spotonnews-decelebr-yahoopartner.tumblr.com": {
      "out": {
        "other": 2
      },
      "score": 0.152
    },
    "theworstroom.tumblr.com": {
      "out": {
        "other": 2
      },
      "score": 0.152
    },
    "tiiirex.tumblr.com": {
      "out": {
        "other": 2
      },
      "score": 0.152
    },
    "www.dailyflings.com": {
      "out": {
        "other": 2
      },
      "score": 0.152
    },
    "www.munichagain.com": {
      "out": {
        "other": 2
      },
      "score": 0.152
    },
    "lsd-kitty.tumblr.com": {
      "out": {
        "other": 2
      },
      "score": 0.152
    },
    "mjcox.tumblr.com": {
      "out": {
        "other": 2
      },
      "score": 0.152
    },
    "mokinzpiration.tumblr.com": {
      "out": {
        "other": 2
      },
      "score": 0.152
    },
    "wghtmf.tumblr.com": {
      "out": {
        "other": 2
      },
      "score": 0.152
    },
    "bengore.tumblr.com": {
      "out": {
        "other": 2
      },
      "score": 0.152
    },
    "coolhippiefolife.tumblr.com": {
      "out": {
        "other": 2
      },
      "score": 0.152
    },
    "eskabio.tumblr.com": {
      "out": {
        "other": 2
      },
      "score": 0.152
    },
    "illuminatigirlgang.storenvy.com": {
      "out": {
        "other": 2
      },
      "score": 0.152
    },
    "magic-recoveries.tumblr.com": {
      "out": {
        "other": 2
      },
      "score": 0.152
    },
    "renhang.org": {
      "out": {
        "other": 2
      },
      "score": 0.152
    },
    "residentgoodgirl.tumblr.com": {
      "out": {
        "other": 2
      },
      "score": 0.152
    },
    "rubymydear.tumblr.com": {
      "out": {
        "other": 2
      },
      "score": 0.152
    },
    "samuelbradley.tumblr.com": {
      "out": {
        "other": 2
      },
      "score": 0.152
    },
    "slobbering.tumblr.com": {
      "out": {
        "other": 2
      },
      "score": 0.152
    },
    "tersaudades.tumblr.com": {
      "out": {
        "other": 2
      },
      "score": 0.152
    },
    "twitter.com/music_is_future": {
      "out": {
        "other": 2
      },
      "score": 0.152
    },
    "papaplasticdisco.tumblr.com": {
      "out": {
        "other": 2
      },
      "score": 0.152
    },
    "aotooouchi.tumblr.com": {
      "out": {
        "other": 2
      },
      "score": 0.152
    },
    "encym.tumblr.com": {
      "out": {
        "other": 2
      },
      "score": 0.152
    },
    "glitchdontkillmyvibe.tumblr.com": {
      "out": {
        "other": 2
      },
      "score": 0.152
    },
    "sofachips.tumblr.com": {
      "out": {
        "other": 2
      },
      "score": 0.152
    },
    "crunkybepis.tumblr.com": {
      "out": {
        "other": 2
      },
      "score": 0.152
    },
    "das-d1n9.tumblr.com": {
      "out": {
        "other": 2
      },
      "score": 0.152
    },
    "glimmpressions.tumblr.com": {
      "out": {
        "other": 2
      },
      "score": 0.152
    },
    "munichstreetphotographer.tumblr.com": {
      "out": {
        "other": 2
      },
      "score": 0.152
    },
    "thewufuu.tumblr.com": {
      "out": {
        "other": 2
      },
      "score": 0.152
    },
    "augustation.com": {
      "out": {
        "other": 2
      },
      "score": 0.152
    },
    "datacide.c8.com": {
      "out": {
        "other": 2
      },
      "score": 0.152
    },
    "gneisundglimmer.tumblr.com": {
      "out": {
        "other": 2
      },
      "score": 0.152
    },
    "noirlac.tumblr.com": {
      "out": {
        "other": 2
      },
      "score": 0.152
    },
    "vento-gelido.tumblr.com": {
      "out": {
        "other": 2
      },
      "score": 0.152
    },
    "www.david-leroy.tumblr.com": {
      "out": {
        "other": 2
      },
      "score": 0.152
    },
    "a-state-of-bliss.tumblr.com": {
      "out": {
        "other": 2
      },
      "score": 0.152
    },
    "antifaschistallstar.tumblr.com": {
      "out": {
        "other": 2
      },
      "score": 0.152
    },
    "copyhost.tumblr.com": {
      "out": {
        "other": 2
      },
      "score": 0.152
    },
    "cypherleague1-blog.tumblr.com": {
      "out": {
        "other": 2
      },
      "score": 0.152
    },
    "killerassassinyo.tumblr.com": {
      "out": {
        "other": 2
      },
      "score": 0.152
    },
    "link.sva.edu": {
      "out": {
        "other": 2
      },
      "score": 0.152
    },
    "ouikid.tumblr.com": {
      "out": {
        "other": 2
      },
      "score": 0.152
    },
    "speakergainteardrop.tumblr.com": {
      "out": {
        "other": 2
      },
      "score": 0.152
    },
    "teenslut17.tumblr.com": {
      "out": {
        "other": 2
      },
      "score": 0.152
    },
    "far-offmoon.tumblr.com": {
      "out": {
        "other": 2
      },
      "score": 0.152
    },
    "halvtrak.tumblr.com": {
      "out": {
        "other": 2
      },
      "score": 0.152
    },
    "komalein.tumblr.com": {
      "out": {
        "other": 2
      },
      "score": 0.152
    },
    "wetpinkorthodoxy.tumblr.com": {
      "out": {
        "other": 2
      },
      "score": 0.152
    },
    "www.worstroom.com": {
      "out": {
        "other": 2
      },
      "score": 0.152
    },
    "bed-room-culture.tumblr.com": {
      "out": {
        "other": 2
      },
      "score": 0.152
    },
    "icecreamforcrow.tumblr.com": {
      "out": {
        "other": 2
      },
      "score": 0.152
    },
    "djgir.tumblr.com": {
      "out": {
        "other": 2
      },
      "score": 0.152
    },
    "egalance.tumblr.com": {
      "out": {
        "other": 2
      },
      "score": 0.152
    },
    "in-dubiis-abstine.tumblr.com": {
      "out": {
        "other": 2
      },
      "score": 0.152
    },
    "lly-k.tumblr.com": {
      "out": {
        "other": 2
      },
      "score": 0.152
    },
    "ravingindian.tumblr.com": {
      "out": {
        "other": 2
      },
      "score": 0.152
    },
    "schamonimusik.bigcartel.com": {
      "out": {
        "other": 2
      },
      "score": 0.152
    },
    "itskaitiecali-deactivated201511.tumblr.com": {
      "out": {
        "other": 2
      },
      "score": 0.152
    },
    "phuuuuu.tumblr.com": {
      "out": {
        "other": 2
      },
      "score": 0.152
    },
    "brianpmatheny.tumblr.com": {
      "out": {
        "other": 2
      },
      "score": 0.152
    },
    "dieregistraturbar.tumblr.com": {
      "out": {
        "other": 2
      },
      "score": 0.152
    },
    "fenris31.deviantart.com": {
      "out": {
        "other": 2
      },
      "score": 0.152
    },
    "fuckyeahsausage.tumblr.com": {
      "out": {
        "other": 2
      },
      "score": 0.152
    },
    "jane-doexx.tumblr.com": {
      "out": {
        "other": 2
      },
      "score": 0.152
    },
    "petitetwat.tumblr.com": {
      "out": {
        "other": 2
      },
      "score": 0.152
    },
    "slavetotheblackdrug.tumblr.com": {
      "out": {
        "other": 2
      },
      "score": 0.152
    },
    "spotonnews-de-yahoopartner.tumblr.com": {
      "out": {
        "other": 2
      },
      "score": 0.152
    },
    "be--kind--to--one--another.tumblr.com": {
      "out": {
        "other": 2
      },
      "score": 0.152
    },
    "duendona.tumblr.com": {
      "out": {
        "other": 2
      },
      "score": 0.152
    },
    "gaslampkiller.tumblr.com": {
      "out": {
        "other": 2
      },
      "score": 0.152
    },
    "itskaitiecali.tumblr.com": {
      "out": {
        "other": 2
      },
      "score": 0.152
    },
    "jb9000.tumblr.com": {
      "out": {
        "other": 2
      },
      "score": 0.152
    },
    "ummuhh.tumblr.com": {
      "out": {
        "other": 2
      },
      "score": 0.152
    },
    "asa-taura-deactivated20161124.tumblr.com": {
      "out": {
        "other": 2
      },
      "score": 0.152
    },
    "ejmamwizje.tumblr.com": {
      "out": {
        "other": 2
      },
      "score": 0.152
    },
    "reillyvision.tumblr.com": {
      "out": {
        "other": 2
      },
      "score": 0.152
    },
    "t.co": {
      "out": {
        "other": 2
      },
      "score": 0.152
    },
    "tierrasombria.tumblr.com": {
      "out": {
        "other": 2
      },
      "score": 0.152
    },
    "vouzmusic.tumblr.com": {
      "out": {
        "other": 2
      },
      "score": 0.152
    },
    "wurzelpeterworld.tumblr.com": {
      "out": {
        "other": 2
      },
      "score": 0.152
    },
    "blog.mirandaivarsson.se": {
      "out": {
        "other": 2
      },
      "score": 0.152
    },
    "cayelizabethsmith.tumblr.com": {
      "out": {
        "other": 2
      },
      "score": 0.152
    },
    "htrk.tumblr.com": {
      "out": {
        "other": 2
      },
      "score": 0.152
    },
    "kevintrageser.tumblr.com": {
      "out": {
        "other": 2
      },
      "score": 0.152
    },
    "spi-got.tumblr.com": {
      "out": {
        "other": 2
      },
      "score": 0.152
    },
    "deadhuebot.tumblr.com": {
      "out": {
        "other": 2
      },
      "score": 0.152
    },
    "samsungmobile.tumblr.com": {
      "out": {
        "other": 2
      },
      "score": 0.152
    },
    "shefeld.tumblr.com": {
      "out": {
        "other": 2
      },
      "score": 0.152
    },
    "facebook.com/markus.soder.75": {
      "out": {
        "other": 1
      },
      "score": 0.0756
    },
    "kartinca.tumblr.com": {
      "out": {
        "other": 1
      },
      "score": 0.0756
    },
    "fotologue.jp": {
      "out": {
        "other": 1
      },
      "score": 0.0756
    },
    "suppamicropamchopp.tumblr.com": {
      "out": {
        "other": 1
      },
      "score": 0.0756
    },
    "livefaast.tumblr.com": {
      "out": {
        "other": 1
      },
      "score": 0.0756
    },
    "paulushaus.net": {
      "out": {
        "other": 1
      },
      "score": 0.0756
    },
    "art-src.tumblr.com": {
      "out": {
        "other": 1
      },
      "score": 0.0756
    },
    "espritmetropol.tumblr.com": {
      "out": {
        "other": 1
      },
      "score": 0.0756
    },
    "frauduleusjwz11.tumblr.com": {
      "out": {
        "other": 1
      },
      "score": 0.0756
    }
  }
}