{
  "domain": "ben.thatmustbe.us",
  "urls": [
    "http://werd.io/profile/benwerd",
    "http://twitter.com/benwerd",
    "https://github.com/benwerd",
    "http://www.linkedin.com/in/benwerd",
    "https://words.werd.io/@benwerd",
    "https://instagram.com/ben.werdmuller"
  ],
  "names": [
    "Ben Werdmüller"
  ],
  "descriptions": [
    "Humanist technologist. Equality and adventures.I co-founded Elgg and Known, worked on Medium, and now invest in innovative media startups to support a stronger democracy at Matter.",
    "A social website powered by Known"
  ],
  "pictures": [
    "http://werd.io/file/56c4b818bed7de5b507fa2a5/thumb.jpg"
  ],
  "hcard": {
    "properties": {
      "email": [
        "mailto:ben@benwerd.com"
      ],
      "name": [
        "Ben Werdmüller"
      ],
      "note": [
        {
          "html": "<div class=\"highlightedText\">\n<p>Humanist technologist. Equality and adventures.<br/><br/>I co-founded <a href=\"http://elgg.org/\" target=\"_blank\">Elgg</a> and <a href=\"https://withknown.com\" target=\"_blank\">Known</a>, worked on <a href=\"https://medium.com\" target=\"_blank\">Medium</a>, and now invest in innovative media startups to support a stronger democracy at <a href=\"http://matter.vc\" target=\"_blank\">Matter</a>.</p>\n</div> ",
          "value": "\nHumanist technologist. Equality and adventures.I co-founded Elgg and Known, worked on Medium, and now invest in innovative media startups to support a stronger democracy at Matter.\n "
        }
      ],
      "photo": [
        "http://werd.io/file/56c4b818bed7de5b507fa2a5/thumb.jpg"
      ],
      "profile": [
        "Ben Werdmüller"
      ],
      "url": [
        "http://werd.io/profile/benwerd",
        "http://werd.io/profile/benwerd",
        "http://twitter.com/benwerd",
        "https://github.com/benwerd",
        "http://www.linkedin.com/in/benwerd",
        "https://words.werd.io/@benwerd",
        "https://instagram.com/ben.werdmuller"
      ]
    },
    "type": [
      "h-card"
    ]
  },
  "rel_mes": [
    "http://twitter.com/benwerd",
    "https://github.com/benwerd",
    "http://www.linkedin.com/in/benwerd",
    "https://words.werd.io/@benwerd",
    "https://instagram.com/ben.werdmuller",
    "mailto:ben@benwerd.com"
  ],
  "tags": [
    "relme",
    "bridgy"
  ],
  "endpoints": {},
  "crawl_start": "2017-05-19T22:46:48.678077",
  "crawl_end": "2017-05-19T22:46:48.678077",
  "links_out": 0,
  "links_in": 27,
  "links": {
    "werd.io": {
      "in": {
        "other": 15
      },
      "score": 1
    },
    "indieweb.org": {
      "in": {
        "other": 8
      },
      "score": 0.768
    },
    "chat.indieweb.org": {
      "in": {
        "other": 2
      },
      "score": 0.256
    },
    "www.kevinmarks.com": {
      "in": {
        "other": 1
      },
      "score": 0
    },
    "www.kevin-marks.com": {
      "in": {
        "other": 1
      },
      "score": 0
    }
  }
}