{
  "domain": "ben.thatmustbe.me",
  "urls": [
    "http://ben.thatmustbe.me/"
  ],
  "names": [
    "Ben Roberts"
  ],
  "descriptions": [
    "OpenBlog site: Ben Roberts"
  ],
  "pictures": [
    "https://ben.thatmustbe.me/image/static/icon_144.jpg",
    "/image/static/icon_200.jpg"
  ],
  "hcard": {},
  "rel_mes": [
    "https://ben.thatmustbe.me/whitelist",
    "https://www.facebook.com/dissolve333",
    "https://github.com/dissolve",
    "https://google.com/+BenRoberts83",
    "https://twitter.com/dissolve333",
    "http://benthatmustbeme.tumblr.com/",
    "http://instagram.com/dissolve333",
    "https://www.kickstarter.com/profile/thatmustbeme",
    "http://www.last.fm/user/disslove"
  ],
  "crawl_start": "2017-04-23T23:00:38",
  "crawl_end": "2017-04-23T23:13:34",
  "num_pages": 844,
  "total_html_size": 17741492,
  "servers": [
    "Apache"
  ],
  "mf2_classes": [
    "h-feed",
    "h-cite",
    "h-card",
    "h-geo",
    "h-entry"
  ],
  "tags": [
    "relme",
    "bridgy",
    "elder",
    "IRC",
    "webmention",
    "micropub",
    "authorization",
    "token",
    "websub"
  ],
  "endpoints": {
    "webmention": [
      "https://ben.thatmustbe.me/webmention"
    ],
    "micropub": [
      "https://ben.thatmustbe.me/micropub"
    ],
    "authorization": [
      "https://indieauth.com/auth"
    ],
    "token": [
      "https://ben.thatmustbe.me/token"
    ],
    "websub": [
      "https://inklings.io/inkwell/"
    ]
  },
  "links_out": 3693,
  "links_in": 48161,
  "links": {
    "indieweb.org": {
      "in": {
        "other": 29940
      },
      "score": 1
    },
    "chat.indieweb.org": {
      "in": {
        "other": 16865
      },
      "score": 0.946
    },
    "inklings.io": {
      "out": {
        "other": 960
      },
      "score": 0.734
    },
    "github.com": {
      "out": {
        "other": 847,
        "bookmark-of": 2,
        "in-reply-to": 4
      },
      "score": 0.724
    },
    "btmb.me": {
      "out": {
        "other": 772
      },
      "score": 0.713
    },
    "www.brid.gy": {
      "out": {
        "other": 511
      },
      "score": 0.673
    },
    "aaronparecki.com": {
      "in": {
        "in-reply-to": 114,
        "like-of": 21,
        "other": 76
      },
      "out": {
        "like-of": 5,
        "other": 16,
        "in-reply-to": 18
      },
      "score": 0.662
    },
    "known.kylewm.com": {
      "in": {
        "other": 88,
        "in-reply-to": 99
      },
      "score": 0.618
    },
    "kylewm.com": {
      "out": {
        "other": 2,
        "like-of": 10,
        "in-reply-to": 26
      },
      "in": {
        "like-of": 21,
        "other": 92,
        "in-reply-to": 24
      },
      "score": 0.614
    },
    "known.kevinmarks.com": {
      "out": {
        "other": 1,
        "in-reply-to": 18
      },
      "in": {
        "in-reply-to": 62,
        "other": 58
      },
      "score": 0.613
    },
    "adactio.com": {
      "in": {
        "other": 236
      },
      "out": {
        "other": 2
      },
      "score": 0.532
    },
    "leoville.withknown.com": {
      "out": {
        "other": 1,
        "in-reply-to": 18
      },
      "score": 0.505
    },
    "wirres.net": {
      "in": {
        "in-reply-to": 28,
        "other": 28
      },
      "score": 0.497
    },
    "social.consumium.org": {
      "out": {
        "in-reply-to": 15
      },
      "score": 0.486
    },
    "micropub.rocks": {
      "out": {
        "other": 67
      },
      "score": 0.476
    },
    "twitter.com/dave_menninger": {
      "out": {
        "in-reply-to": 10,
        "other": 1
      },
      "score": 0.449
    },
    "rhiaro.co.uk": {
      "out": {
        "other": 3,
        "in-reply-to": 2
      },
      "in": {
        "other": 13,
        "in-reply-to": 11
      },
      "score": 0.441
    },
    "microblog.pierre-o.fr": {
      "out": {
        "other": 1,
        "in-reply-to": 2
      },
      "in": {
        "other": 4,
        "in-reply-to": 12
      },
      "score": 0.432
    },
    "webmention.rocks": {
      "out": {
        "other": 42
      },
      "score": 0.430
    },
    "known.aegibson.me": {
      "out": {
        "in-reply-to": 4
      },
      "in": {
        "in-reply-to": 6,
        "other": 8
      },
      "score": 0.423
    },
    "snarfed.org": {
      "out": {
        "other": 3,
        "like-of": 2,
        "in-reply-to": 3
      },
      "in": {
        "in-reply-to": 3,
        "other": 4,
        "like-of": 7
      },
      "score": 0.421
    },
    "werd.io": {
      "out": {
        "other": 1
      },
      "in": {
        "in-reply-to": 15
      },
      "score": 0.421
    },
    "updates.kip.pe": {
      "in": {
        "other": 8,
        "in-reply-to": 5
      },
      "out": {
        "in-reply-to": 4
      },
      "score": 0.417
    },
    "www.leoville.net": {
      "out": {
        "in-reply-to": 3
      },
      "in": {
        "other": 44
      },
      "score": 0.417
    },
    "barryfrost.com": {
      "in": {
        "like-of": 16,
        "other": 39
      },
      "out": {
        "other": 1
      },
      "score": 0.417
    },
    "tantek.com": {
      "in": {
        "other": 15,
        "in-reply-to": 3,
        "like-of": 6
      },
      "out": {
        "like-of": 2,
        "other": 10
      },
      "score": 0.413
    },
    "annbass.net": {
      "out": {
        "other": 1,
        "in-reply-to": 4
      },
      "in": {
        "other": 8,
        "in-reply-to": 4
      },
      "score": 0.413
    },
    "waterpigs.co.uk": {
      "in": {
        "other": 24
      },
      "out": {
        "other": 1,
        "in-reply-to": 4
      },
      "score": 0.407
    },
    "twitter.com/RikMende": {
      "out": {
        "other": 2,
        "in-reply-to": 6
      },
      "score": 0.404
    },
    "indiewebcamp.com": {
      "out": {
        "bookmark-of": 3,
        "other": 12,
        "in-reply-to": 2
      },
      "score": 0.391
    },
    "www.rmendes.net": {
      "in": {
        "in-reply-to": 7
      },
      "out": {
        "in-reply-to": 2
      },
      "score": 0.389
    },
    "kartikprabhu.com": {
      "in": {
        "other": 1,
        "in-reply-to": 4
      },
      "out": {
        "other": 2,
        "in-reply-to": 2
      },
      "score": 0.370
    },
    "vaviblog.com": {
      "in": {
        "other": 4
      },
      "out": {
        "in-reply-to": 4
      },
      "score": 0.367
    },
    "hubzilla.site": {
      "out": {
        "in-reply-to": 4
      },
      "score": 0.358
    },
    "twitter.com/dissolve333": {
      "out": {
        "in-reply-to": 4
      },
      "score": 0.358
    },
    "www.w3.org": {
      "out": {
        "like-of": 5,
        "in-reply-to": 2
      },
      "score": 0.358
    },
    "brid.gy": {
      "out": {
        "other": 2
      },
      "in": {
        "other": 31
      },
      "score": 0.346
    },
    "twitter.com/OhMeadhbh": {
      "out": {
        "other": 1,
        "in-reply-to": 3
      },
      "score": 0.337
    },
    "mlncn.withknown.com": {
      "out": {
        "in-reply-to": 2,
        "other": 1
      },
      "in": {
        "other": 10
      },
      "score": 0.337
    },
    "mastodon.dev": {
      "out": {
        "other": 16
      },
      "score": 0.337
    },
    "twitter.com/mlncn": {
      "out": {
        "other": 5,
        "in-reply-to": 2
      },
      "score": 0.330
    },
    "social.umeahackerspace.se": {
      "out": {
        "in-reply-to": 3
      },
      "score": 0.330
    },
    "macgirvin.com": {
      "out": {
        "in-reply-to": 3
      },
      "score": 0.330
    },
    "www.kevinmarks.com": {
      "in": {
        "other": 9
      },
      "out": {
        "in-reply-to": 2
      },
      "score": 0.327
    },
    "barryf.uk": {
      "in": {
        "other": 17,
        "like-of": 6
      },
      "score": 0.327
    },
    "blog.davidjohnmead.com": {
      "in": {
        "other": 6
      },
      "out": {
        "in-reply-to": 2,
        "other": 1
      },
      "score": 0.323
    },
    "gregorlove.com": {
      "in": {
        "other": 5
      },
      "out": {
        "in-reply-to": 2,
        "other": 1
      },
      "score": 0.320
    },
    "jeena.net": {
      "in": {
        "in-reply-to": 4,
        "like-of": 2
      },
      "out": {
        "other": 1
      },
      "score": 0.317
    },
    "twitter.com/elloworld": {
      "out": {
        "other": 2,
        "in-reply-to": 2
      },
      "score": 0.309
    },
    "twitter.com/timmmmyboy": {
      "out": {
        "other": 2,
        "in-reply-to": 2
      },
      "score": 0.309
    },
    "bret.io": {
      "out": {
        "in-reply-to": 2,
        "other": 1
      },
      "score": 0.3
    },
    "twitter.com/elfpavlik": {
      "out": {
        "in-reply-to": 2,
        "other": 1
      },
      "score": 0.3
    },
    "twitter.com/kartik_prabhu": {
      "out": {
        "in-reply-to": 2,
        "other": 1
      },
      "score": 0.3
    },
    "tomkeays.withknown.com": {
      "out": {
        "in-reply-to": 2,
        "other": 1
      },
      "score": 0.3
    },
    "twitter.com/C_y_ns": {
      "out": {
        "other": 1,
        "in-reply-to": 2
      },
      "score": 0.3
    },
    "dubiousdod.org": {
      "out": {
        "other": 1,
        "in-reply-to": 2
      },
      "score": 0.3
    },
    "arstechnica.com": {
      "out": {
        "in-reply-to": 2
      },
      "score": 0.291
    },
    "jessielikes.coffee": {
      "out": {
        "in-reply-to": 2
      },
      "score": 0.291
    },
    "www.facebook.com": {
      "out": {
        "in-reply-to": 2
      },
      "score": 0.291
    },
    "twitter.com/RadioShack": {
      "out": {
        "in-reply-to": 2
      },
      "score": 0.291
    },
    "www.enterprisenews.com": {
      "out": {
        "like-of": 5
      },
      "score": 0.291
    },
    "facebook.com/14305603_10101320492738904": {
      "out": {
        "in-reply-to": 2
      },
      "score": 0.291
    },
    "tiny.n9n.us": {
      "out": {
        "in-reply-to": 2
      },
      "score": 0.291
    },
    "youtu.be": {
      "out": {
        "like-of": 5
      },
      "score": 0.291
    },
    "gnu-social-test.singpolyma.net": {
      "out": {
        "in-reply-to": 2
      },
      "score": 0.291
    },
    "loadaverage.org": {
      "out": {
        "in-reply-to": 2
      },
      "score": 0.291
    },
    "www.androidpolice.com": {
      "out": {
        "in-reply-to": 2
      },
      "score": 0.291
    },
    "aegibson.me": {
      "in": {
        "in-reply-to": 3,
        "other": 4
      },
      "score": 0.285
    },
    "epeus.blogspot.com": {
      "out": {
        "other": 1
      },
      "in": {
        "other": 15
      },
      "score": 0.275
    },
    "david.shanske.com": {
      "out": {
        "other": 1,
        "like-of": 2
      },
      "in": {
        "other": 6
      },
      "score": 0.269
    },
    "indiewebcat.com": {
      "out": {
        "other": 2,
        "like-of": 2
      },
      "in": {
        "other": 3
      },
      "score": 0.263
    },
    "stream.boffosocko.com": {
      "in": {
        "like-of": 6
      },
      "score": 0.241
    },
    "quill.p3k.io": {
      "out": {
        "other": 5
      },
      "score": 0.223
    },
    "www.kevin-marks.com": {
      "in": {
        "other": 9
      },
      "score": 0.214
    },
    "www.smilealways.io": {
      "out": {
        "other": 4
      },
      "score": 0.202
    },
    "withknown.com": {
      "out": {
        "other": 4
      },
      "score": 0.202
    },
    "smile.amazon.com": {
      "out": {
        "other": 4
      },
      "score": 0.202
    },
    "xkcd.com": {
      "out": {
        "like-of": 2
      },
      "score": 0.202
    },
    "www.oneupgames.net": {
      "out": {
        "other": 4
      },
      "score": 0.202
    },
    "relmeauth.thatmustbe.me": {
      "out": {
        "other": 4
      },
      "score": 0.202
    },
    "twitter.com/JillJubs": {
      "out": {
        "other": 4
      },
      "score": 0.202
    },
    "www.theverge.com": {
      "out": {
        "bookmark-of": 2
      },
      "score": 0.202
    },
    "twitter.com/t": {
      "out": {
        "other": 4
      },
      "score": 0.202
    },
    "twitter.com/kevinmarks": {
      "out": {
        "other": 4
      },
      "score": 0.202
    },
    "www.flutterby.com": {
      "out": {
        "like-of": 2
      },
      "score": 0.202
    },
    "m.facebook.com": {
      "out": {
        "like-of": 2
      },
      "score": 0.202
    },
    "twitter.com/m_ott": {
      "out": {
        "like-of": 2
      },
      "score": 0.202
    },
    "twitter.com/LeoLaporte": {
      "out": {
        "other": 3
      },
      "score": 0.174
    },
    "twitter.com/wilw": {
      "out": {
        "other": 3
      },
      "score": 0.174
    },
    "IndieAuth.com": {
      "out": {
        "other": 2
      },
      "score": 0.135
    },
    "twitter.com/sigje": {
      "out": {
        "other": 2
      },
      "score": 0.135
    },
    "twitter.com/jtdowney": {
      "out": {
        "other": 2
      },
      "score": 0.135
    },
    "woodwind.xyz": {
      "out": {
        "other": 2
      },
      "score": 0.135
    },
    "twitter.com/QuinnyPig": {
      "out": {
        "other": 2
      },
      "score": 0.135
    },
    "twitter.com/philipdurbin": {
      "out": {
        "other": 2
      },
      "score": 0.135
    },
    "indieauth.com": {
      "out": {
        "other": 2
      },
      "score": 0.135
    },
    "twitter.com/rascul3": {
      "out": {
        "other": 2
      },
      "score": 0.135
    },
    "twitter.com/vkokkili": {
      "out": {
        "other": 2
      },
      "score": 0.135
    },
    "twitter.com/sstatik": {
      "out": {
        "other": 2
      },
      "score": 0.135
    },
    "rascul.io": {
      "out": {
        "other": 1
      },
      "score": 0.0673
    },
    "exppad.com": {
      "out": {
        "other": 1
      },
      "score": 0.0673
    },
    "twitter.com/ForestJay": {
      "out": {
        "other": 1
      },
      "score": 0.0673
    },
    "twitter.com/benwerd": {
      "out": {
        "other": 1
      },
      "score": 0.0673
    },
    "iamshane.com": {
      "out": {
        "other": 1
      },
      "score": 0.0673
    },
    "twitter.com/withknown": {
      "out": {
        "other": 1
      },
      "score": 0.0673
    },
    "mattl.us": {
      "out": {
        "other": 1
      },
      "score": 0.0673
    },
    "twit.tv": {
      "out": {
        "other": 1
      },
      "score": 0.0673
    },
    "twitter.com/mattl": {
      "out": {
        "other": 1
      },
      "score": 0.0673
    },
    "www.flutterby.net": {
      "out": {
        "other": 1
      },
      "score": 0.0673
    },
    "twitter.com/PeteCCDE": {
      "out": {
        "other": 1
      },
      "score": 0.0673
    },
    "bear.im": {
      "out": {
        "other": 1
      },
      "score": 0.0673
    },
    "caseorganic.com": {
      "out": {
        "other": 1
      },
      "score": 0.0673
    },
    "twitter.com/Dribble": {
      "out": {
        "other": 1
      },
      "score": 0.0673
    },
    "twitter.com/NetPartyBoston": {
      "out": {
        "other": 1
      },
      "score": 0.0673
    },
    "twitter.com/kylewm2": {
      "out": {
        "other": 1
      },
      "score": 0.0673
    },
    "twitter.com/mycokerewards": {
      "out": {
        "other": 1
      },
      "score": 0.0673
    },
    "twitter.com/obra": {
      "out": {
        "other": 1
      },
      "score": 0.0673
    },
    "tools.exppad.com": {
      "out": {
        "other": 1
      },
      "score": 0.0673
    },
    "kevinmarks.com": {
      "out": {
        "other": 1
      },
      "score": 0.0673
    },
    "twitter.com/SenWarren": {
      "out": {
        "other": 1
      },
      "score": 0.0673
    },
    "twitter.com/barryf": {
      "out": {
        "other": 1
      },
      "score": 0.0673
    },
    "jonnybarnes.uk": {
      "out": {
        "other": 1
      },
      "score": 0.0673
    },
    "twitter.com/ElizabethWarren": {
      "out": {
        "other": 1
      },
      "score": 0.0673
    },
    "twitter.com/davidmead": {
      "out": {
        "other": 1
      },
      "score": 0.0673
    },
    "petermolnar.eu": {
      "out": {
        "other": 1
      },
      "score": 0.0673
    },
    "twitter.com/aaronparecki": {
      "out": {
        "other": 1
      },
      "score": 0.0673
    },
    "twitter.com/jeckman": {
      "out": {
        "other": 1
      },
      "score": 0.0673
    },
    "twitter.com/sonatype": {
      "out": {
        "other": 1
      },
      "score": 0.0673
    },
    "twitter.com/willowbl00": {
      "out": {
        "other": 1
      },
      "score": 0.0673
    },
    "shanehudson.net": {
      "out": {
        "other": 1
      },
      "score": 0.0673
    },
    "twitter.com/elatable": {
      "out": {
        "other": 1
      },
      "score": 0.0673
    },
    "tommorris.org": {
      "out": {
        "other": 1
      },
      "score": 0.0673
    },
    "twitter.com/tantek": {
      "out": {
        "other": 1
      },
      "score": 0.0673
    },
    "community.prewired.org": {
      "out": {
        "other": 1
      },
      "score": 0.0673
    },
    "twitter.com/frontendy": {
      "out": {
        "other": 1
      },
      "score": 0.0673
    },
    "twitter.com/danriti": {
      "out": {
        "other": 1
      },
      "score": 0.0673
    },
    "twitter.com/nickdepetrillo": {
      "out": {
        "other": 1
      },
      "score": 0.0673
    },
    "erinjo.is": {
      "out": {
        "other": 1
      },
      "score": 0.0673
    },
    "twitter.com/Tassos_Company": {
      "out": {
        "other": 1
      },
      "score": 0.0673
    },
    "twitter.com/erinjo": {
      "out": {
        "other": 1
      },
      "score": 0.0673
    },
    "twitter.com/Meetup": {
      "out": {
        "other": 1
      },
      "score": 0.0673
    },
    "twitter.com/el_boby": {
      "out": {
        "other": 1
      },
      "score": 0.0673
    },
    "twitter.com/jeffjarvis": {
      "out": {
        "other": 1
      },
      "score": 0.0673
    },
    "www.reedstrom.org": {
      "out": {
        "other": 1
      },
      "score": 0.0673
    },
    "twitter.com/BarnabyWalters": {
      "out": {
        "other": 1
      },
      "score": 0.0673
    },
    "twitter.com/caseorganic": {
      "out": {
        "other": 1
      },
      "score": 0.0673
    },
    "greptilian.com": {
      "out": {
        "other": 1
      },
      "score": 0.0673
    },
    "twitter.com/leolaporte": {
      "out": {
        "other": 1
      },
      "score": 0.0673
    },
    "twitter.com/JessieHonigs": {
      "out": {
        "other": 1
      },
      "score": 0.0673
    },
    "twitter.com/ginatrapani": {
      "out": {
        "other": 1
      },
      "score": 0.0673
    },
    "twitter.com/schnarfed": {
      "out": {
        "other": 1
      },
      "score": 0.0673
    },
    "twitter.com/xebialabs": {
      "out": {
        "other": 1
      },
      "score": 0.0673
    },
    "twitter.com/AttendDotCom": {
      "out": {
        "other": 1
      },
      "score": 0.0673
    },
    "twitter.com/huffduffer": {
      "out": {
        "other": 1
      },
      "score": 0.0673
    },
    "twitter.com/jgarber": {
      "out": {
        "other": 1
      },
      "score": 0.0673
    },
    "twitter.com/pennjillette": {
      "out": {
        "other": 1
      },
      "score": 0.0673
    },
    "twitter.com/LongHornSteaks": {
      "out": {
        "other": 1
      },
      "score": 0.0673
    },
    "twitter.com/aaronpk": {
      "out": {
        "other": 1
      },
      "score": 0.0673
    },
    "twitter.com/kylewmahan": {
      "out": {
        "other": 1
      },
      "score": 0.0673
    },
    "timowens.io": {
      "out": {
        "other": 1
      },
      "score": 0.0673
    },
    "reedstrom.org": {
      "out": {
        "other": 1
      },
      "score": 0.0673
    },
    "peterwilson.cc": {
      "in": {
        "other": 1
      },
      "score": 0
    },
    "t37.net": {
      "in": {
        "other": 1
      },
      "score": 0
    }
  }
}