{
  "domain": "bengo.is",
  "urls": [
    "http://bengo.is/"
  ],
  "names": [
    "Benjamin Goering",
    "\n      bengo's webspace\n    "
  ],
  "descriptions": [
    "from Topeka, Kansas to San Francisco since 2010.\n        Studies web publishing, cloud computing, federated identity, open annotation, games, online communities"
  ],
  "pictures": [
    "https://secure.gravatar.com/avatar/710b26b2330f4a1b310c244ae917bf0b?size=320"
  ],
  "hcard": {
    "properties": {
      "email": [
        "mailto:bengoering@gma%69l.co%6D"
      ],
      "given-name": [
        "Benjamin"
      ],
      "job-title": [
        "Product Manager, Programmer"
      ],
      "locality": [
        "San Francisco"
      ],
      "name": [
        "Benjamin Goering"
      ],
      "nickname": [
        "bengo"
      ],
      "note": [
        "from Topeka, Kansas to San Francisco since 2010.\n        Studies web publishing, cloud computing, federated identity, open annotation, games, online communities"
      ],
      "photo": [
        "https://secure.gravatar.com/avatar/710b26b2330f4a1b310c244ae917bf0b?size=320"
      ],
      "uid": [
        "http://bengo.is/"
      ],
      "url": [
        "http://bengo.is/"
      ]
    },
    "type": [
      "h-card"
    ]
  },
  "rel_mes": [
    "http://bengo.is/",
    "mailto:bengoering@gma%69l.co%6D",
    "https://twitter.com/bengo",
    "https://github.com/gobengo",
    "https://www.linkedin.com/in/benjamingoering"
  ],
  "crawl_start": "2017-04-23T23:03:52",
  "crawl_end": "2017-04-23T23:03:58",
  "num_pages": 9,
  "total_html_size": 23817,
  "servers": [
    "nginx"
  ],
  "mf2_classes": [
    "h-entry",
    "h-card"
  ],
  "tags": [
    "relme",
    "bridgy",
    "IRC",
    "webmention.io",
    "webmention"
  ],
  "endpoints": {
    "webmention": [
      "https://webmention.io/bengo.is/webmention"
    ]
  },
  "links_out": 58,
  "links_in": 2733,
  "links": {
    "indieweb.org": {
      "in": {
        "other": 1775
      },
      "score": 1
    },
    "chat.indieweb.org": {
      "in": {
        "other": 880
      },
      "score": 0.906
    },
    "werd.io": {
      "in": {
        "other": 18
      },
      "score": 0.386
    },
    "www.kevinmarks.com": {
      "in": {
        "other": 18
      },
      "score": 0.386
    },
    "www.kevin-marks.com": {
      "in": {
        "other": 18
      },
      "score": 0.386
    },
    "github.com": {
      "out": {
        "other": 7
      },
      "score": 0.353
    },
    "indiewebcamp.com": {
      "out": {
        "other": 7
      },
      "score": 0.353
    },
    "brid.gy": {
      "in": {
        "other": 11
      },
      "score": 0.321
    },
    "www.w3.org": {
      "out": {
        "other": 4
      },
      "score": 0.278
    },
    "cloud.google.com": {
      "out": {
        "other": 4
      },
      "score": 0.278
    },
    "www.openstack.org": {
      "out": {
        "other": 2
      },
      "score": 0.186
    },
    "known.kylewm.com": {
      "in": {
        "other": 4
      },
      "score": 0.186
    },
    "kylewm.com": {
      "in": {
        "other": 3
      },
      "score": 0.147
    },
    "dreamhost.com": {
      "out": {
        "other": 1
      },
      "score": 0.0926
    },
    "getcarina.com": {
      "out": {
        "other": 1
      },
      "score": 0.0926
    },
    "registry.hub.docker.com": {
      "out": {
        "other": 1
      },
      "score": 0.0926
    },
    "microformats.org": {
      "out": {
        "other": 1
      },
      "score": 0.0926
    },
    "what%20is%20the%20most%20pythonic%20web%20library%3F.html": {
      "out": {
        "other": 1
      },
      "score": 0.0926
    },
    "www.python.org": {
      "out": {
        "other": 1
      },
      "score": 0.0926
    },
    "travis-ci.org": {
      "out": {
        "other": 1
      },
      "score": 0.0926
    },
    "twitter.com/bengo": {
      "out": {
        "other": 1
      },
      "score": 0.0926
    },
    "20150402-notes": {
      "out": {
        "other": 1
      },
      "score": 0.0926
    },
    "webob.org": {
      "out": {
        "other": 1
      },
      "score": 0.0926
    },
    "20150411-reply": {
      "out": {
        "other": 1
      },
      "score": 0.0926
    },
    "wiki.openstack.org": {
      "out": {
        "other": 1
      },
      "score": 0.0926
    },
    "aws.amazon.com": {
      "out": {
        "other": 1
      },
      "score": 0.0926
    },
    "gma%69l.co%6D": {
      "out": {
        "other": 1
      },
      "score": 0.0926
    },
    "20151125-futureweb-asciiart": {
      "out": {
        "other": 1
      },
      "score": 0.0926
    },
    "www.docker.com": {
      "out": {
        "other": 1
      },
      "score": 0.0926
    },
    "20151129-bengo-is-back": {
      "out": {
        "other": 1
      },
      "score": 0.0926
    },
    "youtu.be": {
      "out": {
        "other": 1
      },
      "score": 0.0926
    },
    "www.linkedin.com": {
      "out": {
        "other": 1
      },
      "score": 0.0926
    },
    "linode.com": {
      "out": {
        "other": 1
      },
      "score": 0.0926
    },
    "localhost": {
      "out": {
        "other": 1
      },
      "score": 0.0926
    },
    "rhiaro.co.uk": {
      "in": {
        "other": 2
      },
      "score": 0.0926
    },
    "community.getcarina.com": {
      "out": {
        "other": 1
      },
      "score": 0.0926
    },
    "bootstrap.livefyre.com": {
      "out": {
        "other": 1
      },
      "score": 0.0926
    },
    "adrianotto.com": {
      "out": {
        "other": 1
      },
      "score": 0.0926
    },
    "kubernetes.io": {
      "out": {
        "other": 1
      },
      "score": 0.0926
    },
    "20150324-first": {
      "out": {
        "other": 1
      },
      "score": 0.0926
    },
    "20151129-now-featuring-questions": {
      "out": {
        "other": 1
      },
      "score": 0.0926
    },
    "coreos.com": {
      "out": {
        "other": 1
      },
      "score": 0.0926
    },
    "hub.docker.com": {
      "out": {
        "other": 1
      },
      "score": 0.0926
    },
    "gist.github.com": {
      "out": {
        "other": 1
      },
      "score": 0.0926
    },
    "wwelves.org": {
      "out": {
        "other": 1
      },
      "score": 0.0926
    },
    "tantek.com": {
      "in": {
        "other": 2
      },
      "score": 0.0926
    },
    "20150523-raspi": {
      "out": {
        "other": 1
      },
      "score": 0.0926
    },
    "launchpad.net": {
      "out": {
        "other": 1
      },
      "score": 0.0926
    },
    "digitalocean.com": {
      "out": {
        "other": 1
      },
      "score": 0.0926
    },
    "aaronparecki.com": {
      "in": {
        "other": 1
      },
      "score": 0
    },
    "csarven.ca": {
      "in": {
        "other": 1
      },
      "score": 0
    }
  }
}