{
  "domain": "benjamin.parry.is",
  "urls": [
    "http://benjamin.parry.is/"
  ],
  "names": [
    "Benjamin Parry ~ User Experience Designer ~ Personal Writings and Portfolio",
    "~ User Experience Designer ~ Personal Writings and Portfolio"
  ],
  "descriptions": [
    "Benjamin Parry ~ User Experience Designer ~ Personal Writings and Portfolio."
  ],
  "pictures": [
    "http://benjamin.parry.is/",
    "http://benjamin.parry.is/icon.png",
    "http://benjamin.parry.is/assets/img/profile/benjamin-parry-300x300.jpg"
  ],
  "hcard": {},
  "rel_mes": [
    "mailto:benjamin@parry.is",
    "sms:+447877241510"
  ],
  "crawl_start": "2017-04-27T07:52:53",
  "crawl_end": "2017-04-27T07:53:25",
  "num_pages": 58,
  "total_html_size": 533901,
  "servers": [
    "GitHub.com"
  ],
  "mf2_classes": [
    "h-entry",
    "h-card",
    "h-feed"
  ],
  "tags": [
    "relme",
    "bridgy",
    "webmention.io",
    "authorization",
    "token"
  ],
  "endpoints": {
    "authorization": [
      "https://indieauth.com/auth"
    ],
    "token": [
      "https://tokens.indieauth.com/token"
    ]
  },
  "links_out": 275,
  "links_in": 260,
  "links": {
    "adactio.com": {
      "out": {
        "other": 4
      },
      "in": {
        "other": 13,
        "bookmark-of": 184
      },
      "score": 1
    },
    "github.com": {
      "out": {
        "other": 117
      },
      "score": 0.916
    },
    "huffduffer.com": {
      "in": {
        "other": 30
      },
      "score": 0.570
    },
    "medium.com": {
      "out": {
        "other": 11
      },
      "score": 0.518
    },
    "indieweb.org": {
      "in": {
        "other": 12
      },
      "score": 0.416
    },
    "90days.john-ellison.com": {
      "in": {
        "other": 8
      },
      "out": {
        "other": 1
      },
      "score": 0.386
    },
    "indiewebcamp.com": {
      "out": {
        "other": 5
      },
      "score": 0.386
    },
    "www.nngroup.com": {
      "out": {
        "other": 5
      },
      "score": 0.386
    },
    "www.slideshare.net": {
      "out": {
        "other": 5
      },
      "score": 0.386
    },
    "clearleft.com": {
      "out": {
        "other": 4
      },
      "score": 0.349
    },
    "en.wikipedia.org": {
      "out": {
        "other": 3
      },
      "score": 0.300
    },
    "alistapart.com": {
      "out": {
        "other": 3
      },
      "score": 0.300
    },
    "brid.gy": {
      "in": {
        "other": 6
      },
      "score": 0.300
    },
    "www.youtube.com": {
      "out": {
        "other": 3
      },
      "score": 0.300
    },
    "www.theunit.co.uk": {
      "out": {
        "other": 2
      },
      "score": 0.233
    },
    "thanpol.as": {
      "out": {
        "other": 2
      },
      "score": 0.233
    },
    "www.gv.com": {
      "out": {
        "other": 2
      },
      "score": 0.233
    },
    "chat.indieweb.org": {
      "in": {
        "other": 4
      },
      "score": 0.233
    },
    "twitter.com/daveixd": {
      "out": {
        "other": 2
      },
      "score": 0.233
    },
    "twitter.com/hana_stevenson": {
      "out": {
        "other": 2
      },
      "score": 0.233
    },
    "webcatseo.com": {
      "out": {
        "other": 2
      },
      "score": 0.233
    },
    "mixture.io": {
      "out": {
        "other": 2
      },
      "score": 0.233
    },
    "davemalouf.com": {
      "out": {
        "other": 2
      },
      "score": 0.233
    },
    "gruntjs.com": {
      "out": {
        "other": 2
      },
      "score": 0.233
    },
    "www.interaction-design.org": {
      "out": {
        "other": 2
      },
      "score": 0.233
    },
    "concepttocode.eventbrite.co.uk": {
      "out": {
        "other": 2
      },
      "score": 0.233
    },
    "twitter.com/adrianh": {
      "out": {
        "other": 2
      },
      "score": 0.233
    },
    "speakerdeck.com": {
      "out": {
        "other": 2
      },
      "score": 0.233
    },
    "docs.mixture.io": {
      "out": {
        "other": 2
      },
      "score": 0.233
    },
    "carbongraffiti.com": {
      "out": {
        "other": 1
      },
      "score": 0.116
    },
    "developers.google.com": {
      "out": {
        "other": 1
      },
      "score": 0.116
    },
    "www.mindtheproduct.com": {
      "out": {
        "other": 1
      },
      "score": 0.116
    },
    "www.usertesting.com": {
      "out": {
        "other": 1
      },
      "score": 0.116
    },
    "www.impactmapping.org": {
      "out": {
        "other": 1
      },
      "score": 0.116
    },
    "the-pastry-box-project.net": {
      "out": {
        "other": 1
      },
      "score": 0.116
    },
    "www.gachecker.com": {
      "out": {
        "other": 1
      },
      "score": 0.116
    },
    "ride.uber.com": {
      "out": {
        "other": 1
      },
      "score": 0.116
    },
    "agilemanifesto.org": {
      "out": {
        "other": 1
      },
      "score": 0.116
    },
    "blog.rocketinsights.com": {
      "out": {
        "other": 1
      },
      "score": 0.116
    },
    "library.gv.com": {
      "out": {
        "other": 1
      },
      "score": 0.116
    },
    "vimeo.com": {
      "out": {
        "other": 1
      },
      "score": 0.116
    },
    "twitter.com/brad_frost": {
      "out": {
        "other": 1
      },
      "score": 0.116
    },
    "2013.dconstruct.org": {
      "out": {
        "other": 1
      },
      "score": 0.116
    },
    "twitter.com/dreasaez": {
      "out": {
        "other": 1
      },
      "score": 0.116
    },
    "twitter.com/hayluke": {
      "out": {
        "other": 1
      },
      "score": 0.116
    },
    "wespringforward.com": {
      "out": {
        "other": 1
      },
      "score": 0.116
    },
    "responsiveconf.com": {
      "out": {
        "other": 1
      },
      "score": 0.116
    },
    "slapdashery.org": {
      "out": {
        "other": 1
      },
      "score": 0.116
    },
    "meyerweb.com": {
      "out": {
        "other": 1
      },
      "score": 0.116
    },
    "thewhitesite.co.uk": {
      "out": {
        "other": 1
      },
      "score": 0.116
    },
    "twitter.com/chrishow": {
      "out": {
        "other": 1
      },
      "score": 0.116
    },
    "ixda.org": {
      "out": {
        "other": 1
      },
      "score": 0.116
    },
    "boxesandarrows.com": {
      "out": {
        "other": 1
      },
      "score": 0.116
    },
    "www.viagogo.co.uk": {
      "out": {
        "other": 1
      },
      "score": 0.116
    },
    "www.npr.org": {
      "out": {
        "other": 1
      },
      "score": 0.116
    },
    "www.uie.com": {
      "out": {
        "other": 1
      },
      "score": 0.116
    },
    "www.andybudd.com": {
      "out": {
        "other": 1
      },
      "score": 0.116
    },
    "blog.intercom.io": {
      "out": {
        "other": 1
      },
      "score": 0.116
    },
    "dev.w3.org": {
      "out": {
        "other": 1
      },
      "score": 0.116
    },
    "quietstars.com": {
      "out": {
        "other": 1
      },
      "score": 0.116
    },
    "wiki.csswg.org": {
      "out": {
        "other": 1
      },
      "score": 0.116
    },
    "blog.invisionapp.com": {
      "out": {
        "other": 1
      },
      "score": 0.116
    },
    "uxbrighton.org.uk": {
      "out": {
        "other": 1
      },
      "score": 0.116
    },
    "lanyrd.com": {
      "out": {
        "other": 1
      },
      "score": 0.116
    },
    "www.besquare.me": {
      "out": {
        "other": 1
      },
      "score": 0.116
    },
    "mrjoe.uk": {
      "out": {
        "other": 1
      },
      "score": 0.116
    },
    "twitter.com/tomprior": {
      "out": {
        "other": 1
      },
      "score": 0.116
    },
    "www.business2community.com": {
      "out": {
        "other": 1
      },
      "score": 0.116
    },
    "codebar.io": {
      "out": {
        "other": 1
      },
      "score": 0.116
    },
    "precoil.wistia.com": {
      "out": {
        "other": 1
      },
      "score": 0.116
    },
    "twitter.com/andybudd": {
      "out": {
        "other": 1
      },
      "score": 0.116
    },
    "www.makerfairebrighton.com": {
      "out": {
        "other": 1
      },
      "score": 0.116
    },
    "www.uxbooth.com": {
      "out": {
        "other": 1
      },
      "score": 0.116
    },
    "www.write.com": {
      "out": {
        "other": 1
      },
      "score": 0.116
    },
    "amzn.to": {
      "out": {
        "other": 1
      },
      "score": 0.116
    },
    "fontforge.org": {
      "out": {
        "other": 1
      },
      "score": 0.116
    },
    "scotthurff.com": {
      "out": {
        "other": 1
      },
      "score": 0.116
    },
    "www.eventbrite.co.uk": {
      "out": {
        "other": 1
      },
      "score": 0.116
    },
    "www.glued.to": {
      "out": {
        "other": 1
      },
      "score": 0.116
    },
    "www.uxcampbrighton.org": {
      "out": {
        "other": 1
      },
      "score": 0.116
    },
    "mappingexperiences.com": {
      "out": {
        "other": 1
      },
      "score": 0.116
    },
    "twitter.com/MrAlanCooper": {
      "out": {
        "other": 1
      },
      "score": 0.116
    },
    "uxmag.com": {
      "out": {
        "other": 1
      },
      "score": 0.116
    },
    "twitter.com/jjg": {
      "out": {
        "other": 1
      },
      "score": 0.116
    },
    "www.amazon.co.uk": {
      "out": {
        "other": 1
      },
      "score": 0.116
    },
    "www.crisp.se": {
      "out": {
        "other": 1
      },
      "score": 0.116
    },
    "www.twickets.co.uk": {
      "out": {
        "other": 1
      },
      "score": 0.116
    },
    "blog.intercom.com": {
      "out": {
        "other": 1
      },
      "score": 0.116
    },
    "responsiveconf.com.s3.amazonaws.com": {
      "out": {
        "other": 1
      },
      "score": 0.116
    },
    "twitter.com/lelfman": {
      "out": {
        "other": 1
      },
      "score": 0.116
    },
    "ladiesthatux.com": {
      "out": {
        "other": 1
      },
      "score": 0.116
    },
    "icomoon.io": {
      "out": {
        "other": 1
      },
      "score": 0.116
    },
    "www.appcues.com": {
      "out": {
        "other": 1
      },
      "score": 0.116
    },
    "www.shopify.co.uk": {
      "out": {
        "other": 1
      },
      "score": 0.116
    },
    "youtu.be": {
      "out": {
        "other": 1
      },
      "score": 0.116
    },
    "balancedteam.org": {
      "out": {
        "other": 1
      },
      "score": 0.116
    },
    "solita.tumblr.com": {
      "out": {
        "other": 1
      },
      "score": 0.116
    },
    "altitude.io": {
      "out": {
        "other": 1
      },
      "score": 0.116
    },
    "www.lottejackson.com": {
      "out": {
        "other": 1
      },
      "score": 0.116
    },
    "clagnut.com": {
      "out": {
        "other": 1
      },
      "score": 0.116
    },
    "twitter.com/mgirengun": {
      "out": {
        "other": 1
      },
      "score": 0.116
    },
    "adaptivepath.org": {
      "out": {
        "other": 1
      },
      "score": 0.116
    },
    "www.aaron-gustafson.com": {
      "in": {
        "other": 2
      },
      "score": 0.116
    },
    "twitter.com/yandle": {
      "out": {
        "other": 1
      },
      "score": 0.116
    },
    "twitter.com/sbobrowska": {
      "out": {
        "other": 1
      },
      "score": 0.116
    },
    "twitter.com/nickyjsevans": {
      "out": {
        "other": 1
      },
      "score": 0.116
    },
    "userexperiencedesign.slack.com": {
      "out": {
        "other": 1
      },
      "score": 0.116
    },
    "werafk.com": {
      "out": {
        "other": 1
      },
      "score": 0.116
    },
    "macrabbit.com": {
      "out": {
        "other": 1
      },
      "score": 0.116
    },
    "twitter.com/jnd1er": {
      "out": {
        "other": 1
      },
      "score": 0.116
    },
    "twitter.com/mikitcha": {
      "out": {
        "other": 1
      },
      "score": 0.116
    },
    "louiselfman.com": {
      "out": {
        "other": 1
      },
      "score": 0.116
    },
    "www.gov.uk": {
      "out": {
        "other": 1
      },
      "score": 0.116
    },
    "twitter.com/wolfr_": {
      "out": {
        "other": 1
      },
      "score": 0.116
    },
    "tictail.com": {
      "out": {
        "other": 1
      },
      "score": 0.116
    },
    "www.prodpad.com": {
      "out": {
        "other": 1
      },
      "score": 0.116
    },
    "lewisnyman.co.uk": {
      "in": {
        "other": 1
      },
      "score": 0
    }
  }
}