{
  "domain": "benjaminchait.net",
  "urls": [
    "http://benjaminchait.net/"
  ],
  "names": [
    "Benjamin Chait"
  ],
  "descriptions": [],
  "pictures": [
    "https://benjaminchait.net/wp-content/uploads/media/img/favicon.png"
  ],
  "hcard": {},
  "rel_mes": [
    "https://twitter.com/benjaminchait",
    "https://www.facebook.com/benjaminchait",
    "https://github.com/benjaminchait"
  ],
  "crawl_start": "2017-06-09T17:33:46",
  "crawl_end": "2017-06-09T17:34:11",
  "num_pages": 73,
  "total_html_size": 997623,
  "servers": [
    "nginx (Ubuntu)",
    "WordPress"
  ],
  "mf2_classes": [
    "h-entry"
  ],
  "tags": [
    "relme",
    "webmention",
    "WordPress"
  ],
  "endpoints": {
    "webmention": [
      "https://benjaminchait.net/wp-json/webmention/1.0/endpoint"
    ]
  },
  "links_out": 375,
  "links_in": 30,
  "links": {
    "twitter.com/benjaminchait": {
      "out": {
        "other": 146
      },
      "score": 1
    },
    "eepurl.com": {
      "out": {
        "other": 73
      },
      "score": 0.877
    },
    "facebook.com/benjaminchait": {
      "out": {
        "other": 73
      },
      "score": 0.877
    },
    "github.com": {
      "out": {
        "other": 73
      },
      "score": 0.877
    },
    "indieweb.org": {
      "in": {
        "other": 16
      },
      "score": 0.488
    },
    "chat.indieweb.org": {
      "in": {
        "other": 7
      },
      "score": 0.343
    },
    "igniteboulder.com": {
      "out": {
        "other": 2
      },
      "score": 0.245
    },
    "smeilen.com": {
      "out": {
        "other": 2
      },
      "score": 0.245
    },
    "instagram.com": {
      "out": {
        "other": 2
      },
      "score": 0.245
    },
    "www.youtube.com": {
      "out": {
        "other": 2
      },
      "score": 0.245
    },
    "aaronparecki.com": {
      "in": {
        "other": 4
      },
      "score": 0.245
    },
    "www.globaltumbleweed.com": {
      "out": {
        "other": 2
      },
      "score": 0.245
    },
    "brid.gy": {
      "in": {
        "other": 1
      },
      "score": 0
    },
    "www.kevinmarks.com": {
      "in": {
        "other": 1
      },
      "score": 0
    },
    "www.kevin-marks.com": {
      "in": {
        "other": 1
      },
      "score": 0
    }
  }
}