{
  "domain": "benmichel.com",
  "urls": [
    "http://benmichel.com/"
  ],
  "names": [
    "benmichel.com"
  ],
  "descriptions": [],
  "pictures": [],
  "hcard": {},
  "rel_mes": [],
  "tags": [],
  "endpoints": {},
  "crawl_start": "2017-06-11T14:35:19.095037",
  "crawl_end": "2017-06-11T14:35:19.095037",
  "links_out": 0,
  "links_in": 6,
  "links": {
    "indieweb.org": {
      "in": {
        "other": 4
      },
      "score": 1
    },
    "chat.indieweb.org": {
      "in": {
        "other": 1
      },
      "score": 0
    },
    "ungoldman.com": {
      "in": {
        "other": 1
      },
      "score": 0
    }
  }
}