{
  "domain": "benward.me",
  "urls": [
    "http://benward.me"
  ],
  "names": [
    "Ben Ward"
  ],
  "descriptions": [
    "benward.me is the personal web site and blog of Ben Ward."
  ],
  "pictures": [
    "https://benward.uk/favicon.png"
  ],
  "hcard": {
    "properties": {
      "name": [
        "Ben Ward"
      ],
      "url": [
        "http://benward.me"
      ]
    },
    "type": [
      "h-card"
    ]
  },
  "rel_mes": [
    "http://benward.me",
    "https://benward.uk/about",
    "https://benward.uk/cv",
    "https://twitter.com/benward"
  ],
  "tags": [
    "relme"
  ],
  "endpoints": {},
  "crawl_start": "2017-06-11T14:35:21.351859",
  "crawl_end": "2017-06-11T14:35:21.351859",
  "links_out": 0,
  "links_in": 1932,
  "links": {
    "benward.uk": {
      "in": {
        "other": 1196
      },
      "score": 1
    },
    "adactio.com": {
      "in": {
        "other": 292,
        "bookmark-of": 241
      },
      "score": 0.938
    },
    "aaronparecki.com": {
      "in": {
        "bookmark-of": 53,
        "other": 9
      },
      "score": 0.669
    },
    "waterpigs.co.uk": {
      "in": {
        "other": 34
      },
      "score": 0.498
    },
    "indieweb.org": {
      "in": {
        "other": 32
      },
      "score": 0.489
    },
    "lostfocus.de": {
      "in": {
        "other": 18
      },
      "score": 0.408
    },
    "werd.io": {
      "in": {
        "other": 12
      },
      "score": 0.350
    },
    "tommorris.org": {
      "in": {
        "other": 9
      },
      "score": 0.310
    },
    "chat.indieweb.org": {
      "in": {
        "other": 8
      },
      "score": 0.293
    },
    "tantek.com": {
      "in": {
        "other": 7
      },
      "score": 0.275
    },
    "known.npdoty.name": {
      "in": {
        "other": 6
      },
      "score": 0.252
    },
    "paulrobertlloyd.com": {
      "in": {
        "other": 4
      },
      "score": 0.196
    },
    "veganstraightedge.com": {
      "in": {
        "other": 4
      },
      "score": 0.196
    },
    "standblog.org": {
      "in": {
        "other": 4
      },
      "score": 0.196
    },
    "www.simongriffee.com": {
      "in": {
        "other": 2
      },
      "score": 0.0977
    },
    "atomicules.co.uk": {
      "in": {
        "other": 1
      },
      "score": 0
    }
  }
}