{
  "domain": "berserkerblogg.net",
  "urls": [
    "http://berserkerblogg.net/"
  ],
  "names": [
    "Berserkerblogg"
  ],
  "descriptions": [
    "En globalismekritisk multiblogg"
  ],
  "pictures": [
    "http://berserkerblogg.net/gfx/logos/logo_k.png"
  ],
  "hcard": {},
  "rel_mes": [],
  "crawl_start": "2017-04-27T07:52:55",
  "crawl_end": "2017-04-27T07:55:26",
  "num_pages": 48,
  "total_html_size": 2264911,
  "servers": [
    "Apache (Ubuntu)",
    "Known"
  ],
  "mf2_classes": [
    "h-entry",
    "h-card"
  ],
  "tags": [
    "bridgy",
    "webmention",
    "micropub",
    "authorization",
    "token",
    "websub",
    "Known"
  ],
  "endpoints": {
    "webmention": [
      "http://berserkerblogg.net/webmention/"
    ],
    "micropub": [
      "http://berserkerblogg.net/micropub/endpoint"
    ],
    "authorization": [
      "http://berserkerblogg.net/indieauth/auth"
    ],
    "token": [
      "http://berserkerblogg.net/indieauth/token"
    ],
    "websub": [
      "https://withknown.superfeedr.com/"
    ]
  },
  "links_out": 1828,
  "links_in": 0,
  "links": {
    "facebook.com/900386386763789": {
      "out": {
        "other": 772
      },
      "score": 1
    },
    "youtu.be": {
      "out": {
        "other": 81
      },
      "score": 0.693
    },
    "facebook.com/1544003635613406": {
      "out": {
        "other": 78
      },
      "score": 0.688
    },
    "facebook.com/10207543138473332": {
      "out": {
        "other": 58
      },
      "score": 0.647
    },
    "norgesaksjonen.org": {
      "out": {
        "other": 55
      },
      "score": 0.640
    },
    "withknown.com": {
      "out": {
        "other": 49
      },
      "score": 0.624
    },
    "facebook.com/573870689355425": {
      "out": {
        "other": 42
      },
      "score": 0.604
    },
    "facebook.com/1114191482033007": {
      "out": {
        "other": 32
      },
      "score": 0.567
    },
    "www.youtube.com": {
      "out": {
        "other": 30
      },
      "score": 0.557
    },
    "steigan.no": {
      "out": {
        "other": 28
      },
      "score": 0.549
    },
    "facebook.com/151499811982864": {
      "out": {
        "other": 22
      },
      "score": 0.515
    },
    "facebook.com/592293457537979": {
      "out": {
        "other": 20
      },
      "score": 0.503
    },
    "facebook.com/10157674694150313": {
      "out": {
        "other": 18
      },
      "score": 0.488
    },
    "facebook.com/10209175190829482": {
      "out": {
        "other": 18
      },
      "score": 0.488
    },
    "www.jostemikk.com": {
      "out": {
        "other": 17
      },
      "score": 0.481
    },
    "facebook.com/10154999957694415": {
      "out": {
        "other": 16
      },
      "score": 0.473
    },
    "facebook.com/1188688967836778": {
      "out": {
        "other": 16
      },
      "score": 0.473
    },
    "blog.archive.org": {
      "out": {
        "other": 16
      },
      "score": 0.473
    },
    "berserkergang.net": {
      "out": {
        "other": 15
      },
      "score": 0.463
    },
    "facebook.com/10154763844460555": {
      "out": {
        "other": 12
      },
      "score": 0.433
    },
    "facebook.com/10211370302482364": {
      "out": {
        "other": 12
      },
      "score": 0.433
    },
    "facebook.com/10208124055323713": {
      "out": {
        "other": 12
      },
      "score": 0.433
    },
    "facebook.com/1467072703322585": {
      "out": {
        "other": 10
      },
      "score": 0.409
    },
    "facebook.com/10153702291256324": {
      "out": {
        "other": 10
      },
      "score": 0.409
    },
    "facebook.com/10154489652791206": {
      "out": {
        "other": 10
      },
      "score": 0.409
    },
    "zionistreport.com": {
      "out": {
        "other": 9
      },
      "score": 0.394
    },
    "www.dagbladet.no": {
      "out": {
        "other": 9
      },
      "score": 0.394
    },
    "www.renegadetribune.com": {
      "out": {
        "other": 9
      },
      "score": 0.394
    },
    "www.breitbart.com": {
      "out": {
        "other": 9
      },
      "score": 0.394
    },
    "www.seafriends.org.nz": {
      "out": {
        "other": 9
      },
      "score": 0.394
    },
    "archive.org": {
      "out": {
        "other": 9
      },
      "score": 0.394
    },
    "klimastiftelsen.no": {
      "out": {
        "other": 9
      },
      "score": 0.394
    },
    "www.zerohedge.com": {
      "out": {
        "other": 9
      },
      "score": 0.394
    },
    "newstarget.com": {
      "out": {
        "other": 9
      },
      "score": 0.394
    },
    "www.veteranstoday.com": {
      "out": {
        "other": 9
      },
      "score": 0.394
    },
    "facebook.com/1519026524790780": {
      "out": {
        "other": 8
      },
      "score": 0.377
    },
    "facebook.com/10202380260824635": {
      "out": {
        "other": 8
      },
      "score": 0.377
    },
    "facebook.com/10153845738255064": {
      "out": {
        "other": 8
      },
      "score": 0.377
    },
    "facebook.com/10154048580883595": {
      "out": {
        "other": 8
      },
      "score": 0.377
    },
    "facebook.com/1156591741127131": {
      "out": {
        "other": 6
      },
      "score": 0.338
    },
    "facebook.com/901372153327438": {
      "out": {
        "other": 6
      },
      "score": 0.338
    },
    "facebook.com/829377800536999": {
      "out": {
        "other": 6
      },
      "score": 0.338
    },
    "facebook.com/1843434099235660": {
      "out": {
        "other": 6
      },
      "score": 0.338
    },
    "www.msn.com": {
      "out": {
        "other": 6
      },
      "score": 0.338
    },
    "facebook.com/10209759034964846": {
      "out": {
        "other": 6
      },
      "score": 0.338
    },
    "facebook.com/10153939883522483": {
      "out": {
        "other": 6
      },
      "score": 0.338
    },
    "facebook.com/10154523709662184": {
      "out": {
        "other": 6
      },
      "score": 0.338
    },
    "facebook.com/1737908709863333": {
      "out": {
        "other": 6
      },
      "score": 0.338
    },
    "allconspirology.org": {
      "out": {
        "other": 5
      },
      "score": 0.313
    },
    "www.kulturverk.com": {
      "out": {
        "other": 5
      },
      "score": 0.313
    },
    "facebook.com/154327015039401": {
      "out": {
        "other": 5
      },
      "score": 0.313
    },
    "facebook.com/10207377549459497": {
      "out": {
        "other": 4
      },
      "score": 0.283
    },
    "facebook.com/10210637083699374": {
      "out": {
        "other": 4
      },
      "score": 0.283
    },
    "facebook.com/10153856449487407": {
      "out": {
        "other": 4
      },
      "score": 0.283
    },
    "facebook.com/10208174252169129": {
      "out": {
        "other": 4
      },
      "score": 0.283
    },
    "facebook.com/10154638126335729": {
      "out": {
        "other": 4
      },
      "score": 0.283
    },
    "facebook.com/1769047013363020": {
      "out": {
        "other": 4
      },
      "score": 0.283
    },
    "facebook.com/10154112811185658": {
      "out": {
        "other": 4
      },
      "score": 0.283
    },
    "facebook.com/1183940978355465": {
      "out": {
        "other": 4
      },
      "score": 0.283
    },
    "facebook.com/10153891885972115": {
      "out": {
        "other": 4
      },
      "score": 0.283
    },
    "facebook.com/10154077878706696": {
      "out": {
        "other": 4
      },
      "score": 0.283
    },
    "facebook.com/1189397221120736": {
      "out": {
        "other": 4
      },
      "score": 0.283
    },
    "facebook.com/10205997156887320": {
      "out": {
        "other": 4
      },
      "score": 0.283
    },
    "facebook.com/10154688554298708": {
      "out": {
        "other": 4
      },
      "score": 0.283
    },
    "facebook.com/10154567878470482": {
      "out": {
        "other": 4
      },
      "score": 0.283
    },
    "facebook.com/1276226735779205": {
      "out": {
        "other": 4
      },
      "score": 0.283
    },
    "facebook.com/233863723698610": {
      "out": {
        "other": 4
      },
      "score": 0.283
    },
    "facebook.com/250080161852522": {
      "out": {
        "other": 3
      },
      "score": 0.244
    },
    "www.berserkerblogg.net": {
      "out": {
        "other": 3
      },
      "score": 0.244
    },
    "facebook.com/1357597630932022": {
      "out": {
        "other": 3
      },
      "score": 0.244
    },
    "facebook.com/10154057408441161": {
      "out": {
        "other": 2
      },
      "score": 0.189
    },
    "facebook.com/10157643563370263": {
      "out": {
        "other": 2
      },
      "score": 0.189
    },
    "facebook.com/401471586871029": {
      "out": {
        "other": 2
      },
      "score": 0.189
    },
    "facebook.com/10153875947300566": {
      "out": {
        "other": 2
      },
      "score": 0.189
    },
    "facebook.com/10208780956294383": {
      "out": {
        "other": 2
      },
      "score": 0.189
    },
    "www.riksavisen.no": {
      "out": {
        "other": 2
      },
      "score": 0.189
    },
    "facebook.com/10155516257243065": {
      "out": {
        "other": 2
      },
      "score": 0.189
    },
    "facebook.com/10157732931525646": {
      "out": {
        "other": 2
      },
      "score": 0.189
    },
    "facebook.com/10154229008847843": {
      "out": {
        "other": 2
      },
      "score": 0.189
    },
    "facebook.com/10209906734280223": {
      "out": {
        "other": 2
      },
      "score": 0.189
    },
    "facebook.com/10157564401070447": {
      "out": {
        "other": 2
      },
      "score": 0.189
    },
    "facebook.com/1314224895289112": {
      "out": {
        "other": 2
      },
      "score": 0.189
    },
    "facebook.com/10154510148556550": {
      "out": {
        "other": 2
      },
      "score": 0.189
    },
    "facebook.com/1363352507061960": {
      "out": {
        "other": 2
      },
      "score": 0.189
    },
    "facebook.com/361886414146319": {
      "out": {
        "other": 2
      },
      "score": 0.189
    },
    "facebook.com/1288602454494917": {
      "out": {
        "other": 2
      },
      "score": 0.189
    },
    "facebook.com/10154582720062110": {
      "out": {
        "other": 2
      },
      "score": 0.189
    },
    "facebook.com/10209028845053109": {
      "out": {
        "other": 2
      },
      "score": 0.189
    },
    "facebook.com/10154581937590891": {
      "out": {
        "other": 2
      },
      "score": 0.189
    },
    "facebook.com/10154686661368522": {
      "out": {
        "other": 2
      },
      "score": 0.189
    },
    "facebook.com/10155300098270656": {
      "out": {
        "other": 2
      },
      "score": 0.189
    },
    "no.wikipedia.org": {
      "out": {
        "other": 2
      },
      "score": 0.189
    },
    "facebook.com/142874082856394": {
      "out": {
        "other": 2
      },
      "score": 0.189
    },
    "facebook.com/209625106157098": {
      "out": {
        "other": 2
      },
      "score": 0.189
    },
    "facebook.com/10153881634126231": {
      "out": {
        "other": 2
      },
      "score": 0.189
    },
    "facebook.com/10154491057416013": {
      "out": {
        "other": 2
      },
      "score": 0.189
    },
    "facebook.com/10154265331008323": {
      "out": {
        "other": 2
      },
      "score": 0.189
    },
    "facebook.com/1327383870614909": {
      "out": {
        "other": 2
      },
      "score": 0.189
    },
    "facebook.com/1364199346947326": {
      "out": {
        "other": 2
      },
      "score": 0.189
    },
    "facebook.com/1212515885490486": {
      "out": {
        "other": 2
      },
      "score": 0.189
    },
    "wp.me": {
      "out": {
        "other": 2
      },
      "score": 0.189
    },
    "facebook.com/10153893047250286": {
      "out": {
        "other": 2
      },
      "score": 0.189
    },
    "facebook.com/1183956051678949": {
      "out": {
        "other": 2
      },
      "score": 0.189
    },
    "ourjewishagenda.weebly.com": {
      "out": {
        "other": 2
      },
      "score": 0.189
    },
    "facebook.com/10154619768330786": {
      "out": {
        "other": 2
      },
      "score": 0.189
    },
    "facebook.com/235046663581461": {
      "out": {
        "other": 2
      },
      "score": 0.189
    },
    "www.google.no": {
      "out": {
        "other": 2
      },
      "score": 0.189
    },
    "facebook.com/1272178342833737": {
      "out": {
        "other": 2
      },
      "score": 0.189
    },
    "en.wikipedia.org": {
      "out": {
        "other": 2
      },
      "score": 0.189
    },
    "facebook.com/10153872278172117": {
      "out": {
        "other": 2
      },
      "score": 0.189
    },
    "facebook.com/10208889523010308": {
      "out": {
        "other": 2
      },
      "score": 0.189
    },
    "facebook.com/329600437403381": {
      "out": {
        "other": 2
      },
      "score": 0.189
    },
    "facebook.com/347102645646947": {
      "out": {
        "other": 2
      },
      "score": 0.189
    },
    "facebook.com/10209516869672182": {
      "out": {
        "other": 2
      },
      "score": 0.189
    },
    "facebook.com/1148263401921682": {
      "out": {
        "other": 2
      },
      "score": 0.189
    },
    "facebook.com/1198144360247054": {
      "out": {
        "other": 2
      },
      "score": 0.189
    },
    "www.prageru.com": {
      "out": {
        "other": 1
      },
      "score": 0.0944
    },
    "www.weathermodification.com": {
      "out": {
        "other": 1
      },
      "score": 0.0944
    },
    "i.imgur.com": {
      "out": {
        "other": 1
      },
      "score": 0.0944
    },
    "www.yadvashem.org": {
      "out": {
        "other": 1
      },
      "score": 0.0944
    },
    "ia801304.us.archive.org": {
      "out": {
        "other": 1
      },
      "score": 0.0944
    },
    "principia-scientific.org": {
      "out": {
        "other": 1
      },
      "score": 0.0944
    },
    "www.navigate3d.no": {
      "out": {
        "other": 1
      },
      "score": 0.0944
    },
    "www.aftenposten.no": {
      "out": {
        "other": 1
      },
      "score": 0.0944
    },
    "www.adlibris.com": {
      "out": {
        "other": 1
      },
      "score": 0.0944
    },
    "www.reformation.org": {
      "out": {
        "other": 1
      },
      "score": 0.0944
    },
    "no.m.wikipedia.org": {
      "out": {
        "other": 1
      },
      "score": 0.0944
    },
    "www.amazon.com": {
      "out": {
        "other": 1
      },
      "score": 0.0944
    },
    "www.historytoday.com": {
      "out": {
        "other": 1
      },
      "score": 0.0944
    },
    "www.triumphpro.com": {
      "out": {
        "other": 1
      },
      "score": 0.0944
    },
    "aanirfan.blogspot.no": {
      "out": {
        "other": 1
      },
      "score": 0.0944
    },
    "www.freemaninstitute.com": {
      "out": {
        "other": 1
      },
      "score": 0.0944
    },
    "kirken.no": {
      "out": {
        "other": 1
      },
      "score": 0.0944
    },
    "www.jewishgen.org": {
      "out": {
        "other": 1
      },
      "score": 0.0944
    },
    "www.quora.com": {
      "out": {
        "other": 1
      },
      "score": 0.0944
    },
    "ia800501.us.archive.org": {
      "out": {
        "other": 1
      },
      "score": 0.0944
    },
    "www.dailystormer.com": {
      "out": {
        "other": 1
      },
      "score": 0.0944
    },
    "winstonsmithministryoftruth.blogspot.com": {
      "out": {
        "other": 1
      },
      "score": 0.0944
    },
    "sorendreier.com": {
      "out": {
        "other": 1
      },
      "score": 0.0944
    }
  }
}