{
  "domain": "bethaknee.com",
  "urls": [
    "http://bethaknee.com/"
  ],
  "names": [
    "Bethany M. Soule | Bethany is a Master of computer science by authority of Columbia University. She is passionate about autonomous locomotion, self quantification, fiber arts, mythologies, and of course codecodecode."
  ],
  "descriptions": [],
  "pictures": [],
  "hcard": {},
  "rel_mes": [
    "https://twitter.com/thatgirl",
    "https://www.facebook.com/bsoule"
  ],
  "crawl_start": "2017-06-09T17:33:48",
  "crawl_end": "2017-06-09T17:33:57",
  "num_pages": 12,
  "total_html_size": 73333,
  "servers": [
    "Apache (Fedora)",
    "WordPress"
  ],
  "mf2_classes": [
    "h-card",
    "h-feed",
    "h-entry"
  ],
  "tags": [
    "relme",
    "WordPress"
  ],
  "endpoints": {},
  "links_out": 47,
  "links_in": 33,
  "links": {
    "facebook.com/bsoule": {
      "out": {
        "other": 12
      },
      "score": 1
    },
    "twitter.com/thatgirl": {
      "out": {
        "other": 12
      },
      "score": 1
    },
    "indieweb.org": {
      "in": {
        "other": 18
      },
      "score": 0.909
    },
    "github.com": {
      "out": {
        "other": 5
      },
      "score": 0.723
    },
    "aaronparecki.com": {
      "in": {
        "other": 9
      },
      "score": 0.692
    },
    "yootles.com": {
      "out": {
        "other": 3
      },
      "score": 0.563
    },
    "chat.indieweb.org": {
      "in": {
        "other": 5
      },
      "score": 0.506
    },
    "quantifiedself.com": {
      "out": {
        "other": 2
      },
      "score": 0.437
    },
    "beeminder.com": {
      "out": {
        "other": 2
      },
      "score": 0.437
    },
    "oddhead.com": {
      "out": {
        "other": 2
      },
      "score": 0.437
    },
    "my.firedoglake.com": {
      "out": {
        "other": 2
      },
      "score": 0.437
    },
    "market.android.com": {
      "out": {
        "other": 2
      },
      "score": 0.437
    },
    "messymatters.com": {
      "out": {
        "other": 1
      },
      "score": 0.218
    },
    "projects": {
      "out": {
        "other": 1
      },
      "score": 0.218
    },
    "www.soartech.com": {
      "out": {
        "other": 1
      },
      "score": 0.218
    },
    "disqus.com": {
      "out": {
        "other": 1
      },
      "score": 0.218
    },
    "www.beeminder.com": {
      "out": {
        "other": 1
      },
      "score": 0.218
    },
    "anomalily.net": {
      "in": {
        "other": 1
      },
      "score": 0
    }
  }
}