{
  "domain": "beverlybergstrom.withknown.com",
  "urls": [
    "https://beverlybergstrom.withknown.com/profile/beverlybergstrom",
    "https://twitter.com/bevbergstrom1"
  ],
  "names": [
    "Beverly Bergstrom",
    "Psychological Effects of Music on Exercise "
  ],
  "descriptions": [
    "A social website powered by Known"
  ],
  "pictures": [
    "https://beverlybergstrom.withknown.com/gfx/users/default-01.png"
  ],
  "hcard": {
    "properties": {
      "name": [
        "Beverly Bergstrom"
      ],
      "note": [
        {
          "html": "",
          "value": ""
        }
      ],
      "photo": [
        "https://beverlybergstrom.withknown.com/gfx/users/default-01.png"
      ],
      "profile": [
        "Beverly Bergstrom"
      ],
      "url": [
        "https://beverlybergstrom.withknown.com/profile/beverlybergstrom",
        "https://beverlybergstrom.withknown.com/profile/beverlybergstrom",
        "https://twitter.com/bevbergstrom1"
      ]
    },
    "type": [
      "h-card"
    ]
  },
  "rel_mes": [
    "https://twitter.com/bevbergstrom1"
  ],
  "crawl_start": "2017-04-27T07:53:19",
  "crawl_end": "2017-04-27T07:53:31",
  "num_pages": 16,
  "total_html_size": 437095,
  "servers": [
    "Apache",
    "Known"
  ],
  "mf2_classes": [
    "h-card",
    "h-entry"
  ],
  "tags": [
    "relme",
    "bridgy",
    "webmention",
    "websub",
    "Known"
  ],
  "endpoints": {
    "webmention": [
      "https://beverlybergstrom.withknown.com/webmention/"
    ],
    "websub": [
      "http://withknown.superfeedr.com/"
    ]
  },
  "links_out": 39,
  "links_in": 0,
  "links": {
    "doi.org": {
      "out": {
        "other": 20
      },
      "score": 1
    },
    "twitter.com/bevbergstrom1": {
      "out": {
        "other": 9
      },
      "score": 0.783
    },
    "support.spotify.com": {
      "out": {
        "other": 5
      },
      "score": 0.623
    },
    "www.pandora.com": {
      "out": {
        "other": 5
      },
      "score": 0.623
    }
  }
}