{
  "domain": "beyondtellerrand.com",
  "urls": [
    "https://beyondtellerrand.com"
  ],
  "names": [
    "beyond tellerrand // an event about web design, development and more",
    "beyond tellerrand â An event about Web Design and Development"
  ],
  "descriptions": [
    "beyond tellerrand is an affordable web design and development event taking place in DÃ¼sseldorf and Berlin.",
    "beyond tellerrand is an affordable web design and development event taking place in Düsseldorf and Berlin."
  ],
  "pictures": [
    "https://beyondtellerrand.com/favicon.ico",
    "https://beyondtellerrand.com/assets/images/banners/130x130.png"
  ],
  "hcard": {},
  "rel_mes": [],
  "crawl_start": "2017-04-27T07:53:30",
  "crawl_end": "2017-04-27T07:58:42",
  "num_pages": 278,
  "total_html_size": 6228840,
  "servers": [
    "Apache"
  ],
  "tags": [
    "bridgy",
    "community"
  ],
  "endpoints": {},
  "links_out": 6519,
  "links_in": 13976,
  "links": {
    "indieweb.org": {
      "in": {
        "other": 13063
      },
      "out": {
        "other": 9
      },
      "score": 1
    },
    "twitter.com/btconf": {
      "out": {
        "other": 573
      },
      "score": 0.744
    },
    "vimeo.com": {
      "out": {
        "other": 385
      },
      "score": 0.701
    },
    "adactio.com": {
      "in": {
        "bookmark-of": 228,
        "other": 217
      },
      "out": {
        "other": 12
      },
      "score": 0.691
    },
    "btco.nf": {
      "out": {
        "other": 331
      },
      "score": 0.686
    },
    "ti.to": {
      "out": {
        "other": 330
      },
      "score": 0.685
    },
    "shopify.com": {
      "out": {
        "other": 316
      },
      "score": 0.680
    },
    "developers.google.com": {
      "out": {
        "other": 315
      },
      "score": 0.680
    },
    "sipgate.de": {
      "out": {
        "other": 300
      },
      "score": 0.675
    },
    "getkirby.com": {
      "out": {
        "other": 301
      },
      "score": 0.675
    },
    "hflr.co": {
      "out": {
        "other": 290
      },
      "score": 0.671
    },
    "lanyrd.com": {
      "out": {
        "other": 284
      },
      "score": 0.669
    },
    "facebook.com/beyondtellerrand": {
      "out": {
        "other": 282
      },
      "score": 0.669
    },
    "www.instagram.com": {
      "out": {
        "other": 283
      },
      "score": 0.669
    },
    "hosteurope.de": {
      "out": {
        "other": 281
      },
      "score": 0.668
    },
    "getpop.org": {
      "in": {
        "other": 208
      },
      "score": 0.563
    },
    "marcthiele.com": {
      "in": {
        "other": 81
      },
      "out": {
        "other": 6
      },
      "score": 0.478
    },
    "www.slideshare.net": {
      "out": {
        "other": 44
      },
      "score": 0.473
    },
    "www.youtube.com": {
      "out": {
        "other": 30
      },
      "score": 0.431
    },
    "soundcloud.com": {
      "out": {
        "other": 28
      },
      "score": 0.425
    },
    "www.webrocker.de": {
      "in": {
        "other": 50
      },
      "out": {
        "other": 1
      },
      "score": 0.417
    },
    "speakerdeck.com": {
      "out": {
        "other": 26
      },
      "score": 0.417
    },
    "mailchimp.com": {
      "out": {
        "other": 26
      },
      "score": 0.417
    },
    "www.flickr.com": {
      "out": {
        "other": 23
      },
      "score": 0.404
    },
    "confwall.com": {
      "out": {
        "other": 21
      },
      "score": 0.395
    },
    "chat.indieweb.org": {
      "in": {
        "other": 41
      },
      "score": 0.391
    },
    "siteground.com": {
      "out": {
        "other": 18
      },
      "score": 0.378
    },
    "smashingmagazine.com": {
      "out": {
        "other": 16
      },
      "score": 0.366
    },
    "automattic.com": {
      "out": {
        "other": 15
      },
      "score": 0.359
    },
    "formfiftyfive.com": {
      "out": {
        "other": 14
      },
      "score": 0.351
    },
    "reasons.to": {
      "out": {
        "other": 14
      },
      "score": 0.351
    },
    "indiewebcamp.com": {
      "out": {
        "other": 13
      },
      "score": 0.344
    },
    "mozilla.org": {
      "out": {
        "other": 13
      },
      "score": 0.344
    },
    "wordpress.com": {
      "out": {
        "other": 13
      },
      "score": 0.344
    },
    "t3n.de": {
      "out": {
        "other": 12
      },
      "score": 0.335
    },
    "ethertec.net": {
      "out": {
        "other": 12
      },
      "score": 0.335
    },
    "dev.microsoftedge.com": {
      "out": {
        "other": 12
      },
      "score": 0.335
    },
    "www.trivago.de": {
      "out": {
        "other": 11
      },
      "score": 0.326
    },
    "twitter.com/smashingmag": {
      "out": {
        "other": 10
      },
      "score": 0.316
    },
    "sebastiangreger.net": {
      "in": {
        "other": 17
      },
      "out": {
        "other": 1
      },
      "score": 0.310
    },
    "supr.com": {
      "out": {
        "other": 9
      },
      "score": 0.305
    },
    "en.wikipedia.org": {
      "out": {
        "other": 9
      },
      "score": 0.305
    },
    "twitter.com/csswizardry": {
      "out": {
        "other": 9
      },
      "score": 0.305
    },
    "csswizardry.com": {
      "out": {
        "other": 9
      },
      "score": 0.305
    },
    "aaronparecki.com": {
      "in": {
        "other": 13
      },
      "out": {
        "other": 2
      },
      "score": 0.299
    },
    "timkadlec.com": {
      "out": {
        "other": 7
      },
      "in": {
        "other": 3
      },
      "score": 0.299
    },
    "speedcurve.com": {
      "out": {
        "other": 8
      },
      "score": 0.292
    },
    "duesseldorf.de": {
      "out": {
        "other": 8
      },
      "score": 0.292
    },
    "usabilityreview.de": {
      "out": {
        "other": 8
      },
      "score": 0.292
    },
    "typekit.com": {
      "out": {
        "other": 8
      },
      "score": 0.292
    },
    "bastianallgeier.com": {
      "out": {
        "other": 8
      },
      "score": 0.292
    },
    "raidboxes.eu": {
      "out": {
        "other": 8
      },
      "score": 0.292
    },
    "balsamiq.com": {
      "out": {
        "other": 8
      },
      "score": 0.292
    },
    "sarasoueidan.com": {
      "out": {
        "other": 8
      },
      "score": 0.292
    },
    "twitter.com/codepo8": {
      "out": {
        "other": 8
      },
      "score": 0.292
    },
    "abookapart.com": {
      "out": {
        "other": 8
      },
      "score": 0.292
    },
    "elliotjaystocks.com": {
      "out": {
        "other": 8
      },
      "score": 0.292
    },
    "twitter.com/adactio": {
      "out": {
        "other": 7
      },
      "score": 0.278
    },
    "moo.com": {
      "out": {
        "other": 7
      },
      "score": 0.278
    },
    "page-online.de": {
      "out": {
        "other": 7
      },
      "score": 0.278
    },
    "twitter.com/tkadlec": {
      "out": {
        "other": 7
      },
      "score": 0.278
    },
    "twitter.com/evalottchen": {
      "out": {
        "other": 7
      },
      "score": 0.278
    },
    "jkphl.is": {
      "out": {
        "other": 4
      },
      "in": {
        "other": 6
      },
      "score": 0.278
    },
    "twitter.com/brad_frost": {
      "out": {
        "other": 7
      },
      "score": 0.278
    },
    "mikekus.com": {
      "out": {
        "other": 7
      },
      "score": 0.278
    },
    "brid.gy": {
      "in": {
        "other": 13
      },
      "score": 0.270
    },
    "tinybooks.org": {
      "out": {
        "other": 6
      },
      "score": 0.262
    },
    "christianheilmann.com": {
      "out": {
        "other": 6
      },
      "score": 0.262
    },
    "slideshare.net": {
      "out": {
        "other": 6
      },
      "score": 0.262
    },
    "jakearchibald.com": {
      "out": {
        "other": 6
      },
      "score": 0.262
    },
    "designerinaction.de": {
      "out": {
        "other": 6
      },
      "score": 0.262
    },
    "brendandawes.com": {
      "out": {
        "other": 6
      },
      "score": 0.262
    },
    "twumble.com": {
      "out": {
        "other": 6
      },
      "score": 0.262
    },
    "bradfrostweb.com": {
      "out": {
        "other": 6
      },
      "score": 0.262
    },
    "clearleft.com": {
      "out": {
        "other": 6
      },
      "score": 0.262
    },
    "parall.ax": {
      "out": {
        "other": 6
      },
      "score": 0.262
    },
    "twitter.com/seb_ly": {
      "out": {
        "other": 6
      },
      "score": 0.262
    },
    "seb.ly": {
      "out": {
        "other": 6
      },
      "score": 0.262
    },
    "hacks.mozilla.org": {
      "out": {
        "other": 6
      },
      "score": 0.262
    },
    "www.amazon.com": {
      "out": {
        "other": 6
      },
      "score": 0.262
    },
    "dotprocess.org": {
      "out": {
        "other": 6
      },
      "score": 0.262
    },
    "facebook.com/AccentureInteractiveDach": {
      "out": {
        "other": 6
      },
      "score": 0.262
    },
    "gettyimages.de": {
      "out": {
        "other": 6
      },
      "score": 0.262
    },
    "form.de": {
      "out": {
        "other": 6
      },
      "score": 0.262
    },
    "goo.gl": {
      "out": {
        "other": 6
      },
      "score": 0.262
    },
    "huffduffer.com": {
      "out": {
        "other": 6
      },
      "score": 0.262
    },
    "twitter.com/jaffathecake": {
      "out": {
        "other": 6
      },
      "score": 0.262
    },
    "twitter.com/HoeflerCo": {
      "out": {
        "other": 6
      },
      "score": 0.262
    },
    "stuffandnonsense.co.uk": {
      "out": {
        "other": 6
      },
      "score": 0.262
    },
    "alistapart.com": {
      "out": {
        "other": 6
      },
      "score": 0.262
    },
    "saltercane.com": {
      "out": {
        "other": 6
      },
      "score": 0.262
    },
    "cottonbureau.com": {
      "out": {
        "other": 6
      },
      "score": 0.262
    },
    "typography.com": {
      "out": {
        "other": 6
      },
      "score": 0.262
    },
    "responsivedesign.is": {
      "out": {
        "other": 6
      },
      "score": 0.262
    },
    "quirksmode.org": {
      "out": {
        "other": 6
      },
      "score": 0.262
    },
    "twitter.com/elliotjaystocks": {
      "out": {
        "other": 6
      },
      "score": 0.262
    },
    "matthiasott.com": {
      "out": {
        "other": 3
      },
      "in": {
        "other": 5
      },
      "score": 0.253
    },
    "killerog.com": {
      "in": {
        "other": 11
      },
      "score": 0.253
    },
    "hicksdesign.co.uk": {
      "out": {
        "other": 5
      },
      "score": 0.243
    },
    "www.siteground.com": {
      "out": {
        "other": 5
      },
      "score": 0.243
    },
    "btconf.getfeedback.com": {
      "out": {
        "other": 5
      },
      "score": 0.243
    },
    "twitter.com/aarron": {
      "out": {
        "other": 5
      },
      "score": 0.243
    },
    "logtempo.com": {
      "out": {
        "other": 5
      },
      "score": 0.243
    },
    "twitter.com/shiflett": {
      "out": {
        "other": 5
      },
      "score": 0.243
    },
    "stephanietroeth.com": {
      "out": {
        "other": 5
      },
      "score": 0.243
    },
    "twitter.com/hicksdesign": {
      "out": {
        "other": 5
      },
      "score": 0.243
    },
    "blog.mailchimp.com": {
      "out": {
        "other": 5
      },
      "score": 0.243
    },
    "denkwerk.com": {
      "out": {
        "other": 5
      },
      "score": 0.243
    },
    "baldower.de": {
      "out": {
        "other": 5
      },
      "score": 0.243
    },
    "twitter.com/sipgate": {
      "out": {
        "other": 5
      },
      "score": 0.243
    },
    "brucelawson​.co​.uk": {
      "out": {
        "other": 5
      },
      "score": 0.243
    },
    "sapientnitro.com": {
      "out": {
        "other": 5
      },
      "score": 0.243
    },
    "twitter.com/sniffles": {
      "out": {
        "other": 5
      },
      "score": 0.243
    },
    "visualcinnamon.com": {
      "out": {
        "other": 5
      },
      "score": 0.243
    },
    "shiflett.org": {
      "out": {
        "other": 5
      },
      "score": 0.243
    },
    "www.martinaflor.com": {
      "out": {
        "other": 5
      },
      "score": 0.243
    },
    "twitter.com": {
      "out": {
        "other": 5
      },
      "score": 0.243
    },
    "twitter.com/reasonsto": {
      "out": {
        "other": 4
      },
      "score": 0.219
    },
    "snook.ca": {
      "out": {
        "other": 4
      },
      "score": 0.219
    },
    "twitter.com/snookca": {
      "out": {
        "other": 4
      },
      "score": 0.219
    },
    "twitter.com/cottonbureau": {
      "out": {
        "other": 4
      },
      "score": 0.219
    },
    "pinboard.in": {
      "out": {
        "other": 4
      },
      "score": 0.219
    },
    "twitter.com/cattsmall": {
      "out": {
        "other": 4
      },
      "score": 0.219
    },
    "twitter.com/useTito": {
      "out": {
        "other": 4
      },
      "score": 0.219
    },
    "twitter.com/siteground": {
      "out": {
        "other": 4
      },
      "score": 0.219
    },
    "una.im": {
      "out": {
        "other": 4
      },
      "score": 0.219
    },
    "codepen.io​": {
      "out": {
        "other": 4
      },
      "score": 0.219
    },
    "twitter.com/mikekus": {
      "out": {
        "other": 4
      },
      "score": 0.219
    },
    "twitter.com/wilto": {
      "out": {
        "other": 4
      },
      "score": 0.219
    },
    "culturedcode.com": {
      "out": {
        "other": 4
      },
      "score": 0.219
    },
    "petrosalema.com": {
      "out": {
        "other": 4
      },
      "score": 0.219
    },
    "dantz.me": {
      "out": {
        "other": 4
      },
      "score": 0.219
    },
    "twitter.com/fehler": {
      "out": {
        "other": 4
      },
      "score": 0.219
    },
    "slides.com": {
      "out": {
        "other": 4
      },
      "score": 0.219
    },
    "jolioriginals.com": {
      "out": {
        "other": 4
      },
      "score": 0.219
    },
    "www.abookapart.com": {
      "out": {
        "other": 4
      },
      "score": 0.219
    },
    "shoptalkshow.com": {
      "out": {
        "other": 4
      },
      "score": 0.219
    },
    "martinaflor.com": {
      "out": {
        "other": 4
      },
      "score": 0.219
    },
    "twitter.com/mozilla": {
      "out": {
        "other": 4
      },
      "score": 0.219
    },
    "twitter.com/joelbronkowski": {
      "out": {
        "other": 4
      },
      "score": 0.219
    },
    "twitter.com/stephanierieger": {
      "out": {
        "other": 4
      },
      "score": 0.219
    },
    "edenspiekermann.com": {
      "out": {
        "other": 4
      },
      "score": 0.219
    },
    "twitter.com/MailChimp": {
      "out": {
        "other": 4
      },
      "score": 0.219
    },
    "yiibu.com": {
      "out": {
        "other": 4
      },
      "score": 0.219
    },
    "twitter.com/MSEdgeDev": {
      "out": {
        "other": 4
      },
      "score": 0.219
    },
    "www.sarawb.com": {
      "out": {
        "other": 4
      },
      "score": 0.219
    },
    "evernote.com": {
      "out": {
        "other": 4
      },
      "score": 0.219
    },
    "twitter.com/aarongustafson": {
      "out": {
        "other": 4
      },
      "score": 0.219
    },
    "vasilis.nl": {
      "in": {
        "other": 4
      },
      "out": {
        "other": 2
      },
      "score": 0.219
    },
    "twitter.com/quasimondo": {
      "out": {
        "other": 4
      },
      "score": 0.219
    },
    "twitter.com/monteiro": {
      "out": {
        "other": 4
      },
      "score": 0.219
    },
    "twitter.com/shopify": {
      "out": {
        "other": 4
      },
      "score": 0.219
    },
    "twitter.com/googledevs": {
      "out": {
        "other": 4
      },
      "score": 0.219
    },
    "asciidisco.com": {
      "out": {
        "other": 4
      },
      "score": 0.219
    },
    "the-dots.com": {
      "out": {
        "other": 4
      },
      "score": 0.219
    },
    "twitter.com/danrubin": {
      "out": {
        "other": 4
      },
      "score": 0.219
    },
    "twitter.com/katekiefer": {
      "out": {
        "other": 4
      },
      "score": 0.219
    },
    "www.fivesimplesteps.com": {
      "out": {
        "other": 4
      },
      "score": 0.219
    },
    "bradfrost.com": {
      "out": {
        "other": 4
      },
      "score": 0.219
    },
    "colly.com": {
      "out": {
        "other": 4
      },
      "score": 0.219
    },
    "helloenjoy.com": {
      "out": {
        "other": 4
      },
      "score": 0.219
    },
    "github.com": {
      "out": {
        "other": 4
      },
      "score": 0.219
    },
    "twitter.com/bastianallgeier": {
      "out": {
        "other": 4
      },
      "score": 0.219
    },
    "cattsmall.com": {
      "out": {
        "other": 4
      },
      "score": 0.219
    },
    "evalotta.net": {
      "out": {
        "other": 4
      },
      "score": 0.219
    },
    "twitter.com/petrosalema": {
      "out": {
        "other": 4
      },
      "score": 0.219
    },
    "hellicarandlewis.com": {
      "out": {
        "other": 4
      },
      "score": 0.219
    },
    "twitter.com/malarkey": {
      "out": {
        "other": 4
      },
      "score": 0.219
    },
    "twitter.com/wordpressdotcom": {
      "out": {
        "other": 4
      },
      "score": 0.219
    },
    "icant.co.uk": {
      "out": {
        "other": 4
      },
      "score": 0.219
    },
    "jonburgerman.com": {
      "out": {
        "other": 4
      },
      "score": 0.219
    },
    "code.google.com": {
      "out": {
        "other": 4
      },
      "score": 0.219
    },
    "twitter.com/ethertec": {
      "out": {
        "other": 4
      },
      "score": 0.219
    },
    "twitter.com/getkirby": {
      "out": {
        "other": 4
      },
      "score": 0.219
    },
    "argoncobalt.com": {
      "out": {
        "other": 4
      },
      "score": 0.219
    },
    "twitter.com/asciidisco": {
      "out": {
        "other": 4
      },
      "score": 0.219
    },
    "twitter.com/brendandawes": {
      "out": {
        "other": 4
      },
      "score": 0.219
    },
    "stevesouders.com": {
      "out": {
        "other": 4
      },
      "score": 0.219
    },
    "twitter.com/Mr_Bingo": {
      "out": {
        "other": 4
      },
      "score": 0.219
    },
    "danrubin.is": {
      "out": {
        "other": 4
      },
      "score": 0.219
    },
    "filamentgroup.com": {
      "out": {
        "other": 4
      },
      "score": 0.219
    },
    "twitter.com/sara_ann_marie": {
      "out": {
        "other": 4
      },
      "score": 0.219
    },
    "danielmall.com": {
      "out": {
        "other": 4
      },
      "score": 0.219
    },
    "twitter.com/FormFiftyFive": {
      "out": {
        "other": 4
      },
      "score": 0.219
    },
    "twitter.com/colly": {
      "out": {
        "other": 4
      },
      "score": 0.219
    },
    "twitter.com/confwall": {
      "out": {
        "other": 4
      },
      "score": 0.219
    },
    "twitter.com/jonburgerman": {
      "out": {
        "other": 3
      },
      "score": 0.189
    },
    "beyondtellerrand.myshopify.com": {
      "out": {
        "other": 3
      },
      "score": 0.189
    },
    "css-tricks.com": {
      "out": {
        "other": 3
      },
      "score": 0.189
    },
    "twitter.com/brucel": {
      "out": {
        "other": 3
      },
      "score": 0.189
    },
    "btconf.slack.com": {
      "out": {
        "other": 3
      },
      "score": 0.189
    },
    "twitter.com/johnallsopp": {
      "out": {
        "other": 3
      },
      "score": 0.189
    },
    "indiewebweek.indieweb.org": {
      "in": {
        "other": 4
      },
      "out": {
        "other": 1
      },
      "score": 0.189
    },
    "presstube.com": {
      "out": {
        "other": 3
      },
      "score": 0.189
    },
    "thebitchwhocodes.com": {
      "out": {
        "other": 3
      },
      "score": 0.189
    },
    "twitter.com/espiekermann": {
      "out": {
        "other": 3
      },
      "score": 0.189
    },
    "www.heise.de": {
      "out": {
        "other": 3
      },
      "score": 0.189
    },
    "accenture.de": {
      "out": {
        "other": 3
      },
      "score": 0.189
    },
    "inuitcss.com": {
      "out": {
        "other": 3
      },
      "score": 0.189
    },
    "paulbakaus.com": {
      "out": {
        "other": 3
      },
      "score": 0.189
    },
    "sarahdrasnerdesign.com": {
      "out": {
        "other": 3
      },
      "score": 0.189
    },
    "yukoart.com": {
      "out": {
        "other": 3
      },
      "score": 0.189
    },
    "twitter.com/mezzoblue": {
      "out": {
        "other": 3
      },
      "score": 0.189
    },
    "youtu.be": {
      "out": {
        "other": 3
      },
      "score": 0.189
    },
    "suda.co.uk": {
      "out": {
        "other": 3
      },
      "score": 0.189
    },
    "twitter.com/karenmcgrane": {
      "out": {
        "other": 3
      },
      "score": 0.189
    },
    "aarronwalter.com": {
      "out": {
        "other": 3
      },
      "score": 0.189
    },
    "p98a.com": {
      "out": {
        "other": 3
      },
      "score": 0.189
    },
    "twitter.com/iA": {
      "out": {
        "other": 3
      },
      "score": 0.189
    },
    "remysharp.com": {
      "out": {
        "other": 3
      },
      "score": 0.189
    },
    "trivago.de": {
      "out": {
        "other": 3
      },
      "score": 0.189
    },
    "twitter.com/nail7": {
      "out": {
        "other": 3
      },
      "score": 0.189
    },
    "blog.offscreenmag.com": {
      "out": {
        "other": 3
      },
      "score": 0.189
    },
    "twitter.com/pbakaus": {
      "out": {
        "other": 3
      },
      "score": 0.189
    },
    "cameronmoll.com": {
      "out": {
        "other": 3
      },
      "score": 0.189
    },
    "tollwerk.de": {
      "out": {
        "other": 3
      },
      "score": 0.189
    },
    "twitter.com/martinaflor": {
      "out": {
        "other": 3
      },
      "score": 0.189
    },
    "hellorun.helloenjoy.com": {
      "out": {
        "other": 3
      },
      "score": 0.189
    },
    "jenson.org": {
      "out": {
        "other": 3
      },
      "score": 0.189
    },
    "accessibility-club.org": {
      "out": {
        "other": 3
      },
      "score": 0.189
    },
    "besondere-orte.com": {
      "out": {
        "other": 3
      },
      "score": 0.189
    },
    "rachelnabors.com": {
      "out": {
        "other": 3
      },
      "score": 0.189
    },
    "iA.net": {
      "out": {
        "other": 3
      },
      "score": 0.189
    },
    "twitter.com/trivago": {
      "out": {
        "other": 3
      },
      "score": 0.189
    },
    "kupferschrift.de": {
      "out": {
        "other": 3
      },
      "score": 0.189
    },
    "monotype.com": {
      "out": {
        "other": 3
      },
      "score": 0.189
    },
    "offscreenmag.com": {
      "out": {
        "other": 3
      },
      "score": 0.189
    },
    "karenmcgrane.com": {
      "out": {
        "other": 3
      },
      "score": 0.189
    },
    "twitter.com/stephenhay": {
      "out": {
        "other": 3
      },
      "score": 0.189
    },
    "www.heydonworks.com": {
      "out": {
        "other": 3
      },
      "score": 0.189
    },
    "twitter.com/yukoart": {
      "out": {
        "other": 3
      },
      "score": 0.189
    },
    "twitter.com/scottjenson": {
      "out": {
        "other": 3
      },
      "score": 0.189
    },
    "the-haystack.com": {
      "out": {
        "other": 3
      },
      "score": 0.189
    },
    "www.duesseldorf.de": {
      "out": {
        "other": 3
      },
      "score": 0.189
    },
    "twitter.com/destraynor": {
      "out": {
        "other": 3
      },
      "score": 0.189
    },
    "spiekermann.com": {
      "out": {
        "other": 3
      },
      "score": 0.189
    },
    "twitter.com/bitchwhocodes": {
      "out": {
        "other": 3
      },
      "score": 0.189
    },
    "twitter.com/kupfers": {
      "out": {
        "other": 3
      },
      "score": 0.189
    },
    "twitter.com/briansuda": {
      "out": {
        "other": 3
      },
      "score": 0.189
    },
    "twitter.com/indiewebcamp": {
      "out": {
        "other": 3
      },
      "score": 0.189
    },
    "twitter.com/rachelnabors": {
      "out": {
        "other": 3
      },
      "score": 0.189
    },
    "twitter.com/ppk": {
      "out": {
        "other": 3
      },
      "score": 0.189
    },
    "mezzoblue.com": {
      "out": {
        "other": 3
      },
      "score": 0.189
    },
    "plus.google.com/+beyondtellerrand": {
      "out": {
        "other": 3
      },
      "score": 0.189
    },
    "twitter.com/DannyGregory": {
      "out": {
        "other": 3
      },
      "score": 0.189
    },
    "twitter.com/heydonworks": {
      "out": {
        "other": 3
      },
      "score": 0.189
    },
    "twitter.com/NadiehBremer": {
      "out": {
        "other": 3
      },
      "score": 0.189
    },
    "twitter.com/sarah_edo": {
      "out": {
        "other": 3
      },
      "score": 0.189
    },
    "djr.com": {
      "out": {
        "other": 2
      },
      "score": 0.147
    },
    "edge.ms": {
      "out": {
        "other": 2
      },
      "score": 0.147
    },
    "sipgate.io": {
      "out": {
        "other": 2
      },
      "score": 0.147
    },
    "twitter.com/chriscoyier​": {
      "out": {
        "other": 2
      },
      "score": 0.147
    },
    "twitter.com/kaibrach": {
      "out": {
        "other": 2
      },
      "score": 0.147
    },
    "veen.com": {
      "out": {
        "other": 2
      },
      "score": 0.147
    },
    "www.sachajudd.com": {
      "out": {
        "other": 2
      },
      "score": 0.147
    },
    "LucasFonts.com": {
      "out": {
        "other": 2
      },
      "score": 0.147
    },
    "itunes.apple.com": {
      "out": {
        "other": 2
      },
      "score": 0.147
    },
    "jaredficklin.com": {
      "out": {
        "other": 2
      },
      "score": 0.147
    },
    "marketing-factory.de": {
      "out": {
        "other": 2
      },
      "score": 0.147
    },
    "nettrek.de": {
      "out": {
        "other": 2
      },
      "score": 0.147
    },
    "appcom-marketing.de": {
      "out": {
        "other": 2
      },
      "score": 0.147
    },
    "businessologyshow.biz": {
      "out": {
        "other": 2
      },
      "score": 0.147
    },
    "luckysoandso.com": {
      "out": {
        "other": 2
      },
      "score": 0.147
    },
    "onedrive.live.com": {
      "out": {
        "other": 2
      },
      "score": 0.147
    },
    "twitter.com/bit101": {
      "out": {
        "other": 2
      },
      "score": 0.147
    },
    "twitter.com/suprcom": {
      "out": {
        "other": 2
      },
      "score": 0.147
    },
    "www.accenture.com": {
      "out": {
        "other": 2
      },
      "score": 0.147
    },
    "www.fastly.com": {
      "out": {
        "other": 2
      },
      "score": 0.147
    },
    "authenticjobs.com": {
      "out": {
        "other": 2
      },
      "score": 0.147
    },
    "benbodien.info": {
      "out": {
        "other": 2
      },
      "score": 0.147
    },
    "capitol-theater.de": {
      "out": {
        "other": 2
      },
      "score": 0.147
    },
    "etecture.de": {
      "out": {
        "other": 2
      },
      "score": 0.147
    },
    "twitter.com/jbrewer": {
      "out": {
        "other": 2
      },
      "score": 0.147
    },
    "twitter.com/jontangerine": {
      "out": {
        "other": 2
      },
      "score": 0.147
    },
    "aka.ms": {
      "out": {
        "other": 2
      },
      "score": 0.147
    },
    "helloracer.com": {
      "out": {
        "other": 2
      },
      "score": 0.147
    },
    "naomiatkinson.com": {
      "out": {
        "other": 2
      },
      "score": 0.147
    },
    "romeda.org": {
      "out": {
        "other": 2
      },
      "score": 0.147
    },
    "twitter.com/gettyimages_de": {
      "out": {
        "other": 2
      },
      "score": 0.147
    },
    "valhead.com": {
      "out": {
        "other": 2
      },
      "score": 0.147
    },
    "www.lettercollections.com": {
      "out": {
        "other": 2
      },
      "score": 0.147
    },
    "kindofbloop.com": {
      "out": {
        "other": 2
      },
      "score": 0.147
    },
    "mario-klingemann.tumblr.com": {
      "out": {
        "other": 2
      },
      "score": 0.147
    },
    "postspectacular.com": {
      "out": {
        "other": 2
      },
      "score": 0.147
    },
    "twitter.com/frerejones": {
      "out": {
        "other": 2
      },
      "score": 0.147
    },
    "twitter.com/royrobotiks": {
      "out": {
        "other": 2
      },
      "score": 0.147
    },
    "typerecord.com": {
      "out": {
        "other": 2
      },
      "score": 0.147
    },
    "wordpress.org": {
      "out": {
        "other": 2
      },
      "score": 0.147
    },
    "www.nanikawa.com": {
      "out": {
        "other": 2
      },
      "score": 0.147
    },
    "easy-designs.net": {
      "out": {
        "other": 2
      },
      "score": 0.147
    },
    "fontfeed.com": {
      "out": {
        "other": 2
      },
      "score": 0.147
    },
    "twitter.com/JamesVictore": {
      "out": {
        "other": 2
      },
      "score": 0.147
    },
    "twitter.com/borisschnohne": {
      "out": {
        "other": 2
      },
      "score": 0.147
    },
    "twitter.com/misprintedtype": {
      "out": {
        "other": 2
      },
      "score": 0.147
    },
    "twitter.com/naomisusi": {
      "out": {
        "other": 2
      },
      "score": 0.147
    },
    "vortrieb.net": {
      "out": {
        "other": 2
      },
      "score": 0.147
    },
    "www.fontbureau.com": {
      "out": {
        "other": 2
      },
      "score": 0.147
    },
    "d.pr": {
      "out": {
        "other": 2
      },
      "score": 0.147
    },
    "dominicwilcox.com": {
      "out": {
        "other": 2
      },
      "score": 0.147
    },
    "easy-readers.net": {
      "out": {
        "other": 2
      },
      "score": 0.147
    },
    "lottejackson.com": {
      "out": {
        "other": 2
      },
      "score": 0.147
    },
    "mikemonteiro.com": {
      "out": {
        "other": 2
      },
      "score": 0.147
    },
    "rosenfeldmedia.com": {
      "out": {
        "other": 2
      },
      "score": 0.147
    },
    "twitter.com/antonandirene": {
      "out": {
        "other": 2
      },
      "score": 0.147
    },
    "twitter.com/johnnybelmont": {
      "out": {
        "other": 2
      },
      "score": 0.147
    },
    "twitter.com/owltastic": {
      "out": {
        "other": 2
      },
      "score": 0.147
    },
    "twitter.com/presstube": {
      "out": {
        "other": 2
      },
      "score": 0.147
    },
    "twitter.com/marcysutton": {
      "out": {
        "other": 2
      },
      "score": 0.147
    },
    "who.tobias.is": {
      "out": {
        "other": 2
      },
      "score": 0.147
    },
    "www.dasprinzip.com": {
      "out": {
        "other": 2
      },
      "score": 0.147
    },
    "www.getfeedback.com": {
      "out": {
        "other": 2
      },
      "score": 0.147
    },
    "heydonworks.com": {
      "out": {
        "other": 2
      },
      "score": 0.147
    },
    "motionandmeaning.io": {
      "out": {
        "other": 2
      },
      "score": 0.147
    },
    "twitter.com/dominicwilcox": {
      "out": {
        "other": 2
      },
      "score": 0.147
    },
    "yatil.net": {
      "out": {
        "other": 2
      },
      "score": 0.147
    },
    "aaron-gustafson.com": {
      "out": {
        "other": 2
      },
      "score": 0.147
    },
    "barnbrook.net": {
      "out": {
        "other": 2
      },
      "score": 0.147
    },
    "eldevri.co.uk": {
      "out": {
        "other": 2
      },
      "score": 0.147
    },
    "statigr.am": {
      "out": {
        "other": 2
      },
      "score": 0.147
    },
    "www.normanposselt.com": {
      "out": {
        "other": 2
      },
      "score": 0.147
    },
    "heikobehrens.net": {
      "out": {
        "other": 2
      },
      "score": 0.147
    },
    "twitter.com/accenturedach": {
      "out": {
        "other": 2
      },
      "score": 0.147
    },
    "twitter.com/mulegirl": {
      "out": {
        "other": 2
      },
      "score": 0.147
    },
    "wtfmobileweb.com": {
      "out": {
        "other": 2
      },
      "score": 0.147
    },
    "www.slate.com": {
      "out": {
        "other": 2
      },
      "score": 0.147
    },
    "www.stanford.edu": {
      "out": {
        "other": 2
      },
      "score": 0.147
    },
    "2013.beyondtellerrand.com": {
      "out": {
        "other": 2
      },
      "score": 0.147
    },
    "company.trivago.com": {
      "out": {
        "other": 2
      },
      "score": 0.147
    },
    "evan-roth.com": {
      "out": {
        "other": 2
      },
      "score": 0.147
    },
    "fivesimplesteps.com": {
      "out": {
        "other": 2
      },
      "score": 0.147
    },
    "fullstopinteractive.com": {
      "out": {
        "other": 2
      },
      "score": 0.147
    },
    "twitter.com/arabictype": {
      "out": {
        "other": 2
      },
      "score": 0.147
    },
    "twitter.com/speedcurve": {
      "out": {
        "other": 2
      },
      "score": 0.147
    },
    "twitter.com/veen": {
      "out": {
        "other": 2
      },
      "score": 0.147
    },
    "chriscoyier.net": {
      "out": {
        "other": 2
      },
      "score": 0.147
    },
    "fffff.at": {
      "out": {
        "other": 2
      },
      "score": 0.147
    },
    "mr-bingo.org.uk": {
      "out": {
        "other": 2
      },
      "score": 0.147
    },
    "twitter.com/hbehrens": {
      "out": {
        "other": 2
      },
      "score": 0.147
    },
    "twitter.com/pitchinteractiv": {
      "out": {
        "other": 2
      },
      "score": 0.147
    },
    "twitter.com/sarasoueidan": {
      "out": {
        "other": 2
      },
      "score": 0.147
    },
    "twitter.com/vasilis": {
      "out": {
        "other": 2
      },
      "score": 0.147
    },
    "SagmeisterWalsh.com": {
      "out": {
        "other": 2
      },
      "score": 0.147
    },
    "de.slideshare.net": {
      "out": {
        "other": 2
      },
      "score": 0.147
    },
    "marcysutton.github.io": {
      "out": {
        "other": 2
      },
      "score": 0.147
    },
    "pusher.com": {
      "out": {
        "other": 2
      },
      "score": 0.147
    },
    "twitter.com/chipkidd": {
      "out": {
        "other": 2
      },
      "score": 0.147
    },
    "twitter.com/frankrausch": {
      "out": {
        "other": 2
      },
      "score": 0.147
    },
    "twitter.com/lottejackson": {
      "out": {
        "other": 2
      },
      "score": 0.147
    },
    "unitedpixelworkers.com": {
      "out": {
        "other": 2
      },
      "score": 0.147
    },
    "voiceandtone.com": {
      "out": {
        "other": 2
      },
      "score": 0.147
    },
    "workingdraft.de": {
      "out": {
        "other": 2
      },
      "score": 0.147
    },
    "www.hosteurope.de": {
      "out": {
        "other": 2
      },
      "score": 0.147
    },
    "everythingimakewithmymakerbot.com": {
      "out": {
        "other": 2
      },
      "score": 0.147
    },
    "facebook.com": {
      "out": {
        "other": 2
      },
      "score": 0.147
    },
    "johnfallsopp.com": {
      "out": {
        "other": 2
      },
      "score": 0.147
    },
    "movie-peg.com": {
      "out": {
        "other": 2
      },
      "score": 0.147
    },
    "beltline.org": {
      "out": {
        "other": 2
      },
      "score": 0.147
    },
    "bigspaceship.com": {
      "out": {
        "other": 2
      },
      "score": 0.147
    },
    "incubator.quasimondo.com": {
      "out": {
        "other": 2
      },
      "score": 0.147
    },
    "pentagram.com": {
      "out": {
        "other": 2
      },
      "score": 0.147
    },
    "sketchnotesbook.com": {
      "out": {
        "other": 2
      },
      "score": 0.147
    },
    "slightlyoff.github.io": {
      "out": {
        "other": 2
      },
      "score": 0.147
    },
    "thisispopa.com": {
      "out": {
        "other": 2
      },
      "score": 0.147
    },
    "twitter.com/SaraSoueidan": {
      "out": {
        "other": 2
      },
      "score": 0.147
    },
    "twitter.com/formmagazine": {
      "out": {
        "other": 2
      },
      "score": 0.147
    },
    "twitter.com/jesusbeuys": {
      "out": {
        "other": 2
      },
      "score": 0.147
    },
    "typedia.com": {
      "out": {
        "other": 2
      },
      "score": 0.147
    },
    "about.me": {
      "out": {
        "other": 2
      },
      "score": 0.147
    },
    "gskinner.com": {
      "out": {
        "other": 2
      },
      "score": 0.147
    },
    "jamesvictore.com": {
      "out": {
        "other": 2
      },
      "score": 0.147
    },
    "jeffgreenspan.com": {
      "out": {
        "other": 2
      },
      "score": 0.147
    },
    "matmarquis.com": {
      "out": {
        "other": 2
      },
      "score": 0.147
    },
    "twitter.com/TimAhrens": {
      "out": {
        "other": 2
      },
      "score": 0.147
    },
    "twitter.com/philhawksworth": {
      "out": {
        "other": 2
      },
      "score": 0.147
    },
    "twitter.com/shaunammoran": {
      "out": {
        "other": 2
      },
      "score": 0.147
    },
    "www.behance.net": {
      "out": {
        "other": 2
      },
      "score": 0.147
    },
    "www.imercer.com": {
      "out": {
        "other": 2
      },
      "score": 0.147
    },
    "8660.at": {
      "out": {
        "other": 2
      },
      "score": 0.147
    },
    "twitter.com/lisamarienyc": {
      "out": {
        "other": 2
      },
      "score": 0.147
    },
    "twitter.com/mozhacks": {
      "out": {
        "other": 2
      },
      "score": 0.147
    },
    "twitter.com/seblester": {
      "out": {
        "other": 2
      },
      "score": 0.147
    },
    "www.dannygregory.com": {
      "out": {
        "other": 2
      },
      "score": 0.147
    },
    "chipkidd.com": {
      "out": {
        "other": 2
      },
      "score": 0.147
    },
    "happycog.com": {
      "out": {
        "other": 2
      },
      "score": 0.147
    },
    "httparchive.org": {
      "out": {
        "other": 2
      },
      "score": 0.147
    },
    "learnfromlisa.com": {
      "out": {
        "other": 2
      },
      "score": 0.147
    },
    "lilchen.com": {
      "out": {
        "other": 2
      },
      "score": 0.147
    },
    "twitter.com/Pip_Jamieson": {
      "out": {
        "other": 2
      },
      "score": 0.147
    },
    "twitter.com/djrrb": {
      "out": {
        "other": 2
      },
      "score": 0.147
    },
    "twitter.com/mflux": {
      "out": {
        "other": 2
      },
      "score": 0.147
    },
    "twitter.com/szechuan": {
      "out": {
        "other": 2
      },
      "score": 0.147
    },
    "xoxofest.com": {
      "out": {
        "other": 2
      },
      "score": 0.147
    },
    "abilitynet.org.uk": {
      "out": {
        "other": 2
      },
      "score": 0.147
    },
    "admiralspalast.de": {
      "out": {
        "other": 2
      },
      "score": 0.147
    },
    "cssguidelin.es": {
      "out": {
        "other": 2
      },
      "score": 0.147
    },
    "project-a.com": {
      "out": {
        "other": 2
      },
      "score": 0.147
    },
    "www.xpogallery.com": {
      "out": {
        "other": 2
      },
      "score": 0.147
    },
    "blackberry.com": {
      "out": {
        "other": 2
      },
      "score": 0.147
    },
    "hellozso.com": {
      "out": {
        "other": 2
      },
      "score": 0.147
    },
    "kickstarter.com": {
      "out": {
        "other": 2
      },
      "score": 0.147
    },
    "pattern-lab.info": {
      "out": {
        "other": 2
      },
      "score": 0.147
    },
    "twitter.com/rodneyrehm": {
      "out": {
        "other": 2
      },
      "score": 0.147
    },
    "twitter.com/steph_hay": {
      "out": {
        "other": 2
      },
      "score": 0.147
    },
    "hi-res.net": {
      "out": {
        "other": 2
      },
      "score": 0.147
    },
    "infiniteturtles.co.uk": {
      "out": {
        "other": 2
      },
      "score": 0.147
    },
    "spieleveteranen.de": {
      "out": {
        "other": 2
      },
      "score": 0.147
    },
    "twitter.com/_pwd_": {
      "out": {
        "other": 2
      },
      "score": 0.147
    },
    "twitter.com/t3n": {
      "out": {
        "other": 2
      },
      "score": 0.147
    },
    "zootool.com": {
      "out": {
        "other": 2
      },
      "score": 0.147
    },
    "justanotherfoundry.com": {
      "out": {
        "other": 2
      },
      "score": 0.147
    },
    "sagmeisterwalsh.com": {
      "out": {
        "other": 2
      },
      "score": 0.147
    },
    "twitter.com/mwichary": {
      "out": {
        "other": 2
      },
      "score": 0.147
    },
    "bradfrost.github.com": {
      "out": {
        "other": 2
      },
      "score": 0.147
    },
    "design-hoch-drei.de": {
      "out": {
        "other": 2
      },
      "score": 0.147
    },
    "dribbble.com": {
      "out": {
        "other": 2
      },
      "score": 0.147
    },
    "hellogeri.com": {
      "out": {
        "other": 2
      },
      "score": 0.147
    },
    "jakearchibald.github.io": {
      "out": {
        "other": 2
      },
      "score": 0.147
    },
    "minmax.design": {
      "out": {
        "other": 2
      },
      "score": 0.147
    },
    "sarawb.com": {
      "out": {
        "other": 2
      },
      "score": 0.147
    },
    "twitter.com/balsamiq": {
      "out": {
        "other": 2
      },
      "score": 0.147
    },
    "twitter.com/duesseldorf": {
      "out": {
        "other": 2
      },
      "score": 0.147
    },
    "twitter.com/robnet": {
      "out": {
        "other": 2
      },
      "score": 0.147
    },
    "twitter.com/sharonsteed": {
      "out": {
        "other": 2
      },
      "score": 0.147
    },
    "twitter.com/toxi": {
      "out": {
        "other": 2
      },
      "score": 0.147
    },
    "aworkinglibrary.com": {
      "out": {
        "other": 2
      },
      "score": 0.147
    },
    "jbrewer.me": {
      "out": {
        "other": 2
      },
      "score": 0.147
    },
    "squarespace.com": {
      "out": {
        "other": 2
      },
      "score": 0.147
    },
    "subblue.com": {
      "out": {
        "other": 2
      },
      "score": 0.147
    },
    "twitter.com/barnbrook": {
      "out": {
        "other": 2
      },
      "score": 0.147
    },
    "twitter.com/mrechs": {
      "out": {
        "other": 2
      },
      "score": 0.147
    },
    "www.webfactory.de": {
      "out": {
        "other": 2
      },
      "score": 0.147
    },
    "ethanmarcotte.com": {
      "out": {
        "other": 2
      },
      "score": 0.147
    },
    "myfonts.com": {
      "out": {
        "other": 2
      },
      "score": 0.147
    },
    "twitter.com/MrRio": {
      "out": {
        "other": 2
      },
      "score": 0.147
    },
    "twitter.com/eldevri": {
      "out": {
        "other": 2
      },
      "score": 0.147
    },
    "twitter.com/nathanperetic": {
      "out": {
        "other": 2
      },
      "score": 0.147
    },
    "twitter.com/sagmeisterwalsh": {
      "out": {
        "other": 2
      },
      "score": 0.147
    },
    "twitter.com/una": {
      "out": {
        "other": 2
      },
      "score": 0.147
    },
    "www.browserscope.org": {
      "out": {
        "other": 2
      },
      "score": 0.147
    },
    "cure53.de": {
      "out": {
        "other": 2
      },
      "score": 0.147
    },
    "developer.yahoo.com": {
      "out": {
        "other": 2
      },
      "score": 0.147
    },
    "goodtype.co": {
      "out": {
        "other": 2
      },
      "score": 0.147
    },
    "twitter.com/tcaspers": {
      "out": {
        "other": 2
      },
      "score": 0.147
    },
    "www.typeform.com": {
      "out": {
        "other": 2
      },
      "score": 0.147
    },
    "katekieferlee.com": {
      "out": {
        "other": 2
      },
      "score": 0.147
    },
    "twitter.com/USA2DAY": {
      "out": {
        "other": 2
      },
      "score": 0.147
    },
    "twitter.com/arambartholl": {
      "out": {
        "other": 2
      },
      "score": 0.147
    },
    "twitter.com/inspirit": {
      "out": {
        "other": 2
      },
      "score": 0.147
    },
    "www.640x480.de": {
      "out": {
        "other": 2
      },
      "score": 0.147
    },
    "twitter.com/dotprocess": {
      "out": {
        "other": 2
      },
      "score": 0.147
    },
    "twitter.com/hellicarlewis": {
      "out": {
        "other": 2
      },
      "score": 0.147
    },
    "twitter.com/jessicahische​": {
      "out": {
        "other": 2
      },
      "score": 0.147
    },
    "twitter.com/pattytoland": {
      "out": {
        "other": 2
      },
      "score": 0.147
    },
    "www.psykosoft.net": {
      "out": {
        "other": 2
      },
      "score": 0.147
    },
    "goodgamestudios.com": {
      "out": {
        "other": 2
      },
      "score": 0.147
    },
    "hawksworx.com": {
      "out": {
        "other": 2
      },
      "score": 0.147
    },
    "twitter.com/cameronmoll": {
      "out": {
        "other": 2
      },
      "score": 0.147
    },
    "twitter.com/joshuadavis": {
      "out": {
        "other": 2
      },
      "score": 0.147
    },
    "www.tobi-lessnow.com": {
      "out": {
        "other": 2
      },
      "score": 0.147
    },
    "blog.intercom.io": {
      "out": {
        "other": 2
      },
      "score": 0.147
    },
    "lmgtfy.com": {
      "out": {
        "other": 2
      },
      "score": 0.147
    },
    "stephaniehay.com": {
      "out": {
        "other": 2
      },
      "score": 0.147
    },
    "twitter.com/HelloEnjoy": {
      "out": {
        "other": 2
      },
      "score": 0.147
    },
    "twitter.com/aworkinglibrary": {
      "out": {
        "other": 2
      },
      "score": 0.147
    },
    "twitter.com/blaine": {
      "out": {
        "other": 2
      },
      "score": 0.147
    },
    "twitter.com/jessiarrington": {
      "out": {
        "other": 2
      },
      "score": 0.147
    },
    "wait-till-i.com": {
      "out": {
        "other": 2
      },
      "score": 0.147
    },
    "www.markboultondesign.com": {
      "out": {
        "other": 2
      },
      "score": 0.147
    },
    "www.w3.org": {
      "out": {
        "other": 2
      },
      "score": 0.147
    },
    "zapier.com": {
      "out": {
        "other": 2
      },
      "score": 0.147
    },
    "design.blog": {
      "out": {
        "other": 2
      },
      "score": 0.147
    },
    "digitalocean.com": {
      "out": {
        "other": 2
      },
      "score": 0.147
    },
    "en.forums.wordpress.com": {
      "out": {
        "other": 2
      },
      "score": 0.147
    },
    "http": {
      "out": {
        "other": 2
      },
      "score": 0.147
    },
    "primate.co.uk": {
      "out": {
        "other": 2
      },
      "score": 0.147
    },
    "seblester.com": {
      "out": {
        "other": 2
      },
      "score": 0.147
    },
    "toolsday.io": {
      "out": {
        "other": 2
      },
      "score": 0.147
    },
    "twitter.com/EvanRoth_": {
      "out": {
        "other": 2
      },
      "score": 0.147
    },
    "twitter.com/Souders": {
      "out": {
        "other": 2
      },
      "score": 0.147
    },
    "typecast.com": {
      "out": {
        "other": 2
      },
      "score": 0.147
    },
    "accidentalnewsexplorer.com": {
      "out": {
        "other": 2
      },
      "score": 0.147
    },
    "aresluna.org": {
      "out": {
        "other": 2
      },
      "score": 0.147
    },
    "flickr.com": {
      "out": {
        "other": 2
      },
      "score": 0.147
    },
    "nochainsapp.com": {
      "out": {
        "other": 2
      },
      "score": 0.147
    },
    "styleguides.io": {
      "out": {
        "other": 2
      },
      "score": 0.147
    },
    "twitter.com/argoncobalt": {
      "out": {
        "other": 2
      },
      "score": 0.147
    },
    "twitter.com/danielmall": {
      "out": {
        "other": 2
      },
      "score": 0.147
    },
    "twitter.com/fontfabrik": {
      "out": {
        "other": 2
      },
      "score": 0.147
    },
    "movethewebforward.org": {
      "out": {
        "other": 2
      },
      "score": 0.147
    },
    "twitter.com/ebrunborg": {
      "out": {
        "other": 2
      },
      "score": 0.147
    },
    "twitter.com/gskinner": {
      "out": {
        "other": 2
      },
      "score": 0.147
    },
    "twitter.com/pinboard": {
      "out": {
        "other": 2
      },
      "score": 0.147
    },
    "twitter.com/reswebdes": {
      "out": {
        "other": 2
      },
      "score": 0.147
    },
    "arabictype.com": {
      "out": {
        "other": 2
      },
      "score": 0.147
    },
    "editorially.com": {
      "out": {
        "other": 2
      },
      "score": 0.147
    },
    "inspirit.ru": {
      "out": {
        "other": 2
      },
      "score": 0.147
    },
    "joshuadavis.com": {
      "out": {
        "other": 2
      },
      "score": 0.147
    },
    "twitter.com/hellogeri": {
      "out": {
        "other": 2
      },
      "score": 0.147
    },
    "twitter.com/scottjehl": {
      "out": {
        "other": 2
      },
      "score": 0.147
    },
    "twitter.com/stray_and_ruby": {
      "out": {
        "other": 2
      },
      "score": 0.147
    },
    "twitter.com/zomigi": {
      "out": {
        "other": 2
      },
      "score": 0.147
    },
    "www.xxcoder.net": {
      "out": {
        "other": 2
      },
      "score": 0.147
    },
    "keirwhitaker.com": {
      "out": {
        "other": 2
      },
      "score": 0.147
    },
    "marcysutton.com": {
      "out": {
        "other": 2
      },
      "score": 0.147
    },
    "tantek.com": {
      "out": {
        "other": 2
      },
      "score": 0.147
    },
    "twitter.com/markboulton": {
      "out": {
        "other": 2
      },
      "score": 0.147
    },
    "twitter.com/nettrek_de": {
      "out": {
        "other": 2
      },
      "score": 0.147
    },
    "twitter.com/pagemag": {
      "out": {
        "other": 2
      },
      "score": 0.147
    },
    "uianimationnewsletter.com": {
      "out": {
        "other": 2
      },
      "score": 0.147
    },
    "datenform.de": {
      "out": {
        "other": 2
      },
      "score": 0.147
    },
    "devs.mailchimp.com": {
      "out": {
        "other": 2
      },
      "score": 0.147
    },
    "hood.ie": {
      "out": {
        "other": 2
      },
      "score": 0.147
    },
    "sachajudd.com": {
      "out": {
        "other": 2
      },
      "score": 0.147
    },
    "superfriend.ly": {
      "out": {
        "other": 2
      },
      "score": 0.147
    },
    "tobi-lessnow.com": {
      "out": {
        "other": 2
      },
      "score": 0.147
    },
    "tomascaspers.de": {
      "out": {
        "other": 2
      },
      "score": 0.147
    },
    "twitter.com/JeffGreenspan": {
      "out": {
        "other": 2
      },
      "score": 0.147
    },
    "twitter.com/letterror": {
      "out": {
        "other": 2
      },
      "score": 0.147
    },
    "www.nytimes.com": {
      "out": {
        "other": 2
      },
      "score": 0.147
    },
    "alltherightmoves.valhead.com": {
      "out": {
        "other": 2
      },
      "score": 0.147
    },
    "basecamp.com": {
      "out": {
        "other": 2
      },
      "score": 0.147
    },
    "doschdesign.com": {
      "out": {
        "other": 2
      },
      "score": 0.147
    },
    "frankrausch.com": {
      "out": {
        "other": 2
      },
      "score": 0.147
    },
    "jina.me": {
      "out": {
        "other": 2
      },
      "score": 0.147
    },
    "jontangerine.com": {
      "out": {
        "other": 2
      },
      "score": 0.147
    },
    "mobilewebbestpractices.com": {
      "out": {
        "other": 2
      },
      "score": 0.147
    },
    "shop.smashingmagazine.com": {
      "out": {
        "other": 2
      },
      "score": 0.147
    },
    "trivago.com": {
      "out": {
        "other": 2
      },
      "score": 0.147
    },
    "twitter.com/MarkZeman": {
      "out": {
        "other": 2
      },
      "score": 0.147
    },
    "twitter.com/bbodien": {
      "out": {
        "other": 2
      },
      "score": 0.147
    },
    "antonandirene.com": {
      "out": {
        "other": 2
      },
      "score": 0.147
    },
    "atomicdesign.bradfrost.com": {
      "out": {
        "other": 2
      },
      "score": 0.147
    },
    "medium.com": {
      "out": {
        "other": 2
      },
      "score": 0.147
    },
    "muledesign.com": {
      "out": {
        "other": 2
      },
      "score": 0.147
    },
    "niklasroy.com": {
      "out": {
        "other": 2
      },
      "score": 0.147
    },
    "twitter.com/beep": {
      "out": {
        "other": 2
      },
      "score": 0.147
    },
    "twitter.com/pentagram": {
      "out": {
        "other": 2
      },
      "score": 0.147
    },
    "www.kickstarter.com": {
      "out": {
        "other": 2
      },
      "score": 0.147
    },
    "www.poncecitymarket.com": {
      "out": {
        "other": 2
      },
      "score": 0.147
    },
    "letterror.com": {
      "out": {
        "other": 2
      },
      "score": 0.147
    },
    "www.petrosalema.com": {
      "out": {
        "other": 2
      },
      "score": 0.147
    },
    "boards.greenhouse.io": {
      "out": {
        "other": 2
      },
      "score": 0.147
    },
    "fotos.danielrauber.de": {
      "out": {
        "other": 2
      },
      "score": 0.147
    },
    "owltastic.com": {
      "out": {
        "other": 2
      },
      "score": 0.147
    },
    "scottjehl.com": {
      "out": {
        "other": 2
      },
      "score": 0.147
    },
    "twitter.com/jaredrawk": {
      "out": {
        "other": 2
      },
      "score": 0.147
    },
    "twitter.com/saschawolter": {
      "out": {
        "other": 2
      },
      "score": 0.147
    },
    "twitter.com/tbaldauf": {
      "out": {
        "other": 2
      },
      "score": 0.147
    },
    "andreakrajewski.com": {
      "out": {
        "other": 2
      },
      "score": 0.147
    },
    "bit-101.com": {
      "out": {
        "other": 2
      },
      "score": 0.147
    },
    "playfic.com": {
      "out": {
        "other": 2
      },
      "score": 0.147
    },
    "tech.trivago.com": {
      "out": {
        "other": 2
      },
      "score": 0.147
    },
    "toxiclibs.org": {
      "out": {
        "other": 2
      },
      "score": 0.147
    },
    "twitter.com/dantz": {
      "out": {
        "other": 2
      },
      "score": 0.147
    },
    "twitter.com/hellozso": {
      "out": {
        "other": 2
      },
      "score": 0.147
    },
    "velocityconf.com": {
      "out": {
        "other": 2
      },
      "score": 0.147
    },
    "www.gridsetapp.com": {
      "out": {
        "other": 2
      },
      "score": 0.147
    },
    "carsonified.com": {
      "out": {
        "other": 2
      },
      "score": 0.147
    },
    "jessicahische.is": {
      "out": {
        "other": 2
      },
      "score": 0.147
    },
    "tech.zalando.com": {
      "out": {
        "other": 2
      },
      "score": 0.147
    },
    "twitter.com/yatil": {
      "out": {
        "other": 2
      },
      "score": 0.147
    },
    "wolter.biz": {
      "out": {
        "other": 2
      },
      "score": 0.147
    },
    "frerejones.com": {
      "out": {
        "other": 2
      },
      "score": 0.147
    },
    "graffitiresearchlab.com": {
      "out": {
        "other": 2
      },
      "score": 0.147
    },
    "slack.com": {
      "out": {
        "other": 2
      },
      "score": 0.147
    },
    "twitter.com/Raidboxes": {
      "out": {
        "other": 2
      },
      "score": 0.147
    },
    "twitter.com/designernews": {
      "out": {
        "other": 2
      },
      "score": 0.147
    },
    "twitter.com/waxpancake": {
      "out": {
        "other": 2
      },
      "score": 0.147
    },
    "uat.moma.org": {
      "out": {
        "other": 2
      },
      "score": 0.147
    },
    "four24.com": {
      "out": {
        "other": 2
      },
      "score": 0.147
    },
    "nueww.de": {
      "out": {
        "other": 2
      },
      "score": 0.147
    },
    "twitter.com/krajewski": {
      "out": {
        "other": 2
      },
      "score": 0.147
    },
    "twitter.com/subblue": {
      "out": {
        "other": 2
      },
      "score": 0.147
    },
    "waxy.org": {
      "out": {
        "other": 2
      },
      "score": 0.147
    },
    "www.letteringvscalligraphy.com": {
      "out": {
        "other": 2
      },
      "score": 0.147
    },
    "communilogue.co": {
      "out": {
        "other": 2
      },
      "score": 0.147
    },
    "developergarden.com": {
      "out": {
        "other": 2
      },
      "score": 0.147
    },
    "fronteers.nl": {
      "out": {
        "other": 2
      },
      "score": 0.147
    },
    "gridsetapp.com": {
      "out": {
        "other": 2
      },
      "score": 0.147
    },
    "input.fontbureau.com": {
      "out": {
        "other": 2
      },
      "score": 0.147
    },
    "markboulton.co.uk": {
      "out": {
        "other": 2
      },
      "score": 0.147
    },
    "twitter.com/baldcondensed": {
      "out": {
        "other": 2
      },
      "score": 0.147
    },
    "twitter.com/rem": {
      "out": {
        "other": 2
      },
      "score": 0.147
    },
    "twitter.com/shopifypartners": {
      "out": {
        "other": 2
      },
      "score": 0.147
    },
    "workshoplovesyou.com": {
      "out": {
        "other": 2
      },
      "score": 0.147
    },
    "www.retroscript.com": {
      "out": {
        "other": 2
      },
      "score": 0.147
    },
    "zomigi.com": {
      "out": {
        "other": 2
      },
      "score": 0.147
    },
    "introducinghtml5.com": {
      "out": {
        "other": 2
      },
      "score": 0.147
    },
    "pier2port.de": {
      "out": {
        "other": 2
      },
      "score": 0.147
    },
    "pitchinteractive.com": {
      "out": {
        "other": 2
      },
      "score": 0.147
    },
    "twitter.com/0x6D6172696F": {
      "out": {
        "other": 2
      },
      "score": 0.147
    },
    "twitter.com/SagmeisterWalsh": {
      "out": {
        "other": 2
      },
      "score": 0.147
    },
    "twitter.com/vlh": {
      "out": {
        "other": 2
      },
      "score": 0.147
    },
    "LearnFromLisa.com": {
      "out": {
        "other": 2
      },
      "score": 0.147
    },
    "rodneyrehm.de": {
      "out": {
        "other": 2
      },
      "score": 0.147
    },
    "twitter.com/_lilchen": {
      "out": {
        "other": 2
      },
      "score": 0.147
    },
    "twitter.com/fanelli": {
      "out": {
        "other": 2
      },
      "score": 0.147
    },
    "twitter.com/jina": {
      "out": {
        "other": 2
      },
      "score": 0.147
    },
    "www.implementingresponsivedesign.com": {
      "out": {
        "other": 2
      },
      "score": 0.147
    },
    "johannesdachsel.com": {
      "in": {
        "other": 3
      },
      "score": 0.116
    },
    "bigger-on-the-inside.net": {
      "in": {
        "other": 3
      },
      "score": 0.116
    },
    "2012.beyondtellerrand.com": {
      "out": {
        "other": 1
      },
      "score": 0.0731
    },
    "8faces.com": {
      "out": {
        "other": 1
      },
      "score": 0.0731
    },
    "its-now-or-never-for-the-web": {
      "out": {
        "other": 1
      },
      "score": 0.0731
    },
    "twitter.com/llorenzo": {
      "out": {
        "other": 1
      },
      "score": 0.0731
    },
    "von-poser.com": {
      "out": {
        "other": 1
      },
      "score": 0.0731
    },
    "www.theguardian.com": {
      "out": {
        "other": 1
      },
      "score": 0.0731
    },
    "cargocollective.com": {
      "out": {
        "other": 1
      },
      "score": 0.0731
    },
    "centigrade.com": {
      "out": {
        "other": 1
      },
      "score": 0.0731
    },
    "twitter.com/textfiles": {
      "out": {
        "other": 1
      },
      "score": 0.0731
    },
    "dasauge.de": {
      "out": {
        "other": 1
      },
      "score": 0.0731
    },
    "its-a-really-exciting-time-to": {
      "out": {
        "other": 1
      },
      "score": 0.0731
    },
    "railsgirlssummerofcode.org": {
      "out": {
        "other": 1
      },
      "score": 0.0731
    },
    "wacom.eu": {
      "out": {
        "other": 1
      },
      "score": 0.0731
    },
    "csdb.dk": {
      "out": {
        "other": 1
      },
      "score": 0.0731
    },
    "jimpoyner.co.uk": {
      "out": {
        "other": 1
      },
      "score": 0.0731
    },
    "plasticbag.org": {
      "out": {
        "other": 1
      },
      "score": 0.0731
    },
    "twitter.com/paulca": {
      "out": {
        "other": 1
      },
      "score": 0.0731
    },
    "www.informationarchitects.jp": {
      "out": {
        "other": 1
      },
      "score": 0.0731
    },
    "www.quirksmode.org": {
      "out": {
        "other": 1
      },
      "score": 0.0731
    },
    "www.lottejackson.com": {
      "in": {
        "other": 2
      },
      "score": 0.0731
    },
    "dannygregory.com": {
      "out": {
        "other": 1
      },
      "score": 0.0731
    },
    "teuxdeux.com": {
      "out": {
        "other": 1
      },
      "score": 0.0731
    },
    "the-canvas-is-infinite-feat-sara-soueidan": {
      "out": {
        "other": 1
      },
      "score": 0.0731
    },
    "twitter.com/search": {
      "out": {
        "other": 1
      },
      "score": 0.0731
    },
    "illhill.de": {
      "out": {
        "other": 1
      },
      "score": 0.0731
    },
    "lebeat.de": {
      "out": {
        "other": 1
      },
      "score": 0.0731
    },
    "twitter.com/wiegimania": {
      "out": {
        "other": 1
      },
      "score": 0.0731
    },
    "andrewspittle.net": {
      "out": {
        "other": 1
      },
      "score": 0.0731
    },
    "beebom.com": {
      "out": {
        "other": 1
      },
      "score": 0.0731
    },
    "clagnut.com": {
      "out": {
        "other": 1
      },
      "score": 0.0731
    },
    "you-cant-do-better-than-your-b": {
      "out": {
        "other": 1
      },
      "score": 0.0731
    },
    "cozy-industries.com": {
      "out": {
        "other": 1
      },
      "score": 0.0731
    },
    "designfrei.trilodge.de": {
      "out": {
        "other": 1
      },
      "score": 0.0731
    },
    "llorenzo.de": {
      "out": {
        "other": 1
      },
      "score": 0.0731
    },
    "picons.me": {
      "out": {
        "other": 1
      },
      "score": 0.0731
    },
    "www.mixd.co.uk": {
      "out": {
        "other": 1
      },
      "score": 0.0731
    },
    "www.terrenceryan.com": {
      "out": {
        "other": 1
      },
      "score": 0.0731
    },
    "zensations.at": {
      "out": {
        "other": 1
      },
      "score": 0.0731
    },
    "en.xing-events.com": {
      "out": {
        "other": 1
      },
      "score": 0.0731
    },
    "facebook.com/csswizardry": {
      "out": {
        "other": 1
      },
      "score": 0.0731
    },
    "the-only-way-to-test-a-theory-feat-jon-burgerman": {
      "out": {
        "other": 1
      },
      "score": 0.0731
    },
    "tornography.com": {
      "out": {
        "other": 1
      },
      "score": 0.0731
    },
    "wunder.io": {
      "out": {
        "other": 1
      },
      "score": 0.0731
    },
    "www.nominari.com": {
      "out": {
        "other": 1
      },
      "score": 0.0731
    },
    "www.seifenhorst.de": {
      "out": {
        "other": 1
      },
      "score": 0.0731
    },
    "aohostels.com": {
      "out": {
        "other": 1
      },
      "score": 0.0731
    },
    "destraynor.com": {
      "out": {
        "other": 1
      },
      "score": 0.0731
    },
    "www.ethertec.net": {
      "out": {
        "other": 1
      },
      "score": 0.0731
    },
    "braveandhungry.com": {
      "out": {
        "other": 1
      },
      "score": 0.0731
    },
    "daringfireball.net": {
      "out": {
        "other": 1
      },
      "score": 0.0731
    },
    "i-have-a-gap-feat-brendan-dawes": {
      "out": {
        "other": 1
      },
      "score": 0.0731
    },
    "twitter.com/jessefreeman": {
      "out": {
        "other": 1
      },
      "score": 0.0731
    },
    "twitter.com/mrgarriock": {
      "out": {
        "other": 1
      },
      "score": 0.0731
    },
    "webgefrickel.de": {
      "out": {
        "other": 1
      },
      "score": 0.0731
    },
    "www.railslove.com": {
      "out": {
        "other": 1
      },
      "score": 0.0731
    },
    "twitter.com/jessman5": {
      "out": {
        "other": 1
      },
      "score": 0.0731
    },
    "www.business.com": {
      "out": {
        "other": 1
      },
      "score": 0.0731
    },
    "cvjm-duesseldorf.de": {
      "out": {
        "other": 1
      },
      "score": 0.0731
    },
    "fonts.com": {
      "out": {
        "other": 1
      },
      "score": 0.0731
    },
    "oygo.com": {
      "out": {
        "other": 1
      },
      "score": 0.0731
    },
    "punkt.de": {
      "out": {
        "other": 1
      },
      "score": 0.0731
    },
    "twitter.com/intent": {
      "out": {
        "other": 1
      },
      "score": 0.0731
    },
    "www.moleskine.com": {
      "out": {
        "other": 1
      },
      "score": 0.0731
    },
    "amberwilson.co.uk": {
      "in": {
        "other": 2
      },
      "score": 0.0731
    },
    "daverupert.com": {
      "out": {
        "other": 1
      },
      "score": 0.0731
    },
    "fdt5.com": {
      "out": {
        "other": 1
      },
      "score": 0.0731
    },
    "fixtheweb.de": {
      "out": {
        "other": 1
      },
      "score": 0.0731
    },
    "MailChimp.com": {
      "out": {
        "other": 1
      },
      "score": 0.0731
    },
    "blocktronics.org": {
      "out": {
        "other": 1
      },
      "score": 0.0731
    },
    "johnmadere.com": {
      "out": {
        "other": 1
      },
      "score": 0.0731
    },
    "me-stevens.github.io": {
      "out": {
        "other": 1
      },
      "score": 0.0731
    },
    "www.hongkiat.com": {
      "out": {
        "other": 1
      },
      "score": 0.0731
    },
    "www.kameli.net": {
      "out": {
        "other": 1
      },
      "score": 0.0731
    },
    "facebook.com/joschi.kuphal": {
      "out": {
        "other": 1
      },
      "score": 0.0731
    },
    "twitter.com/_mestevens": {
      "out": {
        "other": 1
      },
      "score": 0.0731
    },
    "www.lexware.de": {
      "out": {
        "other": 1
      },
      "score": 0.0731
    },
    "www.whatsapp.com": {
      "out": {
        "other": 1
      },
      "score": 0.0731
    },
    "2014.beyondtellerrand.com": {
      "out": {
        "other": 1
      },
      "score": 0.0731
    },
    "coming soon…": {
      "out": {
        "other": 1
      },
      "score": 0.0731
    },
    "facebook.com/blocktronics": {
      "out": {
        "other": 1
      },
      "score": 0.0731
    },
    "photoshop-you-damn-liar-feat": {
      "out": {
        "other": 1
      },
      "score": 0.0731
    },
    "terivarhol.com": {
      "out": {
        "other": 1
      },
      "score": 0.0731
    },
    "twitter.com/mailchimp": {
      "out": {
        "other": 1
      },
      "score": 0.0731
    },
    "woocommerce.com": {
      "out": {
        "other": 1
      },
      "score": 0.0731
    },
    "www.juliaandyou.co.uk": {
      "out": {
        "other": 1
      },
      "score": 0.0731
    },
    "mitchrynart.com": {
      "out": {
        "other": 1
      },
      "score": 0.0731
    },
    "twitter.com/JoshuaDavis": {
      "out": {
        "other": 1
      },
      "score": 0.0731
    },
    "before-your-brain-gets": {
      "out": {
        "other": 1
      },
      "score": 0.0731
    },
    "demo.sipgate.io": {
      "out": {
        "other": 1
      },
      "score": 0.0731
    },
    "getinvited.to": {
      "out": {
        "other": 1
      },
      "score": 0.0731
    },
    "webdirections.org": {
      "out": {
        "other": 1
      },
      "score": 0.0731
    },
    "you-are-not-entitled-to-the": {
      "out": {
        "other": 1
      },
      "score": 0.0731
    },
    "accenture.com": {
      "out": {
        "other": 1
      },
      "score": 0.0731
    },
    "rosamariakoolhoven.com": {
      "out": {
        "other": 1
      },
      "score": 0.0731
    },
    "twitter.com/cspelsor": {
      "out": {
        "other": 1
      },
      "score": 0.0731
    },
    "antetype.com": {
      "out": {
        "other": 1
      },
      "score": 0.0731
    },
    "innogy.com": {
      "out": {
        "other": 1
      },
      "score": 0.0731
    },
    "jk.is": {
      "out": {
        "other": 1
      },
      "score": 0.0731
    },
    "picoe.ca": {
      "out": {
        "other": 1
      },
      "score": 0.0731
    },
    "spectrum.library.concordia.ca": {
      "out": {
        "other": 1
      },
      "score": 0.0731
    },
    "twitter.com/blocktronics": {
      "out": {
        "other": 1
      },
      "score": 0.0731
    },
    "wunderlist.com": {
      "out": {
        "other": 1
      },
      "score": 0.0731
    },
    "www.ppw.de": {
      "out": {
        "other": 1
      },
      "score": 0.0731
    },
    "photo.martinkraft.com": {
      "out": {
        "other": 1
      },
      "score": 0.0731
    },
    "twitter.com/elyseviotto": {
      "out": {
        "other": 1
      },
      "score": 0.0731
    },
    "balanceheadshots.com": {
      "out": {
        "other": 1
      },
      "score": 0.0731
    },
    "blank-page-makin-it-super-fancy-feat-rachel-nabors": {
      "out": {
        "other": 1
      },
      "score": 0.0731
    },
    "insights.project-a.com": {
      "out": {
        "other": 1
      },
      "score": 0.0731
    },
    "www.craplabs-shop.de": {
      "out": {
        "other": 1
      },
      "score": 0.0731
    },
    "www.realmacsoftware.com": {
      "out": {
        "other": 1
      },
      "score": 0.0731
    },
    "hotelbb.com": {
      "out": {
        "other": 1
      },
      "score": 0.0731
    },
    "hotelfriends.de": {
      "out": {
        "other": 1
      },
      "score": 0.0731
    },
    "jambit.com": {
      "out": {
        "other": 1
      },
      "score": 0.0731
    },
    "marriott.co.uk": {
      "out": {
        "other": 1
      },
      "score": 0.0731
    },
    "splintered.co.uk": {
      "out": {
        "other": 1
      },
      "score": 0.0731
    },
    "innogy.hat-stellen.de": {
      "out": {
        "other": 1
      },
      "score": 0.0731
    },
    "paper-oh.com": {
      "out": {
        "other": 1
      },
      "score": 0.0731
    },
    "paydro.co": {
      "out": {
        "other": 1
      },
      "score": 0.0731
    },
    "twitter.com/SiteGround": {
      "out": {
        "other": 1
      },
      "score": 0.0731
    },
    "twitter.com/stn1978": {
      "out": {
        "other": 1
      },
      "score": 0.0731
    },
    "www.duesseldorf-altstadt.de": {
      "out": {
        "other": 1
      },
      "score": 0.0731
    },
    "www.martin-fuetterer.com": {
      "out": {
        "other": 1
      },
      "score": 0.0731
    },
    "2016.indieweb.org": {
      "out": {
        "other": 1
      },
      "score": 0.0731
    },
    "flore.nz": {
      "out": {
        "other": 1
      },
      "score": 0.0731
    },
    "nh-hotels.com": {
      "out": {
        "other": 1
      },
      "score": 0.0731
    },
    "twitter.com/Mappletons": {
      "out": {
        "other": 1
      },
      "score": 0.0731
    },
    "twitter.com/lordscarlet": {
      "out": {
        "other": 1
      },
      "score": 0.0731
    },
    "kendoui.com": {
      "out": {
        "other": 1
      },
      "score": 0.0731
    },
    "todoist.com": {
      "out": {
        "other": 1
      },
      "score": 0.0731
    },
    "wirecard.com": {
      "out": {
        "other": 1
      },
      "score": 0.0731
    },
    "girlwithacamera.co.uk": {
      "out": {
        "other": 1
      },
      "score": 0.0731
    },
    "moovelGroup.has-jobs.com": {
      "out": {
        "other": 1
      },
      "score": 0.0731
    },
    "twitter.com/jan_gassel": {
      "out": {
        "other": 1
      },
      "score": 0.0731
    },
    "asana.com": {
      "out": {
        "other": 1
      },
      "score": 0.0731
    },
    "its-not-just-what-we-say-feat": {
      "out": {
        "other": 1
      },
      "score": 0.0731
    },
    "jetbrains.com": {
      "out": {
        "other": 1
      },
      "score": 0.0731
    },
    "jobs.smashingmagazine.com": {
      "out": {
        "other": 1
      },
      "score": 0.0731
    },
    "photo.guioconnor.com": {
      "out": {
        "other": 1
      },
      "score": 0.0731
    },
    "trello.com": {
      "out": {
        "other": 1
      },
      "score": 0.0731
    },
    "twitter.com/drbparsons": {
      "out": {
        "other": 1
      },
      "score": 0.0731
    },
    "www.evalotta.net": {
      "out": {
        "other": 1
      },
      "score": 0.0731
    },
    "www.eventbrite.com": {
      "out": {
        "other": 1
      },
      "score": 0.0731
    },
    "www.neoskop.de": {
      "out": {
        "other": 1
      },
      "score": 0.0731
    },
    "oreedesign.com": {
      "out": {
        "other": 1
      },
      "score": 0.0731
    },
    "play.google.com": {
      "out": {
        "other": 1
      },
      "score": 0.0731
    },
    "www.hintenbeimbier.de": {
      "out": {
        "other": 1
      },
      "score": 0.0731
    },
    "martinkraft.com": {
      "out": {
        "other": 1
      },
      "score": 0.0731
    },
    "phamtranscriptionservices.com": {
      "out": {
        "other": 1
      },
      "score": 0.0731
    },
    "sanityresort.blogspot.de": {
      "out": {
        "other": 1
      },
      "score": 0.0731
    },
    "www.kensington.com": {
      "out": {
        "other": 1
      },
      "score": 0.0731
    },
    "www.ryancarver.com": {
      "out": {
        "other": 1
      },
      "score": 0.0731
    },
    "hotel-famosa.de": {
      "out": {
        "other": 1
      },
      "score": 0.0731
    },
    "how-happy-are-you": {
      "out": {
        "other": 1
      },
      "score": 0.0731
    },
    "webtype.com": {
      "out": {
        "other": 1
      },
      "score": 0.0731
    },
    "fettblog.eu": {
      "in": {
        "other": 2
      },
      "score": 0.0731
    },
    "readlagom.com": {
      "out": {
        "other": 1
      },
      "score": 0.0731
    },
    "www.stellenanzeigen.de": {
      "out": {
        "other": 1
      },
      "score": 0.0731
    },
    "influxis.com": {
      "out": {
        "other": 1
      },
      "score": 0.0731
    },
    "twitter.com/chriscoyier": {
      "out": {
        "other": 1
      },
      "score": 0.0731
    },
    "www.brizk.com": {
      "out": {
        "other": 1
      },
      "score": 0.0731
    },
    "www.firstsquare.de": {
      "out": {
        "other": 1
      },
      "score": 0.0731
    },
    "www.sketchnotesbook.com": {
      "out": {
        "other": 1
      },
      "score": 0.0731
    },
    "leuchtturm1917.com": {
      "out": {
        "other": 1
      },
      "score": 0.0731
    },
    "microsoft.com": {
      "out": {
        "other": 1
      },
      "score": 0.0731
    },
    "www.omnigroup.com": {
      "out": {
        "other": 1
      },
      "score": 0.0731
    },
    "codepen.io": {
      "out": {
        "other": 1
      },
      "score": 0.0731
    },
    "danrubinphotography.com": {
      "out": {
        "other": 1
      },
      "score": 0.0731
    },
    "sugru.com": {
      "out": {
        "other": 1
      },
      "score": 0.0731
    },
    "twitter.com/lrnrd": {
      "out": {
        "other": 1
      },
      "score": 0.0731
    },
    "www.dnanderson.co.uk": {
      "out": {
        "other": 1
      },
      "score": 0.0731
    },
    "www.project-a.com": {
      "out": {
        "other": 1
      },
      "score": 0.0731
    },
    "booking.com": {
      "out": {
        "other": 1
      },
      "score": 0.0731
    },
    "channel9.msdn.com": {
      "out": {
        "other": 1
      },
      "score": 0.0731
    },
    "cyber-duck.co.uk": {
      "out": {
        "other": 1
      },
      "score": 0.0731
    },
    "instagram.com": {
      "out": {
        "other": 1
      },
      "score": 0.0731
    },
    "podio.com": {
      "out": {
        "other": 1
      },
      "score": 0.0731
    },
    "were-designers-of-the-future": {
      "out": {
        "other": 1
      },
      "score": 0.0731
    },
    "www.enatal.com": {
      "out": {
        "other": 1
      },
      "score": 0.0731
    },
    "there-is-something-useable": {
      "out": {
        "other": 1
      },
      "score": 0.0731
    },
    "tollwerkstatt.de": {
      "out": {
        "other": 1
      },
      "score": 0.0731
    },
    "twitter.com/galeriep98a": {
      "out": {
        "other": 1
      },
      "score": 0.0731
    },
    "www.contentful.com": {
      "out": {
        "other": 1
      },
      "score": 0.0731
    },
    "www.maggieappleton.com": {
      "out": {
        "other": 1
      },
      "score": 0.0731
    },
    "www.onenote.com": {
      "out": {
        "other": 1
      },
      "score": 0.0731
    },
    "blog.mandarin-medien.de": {
      "out": {
        "other": 1
      },
      "score": 0.0731
    },
    "https": {
      "out": {
        "other": 1
      },
      "score": 0.0731
    },
    "nitzsche.info": {
      "out": {
        "other": 1
      },
      "score": 0.0731
    },
    "simplenote.com": {
      "out": {
        "other": 1
      },
      "score": 0.0731
    },
    "the-web-is-for-everybody-feat": {
      "out": {
        "other": 1
      },
      "score": 0.0731
    },
    "twitter.com/iandevlin": {
      "out": {
        "other": 1
      },
      "score": 0.0731
    },
    "twitter.com/poke": {
      "out": {
        "other": 1
      },
      "score": 0.0731
    },
    "www.apple.com": {
      "out": {
        "other": 1
      },
      "score": 0.0731
    },
    "www.construktiv.de": {
      "out": {
        "other": 1
      },
      "score": 0.0731
    },
    "www.rowenatkinson.com.au": {
      "out": {
        "other": 1
      },
      "score": 0.0731
    },
    "fieldnotesbrand.com": {
      "out": {
        "other": 1
      },
      "score": 0.0731
    },
    "ghostlab.vanamco.com": {
      "out": {
        "other": 1
      },
      "score": 0.0731
    },
    "its-all-made-of-the-same-stuff": {
      "out": {
        "other": 1
      },
      "score": 0.0731
    },
    "notesofnomads.com": {
      "out": {
        "other": 1
      },
      "score": 0.0731
    },
    "quaderno.io": {
      "out": {
        "other": 1
      },
      "score": 0.0731
    },
    "sixteencolors.net": {
      "out": {
        "other": 1
      },
      "score": 0.0731
    },
    "www.logitech.com": {
      "out": {
        "other": 1
      },
      "score": 0.0731
    },
    "bynd.it": {
      "out": {
        "other": 1
      },
      "score": 0.0731
    },
    "its-time-for-us-to-let-go-feat": {
      "out": {
        "other": 1
      },
      "score": 0.0731
    },
    "twitter.com/jenschr": {
      "out": {
        "other": 1
      },
      "score": 0.0731
    },
    "twitter.com/nadrosia": {
      "out": {
        "other": 1
      },
      "score": 0.0731
    },
    "www.video.uni-erlangen.de": {
      "out": {
        "other": 1
      },
      "score": 0.0731
    },
    "nikko-hotel.de": {
      "out": {
        "other": 1
      },
      "score": 0.0731
    },
    "brizk.com": {
      "out": {
        "other": 1
      },
      "score": 0.0731
    },
    "twitter.com/cwensley": {
      "out": {
        "other": 1
      },
      "score": 0.0731
    },
    "www.fintimer.com": {
      "out": {
        "other": 1
      },
      "score": 0.0731
    },
    "adobe.com": {
      "out": {
        "other": 1
      },
      "score": 0.0731
    },
    "browserfordoing.com": {
      "out": {
        "other": 1
      },
      "score": 0.0731
    },
    "simplebits.com": {
      "out": {
        "other": 1
      },
      "score": 0.0731
    },
    "stefanjudis.de": {
      "out": {
        "other": 1
      },
      "score": 0.0731
    },
    "twitter.com/basisbild": {
      "out": {
        "other": 1
      },
      "score": 0.0731
    },
    "typotalks.com": {
      "out": {
        "other": 1
      },
      "score": 0.0731
    },
    "www.campaignmonitor.com": {
      "out": {
        "other": 1
      },
      "score": 0.0731
    },
    "zeldman.com": {
      "out": {
        "other": 1
      },
      "score": 0.0731
    },
    "skillshare.com": {
      "out": {
        "other": 1
      },
      "score": 0.0731
    },
    "twitter.com/aoiferr": {
      "out": {
        "other": 1
      },
      "score": 0.0731
    },
    "campaignmonitor.com": {
      "out": {
        "other": 1
      },
      "score": 0.0731
    },
    "frederic-hemberger.de": {
      "out": {
        "other": 1
      },
      "score": 0.0731
    },
    "jobs.lever.co": {
      "out": {
        "other": 1
      },
      "score": 0.0731
    },
    "samanthacliffe.com": {
      "out": {
        "other": 1
      },
      "score": 0.0731
    },
    "this-is-what-the-web-is-all": {
      "out": {
        "other": 1
      },
      "score": 0.0731
    },
    "twitter.com/73inches": {
      "out": {
        "other": 1
      },
      "score": 0.0731
    },
    "www.capterra.com": {
      "out": {
        "other": 1
      },
      "score": 0.0731
    }
  }
}