{
  "domain": "bholley.net",
  "urls": [
    "http://bholley.net/"
  ],
  "names": [
    "::bholley"
  ],
  "descriptions": [
    "Bobby Holley - Mozilla Hacker & Everything Else.\n"
  ],
  "pictures": [],
  "hcard": {},
  "rel_mes": [
    "mailto:bobbyholley@gmail.com",
    "https://github.com/bholley/",
    "https://www.linkedin.com/in/bobbyholley",
    "https://twitter.com/bhology"
  ],
  "crawl_start": "2017-06-09T17:33:48",
  "crawl_end": "2017-06-09T17:33:51",
  "num_pages": 7,
  "total_html_size": 50037,
  "servers": [
    "GitHub.com"
  ],
  "tags": [
    "relme"
  ],
  "endpoints": {},
  "links_out": 65,
  "links_in": 0,
  "links": {
    "github.com": {
      "out": {
        "other": 7
      },
      "score": 1
    },
    "gmail.com": {
      "out": {
        "other": 7
      },
      "score": 1
    },
    "twitter.com/bhology": {
      "out": {
        "other": 7
      },
      "score": 1
    },
    "www.linkedin.com": {
      "out": {
        "other": 7
      },
      "score": 1
    },
    "developer.mozilla.org": {
      "out": {
        "other": 6
      },
      "score": 0.939
    },
    "bugzilla.mozilla.org": {
      "out": {
        "other": 5
      },
      "score": 0.871
    },
    "en.wikipedia.org": {
      "out": {
        "other": 4
      },
      "score": 0.788
    },
    "bholley.wordpress.com": {
      "out": {
        "other": 2
      },
      "score": 0.527
    },
    "blog.mozilla.org": {
      "out": {
        "other": 2
      },
      "score": 0.527
    },
    "air.mozilla.org": {
      "out": {
        "other": 2
      },
      "score": 0.527
    },
    "www.mozilla.org": {
      "out": {
        "other": 2
      },
      "score": 0.527
    },
    "servo.org": {
      "out": {
        "other": 2
      },
      "score": 0.527
    },
    "doc.rust-lang.org": {
      "out": {
        "other": 1
      },
      "score": 0.262
    },
    "news.ycombinator.com": {
      "out": {
        "other": 1
      },
      "score": 0.262
    },
    "dxr.mozilla.org": {
      "out": {
        "other": 1
      },
      "score": 0.262
    },
    "rr-project.org": {
      "out": {
        "other": 1
      },
      "score": 0.262
    },
    "jekyllrb.com": {
      "out": {
        "other": 1
      },
      "score": 0.262
    },
    "hg.mozilla.org": {
      "out": {
        "other": 1
      },
      "score": 0.262
    },
    "en.cppreference.com": {
      "out": {
        "other": 1
      },
      "score": 0.262
    },
    "dbaron.org": {
      "out": {
        "other": 1
      },
      "score": 0.262
    },
    "promisesaplus.com": {
      "out": {
        "other": 1
      },
      "score": 0.262
    },
    "rustlang.org": {
      "out": {
        "other": 1
      },
      "score": 0.262
    },
    "code.facebook.com": {
      "out": {
        "other": 1
      },
      "score": 0.262
    },
    "stellar-group.org": {
      "out": {
        "other": 1
      },
      "score": 0.262
    }
  }
}