{
  "domain": "biancawelds.com",
  "urls": [
    "http://biancawelds.com/"
  ],
  "names": [
    "Bianca Welds – Technically Creative"
  ],
  "descriptions": [],
  "pictures": [],
  "hcard": {},
  "rel_mes": [],
  "crawl_start": "2017-06-09T17:33:50",
  "crawl_end": "2017-06-09T18:28:38",
  "num_pages": 1628,
  "total_html_size": 83765357,
  "servers": [
    "nginx"
  ],
  "mf2_classes": [
    "h-entry"
  ],
  "tags": [],
  "endpoints": {},
  "links_out": 15061,
  "links_in": 0,
  "links": {
    "mailto": {
      "out": {
        "other": 2509
      },
      "score": 1
    },
    "github.com": {
      "out": {
        "other": 1628
      },
      "score": 0.950
    },
    "twitter.com/biancawelds": {
      "out": {
        "other": 1632
      },
      "score": 0.950
    },
    "gplus.to": {
      "out": {
        "other": 1629
      },
      "score": 0.950
    },
    "javascript": {
      "out": {
        "other": 1627
      },
      "score": 0.950
    },
    "jm.linkedin.com": {
      "out": {
        "other": 1630
      },
      "score": 0.950
    },
    "www.pinterest.com": {
      "out": {
        "other": 1628
      },
      "score": 0.950
    },
    "facebook.com/bwelds": {
      "out": {
        "other": 1629
      },
      "score": 0.950
    },
    "www.beyondbee.net": {
      "out": {
        "other": 187
      },
      "score": 0.695
    },
    "en.wikipedia.org": {
      "out": {
        "other": 160
      },
      "score": 0.677
    },
    "blog.biancawelds.com": {
      "out": {
        "other": 77
      },
      "score": 0.592
    },
    "gumroad.com": {
      "out": {
        "other": 23
      },
      "score": 0.450
    },
    "techpeaks.eu": {
      "out": {
        "other": 20
      },
      "score": 0.433
    },
    "lattitudestudios.com": {
      "out": {
        "other": 17
      },
      "score": 0.414
    },
    "wordpress.org": {
      "out": {
        "other": 14
      },
      "score": 0.391
    },
    "www.imdb.com": {
      "out": {
        "other": 13
      },
      "score": 0.383
    },
    "www.jamaica-gleaner.com": {
      "out": {
        "other": 12
      },
      "score": 0.373
    },
    "gum.co": {
      "out": {
        "other": 11
      },
      "score": 0.363
    },
    "www.2time-sys.com": {
      "out": {
        "other": 9
      },
      "score": 0.339
    },
    "www.marcandangel.com": {
      "out": {
        "other": 9
      },
      "score": 0.339
    },
    "www.myspace.com": {
      "out": {
        "other": 8
      },
      "score": 0.325
    },
    "www.stevepavlina.com": {
      "out": {
        "other": 8
      },
      "score": 0.325
    },
    "qlog.typepad.com": {
      "out": {
        "other": 8
      },
      "score": 0.325
    },
    "www.pickthebrain.com": {
      "out": {
        "other": 7
      },
      "score": 0.310
    },
    "www.scienceblog.com": {
      "out": {
        "other": 7
      },
      "score": 0.310
    },
    "chrisguillebeau.com": {
      "out": {
        "other": 6
      },
      "score": 0.291
    },
    "dictionary.reference.com": {
      "out": {
        "other": 6
      },
      "score": 0.291
    },
    "poetry.biancawelds.com": {
      "out": {
        "other": 6
      },
      "score": 0.291
    },
    "www.northern-lights.no": {
      "out": {
        "other": 6
      },
      "score": 0.291
    },
    "mysuperchargedlife.com": {
      "out": {
        "other": 6
      },
      "score": 0.291
    },
    "globalvoicesonline.org": {
      "out": {
        "other": 6
      },
      "score": 0.291
    },
    "www.meetup.com": {
      "out": {
        "other": 5
      },
      "score": 0.270
    },
    "www.psychologytoday.com": {
      "out": {
        "other": 5
      },
      "score": 0.270
    },
    "adricey.blogspot.com": {
      "out": {
        "other": 5
      },
      "score": 0.270
    },
    "facebook.com/nextwhen": {
      "out": {
        "other": 5
      },
      "score": 0.270
    },
    "poetrythursday.blogspot.com": {
      "out": {
        "other": 4
      },
      "score": 0.244
    },
    "putthingsoff.com": {
      "out": {
        "other": 4
      },
      "score": 0.244
    },
    "thebakery.io": {
      "out": {
        "other": 4
      },
      "score": 0.244
    },
    "bdw.r14.railsrumble.com": {
      "out": {
        "other": 4
      },
      "score": 0.244
    },
    "www.google.com": {
      "out": {
        "other": 4
      },
      "score": 0.244
    },
    "www.amiracleaday.com": {
      "out": {
        "other": 4
      },
      "score": 0.244
    },
    "imdb.com": {
      "out": {
        "other": 4
      },
      "score": 0.244
    },
    "valueofsimple.com": {
      "out": {
        "other": 4
      },
      "score": 0.244
    },
    "www.huffingtonpost.com": {
      "out": {
        "other": 4
      },
      "score": 0.244
    },
    "www.amazon.com": {
      "out": {
        "other": 4
      },
      "score": 0.244
    },
    "feluke.com": {
      "out": {
        "other": 4
      },
      "score": 0.244
    },
    "www.problogger.net": {
      "out": {
        "other": 4
      },
      "score": 0.244
    },
    "railsrumble.com": {
      "out": {
        "other": 3
      },
      "score": 0.210
    },
    "www.youneedabudget.com": {
      "out": {
        "other": 3
      },
      "score": 0.210
    },
    "shrigley.blogspot.com": {
      "out": {
        "other": 3
      },
      "score": 0.210
    },
    "jusidle.blogspot.com": {
      "out": {
        "other": 3
      },
      "score": 0.210
    },
    "www.blogthings.com": {
      "out": {
        "other": 3
      },
      "score": 0.210
    },
    "www.visittrentino.it": {
      "out": {
        "other": 3
      },
      "score": 0.210
    },
    "lifehacker.com": {
      "out": {
        "other": 3
      },
      "score": 0.210
    },
    "www.bacchanaljamaica.com": {
      "out": {
        "other": 3
      },
      "score": 0.210
    },
    "wearyourlabel.com": {
      "out": {
        "other": 3
      },
      "score": 0.210
    },
    "freecodecamp.com": {
      "out": {
        "other": 3
      },
      "score": 0.210
    },
    "twitter.com/hashtag": {
      "out": {
        "other": 3
      },
      "score": 0.210
    },
    "www.businessweek.com": {
      "out": {
        "other": 3
      },
      "score": 0.210
    },
    "soulheartmindbody.blogspot.com": {
      "out": {
        "other": 3
      },
      "score": 0.210
    },
    "www.fastcompany.com": {
      "out": {
        "other": 3
      },
      "score": 0.210
    },
    "www.alexshalman.com": {
      "out": {
        "other": 3
      },
      "score": 0.210
    },
    "melissaperri.tumblr.com": {
      "out": {
        "other": 3
      },
      "score": 0.210
    },
    "www.reverb10.com": {
      "out": {
        "other": 3
      },
      "score": 0.210
    },
    "zenhabits.net": {
      "out": {
        "other": 3
      },
      "score": 0.210
    },
    "cl.ly": {
      "out": {
        "other": 3
      },
      "score": 0.210
    },
    "www.jamaicaobserver.com": {
      "out": {
        "other": 3
      },
      "score": 0.210
    },
    "www.zeroextinction.org": {
      "out": {
        "other": 3
      },
      "score": 0.210
    },
    "fwconsulting.blogspot.com": {
      "out": {
        "other": 2
      },
      "score": 0.163
    },
    "mummymel.blogspot.com": {
      "out": {
        "other": 2
      },
      "score": 0.163
    },
    "emcartsconference.org": {
      "out": {
        "other": 2
      },
      "score": 0.163
    },
    "jamesaltucher.quora.com": {
      "out": {
        "other": 2
      },
      "score": 0.163
    },
    "memeoirs.com": {
      "out": {
        "other": 2
      },
      "score": 0.163
    },
    "www.ciceroos.it": {
      "out": {
        "other": 2
      },
      "score": 0.163
    },
    "requirejs.org": {
      "out": {
        "other": 2
      },
      "score": 0.163
    },
    "www.corita.org": {
      "out": {
        "other": 2
      },
      "score": 0.163
    },
    "facebook.com": {
      "out": {
        "other": 2
      },
      "score": 0.163
    },
    "www.bbc.co.uk": {
      "out": {
        "other": 2
      },
      "score": 0.163
    },
    "www.goalsguy.com": {
      "out": {
        "other": 2
      },
      "score": 0.163
    },
    "successbeginstoday.org": {
      "out": {
        "other": 2
      },
      "score": 0.163
    },
    "trello.com": {
      "out": {
        "other": 2
      },
      "score": 0.163
    },
    "www.virtualsteelband.com": {
      "out": {
        "other": 2
      },
      "score": 0.163
    },
    "www.workhappy.net": {
      "out": {
        "other": 2
      },
      "score": 0.163
    },
    "lovindeerae.blogspot.com": {
      "out": {
        "other": 2
      },
      "score": 0.163
    },
    "underthesaltireflag.com": {
      "out": {
        "other": 2
      },
      "score": 0.163
    },
    "epicmagazine.com": {
      "out": {
        "other": 2
      },
      "score": 0.163
    },
    "first20hours.com": {
      "out": {
        "other": 2
      },
      "score": 0.163
    },
    "greatist.com": {
      "out": {
        "other": 2
      },
      "score": 0.163
    },
    "themeforest.net": {
      "out": {
        "other": 2
      },
      "score": 0.163
    },
    "www.trentinoservizi.it": {
      "out": {
        "other": 2
      },
      "score": 0.163
    },
    "bloginality.love-productions.com": {
      "out": {
        "other": 2
      },
      "score": 0.163
    },
    "myspace.com": {
      "out": {
        "other": 2
      },
      "score": 0.163
    },
    "www.washingtonpost.com": {
      "out": {
        "other": 2
      },
      "score": 0.163
    },
    "www.blogger.com": {
      "out": {
        "other": 2
      },
      "score": 0.163
    },
    "www.linkedin.com": {
      "out": {
        "other": 2
      },
      "score": 0.163
    },
    "news.bbc.co.uk": {
      "out": {
        "other": 2
      },
      "score": 0.163
    },
    "artofmanliness.com": {
      "out": {
        "other": 2
      },
      "score": 0.163
    },
    "beyondwords.com": {
      "out": {
        "other": 2
      },
      "score": 0.163
    },
    "www.gofundme.com": {
      "out": {
        "other": 2
      },
      "score": 0.163
    },
    "duolingo.com": {
      "out": {
        "other": 2
      },
      "score": 0.163
    },
    "www.snap.com": {
      "out": {
        "other": 2
      },
      "score": 0.163
    },
    "www.finedarkchocolate.com": {
      "out": {
        "other": 2
      },
      "score": 0.163
    },
    "www.productivity501.com": {
      "out": {
        "other": 2
      },
      "score": 0.163
    },
    "www.selfridges.com": {
      "out": {
        "other": 2
      },
      "score": 0.163
    },
    "sivers.org": {
      "out": {
        "other": 2
      },
      "score": 0.163
    },
    "www.jamaicacancersociety.org": {
      "out": {
        "other": 2
      },
      "score": 0.163
    },
    "jamaica-gleaner.com": {
      "out": {
        "other": 2
      },
      "score": 0.163
    },
    "www.citypub.ba": {
      "out": {
        "other": 2
      },
      "score": 0.163
    },
    "bwelds.me": {
      "out": {
        "other": 2
      },
      "score": 0.163
    },
    "leanstartupmachine.com": {
      "out": {
        "other": 2
      },
      "score": 0.163
    },
    "www.apple.com": {
      "out": {
        "other": 2
      },
      "score": 0.163
    },
    "cavehill.uwi.edu": {
      "out": {
        "other": 2
      },
      "score": 0.163
    },
    "mapnaut.com": {
      "out": {
        "other": 2
      },
      "score": 0.163
    },
    "theraeven.blogspot.com": {
      "out": {
        "other": 2
      },
      "score": 0.163
    },
    "facebook.com/jamentalhealth": {
      "out": {
        "other": 2
      },
      "score": 0.163
    },
    "www.daysoftheyear.com": {
      "out": {
        "other": 2
      },
      "score": 0.163
    },
    "www.msnbc.msn.com": {
      "out": {
        "other": 2
      },
      "score": 0.163
    },
    "medium.com": {
      "out": {
        "other": 2
      },
      "score": 0.163
    },
    "www.forbes.com": {
      "out": {
        "other": 2
      },
      "score": 0.163
    },
    "bluehost.com": {
      "out": {
        "other": 2
      },
      "score": 0.163
    },
    "laroper1983.blogspot.com": {
      "out": {
        "other": 2
      },
      "score": 0.163
    },
    "www.toastmasters.org": {
      "out": {
        "other": 2
      },
      "score": 0.163
    },
    "coding.smashingmagazine.com": {
      "out": {
        "other": 1
      },
      "score": 0.0813
    },
    "contactform7.com": {
      "out": {
        "other": 1
      },
      "score": 0.0813
    },
    "maryjane.journalspace.com": {
      "out": {
        "other": 1
      },
      "score": 0.0813
    },
    "sixrevisions.com": {
      "out": {
        "other": 1
      },
      "score": 0.0813
    },
    "www.jariajamaica.com": {
      "out": {
        "other": 1
      },
      "score": 0.0813
    },
    "www.sourdoughhome.com": {
      "out": {
        "other": 1
      },
      "score": 0.0813
    },
    "www.standrewhigh.edu.jm": {
      "out": {
        "other": 1
      },
      "score": 0.0813
    },
    "www.worldweatheronline.com": {
      "out": {
        "other": 1
      },
      "score": 0.0813
    },
    "doersapp.com": {
      "out": {
        "other": 1
      },
      "score": 0.0813
    },
    "sweetsimone.blogspot.com": {
      "out": {
        "other": 1
      },
      "score": 0.0813
    },
    "www.airportsauthorityjamaica.aero": {
      "out": {
        "other": 1
      },
      "score": 0.0813
    },
    "www.askoxford.com": {
      "out": {
        "other": 1
      },
      "score": 0.0813
    },
    "www.cbsnews.com": {
      "out": {
        "other": 1
      },
      "score": 0.0813
    },
    "www.tuesdaynitelive.com": {
      "out": {
        "other": 1
      },
      "score": 0.0813
    },
    "ccrtd.wordpress.com": {
      "out": {
        "other": 1
      },
      "score": 0.0813
    },
    "central.wordcamp.org": {
      "out": {
        "other": 1
      },
      "score": 0.0813
    },
    "emc.edu.jm": {
      "out": {
        "other": 1
      },
      "score": 0.0813
    },
    "leanstartup.com": {
      "out": {
        "other": 1
      },
      "score": 0.0813
    },
    "play.google.com": {
      "out": {
        "other": 1
      },
      "score": 0.0813
    },
    "www.BiancaWelds.com": {
      "out": {
        "other": 1
      },
      "score": 0.0813
    },
    "www.chroniclesofasocialesquire.com": {
      "out": {
        "other": 1
      },
      "score": 0.0813
    },
    "www.claudemills.com": {
      "out": {
        "other": 1
      },
      "score": 0.0813
    },
    "www.fridayscaribbean.com": {
      "out": {
        "other": 1
      },
      "score": 0.0813
    },
    "www.mssf.org": {
      "out": {
        "other": 1
      },
      "score": 0.0813
    },
    "www.rotaryjamaica.org": {
      "out": {
        "other": 1
      },
      "score": 0.0813
    },
    "www.self.com": {
      "out": {
        "other": 1
      },
      "score": 0.0813
    },
    "www.teddingtoncheese.co.uk": {
      "out": {
        "other": 1
      },
      "score": 0.0813
    },
    "gimmeasecond.blogspot.com": {
      "out": {
        "other": 1
      },
      "score": 0.0813
    },
    "jamaicaobserver.com": {
      "out": {
        "other": 1
      },
      "score": 0.0813
    },
    "lattitutdestudios.com": {
      "out": {
        "other": 1
      },
      "score": 0.0813
    },
    "ntice.co": {
      "out": {
        "other": 1
      },
      "score": 0.0813
    },
    "twitter.com/callmephilip": {
      "out": {
        "other": 1
      },
      "score": 0.0813
    },
    "www.gourmetsleuth.com": {
      "out": {
        "other": 1
      },
      "score": 0.0813
    },
    "www.hasbro.com": {
      "out": {
        "other": 1
      },
      "score": 0.0813
    },
    "www.mcsweeneys.net": {
      "out": {
        "other": 1
      },
      "score": 0.0813
    },
    "www.mona.uwi.edu": {
      "out": {
        "other": 1
      },
      "score": 0.0813
    },
    "www.personalstrengthsuk.com": {
      "out": {
        "other": 1
      },
      "score": 0.0813
    },
    "www.polroger.com": {
      "out": {
        "other": 1
      },
      "score": 0.0813
    },
    "www.tyrabanks.com": {
      "out": {
        "other": 1
      },
      "score": 0.0813
    },
    "getprsm.com": {
      "out": {
        "other": 1
      },
      "score": 0.0813
    },
    "weboggle.shackworks.com": {
      "out": {
        "other": 1
      },
      "score": 0.0813
    },
    "www.dailydot.com": {
      "out": {
        "other": 1
      },
      "score": 0.0813
    },
    "www.jamaicanjokes.com": {
      "out": {
        "other": 1
      },
      "score": 0.0813
    },
    "jamaicadesign.org": {
      "out": {
        "other": 1
      },
      "score": 0.0813
    },
    "twitter.com/biancawelds.com": {
      "out": {
        "other": 1
      },
      "score": 0.0813
    },
    "www.hyperorg.com": {
      "out": {
        "other": 1
      },
      "score": 0.0813
    },
    "lovethehomeyouhave.com": {
      "out": {
        "other": 1
      },
      "score": 0.0813
    },
    "twistedsifter.com": {
      "out": {
        "other": 1
      },
      "score": 0.0813
    },
    "www.bodyrock.tv": {
      "out": {
        "other": 1
      },
      "score": 0.0813
    },
    "www.boredpanda.com": {
      "out": {
        "other": 1
      },
      "score": 0.0813
    },
    "www.jshint.com": {
      "out": {
        "other": 1
      },
      "score": 0.0813
    },
    "www.martinfrost.ws": {
      "out": {
        "other": 1
      },
      "score": 0.0813
    },
    "www.skype.com": {
      "out": {
        "other": 1
      },
      "score": 0.0813
    },
    "www.telegraph.co.uk": {
      "out": {
        "other": 1
      },
      "score": 0.0813
    },
    "www.thinkchrysalis.com": {
      "out": {
        "other": 1
      },
      "score": 0.0813
    },
    "martinmanley.org": {
      "out": {
        "other": 1
      },
      "score": 0.0813
    },
    "online.wsj.com": {
      "out": {
        "other": 1
      },
      "score": 0.0813
    },
    "www.sadestudio.com": {
      "out": {
        "other": 1
      },
      "score": 0.0813
    },
    "www.theodoreboone.com": {
      "out": {
        "other": 1
      },
      "score": 0.0813
    },
    "crystaltrio.com": {
      "out": {
        "other": 1
      },
      "score": 0.0813
    },
    "qualityswdev.com": {
      "out": {
        "other": 1
      },
      "score": 0.0813
    },
    "simmysed.blogspot.com": {
      "out": {
        "other": 1
      },
      "score": 0.0813
    },
    "twitter.com/suezeecue": {
      "out": {
        "other": 1
      },
      "score": 0.0813
    },
    "wordpress.com": {
      "out": {
        "other": 1
      },
      "score": 0.0813
    },
    "www.capoeirasantabarbara.com": {
      "out": {
        "other": 1
      },
      "score": 0.0813
    },
    "www.comics.com": {
      "out": {
        "other": 1
      },
      "score": 0.0813
    },
    "www.dw.de": {
      "out": {
        "other": 1
      },
      "score": 0.0813
    },
    "www.miami.com": {
      "out": {
        "other": 1
      },
      "score": 0.0813
    },
    "yeoman.io": {
      "out": {
        "other": 1
      },
      "score": 0.0813
    },
    "2time-sys.com": {
      "out": {
        "other": 1
      },
      "score": 0.0813
    },
    "scribefire.com": {
      "out": {
        "other": 1
      },
      "score": 0.0813
    },
    "sweets.seriouseats.com": {
      "out": {
        "other": 1
      },
      "score": 0.0813
    },
    "todomvc.com": {
      "out": {
        "other": 1
      },
      "score": 0.0813
    },
    "www.rayholmanmusic.com": {
      "out": {
        "other": 1
      },
      "score": 0.0813
    },
    "www.yardedge.net": {
      "out": {
        "other": 1
      },
      "score": 0.0813
    },
    "quarry.stanford.edu": {
      "out": {
        "other": 1
      },
      "score": 0.0813
    },
    "twitter.com/lissijean": {
      "out": {
        "other": 1
      },
      "score": 0.0813
    },
    "www.case-mate.com": {
      "out": {
        "other": 1
      },
      "score": 0.0813
    },
    "www.optimist.org": {
      "out": {
        "other": 1
      },
      "score": 0.0813
    },
    "joshkaufman.net": {
      "out": {
        "other": 1
      },
      "score": 0.0813
    },
    "learnboost.github.io": {
      "out": {
        "other": 1
      },
      "score": 0.0813
    },
    "sass-lang.com": {
      "out": {
        "other": 1
      },
      "score": 0.0813
    },
    "ramstoremall.com.mk": {
      "out": {
        "other": 1
      },
      "score": 0.0813
    },
    "www.siliconcaribe.com": {
      "out": {
        "other": 1
      },
      "score": 0.0813
    },
    "www.trentorise.eu": {
      "out": {
        "other": 1
      },
      "score": 0.0813
    },
    "youcanbook.me": {
      "out": {
        "other": 1
      },
      "score": 0.0813
    },
    "goodmenproject.com": {
      "out": {
        "other": 1
      },
      "score": 0.0813
    },
    "shine.yahoo.com": {
      "out": {
        "other": 1
      },
      "score": 0.0813
    },
    "skyberry.me": {
      "out": {
        "other": 1
      },
      "score": 0.0813
    },
    "theinspiredroom.net": {
      "out": {
        "other": 1
      },
      "score": 0.0813
    },
    "www.investintrentino.it": {
      "out": {
        "other": 1
      },
      "score": 0.0813
    },
    "www.randsinrepose.com": {
      "out": {
        "other": 1
      },
      "score": 0.0813
    },
    "www.thereggaeboyz.com": {
      "out": {
        "other": 1
      },
      "score": 0.0813
    },
    "www.dogoodjamaica.org": {
      "out": {
        "other": 1
      },
      "score": 0.0813
    },
    "www.kickstarter.com": {
      "out": {
        "other": 1
      },
      "score": 0.0813
    },
    "elance.com": {
      "out": {
        "other": 1
      },
      "score": 0.0813
    },
    "gettingthingsdone.com": {
      "out": {
        "other": 1
      },
      "score": 0.0813
    },
    "kingstonsurgerycentre.com": {
      "out": {
        "other": 1
      },
      "score": 0.0813
    },
    "www.afs.org": {
      "out": {
        "other": 1
      },
      "score": 0.0813
    },
    "www.eitictlabs.eu": {
      "out": {
        "other": 1
      },
      "score": 0.0813
    },
    "www.whyteandmackay.com": {
      "out": {
        "other": 1
      },
      "score": 0.0813
    },
    "paulgraham.com": {
      "out": {
        "other": 1
      },
      "score": 0.0813
    },
    "tyrashow.warnerbros.com": {
      "out": {
        "other": 1
      },
      "score": 0.0813
    },
    "www.businessinsider.com": {
      "out": {
        "other": 1
      },
      "score": 0.0813
    },
    "www.cognacnet.com": {
      "out": {
        "other": 1
      },
      "score": 0.0813
    },
    "www.iriefm.net": {
      "out": {
        "other": 1
      },
      "score": 0.0813
    },
    "facedepression.tumblr.com": {
      "out": {
        "other": 1
      },
      "score": 0.0813
    },
    "gum.com": {
      "out": {
        "other": 1
      },
      "score": 0.0813
    },
    "hubpages.com": {
      "out": {
        "other": 1
      },
      "score": 0.0813
    },
    "john.onolan.org": {
      "out": {
        "other": 1
      },
      "score": 0.0813
    },
    "kattisdolls.net": {
      "out": {
        "other": 1
      },
      "score": 0.0813
    },
    "natepyle.com": {
      "out": {
        "other": 1
      },
      "score": 0.0813
    },
    "news.cnet.com": {
      "out": {
        "other": 1
      },
      "score": 0.0813
    },
    "stefgonzaga.com": {
      "out": {
        "other": 1
      },
      "score": 0.0813
    },
    "themeforest.com": {
      "out": {
        "other": 1
      },
      "score": 0.0813
    },
    "www.applejacks.com": {
      "out": {
        "other": 1
      },
      "score": 0.0813
    },
    "www.blackheartsparty.com": {
      "out": {
        "other": 1
      },
      "score": 0.0813
    },
    "www.startuplessonslearned.com": {
      "out": {
        "other": 1
      },
      "score": 0.0813
    },
    "www.umiami.edu": {
      "out": {
        "other": 1
      },
      "score": 0.0813
    },
    "wiki.the-big-bang-theory.com": {
      "out": {
        "other": 1
      },
      "score": 0.0813
    },
    "www.cbs.com": {
      "out": {
        "other": 1
      },
      "score": 0.0813
    },
    "www.palmone.com": {
      "out": {
        "other": 1
      },
      "score": 0.0813
    },
    "www.theknot.com": {
      "out": {
        "other": 1
      },
      "score": 0.0813
    },
    "codecanyon.net": {
      "out": {
        "other": 1
      },
      "score": 0.0813
    },
    "jquery.com": {
      "out": {
        "other": 1
      },
      "score": 0.0813
    },
    "www.flamebright.com": {
      "out": {
        "other": 1
      },
      "score": 0.0813
    },
    "adeehsar.blogspot.com": {
      "out": {
        "other": 1
      },
      "score": 0.0813
    },
    "canva.com": {
      "out": {
        "other": 1
      },
      "score": 0.0813
    },
    "priceless.ly": {
      "out": {
        "other": 1
      },
      "score": 0.0813
    },
    "www.comedycentral.com": {
      "out": {
        "other": 1
      },
      "score": 0.0813
    },
    "www.naui.org": {
      "out": {
        "other": 1
      },
      "score": 0.0813
    },
    "www.stor-data.com": {
      "out": {
        "other": 1
      },
      "score": 0.0813
    },
    "www.treehugger.com": {
      "out": {
        "other": 1
      },
      "score": 0.0813
    },
    "guides.rubyonrails.org": {
      "out": {
        "other": 1
      },
      "score": 0.0813
    },
    "lesscss.org": {
      "out": {
        "other": 1
      },
      "score": 0.0813
    },
    "melissaperri.com": {
      "out": {
        "other": 1
      },
      "score": 0.0813
    },
    "news.yahoo.com": {
      "out": {
        "other": 1
      },
      "score": 0.0813
    },
    "pitchitcaribbean.com": {
      "out": {
        "other": 1
      },
      "score": 0.0813
    },
    "snapclip.quora.com": {
      "out": {
        "other": 1
      },
      "score": 0.0813
    },
    "www.ebay.com": {
      "out": {
        "other": 1
      },
      "score": 0.0813
    },
    "www.geekcelerator.com": {
      "out": {
        "other": 1
      },
      "score": 0.0813
    },
    "photomatt.net": {
      "out": {
        "other": 1
      },
      "score": 0.0813
    },
    "www.facedepressiontogether.com": {
      "out": {
        "other": 1
      },
      "score": 0.0813
    },
    "www.unesco.org": {
      "out": {
        "other": 1
      },
      "score": 0.0813
    },
    "yocrowd.com": {
      "out": {
        "other": 1
      },
      "score": 0.0813
    },
    "angel.co": {
      "out": {
        "other": 1
      },
      "score": 0.0813
    },
    "shivanata.com": {
      "out": {
        "other": 1
      },
      "score": 0.0813
    },
    "translate.google.com": {
      "out": {
        "other": 1
      },
      "score": 0.0813
    },
    "www.43folders.com": {
      "out": {
        "other": 1
      },
      "score": 0.0813
    },
    "www.biancawelds.dev": {
      "out": {
        "other": 1
      },
      "score": 0.0813
    },
    "www.sanaastudios.com": {
      "out": {
        "other": 1
      },
      "score": 0.0813
    },
    "www.serendipity3.com": {
      "out": {
        "other": 1
      },
      "score": 0.0813
    },
    "www.wordpress.com": {
      "out": {
        "other": 1
      },
      "score": 0.0813
    },
    "en.ghost.org": {
      "out": {
        "other": 1
      },
      "score": 0.0813
    },
    "www.cnn.com": {
      "out": {
        "other": 1
      },
      "score": 0.0813
    },
    "readwritepoem.org": {
      "out": {
        "other": 1
      },
      "score": 0.0813
    },
    "www.comebutta.it": {
      "out": {
        "other": 1
      },
      "score": 0.0813
    },
    "www.interpretiveneziani.com": {
      "out": {
        "other": 1
      },
      "score": 0.0813
    },
    "www.trentinosviluppo.com": {
      "out": {
        "other": 1
      },
      "score": 0.0813
    },
    "www.kharma.com": {
      "out": {
        "other": 1
      },
      "score": 0.0813
    },
    "islandnix.blogspot.com": {
      "out": {
        "other": 1
      },
      "score": 0.0813
    },
    "theoatmeal.com": {
      "out": {
        "other": 1
      },
      "score": 0.0813
    },
    "www.keystoneaugusta.com": {
      "out": {
        "other": 1
      },
      "score": 0.0813
    },
    "www.uccjm.com": {
      "out": {
        "other": 1
      },
      "score": 0.0813
    },
    "www.writing-world.com": {
      "out": {
        "other": 1
      },
      "score": 0.0813
    },
    "WordPress.org": {
      "out": {
        "other": 1
      },
      "score": 0.0813
    },
    "blog.ghost.org": {
      "out": {
        "other": 1
      },
      "score": 0.0813
    },
    "chowhound.chow.com": {
      "out": {
        "other": 1
      },
      "score": 0.0813
    },
    "themattwalshblog.com": {
      "out": {
        "other": 1
      },
      "score": 0.0813
    },
    "twitter.com/jeffr0": {
      "out": {
        "other": 1
      },
      "score": 0.0813
    },
    "whatscookingamerica.net": {
      "out": {
        "other": 1
      },
      "score": 0.0813
    },
    "www.dailyolive.com": {
      "out": {
        "other": 1
      },
      "score": 0.0813
    },
    "www.zenhabits.net": {
      "out": {
        "other": 1
      },
      "score": 0.0813
    },
    "hi-and-low.typepad.com": {
      "out": {
        "other": 1
      },
      "score": 0.0813
    },
    "io9.com": {
      "out": {
        "other": 1
      },
      "score": 0.0813
    },
    "mootools.net": {
      "out": {
        "other": 1
      },
      "score": 0.0813
    },
    "www.jamaica-star.com": {
      "out": {
        "other": 1
      },
      "score": 0.0813
    },
    "www.rozsavage.com": {
      "out": {
        "other": 1
      },
      "score": 0.0813
    },
    "blog.bufferapp.com": {
      "out": {
        "other": 1
      },
      "score": 0.0813
    },
    "learnpeaks.com": {
      "out": {
        "other": 1
      },
      "score": 0.0813
    },
    "ruby.railstutorial.org": {
      "out": {
        "other": 1
      },
      "score": 0.0813
    },
    "www.michaeldavidmurphy.com": {
      "out": {
        "other": 1
      },
      "score": 0.0813
    },
    "www.whatsonjamaica.com": {
      "out": {
        "other": 1
      },
      "score": 0.0813
    },
    "ajaydsouza.com": {
      "out": {
        "other": 1
      },
      "score": 0.0813
    },
    "bower.io": {
      "out": {
        "other": 1
      },
      "score": 0.0813
    },
    "livereload.com": {
      "out": {
        "other": 1
      },
      "score": 0.0813
    },
    "www.cheese-france.com": {
      "out": {
        "other": 1
      },
      "score": 0.0813
    },
    "www.novisad.rs": {
      "out": {
        "other": 1
      },
      "score": 0.0813
    },
    "www2.kelloggs.com": {
      "out": {
        "other": 1
      },
      "score": 0.0813
    },
    "images.southparkstudios.com": {
      "out": {
        "other": 1
      },
      "score": 0.0813
    },
    "twitter.com/marksdowney": {
      "out": {
        "other": 1
      },
      "score": 0.0813
    },
    "twitter.com/search": {
      "out": {
        "other": 1
      },
      "score": 0.0813
    },
    "www.netsnippets.com": {
      "out": {
        "other": 1
      },
      "score": 0.0813
    },
    "www.patsula.com": {
      "out": {
        "other": 1
      },
      "score": 0.0813
    },
    "www.rolereboot.org": {
      "out": {
        "other": 1
      },
      "score": 0.0813
    },
    "avclark.com": {
      "out": {
        "other": 1
      },
      "score": 0.0813
    },
    "www.lionsclubs.org": {
      "out": {
        "other": 1
      },
      "score": 0.0813
    },
    "www.nanowrimo.org": {
      "out": {
        "other": 1
      },
      "score": 0.0813
    },
    "www.thesimpledollar.com": {
      "out": {
        "other": 1
      },
      "score": 0.0813
    },
    "www.tpdco.org": {
      "out": {
        "other": 1
      },
      "score": 0.0813
    },
    "www.unphotographable.com": {
      "out": {
        "other": 1
      },
      "score": 0.0813
    },
    "www.verysmallobjects.com": {
      "out": {
        "other": 1
      },
      "score": 0.0813
    },
    "www.serbia.travel": {
      "out": {
        "other": 1
      },
      "score": 0.0813
    },
    "www.tzonefoundation.org": {
      "out": {
        "other": 1
      },
      "score": 0.0813
    },
    "101.beyondbee.net": {
      "out": {
        "other": 1
      },
      "score": 0.0813
    },
    "blog.natbat.net": {
      "out": {
        "other": 1
      },
      "score": 0.0813
    },
    "facedepressiontogether.com": {
      "out": {
        "other": 1
      },
      "score": 0.0813
    },
    "francismove.blogspot.com": {
      "out": {
        "other": 1
      },
      "score": 0.0813
    },
    "paulmederos.com": {
      "out": {
        "other": 1
      },
      "score": 0.0813
    },
    "penzu.com": {
      "out": {
        "other": 1
      },
      "score": 0.0813
    },
    "www.globalvoices.org": {
      "out": {
        "other": 1
      },
      "score": 0.0813
    },
    "www.hot-horse.si": {
      "out": {
        "other": 1
      },
      "score": 0.0813
    },
    "www.wysija.com": {
      "out": {
        "other": 1
      },
      "score": 0.0813
    },
    "david182david.blogspot.com": {
      "out": {
        "other": 1
      },
      "score": 0.0813
    },
    "dilbertblog.typepad.com": {
      "out": {
        "other": 1
      },
      "score": 0.0813
    },
    "www.berkleemusic.com": {
      "out": {
        "other": 1
      },
      "score": 0.0813
    },
    "www.emcartsconference.org": {
      "out": {
        "other": 1
      },
      "score": 0.0813
    },
    "www.manchesterkids.com": {
      "out": {
        "other": 1
      },
      "score": 0.0813
    },
    "ewritersplace.com": {
      "out": {
        "other": 1
      },
      "score": 0.0813
    },
    "flowsby.com": {
      "out": {
        "other": 1
      },
      "score": 0.0813
    },
    "personalmba.com": {
      "out": {
        "other": 1
      },
      "score": 0.0813
    },
    "prototypejs.org": {
      "out": {
        "other": 1
      },
      "score": 0.0813
    },
    "www.cyborgname.com": {
      "out": {
        "other": 1
      },
      "score": 0.0813
    },
    "www.griotmusic.com": {
      "out": {
        "other": 1
      },
      "score": 0.0813
    },
    "gladwell.com": {
      "out": {
        "other": 1
      },
      "score": 0.0813
    },
    "groupiphany.com": {
      "out": {
        "other": 1
      },
      "score": 0.0813
    },
    "maregut.blogspot.com": {
      "out": {
        "other": 1
      },
      "score": 0.0813
    },
    "www.coudal.com": {
      "out": {
        "other": 1
      },
      "score": 0.0813
    },
    "www.duerrs.co.uk": {
      "out": {
        "other": 1
      },
      "score": 0.0813
    },
    "www.fastcocreate.com": {
      "out": {
        "other": 1
      },
      "score": 0.0813
    },
    "www.nhc.noaa.gov": {
      "out": {
        "other": 1
      },
      "score": 0.0813
    },
    "calnewport.com": {
      "out": {
        "other": 1
      },
      "score": 0.0813
    },
    "wptavern.com": {
      "out": {
        "other": 1
      },
      "score": 0.0813
    },
    "www.campioncollege.com": {
      "out": {
        "other": 1
      },
      "score": 0.0813
    },
    "www.cheerios.com": {
      "out": {
        "other": 1
      },
      "score": 0.0813
    },
    "www.fannabee.com": {
      "out": {
        "other": 1
      },
      "score": 0.0813
    },
    "www.geocities.com": {
      "out": {
        "other": 1
      },
      "score": 0.0813
    },
    "www.marksdailyapple.com": {
      "out": {
        "other": 1
      },
      "score": 0.0813
    },
    "www.startofhappiness.com": {
      "out": {
        "other": 1
      },
      "score": 0.0813
    },
    "www.usanetwork.com": {
      "out": {
        "other": 1
      },
      "score": 0.0813
    },
    "www.brokentype.com": {
      "out": {
        "other": 1
      },
      "score": 0.0813
    },
    "www.seeingbeyond.net": {
      "out": {
        "other": 1
      },
      "score": 0.0813
    },
    "cslewis.drzeus.net": {
      "out": {
        "other": 1
      },
      "score": 0.0813
    },
    "smacss.com": {
      "out": {
        "other": 1
      },
      "score": 0.0813
    },
    "twitter.com/deikamorrison": {
      "out": {
        "other": 1
      },
      "score": 0.0813
    },
    "www.popsci.com": {
      "out": {
        "other": 1
      },
      "score": 0.0813
    },
    "www.wagyu.net": {
      "out": {
        "other": 1
      },
      "score": 0.0813
    },
    "coffeescript.org": {
      "out": {
        "other": 1
      },
      "score": 0.0813
    },
    "compass-style.org": {
      "out": {
        "other": 1
      },
      "score": 0.0813
    },
    "openprof.com": {
      "out": {
        "other": 1
      },
      "score": 0.0813
    },
    "periodic.atavist.com": {
      "out": {
        "other": 1
      },
      "score": 0.0813
    },
    "sethgodin.typepad.com": {
      "out": {
        "other": 1
      },
      "score": 0.0813
    },
    "sta.uwi.edu": {
      "out": {
        "other": 1
      },
      "score": 0.0813
    },
    "www.ewedding.com": {
      "out": {
        "other": 1
      },
      "score": 0.0813
    },
    "www.genialis.com": {
      "out": {
        "other": 1
      },
      "score": 0.0813
    },
    "www.inpassing.org": {
      "out": {
        "other": 1
      },
      "score": 0.0813
    },
    "www.ripleys.com": {
      "out": {
        "other": 1
      },
      "score": 0.0813
    },
    "www.utechjamaica.edu.jm": {
      "out": {
        "other": 1
      },
      "score": 0.0813
    },
    "www.weddingwindow.com": {
      "out": {
        "other": 1
      },
      "score": 0.0813
    },
    "www.wired.com": {
      "out": {
        "other": 1
      },
      "score": 0.0813
    },
    "blog.rachelhyman.info": {
      "out": {
        "other": 1
      },
      "score": 0.0813
    },
    "gruntjs.com": {
      "out": {
        "other": 1
      },
      "score": 0.0813
    },
    "pertout.customer.netspace.net.au": {
      "out": {
        "other": 1
      },
      "score": 0.0813
    },
    "postsecret.blogspot.com": {
      "out": {
        "other": 1
      },
      "score": 0.0813
    },
    "projects.biancawelds.com": {
      "out": {
        "other": 1
      },
      "score": 0.0813
    },
    "www.abil-tt.com": {
      "out": {
        "other": 1
      },
      "score": 0.0813
    },
    "leanpub.com": {
      "out": {
        "other": 1
      },
      "score": 0.0813
    },
    "narrative.ly": {
      "out": {
        "other": 1
      },
      "score": 0.0813
    },
    "nownownow.com": {
      "out": {
        "other": 1
      },
      "score": 0.0813
    },
    "techpeaks.com": {
      "out": {
        "other": 1
      },
      "score": 0.0813
    },
    "www.berklee.edu": {
      "out": {
        "other": 1
      },
      "score": 0.0813
    },
    "www.nokia.com": {
      "out": {
        "other": 1
      },
      "score": 0.0813
    },
    "www.theatlanticwire.com": {
      "out": {
        "other": 1
      },
      "score": 0.0813
    },
    "DuoLingo.com": {
      "out": {
        "other": 1
      },
      "score": 0.0813
    },
    "www.f6s.com": {
      "out": {
        "other": 1
      },
      "score": 0.0813
    },
    "www.incomediary.com": {
      "out": {
        "other": 1
      },
      "score": 0.0813
    },
    "www.kiwanis.org": {
      "out": {
        "other": 1
      },
      "score": 0.0813
    },
    "www.nngroup.com": {
      "out": {
        "other": 1
      },
      "score": 0.0813
    },
    "www.sandals.com": {
      "out": {
        "other": 1
      },
      "score": 0.0813
    },
    "cyber.law.harvard.edu": {
      "out": {
        "other": 1
      },
      "score": 0.0813
    },
    "www.forentrepreneurs.com": {
      "out": {
        "other": 1
      },
      "score": 0.0813
    },
    "www.jamaicanhighschools.com": {
      "out": {
        "other": 1
      },
      "score": 0.0813
    },
    "www.whatsapp.com": {
      "out": {
        "other": 1
      },
      "score": 0.0813
    },
    "www.jgrisham.com": {
      "out": {
        "other": 1
      },
      "score": 0.0813
    }
  }
}