{
  "domain": "bigbluehat.com",
  "urls": [
    "http://bigbluehat.com/"
  ],
  "names": [
    "BigBlueHat - Web Manufacturing Company"
  ],
  "descriptions": [],
  "pictures": [],
  "hcard": {},
  "rel_mes": [
    "https://github.com/BigBlueHat",
    "https://twitter.com/bigbluehat",
    "http://www.linkedin.com/in/benjaminyoung",
    "http://stackoverflow.com/users/507169/bigbluehat",
    "http://steamcommunity.com/id/bigbluehat/",
    "http://lanyrd.com/profile/bigbluehat/",
    "https://mozillians.org/en-US/u/BigBlueHat/",
    "http://coderwall.com/bigbluehat",
    "http://geekli.st/bigbluehat",
    "http://innoventure.com/users/view/508fa837-55a4-4a06-b30a-0089ac104dc6",
    "http://xethron.lolhosting.net/playerview.php?player=MadHatter"
  ],
  "crawl_start": "2017-04-23T23:04:00",
  "crawl_end": "2017-04-23T23:04:42",
  "num_pages": 34,
  "total_html_size": 438997,
  "servers": [
    "Apache (Unix) mod_ssl OpenSSLe-fips-rhel5 DAV mod_bwlimited PHP",
    "BlueInk CMS"
  ],
  "tags": [
    "relme",
    "IRC"
  ],
  "endpoints": {},
  "links_out": 455,
  "links_in": 891,
  "links": {
    "indieweb.org": {
      "in": {
        "other": 584
      },
      "score": 1
    },
    "chat.indieweb.org": {
      "in": {
        "other": 297
      },
      "score": 0.893
    },
    "paypal.me": {
      "out": {
        "other": 60
      },
      "score": 0.752
    },
    "store.steampowered.com": {
      "out": {
        "other": 58
      },
      "score": 0.746
    },
    "patreon.com": {
      "out": {
        "other": 40
      },
      "score": 0.688
    },
    "steamcommunity.com": {
      "out": {
        "other": 27
      },
      "score": 0.626
    },
    "www.youtube.com": {
      "out": {
        "other": 26
      },
      "score": 0.620
    },
    "amzn.com": {
      "out": {
        "other": 24
      },
      "score": 0.608
    },
    "www.w3.org": {
      "out": {
        "other": 14
      },
      "score": 0.523
    },
    "www.humblebundle.com": {
      "out": {
        "other": 13
      },
      "score": 0.512
    },
    "restfest.org": {
      "out": {
        "other": 10
      },
      "score": 0.471
    },
    "events.linuxfoundation.org": {
      "out": {
        "other": 10
      },
      "score": 0.471
    },
    "sched.co": {
      "out": {
        "other": 10
      },
      "score": 0.471
    },
    "speakerdeck.com": {
      "out": {
        "other": 8
      },
      "score": 0.435
    },
    "www.slideshare.net": {
      "out": {
        "other": 8
      },
      "score": 0.435
    },
    "techforum.booknetcanada.ca": {
      "out": {
        "other": 6
      },
      "score": 0.389
    },
    "github.com": {
      "out": {
        "other": 5
      },
      "score": 0.361
    },
    "en.wikipedia.org": {
      "out": {
        "other": 4
      },
      "score": 0.327
    },
    "iannotate.org": {
      "out": {
        "other": 4
      },
      "score": 0.327
    },
    "paris.apidays.io": {
      "out": {
        "other": 4
      },
      "score": 0.327
    },
    "stackoverflow.com": {
      "out": {
        "other": 4
      },
      "score": 0.327
    },
    "tek11.phparch.com": {
      "out": {
        "other": 4
      },
      "score": 0.327
    },
    "posscon.org": {
      "out": {
        "other": 4
      },
      "score": 0.327
    },
    "rhiaro.co.uk": {
      "in": {
        "other": 8
      },
      "score": 0.327
    },
    "thestrangeloop.com": {
      "out": {
        "other": 4
      },
      "score": 0.327
    },
    "2016.restfest.org": {
      "out": {
        "other": 4
      },
      "score": 0.327
    },
    "wiki.apache.org": {
      "out": {
        "other": 4
      },
      "score": 0.327
    },
    "www.indiegala.com": {
      "out": {
        "other": 3
      },
      "score": 0.281
    },
    "mozillians.org": {
      "out": {
        "other": 3
      },
      "score": 0.281
    },
    "lanyrd.com": {
      "out": {
        "other": 3
      },
      "score": 0.281
    },
    "geekli.st": {
      "out": {
        "other": 3
      },
      "score": 0.281
    },
    "xethron.lolhosting.net": {
      "out": {
        "other": 3
      },
      "score": 0.281
    },
    "about.me": {
      "out": {
        "other": 3
      },
      "score": 0.281
    },
    "www.linkedin.com": {
      "out": {
        "other": 3
      },
      "score": 0.281
    },
    "coderwall.com": {
      "out": {
        "other": 3
      },
      "score": 0.281
    },
    "innoventure.com": {
      "out": {
        "other": 3
      },
      "score": 0.281
    },
    "twitter.com/bigbluehat": {
      "out": {
        "other": 3
      },
      "score": 0.281
    },
    "play.google.com": {
      "out": {
        "other": 3
      },
      "score": 0.281
    },
    "innomobility.com": {
      "out": {
        "other": 2
      },
      "score": 0.218
    },
    "pouchdb.com": {
      "out": {
        "other": 2
      },
      "score": 0.218
    },
    "couchcamp2010.eventbrite.com": {
      "out": {
        "other": 2
      },
      "score": 0.218
    },
    "www.patreon.com": {
      "out": {
        "other": 2
      },
      "score": 0.218
    },
    "youtu.be": {
      "out": {
        "other": 2
      },
      "score": 0.218
    },
    "damienkatz.net": {
      "out": {
        "other": 2
      },
      "score": 0.218
    },
    "2010.restfest.org": {
      "out": {
        "other": 2
      },
      "score": 0.218
    },
    "couchbase.com": {
      "out": {
        "other": 2
      },
      "score": 0.218
    },
    "www.archive.org": {
      "out": {
        "other": 2
      },
      "score": 0.218
    },
    "upstatephp.com": {
      "out": {
        "other": 2
      },
      "score": 0.218
    },
    "www.meetup.com": {
      "out": {
        "other": 2
      },
      "score": 0.218
    },
    "www.couchbase.com": {
      "out": {
        "other": 2
      },
      "score": 0.218
    },
    "attending.io": {
      "out": {
        "other": 2
      },
      "score": 0.218
    },
    "www.hackreduce.org": {
      "out": {
        "other": 2
      },
      "score": 0.218
    },
    "www.infoq.com": {
      "out": {
        "other": 2
      },
      "score": 0.218
    },
    "exactlyinc.com": {
      "out": {
        "other": 2
      },
      "score": 0.218
    },
    "vuejs.org": {
      "out": {
        "other": 2
      },
      "score": 0.218
    },
    "2011.restfest.org": {
      "out": {
        "other": 2
      },
      "score": 0.218
    },
    "www.ws-rest.org": {
      "out": {
        "other": 2
      },
      "score": 0.218
    },
    "lwn.net": {
      "out": {
        "other": 2
      },
      "score": 0.218
    },
    "oreillynet.com": {
      "out": {
        "other": 2
      },
      "score": 0.218
    },
    "www.scetv.org": {
      "out": {
        "other": 2
      },
      "score": 0.218
    },
    "openupstate.org": {
      "out": {
        "other": 2
      },
      "score": 0.218
    },
    "hypothes.is": {
      "out": {
        "other": 2
      },
      "score": 0.218
    },
    "ti.to": {
      "out": {
        "other": 2
      },
      "score": 0.218
    },
    "twitter.com/SpringpadHelp": {
      "out": {
        "other": 2
      },
      "score": 0.218
    },
    "indiewebcamp.com": {
      "out": {
        "other": 2
      },
      "score": 0.218
    },
    "conf.couchdb.org": {
      "out": {
        "other": 2
      },
      "score": 0.218
    },
    "oscon.com": {
      "out": {
        "other": 2
      },
      "score": 0.218
    },
    "raw.githubusercontent.com": {
      "out": {
        "other": 2
      },
      "score": 0.218
    },
    "geek-end.com": {
      "out": {
        "other": 2
      },
      "score": 0.218
    },
    "booksinbrowsers.org": {
      "out": {
        "other": 2
      },
      "score": 0.218
    },
    "code4lib.org": {
      "out": {
        "other": 2
      },
      "score": 0.218
    },
    "www.iloveopensource.io": {
      "out": {
        "other": 1
      },
      "score": 0.109
    },
    "melvincarvalho.com": {
      "in": {
        "other": 1
      },
      "score": 0
    },
    "reclaimhosting.com": {
      "in": {
        "other": 1
      },
      "score": 0
    }
  }
}