{
  "domain": "bigger-on-the-inside.net",
  "urls": [
    "http://bigger-on-the-inside.net/"
  ],
  "names": [
    "bigger on the inside"
  ],
  "descriptions": [
    "Timey, wimey webdev stuff. Personal blog and digital playground of web developer Marcus Herrmann"
  ],
  "pictures": [
    "http://bigger-on-the-inside.net/site/templates/assets/favicons/favicon-32x32.png",
    "http://bigger-on-the-inside.net/site/templates/assets/favicons/favicon-16x16.png"
  ],
  "hcard": {},
  "rel_mes": [
    "https://twitter.com/_marcusherrmann"
  ],
  "crawl_start": "2017-04-30T01:57:40",
  "crawl_end": "2017-04-30T01:58:20",
  "num_pages": 34,
  "total_html_size": 330185,
  "servers": [
    "nginx"
  ],
  "tags": [
    "relme",
    "webmention.io",
    "webmention"
  ],
  "endpoints": {
    "webmention": [
      "https://webmention.io/bigger-on-the-inside.net/webmention/"
    ]
  },
  "links_out": 436,
  "links_in": 2,
  "links": {
    "twitter.com/_marcusherrmann": {
      "out": {
        "other": 42
      },
      "score": 1
    },
    "feeds.feedburner.com": {
      "out": {
        "other": 34
      },
      "score": 0.953
    },
    "github.com": {
      "out": {
        "other": 27
      },
      "score": 0.901
    },
    "processwire.com": {
      "out": {
        "other": 24
      },
      "score": 0.874
    },
    "vimeo.com": {
      "out": {
        "other": 18
      },
      "score": 0.808
    },
    "addons.opera.com": {
      "out": {
        "other": 9
      },
      "score": 0.652
    },
    "wptavern.com": {
      "out": {
        "other": 9
      },
      "score": 0.652
    },
    "processwire-recipes.com": {
      "out": {
        "other": 7
      },
      "score": 0.596
    },
    "blogs.opera.com": {
      "out": {
        "other": 6
      },
      "score": 0.560
    },
    "getkirby.com": {
      "out": {
        "other": 6
      },
      "score": 0.560
    },
    "twitter.com/SaraSoueidan": {
      "out": {
        "other": 6
      },
      "score": 0.560
    },
    "twitter.com/owzim": {
      "out": {
        "other": 6
      },
      "score": 0.560
    },
    "martinwolf.org": {
      "out": {
        "other": 6
      },
      "score": 0.560
    },
    "superuser.com": {
      "out": {
        "other": 6
      },
      "score": 0.560
    },
    "www.flamingruby.com": {
      "out": {
        "other": 6
      },
      "score": 0.560
    },
    "pa11y.org": {
      "out": {
        "other": 5
      },
      "score": 0.519
    },
    "yellowled.de": {
      "out": {
        "other": 5
      },
      "score": 0.519
    },
    "webdesign.tutsplus.com": {
      "out": {
        "other": 5
      },
      "score": 0.519
    },
    "code.tutsplus.com": {
      "out": {
        "other": 5
      },
      "score": 0.519
    },
    "medium.com": {
      "out": {
        "other": 5
      },
      "score": 0.519
    },
    "silktide.com": {
      "out": {
        "other": 5
      },
      "score": 0.519
    },
    "rubyonrails.org": {
      "out": {
        "other": 5
      },
      "score": 0.519
    },
    "webmention.rocks": {
      "out": {
        "other": 5
      },
      "score": 0.519
    },
    "www.w3.org": {
      "out": {
        "other": 5
      },
      "score": 0.519
    },
    "codepen.io": {
      "out": {
        "other": 4
      },
      "score": 0.470
    },
    "twitter.com/laura_nobilis": {
      "out": {
        "other": 3
      },
      "score": 0.404
    },
    "automattic.com": {
      "out": {
        "other": 3
      },
      "score": 0.404
    },
    "spideroak.com": {
      "out": {
        "other": 3
      },
      "score": 0.404
    },
    "twitter.com/maddesigns": {
      "out": {
        "other": 3
      },
      "score": 0.404
    },
    "discover-devtools.codeschool.com": {
      "out": {
        "other": 3
      },
      "score": 0.404
    },
    "blogtorwho.blogspot.co.uk": {
      "out": {
        "other": 3
      },
      "score": 0.404
    },
    "mite.yo.lk": {
      "out": {
        "other": 3
      },
      "score": 0.404
    },
    "opera.com": {
      "out": {
        "other": 3
      },
      "score": 0.404
    },
    "marcel.io": {
      "out": {
        "other": 3
      },
      "score": 0.404
    },
    "www.alfredapp.com": {
      "out": {
        "other": 3
      },
      "score": 0.404
    },
    "www.google.com": {
      "out": {
        "other": 3
      },
      "score": 0.404
    },
    "laravel-recipes.com": {
      "out": {
        "other": 3
      },
      "score": 0.404
    },
    "www.git-tower.com": {
      "out": {
        "other": 3
      },
      "score": 0.404
    },
    "open.bufferapp.com": {
      "out": {
        "other": 3
      },
      "score": 0.404
    },
    "evernote.com": {
      "out": {
        "other": 3
      },
      "score": 0.404
    },
    "laracasts.com": {
      "out": {
        "other": 3
      },
      "score": 0.404
    },
    "laravel.com": {
      "out": {
        "other": 3
      },
      "score": 0.404
    },
    "www.opera.com": {
      "out": {
        "other": 3
      },
      "score": 0.404
    },
    "nico.is": {
      "out": {
        "other": 3
      },
      "score": 0.404
    },
    "panic.com": {
      "out": {
        "other": 3
      },
      "score": 0.404
    },
    "alistapart.com": {
      "out": {
        "other": 3
      },
      "score": 0.404
    },
    "dantz.me": {
      "out": {
        "other": 3
      },
      "score": 0.404
    },
    "duckduckgo.com": {
      "out": {
        "other": 3
      },
      "score": 0.404
    },
    "martinfowler.com": {
      "out": {
        "other": 3
      },
      "score": 0.404
    },
    "stocklogos.com": {
      "out": {
        "other": 3
      },
      "score": 0.404
    },
    "beyondtellerrand.com": {
      "out": {
        "other": 3
      },
      "score": 0.404
    },
    "www.mediaatelier.com": {
      "out": {
        "other": 3
      },
      "score": 0.404
    },
    "reederapp.com": {
      "out": {
        "other": 3
      },
      "score": 0.404
    },
    "vemedio.com": {
      "out": {
        "other": 3
      },
      "score": 0.404
    },
    "www.jetbrains.com": {
      "out": {
        "other": 3
      },
      "score": 0.404
    },
    "cognition.happycog.com": {
      "out": {
        "other": 3
      },
      "score": 0.404
    },
    "picitmedia.de": {
      "out": {
        "other": 3
      },
      "score": 0.404
    },
    "airmailapp.com": {
      "out": {
        "other": 3
      },
      "score": 0.404
    },
    "www.youtube.com": {
      "out": {
        "other": 3
      },
      "score": 0.404
    },
    "blueprint-wireframes": {
      "out": {
        "other": 3
      },
      "score": 0.404
    },
    "culturedcode.com": {
      "out": {
        "other": 3
      },
      "score": 0.404
    },
    "stuffandnonsense.co.uk": {
      "out": {
        "other": 3
      },
      "score": 0.404
    },
    "ch.rauni.me": {
      "out": {
        "other": 3
      },
      "score": 0.404
    },
    "responsivedesignworkflow.com": {
      "out": {
        "other": 3
      },
      "score": 0.404
    },
    "freron.com": {
      "out": {
        "other": 3
      },
      "score": 0.404
    },
    "css-tricks.com": {
      "out": {
        "other": 3
      },
      "score": 0.404
    },
    "bywordapp.com": {
      "out": {
        "other": 3
      },
      "score": 0.404
    },
    "iterm2.com": {
      "out": {
        "other": 3
      },
      "score": 0.404
    },
    "tapbots.com": {
      "out": {
        "other": 3
      },
      "score": 0.404
    },
    "meetfinch.com": {
      "out": {
        "other": 3
      },
      "score": 0.404
    },
    "praegnanz.de": {
      "out": {
        "other": 3
      },
      "score": 0.404
    },
    "www.cmscritic.com": {
      "out": {
        "other": 3
      },
      "score": 0.404
    },
    "compass-style.org": {
      "out": {
        "other": 3
      },
      "score": 0.404
    },
    "slides.com": {
      "out": {
        "other": 3
      },
      "score": 0.404
    },
    "w3techs.com": {
      "out": {
        "other": 3
      },
      "score": 0.404
    },
    "modules.processwire.com": {
      "out": {
        "other": 3
      },
      "score": 0.404
    },
    "www.omnigroup.com": {
      "out": {
        "other": 3
      },
      "score": 0.404
    },
    "devwp.eu": {
      "out": {
        "other": 3
      },
      "score": 0.404
    },
    "gist.github.com": {
      "out": {
        "other": 3
      },
      "score": 0.404
    },
    "www.imdb.com": {
      "out": {
        "other": 3
      },
      "score": 0.404
    },
    "grandtotal.biz": {
      "out": {
        "other": 3
      },
      "score": 0.404
    },
    "marcus-herrmann.com": {
      "out": {
        "other": 2
      },
      "score": 0.314
    },
    "keybase.io": {
      "out": {
        "other": 1
      },
      "score": 0.156
    },
    "dribbble.com": {
      "out": {
        "other": 1
      },
      "score": 0.156
    },
    "blueprint-wireframes.com": {
      "out": {
        "other": 1
      },
      "score": 0.156
    },
    "www.e-recht24.de": {
      "out": {
        "other": 1
      },
      "score": 0.156
    },
    "en.wikipedia.org": {
      "out": {
        "other": 1
      },
      "score": 0.156
    },
    "wireshell.pw": {
      "in": {
        "other": 1
      },
      "score": 0
    },
    "justonestep.de": {
      "in": {
        "other": 1
      },
      "score": 0
    }
  }
}