{
  "domain": "bilinmeyen.withknown.com",
  "urls": [
    "https://bilinmeyen.withknown.com/profile/sharepost",
    "http://www.senatortr.blogspot.com",
    "http:// http://www.wordpressseno.wordpress.com",
    "http://www.senatortr.bcz.com"
  ],
  "names": [
    "Business Merkez",
    "İnternetten Para Kazanma | Diyarbakır Şubesi",
    "2017 Yılında En Çok Kazandıran Para Kazanma Yolu Hangisi Olacaktır?"
  ],
  "descriptions": [
    "Blog | İnternet Para Kazanma Yolları ve Siteleri Hakkında Parlak Bilgiler",
    "İnternetten En Popüler Para Kazanma Yolları   │ Blogunuzdan Para Kazanma Yöntemleri ve Araçları"
  ],
  "pictures": [
    "https://bilinmeyen.withknown.com/file/1f14ccfacf4f5e73b0212e2fc0220441/thumb.jpg"
  ],
  "hcard": {
    "properties": {
      "name": [
        "Business Merkez"
      ],
      "note": [
        {
          "html": "<div class=\"highlightedText\">\n<p>Blog | İnternet Para Kazanma Yolları ve Siteleri Hakkında Parlak Bilgiler</p>\n</div>",
          "value": "\nBlog | İnternet Para Kazanma Yolları ve Siteleri Hakkında Parlak Bilgiler\n"
        }
      ],
      "photo": [
        "https://bilinmeyen.withknown.com/file/1f14ccfacf4f5e73b0212e2fc0220441/thumb.jpg"
      ],
      "profile": [
        "Business Merkez"
      ],
      "url": [
        "https://bilinmeyen.withknown.com/profile/sharepost",
        "https://bilinmeyen.withknown.com/profile/sharepost",
        "http://www.senatortr.blogspot.com",
        "http:// http://www.wordpressseno.wordpress.com",
        "http://www.senatortr.bcz.com "
      ]
    },
    "type": [
      "h-card"
    ]
  },
  "rel_mes": [
    "http://www.senatortr.blogspot.com",
    "https://bilinmeyen.withknown.com/ http:/www.wordpressseno.wordpress.com",
    "http://www.senatortr.bcz.com ",
    "http:// http://www.wordpressseno.wordpress.com"
  ],
  "crawl_start": "2017-04-27T07:53:35",
  "crawl_end": "2017-04-27T08:11:15",
  "num_pages": 1762,
  "total_html_size": 68055896,
  "servers": [
    "Apache",
    "Known"
  ],
  "mf2_classes": [
    "h-card",
    "h-cite",
    "h-entry"
  ],
  "tags": [
    "relme",
    "bridgy",
    "webmention",
    "websub",
    "Known"
  ],
  "endpoints": {
    "webmention": [
      "https://bilinmeyen.withknown.com/webmention/"
    ],
    "websub": [
      "http://withknown.superfeedr.com/"
    ]
  },
  "links_out": 38120,
  "links_in": 2,
  "links": {
    "senatortr.blogspot.com": {
      "out": {
        "other": 8513
      },
      "score": 1
    },
    "senatortr.blogspot.com.tr": {
      "out": {
        "other": 5244
      },
      "score": 0.951
    },
    "withknown.com": {
      "out": {
        "other": 1762
      },
      "score": 0.839
    },
    "www.senatortr.blogspot.com": {
      "out": {
        "other": 1684
      },
      "score": 0.834
    },
    " http": {
      "out": {
        "other": 1607
      },
      "score": 0.829
    },
    "www.senatortr.bcz.com": {
      "out": {
        "other": 1607
      },
      "score": 0.829
    },
    "1.bp.blogspot.com": {
      "out": {
        "other": 1458
      },
      "score": 0.819
    },
    "2.bp.blogspot.com": {
      "out": {
        "other": 1318
      },
      "score": 0.809
    },
    "senatortr.blogspot.nl": {
      "out": {
        "other": 1043
      },
      "score": 0.784
    },
    "4.bp.blogspot.com": {
      "out": {
        "other": 914
      },
      "score": 0.771
    },
    "3.bp.blogspot.com": {
      "out": {
        "other": 858
      },
      "score": 0.765
    },
    "adf.ly": {
      "out": {
        "other": 774
      },
      "score": 0.755
    },
    "6.bczdn.com": {
      "out": {
        "other": 434
      },
      "score": 0.695
    },
    "1.bczdn.com": {
      "out": {
        "other": 311
      },
      "score": 0.660
    },
    "www.qassa.com.tr": {
      "out": {
        "other": 301
      },
      "score": 0.657
    },
    "yroo.com": {
      "out": {
        "other": 189
      },
      "score": 0.609
    },
    "sv102.piclect.com": {
      "out": {
        "other": 187
      },
      "score": 0.608
    },
    "www.paidverts.com": {
      "out": {
        "other": 169
      },
      "score": 0.598
    },
    "senatortr.bcz.com": {
      "out": {
        "other": 160
      },
      "score": 0.592
    },
    "%20<a%20href=": {
      "out": {
        "other": 149
      },
      "score": 0.585
    },
    "www.tl.com.tr": {
      "out": {
        "other": 130
      },
      "score": 0.571
    },
    "facebook.com/SENO.YTL": {
      "out": {
        "other": 114
      },
      "score": 0.557
    },
    "youshare.co": {
      "out": {
        "other": 108
      },
      "score": 0.552
    },
    "www.youtube.com": {
      "out": {
        "other": 106
      },
      "score": 0.550
    },
    "www.warofclicks.com": {
      "out": {
        "other": 104
      },
      "score": 0.548
    },
    "wad.ojooo.com": {
      "out": {
        "other": 104
      },
      "score": 0.548
    },
    "play.google.com": {
      "out": {
        "other": 99
      },
      "score": 0.543
    },
    "wordpressseno.files.wordpress.com": {
      "out": {
        "other": 98
      },
      "score": 0.542
    },
    "www.google.com": {
      "out": {
        "other": 91
      },
      "score": 0.534
    },
    "www.blogger.com": {
      "out": {
        "other": 79
      },
      "score": 0.520
    },
    "digadz.com": {
      "out": {
        "other": 78
      },
      "score": 0.518
    },
    "twitter.com/_Halil_Caglar_": {
      "out": {
        "other": 77
      },
      "score": 0.517
    },
    "www.paypal.com": {
      "out": {
        "other": 77
      },
      "score": 0.517
    },
    "parakazan.blog.fc2.com": {
      "out": {
        "other": 69
      },
      "score": 0.506
    },
    "v3.adhood.com": {
      "out": {
        "other": 67
      },
      "score": 0.503
    },
    "www.adcash.com": {
      "out": {
        "other": 67
      },
      "score": 0.503
    },
    "www.selcukuni.edublogs.org%C2%A0bakabilirsiniz": {
      "out": {
        "other": 65
      },
      "score": 0.5
    },
    "www.myiyo.com": {
      "out": {
        "other": 59
      },
      "score": 0.490
    },
    "www.bsu.edu": {
      "out": {
        "other": 54
      },
      "score": 0.480
    },
    "www.flash12.com": {
      "out": {
        "other": 54
      },
      "score": 0.480
    },
    "www.glassgiant.com": {
      "out": {
        "other": 54
      },
      "score": 0.480
    },
    "money.buffalo.io": {
      "out": {
        "other": 53
      },
      "score": 0.478
    },
    "bit.ly": {
      "out": {
        "other": 52
      },
      "score": 0.476
    },
    "www.trbux.net": {
      "out": {
        "other": 52
      },
      "score": 0.476
    },
    "www.e-junkie.com": {
      "out": {
        "other": 50
      },
      "score": 0.473
    },
    "wordpress.org": {
      "out": {
        "other": 50
      },
      "score": 0.473
    },
    "smallseotools.com": {
      "out": {
        "other": 50
      },
      "score": 0.473
    },
    "turkcoder.tk": {
      "out": {
        "other": 50
      },
      "score": 0.473
    },
    "wmaraci.com": {
      "out": {
        "other": 50
      },
      "score": 0.473
    },
    "www.shutterstock.com": {
      "out": {
        "other": 47
      },
      "score": 0.466
    },
    "tr.depositphotos.com": {
      "out": {
        "other": 46
      },
      "score": 0.464
    },
    "rapidshare.de": {
      "out": {
        "other": 45
      },
      "score": 0.462
    },
    "business.pinterest.com": {
      "out": {
        "other": 42
      },
      "score": 0.455
    },
    "www.pozitifsistem.com": {
      "out": {
        "other": 41
      },
      "score": 0.453
    },
    "www.gooyaabitemplates.com": {
      "out": {
        "other": 39
      },
      "score": 0.448
    },
    "csl.ink": {
      "out": {
        "other": 39
      },
      "score": 0.448
    },
    "www.blogtemplate4u.com": {
      "out": {
        "other": 39
      },
      "score": 0.448
    },
    "www.newbloggerthemes.com": {
      "out": {
        "other": 39
      },
      "score": 0.448
    },
    "www.themexpose.com": {
      "out": {
        "other": 39
      },
      "score": 0.448
    },
    "www.bthemez.com": {
      "out": {
        "other": 39
      },
      "score": 0.448
    },
    "www.templatetrackers.com": {
      "out": {
        "other": 39
      },
      "score": 0.448
    },
    "www.bloggertemplatesfree.com": {
      "out": {
        "other": 39
      },
      "score": 0.448
    },
    "www.mybloggerthemes.com": {
      "out": {
        "other": 39
      },
      "score": 0.448
    },
    "www.bestbloggertemplates.net": {
      "out": {
        "other": 39
      },
      "score": 0.448
    },
    "www.btemplates.com": {
      "out": {
        "other": 39
      },
      "score": 0.448
    },
    "http": {
      "out": {
        "other": 39
      },
      "score": 0.448
    },
    "netzspot.blogspot.com": {
      "out": {
        "other": 39
      },
      "score": 0.448
    },
    "www.neobux.com": {
      "out": {
        "other": 39
      },
      "score": 0.448
    },
    "www.soratemplates.com": {
      "out": {
        "other": 39
      },
      "score": 0.448
    },
    "gittigidiyor.com": {
      "out": {
        "other": 38
      },
      "score": 0.445
    },
    "www.reklamstore.com": {
      "out": {
        "other": 38
      },
      "score": 0.445
    },
    "www.kitapyurdu.com": {
      "out": {
        "other": 38
      },
      "score": 0.445
    },
    "www.adtriplex.com": {
      "out": {
        "other": 38
      },
      "score": 0.445
    },
    "atom.smasher.org": {
      "out": {
        "other": 36
      },
      "score": 0.439
    },
    "www.infotiger.com": {
      "out": {
        "other": 36
      },
      "score": 0.439
    },
    "www.3dtextmaker.com": {
      "out": {
        "other": 36
      },
      "score": 0.439
    },
    "www.acme.com": {
      "out": {
        "other": 36
      },
      "score": 0.439
    },
    "cooltext.com": {
      "out": {
        "other": 36
      },
      "score": 0.439
    },
    "www.graffiticreator.net": {
      "out": {
        "other": 36
      },
      "score": 0.439
    },
    "www.dreamstime.com": {
      "out": {
        "other": 34
      },
      "score": 0.433
    },
    "www.bigstockphoto.com": {
      "out": {
        "other": 34
      },
      "score": 0.433
    },
    "www.submitexpress.com": {
      "out": {
        "other": 27
      },
      "score": 0.410
    },
    "www.addme.com": {
      "out": {
        "other": 27
      },
      "score": 0.410
    },
    "fiverr.com": {
      "out": {
        "other": 26
      },
      "score": 0.406
    },
    "peerbackers.com": {
      "out": {
        "other": 26
      },
      "score": 0.406
    },
    "taskarmy.com": {
      "out": {
        "other": 26
      },
      "score": 0.406
    },
    "zone.org": {
      "out": {
        "other": 26
      },
      "score": 0.406
    },
    "www.youtube.com...WFNAXc&feature=youtu.be": {
      "out": {
        "other": 26
      },
      "score": 0.406
    },
    "bumerang.hurriyet.com.tr": {
      "out": {
        "other": 26
      },
      "score": 0.406
    },
    "www.clixsense.com": {
      "out": {
        "other": 26
      },
      "score": 0.406
    },
    "www.joinhiving.com": {
      "out": {
        "other": 26
      },
      "score": 0.406
    },
    "adpageviews.com": {
      "out": {
        "other": 26
      },
      "score": 0.406
    },
    "www.deluxetemplates.net": {
      "out": {
        "other": 26
      },
      "score": 0.406
    },
    "www.paypal.com.tr": {
      "out": {
        "other": 26
      },
      "score": 0.406
    },
    "forum.donanimhaber.com": {
      "out": {
        "other": 26
      },
      "score": 0.406
    },
    "zeerk.com": {
      "out": {
        "other": 26
      },
      "score": 0.406
    },
    "www.istockphoto.com": {
      "out": {
        "other": 26
      },
      "score": 0.406
    },
    "yapanzi.com": {
      "out": {
        "other": 26
      },
      "score": 0.406
    },
    "userscloud.com": {
      "out": {
        "other": 26
      },
      "score": 0.406
    },
    "www.sanbux.com": {
      "out": {
        "other": 26
      },
      "score": 0.406
    },
    "www.udemy.com": {
      "out": {
        "other": 25
      },
      "score": 0.401
    },
    "www.usertesting.com": {
      "out": {
        "other": 25
      },
      "score": 0.401
    },
    "member.wishlistproducts.com": {
      "out": {
        "other": 25
      },
      "score": 0.401
    },
    "www.cpmfun.com": {
      "out": {
        "other": 25
      },
      "score": 0.401
    },
    "www.coadvertise.com": {
      "out": {
        "other": 25
      },
      "score": 0.401
    },
    "payeer.com": {
      "out": {
        "other": 25
      },
      "score": 0.401
    },
    "thrivethemes.com": {
      "out": {
        "other": 25
      },
      "score": 0.401
    },
    "www.scoopshot.com": {
      "out": {
        "other": 25
      },
      "score": 0.401
    },
    "blogmasteryacademy.com": {
      "out": {
        "other": 25
      },
      "score": 0.401
    },
    "www.themidgame.com": {
      "out": {
        "other": 25
      },
      "score": 0.401
    },
    "www.reklam9.com": {
      "out": {
        "other": 25
      },
      "score": 0.401
    },
    "marketplace.500px.com": {
      "out": {
        "other": 25
      },
      "score": 0.401
    },
    "unbounce.com": {
      "out": {
        "other": 25
      },
      "score": 0.401
    },
    "www.learndash.com": {
      "out": {
        "other": 25
      },
      "score": 0.401
    },
    "www.clicksor.com": {
      "out": {
        "other": 25
      },
      "score": 0.401
    },
    "www.infolinks.com": {
      "out": {
        "other": 25
      },
      "score": 0.401
    },
    "www.webinarjam.com": {
      "out": {
        "other": 25
      },
      "score": 0.401
    },
    "yllix.com": {
      "out": {
        "other": 25
      },
      "score": 0.401
    },
    "www.fiverr.com": {
      "out": {
        "other": 25
      },
      "score": 0.401
    },
    "www.smugmug.com": {
      "out": {
        "other": 25
      },
      "score": 0.401
    },
    "www.aklamio.com": {
      "out": {
        "other": 25
      },
      "score": 0.401
    },
    "www.thinkific.com": {
      "out": {
        "other": 25
      },
      "score": 0.401
    },
    "woocommerce.com": {
      "out": {
        "other": 25
      },
      "score": 0.401
    },
    "affiliate-program.amazon.com": {
      "out": {
        "other": 25
      },
      "score": 0.401
    },
    "xn--indirdik-o0e.com": {
      "out": {
        "other": 25
      },
      "score": 0.401
    },
    "netbookmedia.com": {
      "out": {
        "other": 25
      },
      "score": 0.401
    },
    "sumome.com": {
      "out": {
        "other": 25
      },
      "score": 0.401
    },
    "dgmaxinteractive.com": {
      "out": {
        "other": 25
      },
      "score": 0.401
    },
    "www.aweber.com": {
      "out": {
        "other": 25
      },
      "score": 0.401
    },
    "skimlinks.com": {
      "out": {
        "other": 25
      },
      "score": 0.401
    },
    "pressbooks.com": {
      "out": {
        "other": 25
      },
      "score": 0.401
    },
    "www.paytoo.com": {
      "out": {
        "other": 25
      },
      "score": 0.401
    },
    "bionluk.com": {
      "out": {
        "other": 25
      },
      "score": 0.401
    },
    "blab.im": {
      "out": {
        "other": 25
      },
      "score": 0.401
    },
    "sadeceon.com": {
      "out": {
        "other": 25
      },
      "score": 0.401
    },
    "www.uxservices.com": {
      "out": {
        "other": 25
      },
      "score": 0.401
    },
    "www.viglink.com": {
      "out": {
        "other": 25
      },
      "score": 0.401
    },
    "ebookpartnership.com": {
      "out": {
        "other": 25
      },
      "score": 0.401
    },
    "mailchimp.com": {
      "out": {
        "other": 25
      },
      "score": 0.401
    },
    "www.reklamx.com.tr": {
      "out": {
        "other": 25
      },
      "score": 0.401
    },
    "media.net": {
      "out": {
        "other": 25
      },
      "score": 0.401
    },
    "www.adversal.com": {
      "out": {
        "other": 25
      },
      "score": 0.401
    },
    "chitika.com": {
      "out": {
        "other": 25
      },
      "score": 0.401
    },
    "www.gelirortaklari.com": {
      "out": {
        "other": 25
      },
      "score": 0.401
    },
    "www.gcmpartner.com": {
      "out": {
        "other": 25
      },
      "score": 0.401
    },
    "www.ligatus.com.tr": {
      "out": {
        "other": 25
      },
      "score": 0.401
    },
    "www.reklamagaci.com": {
      "out": {
        "other": 25
      },
      "score": 0.401
    },
    "www.upwork.com": {
      "out": {
        "other": 25
      },
      "score": 0.401
    },
    "www.wordego.com": {
      "out": {
        "other": 25
      },
      "score": 0.401
    },
    "optinmonster.com": {
      "out": {
        "other": 25
      },
      "score": 0.401
    },
    "www.optimizepress.com": {
      "out": {
        "other": 25
      },
      "score": 0.401
    },
    "www.shopify.com": {
      "out": {
        "other": 25
      },
      "score": 0.401
    },
    "uzmanreklam.com": {
      "out": {
        "other": 25
      },
      "score": 0.401
    },
    "stripe.com": {
      "out": {
        "other": 25
      },
      "score": 0.401
    },
    "www.constantcontact.com": {
      "out": {
        "other": 25
      },
      "score": 0.401
    },
    "linkwi.se": {
      "out": {
        "other": 25
      },
      "score": 0.401
    },
    "s2member.com": {
      "out": {
        "other": 25
      },
      "score": 0.401
    },
    "www.leadpages.net": {
      "out": {
        "other": 25
      },
      "score": 0.401
    },
    "www.reklamport.com": {
      "out": {
        "other": 25
      },
      "score": 0.401
    },
    "www.addynamo.com": {
      "out": {
        "other": 25
      },
      "score": 0.401
    },
    "www.intellilinks.com": {
      "out": {
        "other": 25
      },
      "score": 0.401
    },
    "tr.pinterest.com": {
      "out": {
        "other": 21
      },
      "score": 0.384
    },
    "www.canstockphoto.com": {
      "out": {
        "other": 21
      },
      "score": 0.384
    },
    "www.crestock.com": {
      "out": {
        "other": 21
      },
      "score": 0.384
    },
    "www.napolyon.com": {
      "out": {
        "other": 21
      },
      "score": 0.384
    },
    "ninjaimages.com": {
      "out": {
        "other": 21
      },
      "score": 0.384
    },
    "tr.123rf.com": {
      "out": {
        "other": 21
      },
      "score": 0.384
    },
    "tr.fotolia.com": {
      "out": {
        "other": 21
      },
      "score": 0.384
    },
    "popmyads.com": {
      "out": {
        "other": 21
      },
      "score": 0.384
    },
    "www.slicethepie.com": {
      "out": {
        "other": 21
      },
      "score": 0.384
    },
    "www.popads.net": {
      "out": {
        "other": 21
      },
      "score": 0.384
    },
    "netlioo.com": {
      "out": {
        "other": 20
      },
      "score": 0.379
    },
    "www.gigablast.com": {
      "out": {
        "other": 18
      },
      "score": 0.368
    },
    "www.freewebsubmission.com": {
      "out": {
        "other": 18
      },
      "score": 0.368
    },
    "www.comicstripgenerator.com": {
      "out": {
        "other": 18
      },
      "score": 0.368
    },
    "www.picturetopeople.org": {
      "out": {
        "other": 18
      },
      "score": 0.368
    },
    "www.tripod.de": {
      "out": {
        "other": 18
      },
      "score": 0.368
    },
    "www.lintukoto.net": {
      "out": {
        "other": 18
      },
      "score": 0.368
    },
    "www.anoox.com": {
      "out": {
        "other": 18
      },
      "score": 0.368
    },
    "ssl.bing.com": {
      "out": {
        "other": 18
      },
      "score": 0.368
    },
    "www.neleryokki.com": {
      "out": {
        "other": 18
      },
      "score": 0.368
    },
    "www.bigoo.ws": {
      "out": {
        "other": 18
      },
      "score": 0.368
    },
    "webmaster.yandex.com.tr": {
      "out": {
        "other": 18
      },
      "score": 0.368
    },
    "www.8ung.at": {
      "out": {
        "other": 18
      },
      "score": 0.368
    },
    "www.altropc.it": {
      "out": {
        "other": 18
      },
      "score": 0.368
    },
    "www.foontje.nl": {
      "out": {
        "other": 18
      },
      "score": 0.368
    },
    "celestial-star.net": {
      "out": {
        "other": 18
      },
      "score": 0.368
    },
    "www.1stsitefree.com": {
      "out": {
        "other": 18
      },
      "score": 0.368
    },
    "www.hyperjump.net": {
      "out": {
        "other": 18
      },
      "score": 0.368
    },
    "www.submitstart.com": {
      "out": {
        "other": 18
      },
      "score": 0.368
    },
    "www.fortunecity.de": {
      "out": {
        "other": 18
      },
      "score": 0.368
    },
    "www.nexusdirectory.com": {
      "out": {
        "other": 18
      },
      "score": 0.368
    },
    "www.onlinesociety.org": {
      "out": {
        "other": 18
      },
      "score": 0.368
    },
    "www.synergy-directory.com": {
      "out": {
        "other": 18
      },
      "score": 0.368
    },
    "www.webspawner.com": {
      "out": {
        "other": 18
      },
      "score": 0.368
    },
    "www2.glitteryourway.com": {
      "out": {
        "other": 18
      },
      "score": 0.368
    },
    "illustmaker.abi-station.com": {
      "out": {
        "other": 18
      },
      "score": 0.368
    },
    "www.submissionwebdirectory.com": {
      "out": {
        "other": 18
      },
      "score": 0.368
    },
    "www.hetemeel.com": {
      "out": {
        "other": 18
      },
      "score": 0.368
    },
    "www.letterjames.de": {
      "out": {
        "other": 18
      },
      "score": 0.368
    },
    "www.tapporo.com": {
      "out": {
        "other": 18
      },
      "score": 0.368
    },
    "www.axxasearch.com": {
      "out": {
        "other": 18
      },
      "score": 0.368
    },
    "www.boitho.com": {
      "out": {
        "other": 18
      },
      "score": 0.368
    },
    "www.intelseek.com": {
      "out": {
        "other": 18
      },
      "score": 0.368
    },
    "www.online-sign.com": {
      "out": {
        "other": 18
      },
      "score": 0.368
    },
    "www.compucert.com": {
      "out": {
        "other": 18
      },
      "score": 0.368
    },
    "www.siterankhistory.com": {
      "out": {
        "other": 18
      },
      "score": 0.368
    },
    "facebook.com/tapporoapp": {
      "out": {
        "other": 18
      },
      "score": 0.368
    },
    "www.exalead.com": {
      "out": {
        "other": 18
      },
      "score": 0.368
    },
    "www.marijn.org": {
      "out": {
        "other": 18
      },
      "score": 0.368
    },
    "www.notcelebrity.co.uk": {
      "out": {
        "other": 18
      },
      "score": 0.368
    },
    "www.thegreatdirectory.org": {
      "out": {
        "other": 18
      },
      "score": 0.368
    },
    "www.activesearchresults.com": {
      "out": {
        "other": 18
      },
      "score": 0.368
    },
    "www.directory-free.com": {
      "out": {
        "other": 18
      },
      "score": 0.368
    },
    "www.bravenet.com": {
      "out": {
        "other": 18
      },
      "score": 0.368
    },
    "www.claymont.com": {
      "out": {
        "other": 18
      },
      "score": 0.368
    },
    "www.streetsigngenerator.com": {
      "out": {
        "other": 18
      },
      "score": 0.368
    },
    "www.secretsearchenginelabs.com": {
      "out": {
        "other": 18
      },
      "score": 0.368
    },
    "search.sonicrun.com": {
      "out": {
        "other": 18
      },
      "score": 0.368
    },
    "www.somuch.com": {
      "out": {
        "other": 18
      },
      "score": 0.368
    },
    "hitleap.com": {
      "out": {
        "other": 18
      },
      "score": 0.368
    },
    "www.gainweb.org": {
      "out": {
        "other": 18
      },
      "score": 0.368
    },
    "www.goglogo.com": {
      "out": {
        "other": 18
      },
      "score": 0.368
    },
    "www.flashvortex.com": {
      "out": {
        "other": 18
      },
      "score": 0.368
    },
    "www.fodey.com": {
      "out": {
        "other": 18
      },
      "score": 0.368
    },
    "flamingtext.com": {
      "out": {
        "other": 18
      },
      "score": 0.368
    },
    "onlinewahn.de": {
      "out": {
        "other": 18
      },
      "score": 0.368
    },
    "www.linkpopularity.com": {
      "out": {
        "other": 18
      },
      "score": 0.368
    },
    "home.pages.at": {
      "out": {
        "other": 18
      },
      "score": 0.368
    },
    "www.text2logo.com": {
      "out": {
        "other": 18
      },
      "score": 0.368
    },
    "www.entireweb.com": {
      "out": {
        "other": 18
      },
      "score": 0.368
    },
    "www.quickblog.com": {
      "out": {
        "other": 18
      },
      "score": 0.368
    },
    "www.imagegenerator.net": {
      "out": {
        "other": 18
      },
      "score": 0.368
    },
    "www.depositphotos.com": {
      "out": {
        "other": 13
      },
      "score": 0.335
    },
    "www.surveyscout.com": {
      "out": {
        "other": 13
      },
      "score": 0.335
    },
    "insbakanlar.com": {
      "out": {
        "other": 13
      },
      "score": 0.335
    },
    "takips.com": {
      "out": {
        "other": 13
      },
      "score": 0.335
    },
    "turktakipci.com": {
      "out": {
        "other": 13
      },
      "score": 0.335
    },
    "www.bitwalking.com": {
      "out": {
        "other": 13
      },
      "score": 0.335
    },
    "www.etohum.com": {
      "out": {
        "other": 13
      },
      "score": 0.335
    },
    "instantdomainsearch.com": {
      "out": {
        "other": 13
      },
      "score": 0.335
    },
    "takipciadresi.com": {
      "out": {
        "other": 13
      },
      "score": 0.335
    },
    "www.uploadstation.com": {
      "out": {
        "other": 13
      },
      "score": 0.335
    },
    "www.cdbaby.com": {
      "out": {
        "other": 13
      },
      "score": 0.335
    },
    "www.checkpoints.com": {
      "out": {
        "other": 13
      },
      "score": 0.335
    },
    "www.fikirpazari.web.tr": {
      "out": {
        "other": 13
      },
      "score": 0.335
    },
    "www.isim.com": {
      "out": {
        "other": 13
      },
      "score": 0.335
    },
    "www.ozeldersilan.com": {
      "out": {
        "other": 13
      },
      "score": 0.335
    },
    "tr.oldversion.com": {
      "out": {
        "other": 13
      },
      "score": 0.335
    },
    "www.freelancersupport.com": {
      "out": {
        "other": 13
      },
      "score": 0.335
    },
    "www.mycroburst.com": {
      "out": {
        "other": 13
      },
      "score": 0.335
    },
    "www.surveyhead.com": {
      "out": {
        "other": 13
      },
      "score": 0.335
    },
    "www.tsoft.com.tr": {
      "out": {
        "other": 13
      },
      "score": 0.335
    },
    "www.corporate.supportspace.com": {
      "out": {
        "other": 13
      },
      "score": 0.335
    },
    "www.gittigidiyor.com": {
      "out": {
        "other": 13
      },
      "score": 0.335
    },
    "www.idefix.com": {
      "out": {
        "other": 13
      },
      "score": 0.335
    },
    "retweethavuzu.com": {
      "out": {
        "other": 13
      },
      "score": 0.335
    },
    "twittroloji.com": {
      "out": {
        "other": 13
      },
      "score": 0.335
    },
    "www.camstudio.org": {
      "out": {
        "other": 13
      },
      "score": 0.335
    },
    "www.clickworker.com": {
      "out": {
        "other": 13
      },
      "score": 0.335
    },
    "www.crowdspring.com": {
      "out": {
        "other": 13
      },
      "score": 0.335
    },
    "www.ifreelance.com": {
      "out": {
        "other": 13
      },
      "score": 0.335
    },
    "www.ozelders.com": {
      "out": {
        "other": 13
      },
      "score": 0.335
    },
    "adsense.google.com": {
      "out": {
        "other": 13
      },
      "score": 0.335
    },
    "www.crossloop.com": {
      "out": {
        "other": 13
      },
      "score": 0.335
    },
    "www.myfikirler.com": {
      "out": {
        "other": 13
      },
      "score": 0.335
    },
    "www.r10.net": {
      "out": {
        "other": 13
      },
      "score": 0.335
    },
    "www.sponsume.com": {
      "out": {
        "other": 13
      },
      "score": 0.335
    },
    "www.traduguide.com": {
      "out": {
        "other": 13
      },
      "score": 0.335
    },
    "addmf.co": {
      "out": {
        "other": 13
      },
      "score": 0.335
    },
    "www.thepanelstation.com": {
      "out": {
        "other": 13
      },
      "score": 0.335
    },
    "www.etsy.com": {
      "out": {
        "other": 13
      },
      "score": 0.335
    },
    "www.hemenal.com": {
      "out": {
        "other": 13
      },
      "score": 0.335
    },
    "www.sumopaint.com": {
      "out": {
        "other": 13
      },
      "score": 0.335
    },
    "retweetkazan.com": {
      "out": {
        "other": 13
      },
      "score": 0.335
    },
    "www.allcapture.com": {
      "out": {
        "other": 13
      },
      "score": 0.335
    },
    "www.freelancer.com": {
      "out": {
        "other": 13
      },
      "score": 0.335
    },
    "casho.com": {
      "out": {
        "other": 13
      },
      "score": 0.335
    },
    "www.logovendor.com": {
      "out": {
        "other": 13
      },
      "score": 0.335
    },
    "www.transquotation.com": {
      "out": {
        "other": 13
      },
      "score": 0.335
    },
    "www.ozeldersveren.com": {
      "out": {
        "other": 13
      },
      "score": 0.335
    },
    "www.wetransfer.com": {
      "out": {
        "other": 13
      },
      "score": 0.335
    },
    "giphy.com": {
      "out": {
        "other": 13
      },
      "score": 0.335
    },
    "www.logomyway.com": {
      "out": {
        "other": 13
      },
      "score": 0.335
    },
    "www.nettekazanma.com": {
      "out": {
        "other": 13
      },
      "score": 0.335
    },
    "www.translatorscafe.com": {
      "out": {
        "other": 13
      },
      "score": 0.335
    },
    "www.liveperson.com": {
      "out": {
        "other": 13
      },
      "score": 0.335
    },
    "www.oron.com": {
      "out": {
        "other": 13
      },
      "score": 0.335
    },
    "www.proz.com": {
      "out": {
        "other": 13
      },
      "score": 0.335
    },
    "www.utest.com": {
      "out": {
        "other": 13
      },
      "score": 0.335
    },
    "az608270.vo.msecnd.net": {
      "out": {
        "other": 13
      },
      "score": 0.335
    },
    "www.fieldagent.net": {
      "out": {
        "other": 13
      },
      "score": 0.335
    },
    "www.tunecore.com": {
      "out": {
        "other": 13
      },
      "score": 0.335
    },
    "www.ideaoffer.com": {
      "out": {
        "other": 13
      },
      "score": 0.335
    },
    "www.procevirmen.com": {
      "out": {
        "other": 13
      },
      "score": 0.335
    },
    "www.elance.com": {
      "out": {
        "other": 13
      },
      "score": 0.335
    },
    "www.shouldiremoveit.com": {
      "out": {
        "other": 13
      },
      "score": 0.335
    },
    "www.fourerr.com": {
      "out": {
        "other": 13
      },
      "score": 0.335
    },
    "images.neobux.com": {
      "out": {
        "other": 13
      },
      "score": 0.335
    },
    "www.adklik.com.tr": {
      "out": {
        "other": 13
      },
      "score": 0.335
    },
    "www.birtikla.net": {
      "out": {
        "other": 13
      },
      "score": 0.335
    },
    "www.fotolia.com.tr": {
      "out": {
        "other": 13
      },
      "score": 0.335
    },
    "www.tikla.info": {
      "out": {
        "other": 13
      },
      "score": 0.335
    },
    "kitapyurdu.com": {
      "out": {
        "other": 13
      },
      "score": 0.335
    },
    "www.fileserve.com": {
      "out": {
        "other": 13
      },
      "score": 0.335
    },
    "secure.bingads.microsoft.com": {
      "out": {
        "other": 13
      },
      "score": 0.335
    },
    "www.designcrowd.com": {
      "out": {
        "other": 13
      },
      "score": 0.335
    },
    "www.namedrive.com": {
      "out": {
        "other": 13
      },
      "score": 0.335
    },
    "facebook.com/phewtick": {
      "out": {
        "other": 13
      },
      "score": 0.335
    },
    "www.atomisystems.com": {
      "out": {
        "other": 13
      },
      "score": 0.335
    },
    "www.hepsiburada.com": {
      "out": {
        "other": 13
      },
      "score": 0.335
    },
    "takipcihavuzu.gen.tr": {
      "out": {
        "other": 13
      },
      "score": 0.335
    },
    "adretweet.com": {
      "out": {
        "other": 13
      },
      "score": 0.335
    },
    "sahibinden.com": {
      "out": {
        "other": 13
      },
      "score": 0.335
    },
    "takipcik.com": {
      "out": {
        "other": 13
      },
      "score": 0.335
    },
    "www.ozel-ders.com": {
      "out": {
        "other": 13
      },
      "score": 0.335
    },
    "wildwallet.com": {
      "out": {
        "other": 13
      },
      "score": 0.335
    },
    "www.platinmarket.com": {
      "out": {
        "other": 13
      },
      "score": 0.335
    },
    "www.gonitro.com": {
      "out": {
        "other": 13
      },
      "score": 0.335
    },
    "<a%20href=": {
      "out": {
        "other": 13
      },
      "score": 0.335
    },
    "www.adnet.com.tr": {
      "out": {
        "other": 13
      },
      "score": 0.335
    },
    "www.codecanyon.net": {
      "out": {
        "other": 13
      },
      "score": 0.335
    },
    "www.forum.iyinet.com": {
      "out": {
        "other": 13
      },
      "score": 0.335
    },
    "www.kolaymagaza.com": {
      "out": {
        "other": 13
      },
      "score": 0.335
    },
    "www.rent-acoder.com": {
      "out": {
        "other": 13
      },
      "score": 0.335
    },
    "mailvu.com": {
      "out": {
        "other": 13
      },
      "score": 0.335
    },
    "www.paidviewpoint.com": {
      "out": {
        "other": 13
      },
      "score": 0.335
    },
    "twitly.net": {
      "out": {
        "other": 13
      },
      "score": 0.335
    },
    "www.fottom.com": {
      "out": {
        "other": 13
      },
      "score": 0.335
    },
    "privnote.com": {
      "out": {
        "other": 13
      },
      "score": 0.335
    },
    "retweetcim.org": {
      "out": {
        "other": 13
      },
      "score": 0.335
    },
    "www.pasaj.com": {
      "out": {
        "other": 13
      },
      "score": 0.335
    },
    "www.domainsponsor.com": {
      "out": {
        "other": 13
      },
      "score": 0.335
    },
    "www.mturk.com": {
      "out": {
        "other": 13
      },
      "score": 0.335
    },
    "www.webmastersitesi.com": {
      "out": {
        "other": 13
      },
      "score": 0.335
    },
    "unfurlr.com": {
      "out": {
        "other": 13
      },
      "score": 0.335
    },
    "www.hotfile.com": {
      "out": {
        "other": 13
      },
      "score": 0.335
    },
    "www.livemocha.com": {
      "out": {
        "other": 13
      },
      "score": 0.335
    },
    "www.neticaret.com": {
      "out": {
        "other": 13
      },
      "score": 0.335
    },
    "www.techsmith.com": {
      "out": {
        "other": 13
      },
      "score": 0.335
    },
    "takipcikazan.org": {
      "out": {
        "other": 13
      },
      "score": 0.335
    },
    "www.guru.com": {
      "out": {
        "other": 13
      },
      "score": 0.335
    },
    "www.ideasoft.com.tr": {
      "out": {
        "other": 13
      },
      "score": 0.335
    },
    "www.corbisimages.com": {
      "out": {
        "other": 13
      },
      "score": 0.335
    },
    "www.kickstarter.com": {
      "out": {
        "other": 13
      },
      "score": 0.335
    },
    "www.projekurdu.com": {
      "out": {
        "other": 13
      },
      "score": 0.335
    },
    "www.hyperionics.com": {
      "out": {
        "other": 13
      },
      "score": 0.335
    },
    "senatortr.blogcu.com": {
      "out": {
        "other": 13
      },
      "score": 0.335
    },
    "www.hulkshare.com": {
      "out": {
        "other": 13
      },
      "score": 0.335
    },
    "www.sedo.com": {
      "out": {
        "other": 13
      },
      "score": 0.335
    },
    "www.99designs.com": {
      "out": {
        "other": 13
      },
      "score": 0.335
    },
    "www.dersverilir.net": {
      "out": {
        "other": 13
      },
      "score": 0.335
    },
    "www.filesonic.com": {
      "out": {
        "other": 13
      },
      "score": 0.335
    },
    "easyshiftapp.com": {
      "out": {
        "other": 13
      },
      "score": 0.335
    },
    "hepsiburada.com": {
      "out": {
        "other": 13
      },
      "score": 0.335
    },
    "tr.duolingo.com": {
      "out": {
        "other": 13
      },
      "score": 0.335
    },
    "www.benderimki.com": {
      "out": {
        "other": 13
      },
      "score": 0.335
    },
    "www.namingforce.com": {
      "out": {
        "other": 13
      },
      "score": 0.335
    },
    "www.parked.com": {
      "out": {
        "other": 13
      },
      "score": 0.335
    },
    "www.uzmankirala.com": {
      "out": {
        "other": 13
      },
      "score": 0.335
    },
    "208.254.56.130": {
      "out": {
        "other": 9
      },
      "score": 0.297
    },
    "www.exit.mytoday.de": {
      "out": {
        "other": 9
      },
      "score": 0.297
    },
    "www.megaupload.com": {
      "out": {
        "other": 9
      },
      "score": 0.297
    },
    "www.freepage4you.de": {
      "out": {
        "other": 9
      },
      "score": 0.297
    },
    "coolfreepages.com": {
      "out": {
        "other": 9
      },
      "score": 0.297
    },
    "shurzan.cjb.net": {
      "out": {
        "other": 9
      },
      "score": 0.297
    },
    "www.planet-school.de": {
      "out": {
        "other": 9
      },
      "score": 0.297
    },
    "itunes.apple.com": {
      "out": {
        "other": 9
      },
      "score": 0.297
    },
    "www.100click.com": {
      "out": {
        "other": 9
      },
      "score": 0.297
    },
    "delphi.icm.edu.pl": {
      "out": {
        "other": 9
      },
      "score": 0.297
    },
    "www.domfree.de": {
      "out": {
        "other": 9
      },
      "score": 0.297
    },
    "www.downloadfreefonts.com": {
      "out": {
        "other": 9
      },
      "score": 0.297
    },
    "www.xoasis.com": {
      "out": {
        "other": 9
      },
      "score": 0.297
    },
    "www.guestbook-free.com": {
      "out": {
        "other": 9
      },
      "score": 0.297
    },
    "t1hosting.co.uk": {
      "out": {
        "other": 9
      },
      "score": 0.297
    },
    "www.Gratistown.de": {
      "out": {
        "other": 9
      },
      "score": 0.297
    },
    "www.free-hoster.com": {
      "out": {
        "other": 9
      },
      "score": 0.297
    },
    "www.gif-archiv.de": {
      "out": {
        "other": 9
      },
      "score": 0.297
    },
    "www.host4u.at": {
      "out": {
        "other": 9
      },
      "score": 0.297
    },
    "www.gaestebuchportal.de": {
      "out": {
        "other": 9
      },
      "score": 0.297
    },
    "www.host.sk": {
      "out": {
        "other": 9
      },
      "score": 0.297
    },
    "www.findall.de": {
      "out": {
        "other": 9
      },
      "score": 0.297
    },
    "www.freewebtown.com": {
      "out": {
        "other": 9
      },
      "score": 0.297
    },
    "www.netguestbook.com": {
      "out": {
        "other": 9
      },
      "score": 0.297
    },
    "hosting.agava.ru": {
      "out": {
        "other": 9
      },
      "score": 0.297
    },
    "www.garagemoney.com": {
      "out": {
        "other": 9
      },
      "score": 0.297
    },
    "www.turk-portal.org": {
      "out": {
        "other": 9
      },
      "score": 0.297
    },
    "my.surfzone.at": {
      "out": {
        "other": 9
      },
      "score": 0.297
    },
    "www.netfirms.com": {
      "out": {
        "other": 9
      },
      "score": 0.297
    },
    "www.server2000.at": {
      "out": {
        "other": 9
      },
      "score": 0.297
    },
    "www.gifarchiv.net": {
      "out": {
        "other": 9
      },
      "score": 0.297
    },
    "www.juergen.at": {
      "out": {
        "other": 9
      },
      "score": 0.297
    },
    "www.metropolis.de": {
      "out": {
        "other": 9
      },
      "score": 0.297
    },
    "www.mezzo-online.com": {
      "out": {
        "other": 9
      },
      "score": 0.297
    },
    "www.nixfree.com": {
      "out": {
        "other": 9
      },
      "score": 0.297
    },
    "67.62.28.140": {
      "out": {
        "other": 9
      },
      "score": 0.297
    },
    "gezelimcom.sitemynet.com": {
      "out": {
        "other": 9
      },
      "score": 0.297
    },
    "www.domainsarefree.com": {
      "out": {
        "other": 9
      },
      "score": 0.297
    },
    "ultraedit.com": {
      "out": {
        "other": 9
      },
      "score": 0.297
    },
    "www.fwsh.com": {
      "out": {
        "other": 9
      },
      "score": 0.297
    },
    "www.guestbook.at": {
      "out": {
        "other": 9
      },
      "score": 0.297
    },
    "www.jugendweb.net": {
      "out": {
        "other": 9
      },
      "score": 0.297
    },
    "www.statcounter.com": {
      "out": {
        "other": 9
      },
      "score": 0.297
    },
    "www.dk3.com": {
      "out": {
        "other": 9
      },
      "score": 0.297
    },
    "www.ekiwi.de": {
      "out": {
        "other": 9
      },
      "score": 0.297
    },
    "www.freefonts.com": {
      "out": {
        "other": 9
      },
      "score": 0.297
    },
    "www.maxi-web.net": {
      "out": {
        "other": 9
      },
      "score": 0.297
    },
    "www.planetkostenlos.de": {
      "out": {
        "other": 9
      },
      "score": 0.297
    },
    "www.psyhoza.as.ro": {
      "out": {
        "other": 9
      },
      "score": 0.297
    },
    "www.guestbook.nu": {
      "out": {
        "other": 9
      },
      "score": 0.297
    },
    "www.zeropages.com": {
      "out": {
        "other": 9
      },
      "score": 0.297
    },
    "www.freegb.net": {
      "out": {
        "other": 9
      },
      "score": 0.297
    },
    "www.webmasterslive.de": {
      "out": {
        "other": 9
      },
      "score": 0.297
    },
    "www.piranho.com": {
      "out": {
        "other": 9
      },
      "score": 0.297
    },
    "www.nexgo.de": {
      "out": {
        "other": 9
      },
      "score": 0.297
    },
    "www.orgfree.com": {
      "out": {
        "other": 9
      },
      "score": 0.297
    },
    "193.6.156.16": {
      "out": {
        "other": 9
      },
      "score": 0.297
    },
    "www.downloadhosting.com": {
      "out": {
        "other": 9
      },
      "score": 0.297
    },
    "www.felice.de": {
      "out": {
        "other": 9
      },
      "score": 0.297
    },
    "www.heim.at": {
      "out": {
        "other": 9
      },
      "score": 0.297
    },
    "www.magic-web.net": {
      "out": {
        "other": 9
      },
      "score": 0.297
    },
    "www.sitepalace.com": {
      "out": {
        "other": 9
      },
      "score": 0.297
    },
    "www.xlarge.at": {
      "out": {
        "other": 9
      },
      "score": 0.297
    },
    "www.claranet.de": {
      "out": {
        "other": 9
      },
      "score": 0.297
    },
    "www.guestbookdepot.com": {
      "out": {
        "other": 9
      },
      "score": 0.297
    },
    "www.citymart.de": {
      "out": {
        "other": 9
      },
      "score": 0.297
    },
    "www.free-font-download.com": {
      "out": {
        "other": 9
      },
      "score": 0.297
    },
    "www.internetworx.de": {
      "out": {
        "other": 9
      },
      "score": 0.297
    },
    "www.johann.simplenet.com": {
      "out": {
        "other": 9
      },
      "score": 0.297
    },
    "www.prodraw.net": {
      "out": {
        "other": 9
      },
      "score": 0.297
    },
    "bz.tc": {
      "out": {
        "other": 9
      },
      "score": 0.297
    },
    "www.arcor.de": {
      "out": {
        "other": 9
      },
      "score": 0.297
    },
    "www.freepage.de": {
      "out": {
        "other": 9
      },
      "score": 0.297
    },
    "www.wz2k.co.uk": {
      "out": {
        "other": 9
      },
      "score": 0.297
    },
    "images-blogger-opensocial.googleusercontent.com": {
      "out": {
        "other": 9
      },
      "score": 0.297
    },
    "www2.turkvista.net": {
      "out": {
        "other": 9
      },
      "score": 0.297
    },
    "www.funpic.de": {
      "out": {
        "other": 9
      },
      "score": 0.297
    },
    "www.clawz.com": {
      "out": {
        "other": 9
      },
      "score": 0.297
    },
    "www.flashkit.com": {
      "out": {
        "other": 9
      },
      "score": 0.297
    },
    "www.animationfactory.com": {
      "out": {
        "other": 9
      },
      "score": 0.297
    },
    "www.multimania.com": {
      "out": {
        "other": 9
      },
      "score": 0.297
    },
    "www.donanimmerkezi.com": {
      "out": {
        "other": 9
      },
      "score": 0.297
    },
    "www.1freehost24.de": {
      "out": {
        "other": 9
      },
      "score": 0.297
    },
    "www.doctorreishi.net": {
      "out": {
        "other": 9
      },
      "score": 0.297
    },
    "www.fontface.com": {
      "out": {
        "other": 9
      },
      "score": 0.297
    },
    "www.free-hoster.cc": {
      "out": {
        "other": 9
      },
      "score": 0.297
    },
    "www.nexen.net": {
      "out": {
        "other": 9
      },
      "score": 0.297
    },
    "www.webstat.net": {
      "out": {
        "other": 9
      },
      "score": 0.297
    },
    "www.it-pc.de": {
      "out": {
        "other": 9
      },
      "score": 0.297
    },
    "gul2.bim.gantep.edu.tr": {
      "out": {
        "other": 9
      },
      "score": 0.297
    },
    "hp.vector.co.jp": {
      "out": {
        "other": 9
      },
      "score": 0.297
    },
    "www.coolfreepages.com": {
      "out": {
        "other": 9
      },
      "score": 0.297
    },
    "www.ultraguest.com": {
      "out": {
        "other": 9
      },
      "score": 0.297
    },
    "www.tr1.net": {
      "out": {
        "other": 9
      },
      "score": 0.297
    },
    "photoshop.sayfasi.com": {
      "out": {
        "other": 9
      },
      "score": 0.297
    },
    "www.home.ch": {
      "out": {
        "other": 9
      },
      "score": 0.297
    },
    "www.domaindlx.com": {
      "out": {
        "other": 9
      },
      "score": 0.297
    },
    "goo.gl": {
      "out": {
        "other": 9
      },
      "score": 0.297
    },
    "www.cityspace.de": {
      "out": {
        "other": 9
      },
      "score": 0.297
    },
    "www.free.fr": {
      "out": {
        "other": 9
      },
      "score": 0.297
    },
    "www.gizlivadi.com": {
      "out": {
        "other": 9
      },
      "score": 0.297
    },
    "www.x-mail.net": {
      "out": {
        "other": 9
      },
      "score": 0.297
    },
    "www.cool-fonts.com": {
      "out": {
        "other": 9
      },
      "score": 0.297
    },
    "www.freenet.de": {
      "out": {
        "other": 9
      },
      "score": 0.297
    },
    "www.imageshack.us": {
      "out": {
        "other": 9
      },
      "score": 0.297
    },
    "www.webspace-empire.de": {
      "out": {
        "other": 9
      },
      "score": 0.297
    },
    "62.39.106.25": {
      "out": {
        "other": 9
      },
      "score": 0.297
    },
    "www.chris-thomsen.de": {
      "out": {
        "other": 9
      },
      "score": 0.297
    },
    "www.cs.hu": {
      "out": {
        "other": 9
      },
      "score": 0.297
    },
    "www.staticfree.net": {
      "out": {
        "other": 9
      },
      "score": 0.297
    },
    "www.websamba.com": {
      "out": {
        "other": 9
      },
      "score": 0.297
    },
    "zombipio.com": {
      "out": {
        "other": 8
      },
      "score": 0.284
    },
    "Array": {
      "out": {
        "other": 6
      },
      "score": 0.255
    },
    "sharepost.bravesites.com": {
      "out": {
        "other": 6
      },
      "score": 0.255
    },
    "trink24.blog.jp": {
      "out": {
        "other": 6
      },
      "score": 0.255
    },
    "wordpressseno.wordpress.com": {
      "out": {
        "other": 6
      },
      "score": 0.255
    },
    "www.webparakazan.com": {
      "out": {
        "other": 4
      },
      "score": 0.214
    },
    "brid.gy": {
      "in": {
        "other": 2
      },
      "score": 0.0711
    }
  }
}