{
  "domain": "billy.moonlightrambler.net",
  "urls": [
    "https://billy.moonlightrambler.net/profile/billymaddex",
    "https://github.com/billymaddex",
    "https://photos.moonlightrambler.net",
    "https://plus.google.com/+billymaddex",
    "https://youtube.com/billymaddex",
    "https://twitter.com/billymaddex",
    "https://keybase.io/billymaddex",
    "https://facebook.com/billy.maddex"
  ],
  "names": [
    "Billy Maddex",
    "Billy's Known"
  ],
  "descriptions": [
    "I like math, because it's beautiful and computers, because they're logical. I like people because they are neither. Crazy life goal: sail around the world.",
    "A social website powered by Known"
  ],
  "pictures": [
    "https://billy.moonlightrambler.net/file/a19e2c808525070c0bedbfb651ca6676/thumb.jpg"
  ],
  "hcard": {
    "properties": {
      "email": [
        "mailto:billy@moonlightrambler.net"
      ],
      "name": [
        "Billy Maddex"
      ],
      "note": [
        {
          "html": "<div class=\"highlightedText\">\n<p>I like math, because it's beautiful and computers, because they're logical. I like people because they are neither. Crazy life goal: sail around the world.</p>\n</div>",
          "value": "\nI like math, because it's beautiful and computers, because they're logical. I like people because they are neither. Crazy life goal: sail around the world.\n"
        }
      ],
      "photo": [
        "https://billy.moonlightrambler.net/file/a19e2c808525070c0bedbfb651ca6676/thumb.jpg"
      ],
      "profile": [
        "Billy Maddex"
      ],
      "url": [
        "https://billy.moonlightrambler.net/profile/billymaddex",
        "https://billy.moonlightrambler.net/profile/billymaddex",
        "https://github.com/billymaddex",
        "https://photos.moonlightrambler.net",
        "https://plus.google.com/+billymaddex",
        "https://youtube.com/billymaddex",
        "https://twitter.com/billymaddex",
        "https://keybase.io/billymaddex",
        "https://facebook.com/billy.maddex"
      ]
    },
    "type": [
      "h-card"
    ]
  },
  "rel_mes": [
    "mailto:billy@moonlightrambler.net",
    "https://github.com/billymaddex",
    "https://photos.moonlightrambler.net",
    "https://plus.google.com/+billymaddex",
    "https://youtube.com/billymaddex",
    "https://twitter.com/billymaddex",
    "https://keybase.io/billymaddex",
    "https://facebook.com/billy.maddex"
  ],
  "crawl_start": "2017-06-09T17:33:53",
  "crawl_end": "2017-06-09T17:34:38",
  "num_pages": 28,
  "total_html_size": 814135,
  "servers": [
    "nginx",
    "Known"
  ],
  "mf2_classes": [
    "h-card",
    "h-entry",
    "h-cite"
  ],
  "tags": [
    "relme",
    "webmention",
    "micropub",
    "authorization",
    "token",
    "websub",
    "Known"
  ],
  "endpoints": {
    "webmention": [
      "https://billy.moonlightrambler.net/webmention/"
    ],
    "micropub": [
      "https://billy.moonlightrambler.net/micropub/endpoint"
    ],
    "authorization": [
      "https://billy.moonlightrambler.net/indieauth/auth"
    ],
    "token": [
      "https://billy.moonlightrambler.net/indieauth/token"
    ],
    "websub": [
      "https://withknown.superfeedr.com/"
    ]
  },
  "links_out": 457,
  "links_in": 0,
  "links": {
    "facebook.com/1569672109710697": {
      "out": {
        "other": 148
      },
      "score": 1
    },
    "photos.moonlightrambler.net": {
      "out": {
        "bookmark-of": 18,
        "other": 29
      },
      "score": 0.856
    },
    "stream.boffosocko.com": {
      "out": {
        "in-reply-to": 5,
        "other": 4
      },
      "score": 0.714
    },
    "www.youtube.com": {
      "out": {
        "bookmark-of": 12
      },
      "score": 0.680
    },
    "dearfcc.org": {
      "out": {
        "other": 20
      },
      "score": 0.649
    },
    "facebook.com/1693434434007234": {
      "out": {
        "other": 18
      },
      "score": 0.629
    },
    "facebook.com/1643814265647096": {
      "out": {
        "other": 12
      },
      "score": 0.559
    },
    "facebook.com/1914577565498706": {
      "out": {
        "other": 12
      },
      "score": 0.559
    },
    "youtube.com": {
      "out": {
        "other": 11
      },
      "score": 0.543
    },
    "keybase.io": {
      "out": {
        "other": 11
      },
      "score": 0.543
    },
    "plus.google.com/+billymaddex": {
      "out": {
        "other": 11
      },
      "score": 0.543
    },
    "twitter.com/billymaddex": {
      "out": {
        "other": 11
      },
      "score": 0.543
    },
    "moonlightrambler.net": {
      "out": {
        "other": 11
      },
      "score": 0.543
    },
    "github.com": {
      "out": {
        "other": 11
      },
      "score": 0.543
    },
    "facebook.com/billy.maddex": {
      "out": {
        "other": 11
      },
      "score": 0.543
    },
    "facebook.com/10209235582111977": {
      "out": {
        "other": 10
      },
      "score": 0.527
    },
    "facebook.com/10209339108811050": {
      "out": {
        "other": 8
      },
      "score": 0.487
    },
    "facebook.com/1890464390979575": {
      "out": {
        "other": 8
      },
      "score": 0.487
    },
    "facebook.com/10210120025132038": {
      "out": {
        "other": 6
      },
      "score": 0.436
    },
    "facebook.com/10212257674217974": {
      "out": {
        "other": 6
      },
      "score": 0.436
    },
    "www.gomaddex.com": {
      "out": {
        "other": 4
      },
      "score": 0.366
    },
    "facebook.com/1329614540426100": {
      "out": {
        "other": 4
      },
      "score": 0.366
    },
    "facebook.com/291095434648246": {
      "out": {
        "other": 4
      },
      "score": 0.366
    },
    "facebook.com/1404452319615602": {
      "out": {
        "other": 4
      },
      "score": 0.366
    },
    "twitter.com/MaddexBill": {
      "out": {
        "other": 2
      },
      "score": 0.244
    },
    "facebook.com/10155365238251060": {
      "out": {
        "other": 2
      },
      "score": 0.244
    },
    "facebook.com/10213218298954625": {
      "out": {
        "other": 2
      },
      "score": 0.244
    },
    "billmaddex.wix.com": {
      "out": {
        "other": 2
      },
      "score": 0.244
    },
    "facebook.com/1322127897871270": {
      "out": {
        "other": 2
      },
      "score": 0.244
    },
    "facebook.com/1699420360352773": {
      "out": {
        "other": 2
      },
      "score": 0.244
    },
    "facebook.com/10100148134903427": {
      "out": {
        "other": 2
      },
      "score": 0.244
    },
    "facebook.com/10212936207701299": {
      "out": {
        "other": 2
      },
      "score": 0.244
    },
    "facebook.com/10156207755003082": {
      "out": {
        "other": 2
      },
      "score": 0.244
    },
    "facebook.com/10154348999491556": {
      "out": {
        "other": 2
      },
      "score": 0.244
    },
    "facebook.com/1672554109428957": {
      "out": {
        "other": 2
      },
      "score": 0.244
    },
    "facebook.com/936291543140226": {
      "out": {
        "other": 2
      },
      "score": 0.244
    },
    "facebook.com/10155342164461979": {
      "out": {
        "other": 2
      },
      "score": 0.244
    },
    "facebook.com/10211344639509935": {
      "out": {
        "other": 2
      },
      "score": 0.244
    },
    "facebook.com/10212917580920144": {
      "out": {
        "other": 2
      },
      "score": 0.244
    },
    "facebook.com/10155145635161550": {
      "out": {
        "other": 2
      },
      "score": 0.244
    },
    "facebook.com/10155534086273968": {
      "out": {
        "other": 2
      },
      "score": 0.244
    },
    "facebook.com/10212937960507411": {
      "out": {
        "other": 2
      },
      "score": 0.244
    },
    "facebook.com/10155340415171908": {
      "out": {
        "other": 2
      },
      "score": 0.244
    },
    "facebook.com/1525944620763192": {
      "out": {
        "other": 2
      },
      "score": 0.244
    },
    "facebook.com/10155240615932270": {
      "out": {
        "other": 2
      },
      "score": 0.244
    },
    "facebook.com/10154617972702039": {
      "out": {
        "other": 2
      },
      "score": 0.244
    },
    "facebook.com/772875999536403": {
      "out": {
        "other": 2
      },
      "score": 0.244
    },
    "facebook.com/1012292145573333": {
      "out": {
        "other": 2
      },
      "score": 0.244
    }
  }
}