{
  "domain": "binarynova.neocities.org",
  "urls": [
    "http://binarynova.neocities.org/"
  ],
  "names": [
    "My Little Corner of the Net"
  ],
  "descriptions": [],
  "pictures": [],
  "hcard": {},
  "rel_mes": [
    "https://twitter.com/binarynova",
    "https://www.youtube.com/user/binarynova",
    "http://www.steamcommunity.com/id/binarynova"
  ],
  "crawl_start": "2017-04-30T01:57:41",
  "crawl_end": "2017-04-30T01:57:49",
  "num_pages": 15,
  "total_html_size": 108814,
  "servers": [
    "neocities"
  ],
  "tags": [
    "relme"
  ],
  "endpoints": {},
  "links_out": 20,
  "links_in": 0,
  "links": {
    "www.youtube.com": {
      "out": {
        "other": 3
      },
      "score": 1
    },
    "www.steamcommunity.com": {
      "out": {
        "other": 2
      },
      "score": 0.777
    },
    "twitter.com/binarynova": {
      "out": {
        "other": 2
      },
      "score": 0.777
    },
    "supermariomakerbookmark.nintendo.net": {
      "out": {
        "other": 2
      },
      "score": 0.777
    },
    "anlucas.neocities.org": {
      "out": {
        "other": 1
      },
      "score": 0.387
    },
    "www.neocities.org": {
      "out": {
        "other": 1
      },
      "score": 0.387
    },
    "www.ocremix.org": {
      "out": {
        "other": 1
      },
      "score": 0.387
    },
    "www.eff.org": {
      "out": {
        "other": 1
      },
      "score": 0.387
    },
    "distantskies.neocities.org": {
      "out": {
        "other": 1
      },
      "score": 0.387
    },
    "jk2arena": {
      "out": {
        "other": 1
      },
      "score": 0.387
    },
    "www.defectivebydesign.org": {
      "out": {
        "other": 1
      },
      "score": 0.387
    },
    "www.xkcd.com": {
      "out": {
        "other": 1
      },
      "score": 0.387
    },
    "github.com": {
      "out": {
        "other": 1
      },
      "score": 0.387
    },
    "neocities.org": {
      "out": {
        "other": 1
      },
      "score": 0.387
    },
    "www.gutenberg.org": {
      "out": {
        "other": 1
      },
      "score": 0.387
    }
  }
}