{
  "domain": "binit.prads.net",
  "urls": [
    "http://binit.prads.net/profile/binit",
    "http://binit.prads.net",
    "https://www.linkedin.com/in/binitprads",
    "http://twitter.com/binitprads",
    "http://kathmandu.im",
    "https://www.instagram.com/pradsprads",
    "https://telegram.me/binit",
    "http://plus.google.com/+BinitPradhanang"
  ],
  "names": [
    "Binit Pradhanang",
    "binit's log"
  ],
  "descriptions": [
    "#nepali #nepalese #newari #somali #basotho #nebraskan #nederlander #dreamer",
    "updates from Binit Prads"
  ],
  "pictures": [
    "http://binit.prads.net/file/3638afbb99e2f08a4b774abaa4dee040/thumb.jpg"
  ],
  "hcard": {
    "properties": {
      "name": [
        "Binit Pradhanang"
      ],
      "note": [
        {
          "html": "<div class=\"highlightedText\">\n<p>#nepali #nepalese #newari #somali #basotho #nebraskan #nederlander #dreamer</p>\n</div> ",
          "value": "\n#nepali #nepalese #newari #somali #basotho #nebraskan #nederlander #dreamer\n "
        }
      ],
      "photo": [
        "http://binit.prads.net/file/3638afbb99e2f08a4b774abaa4dee040/thumb.jpg"
      ],
      "profile": [
        "Binit Pradhanang"
      ],
      "url": [
        "http://binit.prads.net/profile/binit",
        "http://binit.prads.net/profile/binit",
        "http://binit.prads.net",
        "https://www.linkedin.com/in/binitprads",
        "http://twitter.com/binitprads",
        "http://kathmandu.im",
        "https://www.instagram.com/pradsprads",
        "https://telegram.me/binit",
        "http://plus.google.com/+BinitPradhanang"
      ]
    },
    "type": [
      "h-card"
    ]
  },
  "rel_mes": [
    "http://binit.prads.net",
    "https://www.linkedin.com/in/binitprads",
    "http://twitter.com/binitprads",
    "http://kathmandu.im",
    "https://www.instagram.com/pradsprads",
    "https://telegram.me/binit",
    "http://plus.google.com/+BinitPradhanang"
  ],
  "crawl_start": "2017-04-27T07:53:36",
  "crawl_end": "2017-04-27T08:55:24",
  "num_pages": 4423,
  "total_html_size": 120153864,
  "servers": [
    "nginx",
    "Known"
  ],
  "mf2_classes": [
    "h-entry",
    "h-card",
    "h-cite"
  ],
  "tags": [
    "relme",
    "bridgy",
    "webmention",
    "micropub",
    "authorization",
    "token",
    "websub",
    "Known"
  ],
  "endpoints": {
    "webmention": [
      "http://binit.prads.net/webmention/"
    ],
    "micropub": [
      "http://binit.prads.net/micropub/endpoint"
    ],
    "authorization": [
      "http://binit.prads.net/indieauth/auth"
    ],
    "token": [
      "http://binit.prads.net/indieauth/token"
    ],
    "websub": [
      "https://withknown.superfeedr.com/"
    ]
  },
  "links_out": 26436,
  "links_in": 11,
  "links": {
    "twitter.com/binitprads": {
      "out": {
        "other": 3567
      },
      "score": 1
    },
    "www.linkedin.com": {
      "out": {
        "other": 3414
      },
      "score": 0.995
    },
    "plus.google.com/+BinitPradhanang": {
      "out": {
        "other": 3371
      },
      "score": 0.994
    },
    "kathmandu.im": {
      "out": {
        "other": 3371
      },
      "score": 0.994
    },
    "telegram.me": {
      "out": {
        "other": 3380
      },
      "score": 0.994
    },
    "www.instagram.com": {
      "out": {
        "other": 3398
      },
      "score": 0.994
    },
    "www.youtube.com": {
      "out": {
        "other": 800
      },
      "score": 0.832
    },
    "youtu.be": {
      "out": {
        "other": 562
      },
      "score": 0.791
    },
    "play.google.com": {
      "out": {
        "other": 167
      },
      "score": 0.655
    },
    "mobile.nytimes.com": {
      "out": {
        "other": 158
      },
      "score": 0.649
    },
    "www.lucify.com": {
      "out": {
        "in-reply-to": 25,
        "other": 25
      },
      "score": 0.643
    },
    "www.productpsychology.com": {
      "out": {
        "other": 21,
        "in-reply-to": 21
      },
      "score": 0.623
    },
    "www.bbc.com": {
      "out": {
        "other": 105
      },
      "score": 0.603
    },
    "m.youtube.com": {
      "out": {
        "other": 90
      },
      "score": 0.585
    },
    "www.slideshare.net": {
      "out": {
        "other": 80
      },
      "score": 0.573
    },
    "www.nytimes.com": {
      "out": {
        "other": 80
      },
      "score": 0.573
    },
    "vimeo.com": {
      "out": {
        "other": 77
      },
      "score": 0.568
    },
    "m.huffpost.com": {
      "out": {
        "other": 68
      },
      "score": 0.554
    },
    "europe.newsweek.com": {
      "out": {
        "other": 67
      },
      "score": 0.552
    },
    "m.facebook.com": {
      "out": {
        "other": 66
      },
      "score": 0.550
    },
    "goo.gl": {
      "out": {
        "other": 61
      },
      "score": 0.541
    },
    "ftw.usatoday.com": {
      "out": {
        "in-reply-to": 12
      },
      "score": 0.540
    },
    "www.myrepublica.com": {
      "out": {
        "other": 60
      },
      "score": 0.540
    },
    "support.google.com": {
      "out": {
        "other": 54
      },
      "score": 0.528
    },
    "soundcloud.com": {
      "out": {
        "other": 51
      },
      "score": 0.521
    },
    "www.behance.net": {
      "out": {
        "other": 51
      },
      "score": 0.521
    },
    "image.slidesharecdn.com": {
      "out": {
        "other": 50
      },
      "score": 0.520
    },
    "myrepublica.com": {
      "out": {
        "other": 48
      },
      "score": 0.514
    },
    "www.telegraph.co.uk": {
      "out": {
        "other": 48
      },
      "score": 0.514
    },
    "www.tableau.com": {
      "out": {
        "other": 43
      },
      "score": 0.502
    },
    "community.tableau.com": {
      "out": {
        "other": 43
      },
      "score": 0.502
    },
    "en.wikipedia.org": {
      "out": {
        "other": 41
      },
      "score": 0.497
    },
    "kathmandupost.ekantipur.com": {
      "out": {
        "other": 36
      },
      "score": 0.483
    },
    "www.amazon.com": {
      "out": {
        "other": 35
      },
      "score": 0.479
    },
    "time.com": {
      "out": {
        "other": 35
      },
      "score": 0.479
    },
    "www.inc.com": {
      "out": {
        "other": 35
      },
      "score": 0.479
    },
    "twitter.com/JewelPrad": {
      "out": {
        "other": 35
      },
      "score": 0.479
    },
    "thehimalayantimes.com": {
      "out": {
        "other": 34
      },
      "score": 0.476
    },
    "www.forbes.com": {
      "out": {
        "other": 33
      },
      "score": 0.472
    },
    "www.imdb.com": {
      "out": {
        "other": 32
      },
      "score": 0.469
    },
    "nepalitimes.com": {
      "out": {
        "other": 31
      },
      "score": 0.466
    },
    "uk.businessinsider.com": {
      "out": {
        "other": 30
      },
      "score": 0.461
    },
    "www.evanmiller.org": {
      "out": {
        "other": 30
      },
      "score": 0.461
    },
    "dutchreview.com": {
      "out": {
        "other": 30
      },
      "score": 0.461
    },
    "m.ndtv.com": {
      "out": {
        "other": 29
      },
      "score": 0.458
    },
    "en.m.wikipedia.org": {
      "out": {
        "other": 29
      },
      "score": 0.458
    },
    "m.timesofindia.com": {
      "out": {
        "other": 29
      },
      "score": 0.458
    },
    "facebook.com/Raju.sayed": {
      "out": {
        "other": 28
      },
      "score": 0.454
    },
    "www.dutchnews.nl": {
      "out": {
        "other": 28
      },
      "score": 0.454
    },
    "www.tripadvisor.com": {
      "out": {
        "other": 27
      },
      "score": 0.450
    },
    "techcrunch.com": {
      "out": {
        "other": 27
      },
      "score": 0.450
    },
    "www.aljazeera.com": {
      "out": {
        "other": 26
      },
      "score": 0.445
    },
    "facebook.com/budhabhumi": {
      "out": {
        "other": 26
      },
      "score": 0.445
    },
    "mashable.com": {
      "out": {
        "other": 26
      },
      "score": 0.445
    },
    "facebook.com/MensHealth": {
      "out": {
        "other": 26
      },
      "score": 0.445
    },
    "www.thehindu.com": {
      "out": {
        "other": 25
      },
      "score": 0.441
    },
    "boraberan.wordpress.com": {
      "out": {
        "other": 25
      },
      "score": 0.441
    },
    "watch.nba.com": {
      "out": {
        "other": 25
      },
      "score": 0.441
    },
    "m.mensxp.com": {
      "out": {
        "other": 25
      },
      "score": 0.441
    },
    "www.autismtreatmentcenterofamerica.com": {
      "out": {
        "other": 25
      },
      "score": 0.441
    },
    "m.imgur.com": {
      "out": {
        "other": 25
      },
      "score": 0.441
    },
    "www.rivm.nl": {
      "out": {
        "other": 24
      },
      "score": 0.436
    },
    "jpandey.wordpress.com": {
      "out": {
        "other": 24
      },
      "score": 0.436
    },
    "twitter.com/rana1556": {
      "out": {
        "other": 24
      },
      "score": 0.436
    },
    "www.theatlantic.com": {
      "out": {
        "other": 23
      },
      "score": 0.432
    },
    "twitter.com/sulavkakshapati": {
      "out": {
        "other": 23
      },
      "score": 0.432
    },
    "nymag.com": {
      "out": {
        "other": 23
      },
      "score": 0.432
    },
    "www.theguardian.com": {
      "out": {
        "other": 23
      },
      "score": 0.432
    },
    "latinafatale.com": {
      "out": {
        "other": 23
      },
      "score": 0.432
    },
    "www.tynker.com": {
      "out": {
        "other": 23
      },
      "score": 0.432
    },
    "www.ibtimes.co.in": {
      "out": {
        "other": 22
      },
      "score": 0.426
    },
    "www.businessinsider.com": {
      "out": {
        "other": 22
      },
      "score": 0.426
    },
    "www.wsj.com": {
      "out": {
        "other": 22
      },
      "score": 0.426
    },
    "www.washingtonpost.com": {
      "out": {
        "other": 22
      },
      "score": 0.426
    },
    "seekingalpha.com": {
      "out": {
        "other": 22
      },
      "score": 0.426
    },
    "themtnear.com": {
      "out": {
        "other": 21
      },
      "score": 0.422
    },
    "wap.business-standard.com": {
      "out": {
        "other": 21
      },
      "score": 0.422
    },
    "fitlife.tv": {
      "out": {
        "other": 21
      },
      "score": 0.422
    },
    "www.kaushik.net": {
      "out": {
        "other": 21
      },
      "score": 0.422
    },
    "vizwiz.blogspot.com": {
      "out": {
        "other": 21
      },
      "score": 0.422
    },
    "flic.kr": {
      "out": {
        "other": 21
      },
      "score": 0.422
    },
    "www.flickr.com": {
      "out": {
        "other": 21
      },
      "score": 0.422
    },
    "abcnews.go.com": {
      "out": {
        "other": 21
      },
      "score": 0.422
    },
    "www.e-nor.com": {
      "out": {
        "other": 20
      },
      "score": 0.416
    },
    "www.ramsesbier.nl": {
      "out": {
        "other": 20
      },
      "score": 0.416
    },
    "www.ted.com": {
      "out": {
        "other": 19
      },
      "score": 0.410
    },
    "mobile.twitter.com": {
      "out": {
        "other": 19
      },
      "score": 0.410
    },
    "www.babyledweaning.com": {
      "out": {
        "other": 19
      },
      "score": 0.410
    },
    "facebook.com/DavidAvocadoWolfe": {
      "out": {
        "other": 19
      },
      "score": 0.410
    },
    "www.scientificamerican.com": {
      "out": {
        "other": 19
      },
      "score": 0.410
    },
    "www.designwall.com": {
      "out": {
        "other": 18
      },
      "score": 0.404
    },
    "www.fitbit.com": {
      "out": {
        "other": 18
      },
      "score": 0.404
    },
    "forums.teradata.com": {
      "out": {
        "other": 18
      },
      "score": 0.404
    },
    "nepal.im": {
      "out": {
        "other": 17
      },
      "score": 0.398
    },
    "saagukhaja.blogspot.com": {
      "out": {
        "other": 17
      },
      "score": 0.398
    },
    "www.evolytics.com": {
      "out": {
        "other": 17
      },
      "score": 0.398
    },
    "www.latimes.com": {
      "out": {
        "other": 17
      },
      "score": 0.398
    },
    "thenounproject.com": {
      "out": {
        "other": 17
      },
      "score": 0.398
    },
    "markmanson.net": {
      "out": {
        "other": 17
      },
      "score": 0.398
    },
    "lens.blogs.nytimes.com": {
      "out": {
        "other": 17
      },
      "score": 0.398
    },
    "english.onlinekhabar.com": {
      "out": {
        "other": 17
      },
      "score": 0.398
    },
    "m.indiatimes.com": {
      "out": {
        "other": 17
      },
      "score": 0.398
    },
    "www.brewdog.com": {
      "out": {
        "other": 16
      },
      "score": 0.391
    },
    "plus.google.com/+GinaDrayer": {
      "out": {
        "other": 16
      },
      "score": 0.391
    },
    "adventure.nationalgeographic.com": {
      "out": {
        "other": 16
      },
      "score": 0.391
    },
    "nzzl.us": {
      "out": {
        "other": 15
      },
      "score": 0.383
    },
    "www.dailymail.co.uk": {
      "out": {
        "other": 15
      },
      "score": 0.383
    },
    "video.nationalgeographic.com": {
      "out": {
        "other": 14
      },
      "score": 0.375
    },
    "developer.yahoo.com": {
      "out": {
        "other": 14
      },
      "score": 0.375
    },
    "www.asmallworld.com": {
      "out": {
        "other": 13
      },
      "score": 0.368
    },
    "stocksnap.io": {
      "out": {
        "other": 13
      },
      "score": 0.368
    },
    "www.newsweek.com": {
      "out": {
        "other": 13
      },
      "score": 0.368
    },
    "www.sfchronicle.com": {
      "out": {
        "other": 13
      },
      "score": 0.368
    },
    "ny.eater.com": {
      "out": {
        "other": 13
      },
      "score": 0.368
    },
    "www.theinformationlab.co.uk": {
      "out": {
        "other": 13
      },
      "score": 0.368
    },
    "www.fool.com": {
      "out": {
        "other": 13
      },
      "score": 0.368
    },
    "www.thestreet.com": {
      "out": {
        "other": 13
      },
      "score": 0.368
    },
    "letsgohealthy.net": {
      "out": {
        "other": 13
      },
      "score": 0.368
    },
    "public.tableau.com": {
      "out": {
        "other": 13
      },
      "score": 0.368
    },
    "lifehacker.com": {
      "out": {
        "other": 13
      },
      "score": 0.368
    },
    "www.datanami.com": {
      "out": {
        "other": 13
      },
      "score": 0.368
    },
    "www.foodrepublic.com": {
      "out": {
        "other": 13
      },
      "score": 0.368
    },
    "web.mit.edu": {
      "out": {
        "other": 13
      },
      "score": 0.368
    },
    "www.ablebits.com": {
      "out": {
        "other": 13
      },
      "score": 0.368
    },
    "www.humorthatworks.com": {
      "out": {
        "other": 13
      },
      "score": 0.368
    },
    "www.usnews.com": {
      "out": {
        "other": 13
      },
      "score": 0.368
    },
    "nepalifonts.blogspot.nl": {
      "out": {
        "other": 13
      },
      "score": 0.368
    },
    "uxplanet.org": {
      "out": {
        "other": 13
      },
      "score": 0.368
    },
    "www.buzzfeed.com": {
      "out": {
        "other": 13
      },
      "score": 0.368
    },
    "facebook.com/techinsider": {
      "out": {
        "other": 13
      },
      "score": 0.368
    },
    "kb.tableau.com": {
      "out": {
        "other": 13
      },
      "score": 0.368
    },
    "pca.st": {
      "out": {
        "other": 12
      },
      "score": 0.359
    },
    "www.bbc.co.uk": {
      "out": {
        "other": 12
      },
      "score": 0.359
    },
    "www.lifehack.org": {
      "out": {
        "other": 12
      },
      "score": 0.359
    },
    "brightside.me": {
      "out": {
        "other": 12
      },
      "score": 0.359
    },
    "ziglarvault.com": {
      "out": {
        "other": 12
      },
      "score": 0.359
    },
    "m.9gag.com": {
      "out": {
        "other": 12
      },
      "score": 0.359
    },
    "www.hotnewhiphop.com": {
      "out": {
        "other": 12
      },
      "score": 0.359
    },
    "twitter.com/rawat1611": {
      "out": {
        "other": 10
      },
      "score": 0.338
    },
    "www.techtransit.org": {
      "out": {
        "other": 10
      },
      "score": 0.338
    },
    "nodejs.org": {
      "out": {
        "other": 10
      },
      "score": 0.338
    },
    "gadgets.ndtv.com": {
      "out": {
        "other": 9
      },
      "score": 0.326
    },
    "github.com": {
      "out": {
        "other": 9
      },
      "score": 0.326
    },
    "jrudddigital.com": {
      "out": {
        "other": 9
      },
      "score": 0.326
    },
    "www.appannie.com": {
      "out": {
        "other": 9
      },
      "score": 0.326
    },
    "www.boredpanda.com": {
      "out": {
        "other": 9
      },
      "score": 0.326
    },
    "twitter.com/nepalinisha": {
      "out": {
        "other": 9
      },
      "score": 0.326
    },
    "www.mexicotrippa.com": {
      "out": {
        "other": 9
      },
      "score": 0.326
    },
    "discussions.udacity.com": {
      "out": {
        "other": 9
      },
      "score": 0.326
    },
    "trip.uber.com": {
      "out": {
        "other": 9
      },
      "score": 0.326
    },
    "news.harvard.edu": {
      "out": {
        "other": 9
      },
      "score": 0.326
    },
    "devour.com": {
      "out": {
        "other": 9
      },
      "score": 0.326
    },
    "www.popsugar.com": {
      "out": {
        "other": 9
      },
      "score": 0.326
    },
    "fortune.com": {
      "out": {
        "other": 9
      },
      "score": 0.326
    },
    "www.davidwolfe.com": {
      "out": {
        "other": 9
      },
      "score": 0.326
    },
    "www.nltimes.nl": {
      "out": {
        "other": 9
      },
      "score": 0.326
    },
    "www.huffingtonpost.com": {
      "out": {
        "other": 9
      },
      "score": 0.326
    },
    "core.telegram.org": {
      "out": {
        "other": 9
      },
      "score": 0.326
    },
    "sugru.com": {
      "out": {
        "other": 9
      },
      "score": 0.326
    },
    "stream.withknown.com": {
      "out": {
        "other": 9
      },
      "score": 0.326
    },
    "stripe.com": {
      "out": {
        "other": 9
      },
      "score": 0.326
    },
    "www.usatoday.com": {
      "out": {
        "other": 9
      },
      "score": 0.326
    },
    "www.omaha.com": {
      "out": {
        "other": 9
      },
      "score": 0.326
    },
    "www.narro.co": {
      "out": {
        "other": 9
      },
      "score": 0.326
    },
    "digiday.com": {
      "out": {
        "other": 9
      },
      "score": 0.326
    },
    "twitter.com/nirmalprads": {
      "out": {
        "other": 9
      },
      "score": 0.326
    },
    "www.sharetribe.com": {
      "out": {
        "other": 9
      },
      "score": 0.326
    },
    "www.cnbc.com": {
      "out": {
        "other": 9
      },
      "score": 0.326
    },
    "onlinecourses.science.psu.edu": {
      "out": {
        "other": 9
      },
      "score": 0.326
    },
    "www.langstons.com": {
      "out": {
        "other": 9
      },
      "score": 0.326
    },
    "nepalislangword.blogspot.nl": {
      "out": {
        "other": 9
      },
      "score": 0.326
    },
    "www.saveur.com": {
      "out": {
        "other": 9
      },
      "score": 0.326
    },
    "www.reuters.com": {
      "out": {
        "other": 9
      },
      "score": 0.326
    },
    "edition.cnn.com": {
      "out": {
        "other": 9
      },
      "score": 0.326
    },
    "genius.com": {
      "out": {
        "other": 9
      },
      "score": 0.326
    },
    "www.cbsnews.com": {
      "out": {
        "other": 9
      },
      "score": 0.326
    },
    "jewelprad.wordpress.com": {
      "out": {
        "other": 8
      },
      "score": 0.312
    },
    "twitter.com/SheratonGreen": {
      "out": {
        "other": 8
      },
      "score": 0.312
    },
    "www.thedailystar.net": {
      "out": {
        "other": 8
      },
      "score": 0.312
    },
    "www.stat.ualberta.ca": {
      "out": {
        "other": 8
      },
      "score": 0.312
    },
    "twitter.com/PatriciaLKent": {
      "out": {
        "other": 7
      },
      "score": 0.298
    },
    "twitter.com/lord_curzon": {
      "out": {
        "other": 7
      },
      "score": 0.298
    },
    "twitter.com/PinkoDisco": {
      "out": {
        "other": 7
      },
      "score": 0.298
    },
    "twiecki.github.io": {
      "out": {
        "other": 7
      },
      "score": 0.298
    },
    "twitter.com/Bern2trump": {
      "out": {
        "other": 7
      },
      "score": 0.298
    },
    "twitter.com/AlexanderTrull": {
      "out": {
        "other": 7
      },
      "score": 0.298
    },
    "brid.gy": {
      "in": {
        "other": 11
      },
      "score": 0.271
    },
    "twitter.com/BraesBladesmyth": {
      "out": {
        "other": 5
      },
      "score": 0.259
    },
    "thenextweb.com": {
      "out": {
        "other": 5
      },
      "score": 0.259
    },
    "haveibeenpwned.com": {
      "out": {
        "other": 5
      },
      "score": 0.259
    },
    "twitter.com/anniefrench50": {
      "out": {
        "other": 5
      },
      "score": 0.259
    },
    "twitter.com/trai_all": {
      "out": {
        "other": 5
      },
      "score": 0.259
    },
    "facebook.com/1301138296582120": {
      "out": {
        "other": 5
      },
      "score": 0.259
    },
    "motto.time.com": {
      "out": {
        "other": 5
      },
      "score": 0.259
    },
    "owlturd.com": {
      "out": {
        "other": 5
      },
      "score": 0.259
    },
    "emojipedia.org": {
      "out": {
        "other": 5
      },
      "score": 0.259
    },
    "www.wired.com": {
      "out": {
        "other": 5
      },
      "score": 0.259
    },
    "werd.io": {
      "out": {
        "other": 5
      },
      "score": 0.259
    },
    "www.thedailybeast.com": {
      "out": {
        "other": 5
      },
      "score": 0.259
    },
    "marketrealist.com": {
      "out": {
        "other": 5
      },
      "score": 0.259
    },
    "www.economist.com": {
      "out": {
        "other": 5
      },
      "score": 0.259
    },
    "medium.com": {
      "out": {
        "other": 5
      },
      "score": 0.259
    },
    "metrocosm.com": {
      "out": {
        "other": 5
      },
      "score": 0.259
    },
    "twitter.com/AkaHotshot": {
      "out": {
        "other": 5
      },
      "score": 0.259
    },
    "vid.me": {
      "out": {
        "other": 5
      },
      "score": 0.259
    },
    "twitter.com/reniarigopoulou": {
      "out": {
        "other": 5
      },
      "score": 0.259
    },
    "www.themobileplaybook.com": {
      "out": {
        "other": 5
      },
      "score": 0.259
    },
    "www.universityherald.com": {
      "out": {
        "other": 5
      },
      "score": 0.259
    },
    "www.cnet.com": {
      "out": {
        "other": 5
      },
      "score": 0.259
    },
    "twitter.com/MauveOchre": {
      "out": {
        "other": 5
      },
      "score": 0.259
    },
    "www.headspace.com": {
      "out": {
        "other": 5
      },
      "score": 0.259
    },
    "www.bloomberg.com": {
      "out": {
        "other": 5
      },
      "score": 0.259
    },
    "www.withknown.com": {
      "out": {
        "other": 5
      },
      "score": 0.259
    },
    "meya.ai": {
      "out": {
        "other": 5
      },
      "score": 0.259
    },
    "twitter.com/blackholepran": {
      "out": {
        "other": 5
      },
      "score": 0.259
    },
    "www.goldenstateofmind.com": {
      "out": {
        "other": 5
      },
      "score": 0.259
    },
    "nationalinterest.org": {
      "out": {
        "other": 5
      },
      "score": 0.259
    },
    "twitter.com/pkanel": {
      "out": {
        "other": 5
      },
      "score": 0.259
    },
    "www.ribbonfarm.com": {
      "out": {
        "other": 5
      },
      "score": 0.259
    },
    "facebook.com/therealskepticus": {
      "out": {
        "other": 5
      },
      "score": 0.259
    },
    "twitter.com/dsmpowered": {
      "out": {
        "other": 5
      },
      "score": 0.259
    },
    "twitter.com/Today_Nepal": {
      "out": {
        "other": 5
      },
      "score": 0.259
    },
    "thisisafrica.me": {
      "out": {
        "other": 5
      },
      "score": 0.259
    },
    "twitter.com/Agent__X01": {
      "out": {
        "other": 5
      },
      "score": 0.259
    },
    "www.slashgear.com": {
      "out": {
        "other": 5
      },
      "score": 0.259
    },
    "www.cameronsworld.net": {
      "out": {
        "other": 5
      },
      "score": 0.259
    },
    "www.independent.co.uk": {
      "out": {
        "other": 5
      },
      "score": 0.259
    },
    "www.makeuseof.com": {
      "out": {
        "other": 5
      },
      "score": 0.259
    },
    "www.anonews.co": {
      "out": {
        "other": 5
      },
      "score": 0.259
    },
    "www.engadget.com": {
      "out": {
        "other": 5
      },
      "score": 0.259
    },
    "letsencrypt.org": {
      "out": {
        "other": 4
      },
      "score": 0.234
    },
    "twitter.com/chrislarsson72": {
      "out": {
        "other": 4
      },
      "score": 0.234
    },
    "twitter.com/talkingshitbmwh": {
      "out": {
        "other": 4
      },
      "score": 0.234
    },
    "twitter.com/de_nati": {
      "out": {
        "other": 4
      },
      "score": 0.234
    },
    "twitter.com/montykha": {
      "out": {
        "other": 4
      },
      "score": 0.234
    },
    "twitter.com/DroneBlocks": {
      "out": {
        "other": 4
      },
      "score": 0.234
    },
    "www.medicaldaily.com": {
      "out": {
        "other": 4
      },
      "score": 0.234
    },
    "twitter.com/SubahKhann": {
      "out": {
        "other": 4
      },
      "score": 0.234
    },
    "twitter.com/pradhandip": {
      "out": {
        "other": 4
      },
      "score": 0.234
    },
    "twitter.com/pntmp": {
      "out": {
        "other": 4
      },
      "score": 0.234
    },
    "twitter.com/davidiwanow": {
      "out": {
        "other": 3
      },
      "score": 0.202
    },
    "twitter.com/T_W_A_T_8989": {
      "out": {
        "other": 3
      },
      "score": 0.202
    },
    "twitter.com/4RickStaly": {
      "out": {
        "other": 3
      },
      "score": 0.202
    },
    "twitter.com/_metafizik": {
      "out": {
        "other": 3
      },
      "score": 0.202
    },
    "twitter.com/CaudellSara": {
      "out": {
        "other": 3
      },
      "score": 0.202
    },
    "twitter.com/Flo711": {
      "out": {
        "other": 3
      },
      "score": 0.202
    },
    "twitter.com/samrat": {
      "out": {
        "other": 2
      },
      "score": 0.157
    },
    "twitter.com/tillery47": {
      "out": {
        "other": 2
      },
      "score": 0.157
    },
    "twitter.com/vsaarinen": {
      "out": {
        "other": 2
      },
      "score": 0.157
    },
    "twitter.com/gcramer30": {
      "out": {
        "other": 2
      },
      "score": 0.157
    },
    "twitter.com/CARLOSCASTI": {
      "out": {
        "other": 2
      },
      "score": 0.157
    },
    "twitter.com/kendra_pine03": {
      "out": {
        "other": 2
      },
      "score": 0.157
    },
    "trull.org": {
      "out": {
        "other": 2
      },
      "score": 0.157
    },
    "twitter.com/LYuny47852642": {
      "out": {
        "other": 2
      },
      "score": 0.157
    },
    "twitter.com/NepaliSagar": {
      "out": {
        "other": 2
      },
      "score": 0.157
    },
    "twitter.com/Keith969": {
      "out": {
        "other": 2
      },
      "score": 0.157
    },
    "twitter.com/EvanEvans333": {
      "out": {
        "other": 2
      },
      "score": 0.157
    },
    "twitter.com/danielpbarron": {
      "out": {
        "other": 2
      },
      "score": 0.157
    },
    "twitter.com/vitalst79": {
      "out": {
        "other": 2
      },
      "score": 0.157
    },
    "twitter.com/CMackusic": {
      "out": {
        "other": 2
      },
      "score": 0.157
    },
    "twitter.com/onreact_com": {
      "out": {
        "other": 2
      },
      "score": 0.157
    },
    "twitter.com/rvr121": {
      "out": {
        "other": 2
      },
      "score": 0.157
    },
    "twitter.com/alantolactone": {
      "out": {
        "other": 2
      },
      "score": 0.157
    },
    "twitter.com/basketball__now": {
      "out": {
        "other": 2
      },
      "score": 0.157
    },
    "twitter.com/tmoney50": {
      "out": {
        "other": 2
      },
      "score": 0.157
    },
    "twitter.com/laurie_barrett": {
      "out": {
        "other": 2
      },
      "score": 0.157
    },
    "nepalvotes.com": {
      "out": {
        "other": 2
      },
      "score": 0.157
    },
    "twitter.com/AutismNewsNow": {
      "out": {
        "other": 2
      },
      "score": 0.157
    },
    "twitter.com/dhjdhdvbhvhvvsb": {
      "out": {
        "other": 2
      },
      "score": 0.157
    },
    "twitter.com/sidnuncio": {
      "out": {
        "other": 2
      },
      "score": 0.157
    },
    "twitter.com/khatriraju3041": {
      "out": {
        "other": 2
      },
      "score": 0.157
    },
    "twitter.com/d_catlady": {
      "out": {
        "other": 2
      },
      "score": 0.157
    },
    "twitter.com/lovely8hmchn": {
      "out": {
        "other": 2
      },
      "score": 0.157
    },
    "www.ebayclassifiedsgroup.com": {
      "out": {
        "other": 2
      },
      "score": 0.157
    },
    "www.victorvictory.net": {
      "out": {
        "other": 2
      },
      "score": 0.157
    },
    "twitter.com/J_Clique": {
      "out": {
        "other": 2
      },
      "score": 0.157
    },
    "twitter.com/tgpjb1": {
      "out": {
        "other": 2
      },
      "score": 0.157
    },
    "saracaudell.com": {
      "out": {
        "other": 2
      },
      "score": 0.157
    },
    "twitter.com/NateJacksonInc": {
      "out": {
        "other": 2
      },
      "score": 0.157
    },
    "twitter.com/JustnPhillip": {
      "out": {
        "other": 2
      },
      "score": 0.157
    },
    "twitter.com/Mattsco": {
      "out": {
        "other": 2
      },
      "score": 0.157
    },
    "twitter.com/guidbzlouco": {
      "out": {
        "other": 2
      },
      "score": 0.157
    },
    "www.twat8989.com": {
      "out": {
        "other": 2
      },
      "score": 0.157
    },
    "twitter.com/ebrownrochester": {
      "out": {
        "other": 2
      },
      "score": 0.157
    },
    "twitter.com/churchkey": {
      "out": {
        "other": 2
      },
      "score": 0.157
    },
    "twitter.com/IanGleeson": {
      "out": {
        "other": 2
      },
      "score": 0.157
    },
    "twitter.com/Marquynho": {
      "out": {
        "other": 2
      },
      "score": 0.157
    },
    "twitter.com/ashiskharel": {
      "out": {
        "other": 2
      },
      "score": 0.157
    },
    "twitter.com/BlackPeteRacism": {
      "out": {
        "other": 2
      },
      "score": 0.157
    },
    "twitter.com/aaronadler": {
      "out": {
        "other": 2
      },
      "score": 0.157
    },
    "twitter.com/anaisfavre": {
      "out": {
        "other": 2
      },
      "score": 0.157
    },
    "twitter.com/getmeya": {
      "out": {
        "other": 2
      },
      "score": 0.157
    },
    "twitter.com/JankinsVelma": {
      "out": {
        "other": 2
      },
      "score": 0.157
    },
    "twitter.com/laflemm12": {
      "out": {
        "other": 2
      },
      "score": 0.157
    },
    "twitter.com/bjpnascar3": {
      "out": {
        "other": 2
      },
      "score": 0.157
    },
    "twitter.com/Earthgranny": {
      "out": {
        "other": 2
      },
      "score": 0.157
    },
    "twitter.com/arwynearcega": {
      "out": {
        "other": 2
      },
      "score": 0.157
    },
    "twitter.com/Ketchwood4616": {
      "out": {
        "other": 2
      },
      "score": 0.157
    },
    "twitter.com/LiveYoungRetire": {
      "out": {
        "other": 2
      },
      "score": 0.157
    },
    "RickStaly.com": {
      "out": {
        "other": 2
      },
      "score": 0.157
    },
    "twitter.com/MitziPenwell": {
      "out": {
        "other": 2
      },
      "score": 0.157
    },
    "twitter.com/yinayan": {
      "out": {
        "other": 2
      },
      "score": 0.157
    },
    "twitter.com/nelson_keating": {
      "out": {
        "other": 2
      },
      "score": 0.157
    },
    "bit.ly": {
      "out": {
        "other": 2
      },
      "score": 0.157
    }
  }
}