{
  "domain": "bitdroid.de",
  "urls": [
    "https://bitdroid.de/index.html"
  ],
  "names": [
    "BitDroid"
  ],
  "descriptions": [
    "Yet another homepage"
  ],
  "pictures": [
    "https://www.bitdroid.de/images/favicon/favicon-32x32.png",
    "https://www.bitdroid.de/images/favicon/android-chrome-192x192.png",
    "https://www.bitdroid.de/images/favicon/favicon-96x96.png",
    "https://www.bitdroid.de/images/favicon/favicon-16x16.png",
    "https://www.bitdroid.de/images/favicon/favicon.ico"
  ],
  "hcard": {},
  "rel_mes": [
    "https://github.com/Maddoc42",
    "https://plus.google.com/u/0/+PhilippEichhorn/posts",
    "https://twitter.com/EichhornPhilipp"
  ],
  "tags": [
    "relme"
  ],
  "endpoints": {},
  "crawl_start": "2017-06-11T14:36:16.463909",
  "crawl_end": "2017-06-11T14:36:16.463909",
  "links_out": 0,
  "links_in": 7,
  "links": {
    "indieweb.org": {
      "in": {
        "other": 6
      },
      "score": 1
    },
    "chat.indieweb.org": {
      "in": {
        "other": 1
      },
      "score": 0
    }
  }
}