{
  "domain": "bitgrapes.com",
  "urls": [
    "http://bitgrapes.com/"
  ],
  "names": [
    "Web developer Padova, realizzazione siti web e sviluppo applicazioni"
  ],
  "descriptions": [],
  "pictures": [
    "https://bitgrapes.com/images/homescreenico.png"
  ],
  "hcard": {},
  "rel_mes": [
    "https://twitter.com/bitgrapes"
  ],
  "crawl_start": "2017-06-09T17:33:56",
  "crawl_end": "2017-06-09T17:34:00",
  "num_pages": 9,
  "total_html_size": 75283,
  "servers": [
    "nginx (Ubuntu)"
  ],
  "tags": [
    "relme"
  ],
  "endpoints": {},
  "links_out": 54,
  "links_in": 0,
  "links": {
    "www.iubenda.com": {
      "out": {
        "other": 10
      },
      "score": 1
    },
    "www.webtips.it": {
      "out": {
        "other": 9
      },
      "score": 0.963
    },
    "contatti.html": {
      "out": {
        "other": 9
      },
      "score": 0.963
    },
    "www.altramarca.net": {
      "out": {
        "other": 5
      },
      "score": 0.767
    },
    "twitter.com/bitgrapes": {
      "out": {
        "other": 2
      },
      "score": 0.463
    },
    "torbakgames.com": {
      "out": {
        "other": 2
      },
      "score": 0.463
    },
    "it.linkedin.com": {
      "out": {
        "other": 2
      },
      "score": 0.463
    },
    "support.microsoft.com": {
      "out": {
        "other": 1
      },
      "score": 0.231
    },
    "support.apple.com": {
      "out": {
        "other": 1
      },
      "score": 0.231
    },
    "rpc8.com": {
      "out": {
        "other": 1
      },
      "score": 0.231
    },
    "support.mozilla.org": {
      "out": {
        "other": 1
      },
      "score": 0.231
    },
    "alakrom.bitgrapes.com": {
      "out": {
        "other": 1
      },
      "score": 0.231
    },
    "sitiweb.design": {
      "out": {
        "other": 1
      },
      "score": 0.231
    },
    "apps.bitgrapes.com": {
      "out": {
        "other": 1
      },
      "score": 0.231
    },
    "about.html": {
      "out": {
        "other": 1
      },
      "score": 0.231
    },
    "thegira.it": {
      "out": {
        "other": 1
      },
      "score": 0.231
    },
    "webtips.it": {
      "out": {
        "other": 1
      },
      "score": 0.231
    },
    "www.arpl.com.cn": {
      "out": {
        "other": 1
      },
      "score": 0.231
    },
    "www.trevirestauri.it": {
      "out": {
        "other": 1
      },
      "score": 0.231
    },
    "altramarca.net": {
      "out": {
        "other": 1
      },
      "score": 0.231
    },
    "support.google.com": {
      "out": {
        "other": 1
      },
      "score": 0.231
    },
    "www.teorematoys.com": {
      "out": {
        "other": 1
      },
      "score": 0.231
    }
  }
}