{
  "domain": "bjb.io",
  "urls": [
    "http://bjb.io/"
  ],
  "names": [
    "\n\t\tbjb.io - a really cool domain parked on Park.io\t"
  ],
  "descriptions": [
    "The best place to backorder/drop purchase expiring ccTLD domain names"
  ],
  "pictures": [
    "https://park.io/favicon.ico",
    "https://park.io/images/system-icons/android-icon-192x192.png",
    "https://park.io/images/system-icons/favicon-32x32.png",
    "https://park.io/images/system-icons/favicon-96x96.png",
    "https://park.io/images/system-icons/favicon-16x16.png"
  ],
  "hcard": {},
  "rel_mes": [],
  "crawl_start": "2017-04-23T23:04:44",
  "crawl_end": "2017-04-23T23:04:44",
  "num_pages": 1,
  "total_html_size": 3955,
  "servers": [
    "Apache (Amazon)"
  ],
  "tags": [
    "IRC"
  ],
  "endpoints": {},
  "links_out": 2,
  "links_in": 369,
  "links": {
    "indieweb.org": {
      "in": {
        "other": 233
      },
      "score": 1
    },
    "chat.indieweb.org": {
      "in": {
        "other": 110
      },
      "score": 0.862
    },
    "waterpigs.co.uk": {
      "in": {
        "other": 20
      },
      "score": 0.550
    },
    "werd.io": {
      "in": {
        "other": 6
      },
      "score": 0.328
    },
    "park.io": {
      "out": {
        "other": 2
      },
      "score": 0.255
    }
  }
}