{
  "domain": "bjoern.stierand.org",
  "urls": [
    "http://bjoern.stierand.org/"
  ],
  "names": [
    "Björn Stierand"
  ],
  "descriptions": [],
  "pictures": [],
  "hcard": {},
  "rel_mes": [
    "https://twitter.com/egoexpress",
    "https://github.com/egoexpress",
    "https://bitbucket.org/egoexpress/"
  ],
  "crawl_start": "2017-04-23T23:04:44",
  "crawl_end": "2017-04-23T23:04:47",
  "num_pages": 2,
  "total_html_size": 9838,
  "servers": [
    "Apache (CentOS)"
  ],
  "mf2_classes": [
    "h-entry"
  ],
  "tags": [
    "relme",
    "IRC",
    "micropub",
    "authorization",
    "token"
  ],
  "endpoints": {
    "micropub": [
      "https://known.stierand.org/micropub/endpoint"
    ],
    "authorization": [
      "https://indieauth.com/auth"
    ],
    "token": [
      "https://known.stierand.org/indieauth/token"
    ]
  },
  "links_out": 36,
  "links_in": 237,
  "links": {
    "indieweb.org": {
      "in": {
        "other": 146
      },
      "score": 1
    },
    "chat.indieweb.org": {
      "in": {
        "other": 83
      },
      "score": 0.888
    },
    "known.stierand.org": {
      "out": {
        "other": 6
      },
      "score": 0.498
    },
    "innovention.de": {
      "out": {
        "other": 4
      },
      "score": 0.418
    },
    "brid.gy": {
      "in": {
        "other": 6
      },
      "score": 0.359
    },
    "www.xing.com": {
      "out": {
        "other": 2
      },
      "score": 0.279
    },
    "de.foursquare.com": {
      "out": {
        "other": 2
      },
      "score": 0.279
    },
    "twitter.com/egoexpress": {
      "out": {
        "other": 2
      },
      "score": 0.279
    },
    "www.last.fm": {
      "out": {
        "other": 2
      },
      "score": 0.279
    },
    "egoexpress.newsblur.com": {
      "out": {
        "other": 2
      },
      "score": 0.279
    },
    "facebook.com/bjoern.stierand": {
      "out": {
        "other": 2
      },
      "score": 0.279
    },
    "github.com": {
      "out": {
        "other": 2
      },
      "score": 0.279
    },
    "blog.triatomic.net": {
      "out": {
        "other": 2
      },
      "score": 0.279
    },
    "rafta.deviantart.com": {
      "out": {
        "other": 2
      },
      "score": 0.279
    },
    "html5up.net": {
      "out": {
        "other": 2
      },
      "score": 0.279
    },
    "pinboard.in": {
      "out": {
        "other": 2
      },
      "score": 0.279
    },
    "instagram.com": {
      "out": {
        "other": 2
      },
      "score": 0.279
    },
    "webmention.rocks": {
      "out": {
        "other": 2
      },
      "score": 0.279
    },
    "www.kevinmarks.com": {
      "in": {
        "other": 1
      },
      "score": 0
    },
    "www.kevin-marks.com": {
      "in": {
        "other": 1
      },
      "score": 0
    }
  }
}