{
  "domain": "bkaj.net",
  "urls": [
    "http://bkaj.net/"
  ],
  "names": [
    "Welcome to bkaj.net"
  ],
  "descriptions": [],
  "pictures": [
    "https://bkaj.net/favicon.ico"
  ],
  "hcard": {},
  "rel_mes": [
    "https://twitter.com/blsaws",
    "https://github.com/blsaws"
  ],
  "crawl_start": "2017-06-09T17:33:56",
  "crawl_end": "2017-06-09T17:33:56",
  "num_pages": 1,
  "total_html_size": 1302,
  "servers": [
    "Apache"
  ],
  "tags": [
    "relme"
  ],
  "endpoints": {},
  "links_out": 3,
  "links_in": 0,
  "links": {
    "twitter.com/blsaws": {
      "out": {
        "other": 1
      },
      "score": 1
    },
    "qrcode.kaywa.com": {
      "out": {
        "other": 1
      },
      "score": 1
    },
    "github.com": {
      "out": {
        "other": 1
      },
      "score": 1
    }
  }
}