{
  "domain": "bkf.withknown.com",
  "urls": [
    "https://bkf.withknown.com/gmay.me",
    "https://bkf.withknown.com/profile/gma",
    "http://turkcebkf.wordpress.com",
    "https://plus.google.com/u/0/+GokceAY/posts",
    "http://gmay.me"
  ],
  "names": [
    "Gökçe Mehmet AY",
    "BKF ve fazlası"
  ],
  "descriptions": [
    "Makine Mühendisi, koca, iki çocuk babası. Gelecek düşkuranı",
    "Known ile çalışan bir bilim, bilim kurgu, fantastik ve sinema sitesi. Özünde aklıma gelenleri yazıyorum."
  ],
  "pictures": [
    "https://bkf.withknown.com/file/5cee6f350b9492ad27f22e7c7764509f/thumb.jpg"
  ],
  "hcard": {
    "properties": {
      "name": [
        "Gökçe Mehmet AY"
      ],
      "note": [
        {
          "html": "<div class=\"highlightedText\">\n<p>Makine Mühendisi, koca, iki çocuk babası. <br/>Gelecek düşkuranı</p>\n</div>",
          "value": "\nMakine Mühendisi, koca, iki çocuk babası. Gelecek düşkuranı\n"
        }
      ],
      "photo": [
        "https://bkf.withknown.com/file/5cee6f350b9492ad27f22e7c7764509f/thumb.jpg"
      ],
      "profile": [
        "Gökçe Mehmet AY"
      ],
      "url": [
        "https://bkf.withknown.com/gmay.me",
        "https://bkf.withknown.com/profile/gma",
        "https://bkf.withknown.com/profile/gma",
        "http://turkcebkf.wordpress.com",
        "https://plus.google.com/u/0/+GokceAY/posts",
        "http://gmay.me"
      ]
    },
    "type": [
      "h-card"
    ]
  },
  "rel_mes": [
    "http://turkcebkf.wordpress.com",
    "https://plus.google.com/u/0/+GokceAY/posts",
    "https://bkf.withknown.com/gmay.me",
    "http://gmay.me"
  ],
  "crawl_start": "2017-04-28T02:15:55",
  "crawl_end": "2017-04-28T02:19:02",
  "num_pages": 209,
  "total_html_size": 5358707,
  "servers": [
    "Apache",
    "Known"
  ],
  "mf2_classes": [
    "h-entry",
    "h-card"
  ],
  "tags": [
    "relme",
    "bridgy",
    "webmention",
    "micropub",
    "authorization",
    "token",
    "websub",
    "Known"
  ],
  "endpoints": {
    "webmention": [
      "https://bkf.withknown.com/webmention/"
    ],
    "micropub": [
      "https://bkf.withknown.com/micropub/endpoint"
    ],
    "authorization": [
      "https://bkf.withknown.com/indieauth/auth"
    ],
    "token": [
      "https://bkf.withknown.com/indieauth/token"
    ],
    "websub": [
      "http://withknown.superfeedr.com/"
    ]
  },
  "links_out": 1299,
  "links_in": 3,
  "links": {
    "withknown.com": {
      "out": {
        "other": 209
      },
      "score": 1
    },
    "gmay.me": {
      "out": {
        "other": 202
      },
      "score": 0.993
    },
    "twitter.com/oknaknci": {
      "out": {
        "in-reply-to": 20,
        "other": 25
      },
      "score": 0.914
    },
    "turkcebkf.wordpress.com": {
      "out": {
        "other": 112
      },
      "score": 0.896
    },
    "plus.google.com/u": {
      "out": {
        "other": 101
      },
      "score": 0.879
    },
    "bit.ly": {
      "out": {
        "other": 60
      },
      "score": 0.793
    },
    "youtu.be": {
      "out": {
        "other": 54
      },
      "score": 0.775
    },
    "www.youtube.com": {
      "out": {
        "other": 42
      },
      "score": 0.733
    },
    "www.elsevier.com": {
      "out": {
        "other": 32
      },
      "score": 0.689
    },
    "twitter.com/AtlasMusicTR": {
      "out": {
        "in-reply-to": 5,
        "other": 5
      },
      "score": 0.677
    },
    "twitter.com/libshipwreck": {
      "out": {
        "other": 5,
        "in-reply-to": 5
      },
      "score": 0.677
    },
    "twitter.com/jolantru": {
      "out": {
        "other": 5,
        "in-reply-to": 5
      },
      "score": 0.677
    },
    "twitter.com/kisalar": {
      "out": {
        "in-reply-to": 5,
        "other": 4
      },
      "score": 0.672
    },
    "twitter.com/BBCWorld": {
      "out": {
        "in-reply-to": 5
      },
      "score": 0.647
    },
    "fundedscience.com": {
      "out": {
        "other": 16
      },
      "score": 0.575
    },
    "goo.gl": {
      "out": {
        "other": 15
      },
      "score": 0.563
    },
    "fav.me": {
      "out": {
        "other": 13
      },
      "score": 0.540
    },
    "www.hodderscape.co.uk": {
      "out": {
        "other": 10
      },
      "score": 0.497
    },
    "www.slate.com": {
      "out": {
        "other": 10
      },
      "score": 0.497
    },
    "www.bbc.com": {
      "out": {
        "other": 10
      },
      "score": 0.497
    },
    "io9.com": {
      "out": {
        "other": 10
      },
      "score": 0.497
    },
    "en.wikipedia.org": {
      "out": {
        "other": 10
      },
      "score": 0.497
    },
    "decastell.com": {
      "out": {
        "other": 10
      },
      "score": 0.497
    },
    "m.youtube.com": {
      "out": {
        "other": 10
      },
      "score": 0.497
    },
    "www.ioccc.org": {
      "out": {
        "other": 9
      },
      "score": 0.478
    },
    "mobile.nytimes.com": {
      "out": {
        "other": 9
      },
      "score": 0.478
    },
    "www.abundancegeneration.com": {
      "out": {
        "other": 8
      },
      "score": 0.459
    },
    "www.flickr.com": {
      "out": {
        "other": 8
      },
      "score": 0.459
    },
    "www.crowdrise.com": {
      "out": {
        "other": 8
      },
      "score": 0.459
    },
    "experiment.com": {
      "out": {
        "other": 8
      },
      "score": 0.459
    },
    "news.google.com": {
      "out": {
        "other": 8
      },
      "score": 0.459
    },
    "www.indiegogo.com": {
      "out": {
        "other": 8
      },
      "score": 0.459
    },
    "www.linkedin.com": {
      "out": {
        "other": 8
      },
      "score": 0.459
    },
    "www.kickstarter.com": {
      "out": {
        "other": 8
      },
      "score": 0.459
    },
    "hubbub.net": {
      "out": {
        "other": 8
      },
      "score": 0.459
    },
    "cnet.co": {
      "out": {
        "other": 6
      },
      "score": 0.411
    },
    "www.arzumokka.com": {
      "out": {
        "other": 5
      },
      "score": 0.381
    },
    "resonate.duarte.com": {
      "out": {
        "other": 5
      },
      "score": 0.381
    },
    "www.bbc.co.uk": {
      "out": {
        "other": 5
      },
      "score": 0.381
    },
    "t.co": {
      "out": {
        "other": 5
      },
      "score": 0.381
    },
    "www.designboom.com": {
      "out": {
        "other": 5
      },
      "score": 0.381
    },
    "awolfstale.wordpress.com": {
      "out": {
        "other": 5
      },
      "score": 0.381
    },
    "www.ncbi.nlm.nih.gov": {
      "out": {
        "other": 5
      },
      "score": 0.381
    },
    "www.alexaobrien.com": {
      "out": {
        "other": 5
      },
      "score": 0.381
    },
    "itunes.apple.com": {
      "out": {
        "other": 5
      },
      "score": 0.381
    },
    "getpocket.com": {
      "out": {
        "other": 5
      },
      "score": 0.381
    },
    "theness.com": {
      "out": {
        "other": 5
      },
      "score": 0.381
    },
    "www.bilimgenc.tubitak.gov.tr": {
      "out": {
        "other": 5
      },
      "score": 0.381
    },
    "flip.it": {
      "out": {
        "other": 5
      },
      "score": 0.381
    },
    "qr.ae": {
      "out": {
        "other": 5
      },
      "score": 0.381
    },
    "www.theguardian.com": {
      "out": {
        "other": 5
      },
      "score": 0.381
    },
    "www.artofmanliness.com": {
      "out": {
        "other": 5
      },
      "score": 0.381
    },
    "angryrobotbooks.com": {
      "out": {
        "other": 5
      },
      "score": 0.381
    },
    "vimeo.com": {
      "out": {
        "other": 5
      },
      "score": 0.381
    },
    "www.caltech.edu": {
      "out": {
        "other": 5
      },
      "score": 0.381
    },
    "education.github.com": {
      "out": {
        "other": 5
      },
      "score": 0.381
    },
    "indiewebcamp.com": {
      "out": {
        "other": 5
      },
      "score": 0.381
    },
    "www.psypost.org": {
      "out": {
        "other": 5
      },
      "score": 0.381
    },
    "www.dailymile.com": {
      "out": {
        "other": 5
      },
      "score": 0.381
    },
    "www.independent.co.uk": {
      "out": {
        "other": 5
      },
      "score": 0.381
    },
    "lifehacker.com": {
      "out": {
        "other": 5
      },
      "score": 0.381
    },
    "mentalfloss.com": {
      "out": {
        "other": 5
      },
      "score": 0.381
    },
    "www.theatlantic.com": {
      "out": {
        "other": 5
      },
      "score": 0.381
    },
    "apod.nasa.gov": {
      "out": {
        "other": 5
      },
      "score": 0.381
    },
    "www.nytimes.com": {
      "out": {
        "other": 5
      },
      "score": 0.381
    },
    "leighalexander.net": {
      "out": {
        "other": 5
      },
      "score": 0.381
    },
    "instagram.com": {
      "out": {
        "other": 5
      },
      "score": 0.381
    },
    "newsroom.ucla.edu": {
      "out": {
        "other": 5
      },
      "score": 0.381
    },
    "andrea1969.deviantart.com": {
      "out": {
        "other": 5
      },
      "score": 0.381
    },
    "thevisualcommunicationguy.com": {
      "out": {
        "other": 4
      },
      "score": 0.344
    },
    "kimharrison.net": {
      "out": {
        "other": 4
      },
      "score": 0.344
    },
    "twitter.com/TweetLanceTr": {
      "out": {
        "other": 4
      },
      "score": 0.344
    },
    "www.deviantart.com": {
      "out": {
        "other": 4
      },
      "score": 0.344
    },
    "steampunk22.deviantart.com": {
      "out": {
        "other": 3
      },
      "score": 0.296
    },
    "twitter.com/l0ras": {
      "out": {
        "other": 2
      },
      "score": 0.230
    },
    "twitter.com/KinaDeSantis": {
      "out": {
        "other": 2
      },
      "score": 0.230
    },
    "indieweb.org": {
      "in": {
        "other": 2
      },
      "score": 0.115
    },
    "chat.indieweb.org": {
      "in": {
        "other": 1
      },
      "score": 0
    }
  }
}