{
  "domain": "black-puppydog.withknown.com",
  "urls": [
    "http://black-puppydog.withknown.com/"
  ],
  "names": [
    "Some personal notes"
  ],
  "descriptions": [
    "Stuff I find interesting and/or nice."
  ],
  "pictures": [
    "https://black-puppydog.withknown.com/file/79dd304ccc52d4fc81ceecf97461e438/thumb.png"
  ],
  "hcard": {},
  "rel_mes": [],
  "crawl_start": "2017-04-28T02:15:54",
  "crawl_end": "2017-04-28T02:25:48",
  "num_pages": 753,
  "total_html_size": 16470681,
  "servers": [
    "Apache",
    "Known"
  ],
  "mf2_classes": [
    "h-card",
    "h-cite",
    "h-entry"
  ],
  "tags": [
    "bridgy",
    "webmention",
    "websub",
    "Known"
  ],
  "endpoints": {
    "webmention": [
      "https://black-puppydog.withknown.com/webmention/"
    ],
    "websub": [
      "http://withknown.superfeedr.com/"
    ]
  },
  "links_out": 1614,
  "links_in": 7,
  "links": {
    "facebook.com/100003678551164": {
      "out": {
        "other": 348
      },
      "score": 1
    },
    "www.youtube.com": {
      "out": {
        "other": 51
      },
      "score": 0.705
    },
    "www.heise.de": {
      "out": {
        "other": 35
      },
      "score": 0.649
    },
    "en.wikipedia.org": {
      "out": {
        "other": 33
      },
      "score": 0.640
    },
    "www.zeit.de": {
      "out": {
        "other": 30
      },
      "score": 0.624
    },
    "firstlook.org": {
      "out": {
        "other": 28
      },
      "score": 0.615
    },
    "ur1.ca": {
      "out": {
        "other": 26
      },
      "score": 0.603
    },
    "www.theguardian.com": {
      "out": {
        "other": 22
      },
      "score": 0.577
    },
    "twisterio.com": {
      "out": {
        "other": 22
      },
      "score": 0.577
    },
    "apt.syncthing.net": {
      "out": {
        "other": 21
      },
      "score": 0.571
    },
    "wapo.st": {
      "out": {
        "other": 21
      },
      "score": 0.571
    },
    "twitter.com/videolan": {
      "out": {
        "other": 21
      },
      "score": 0.571
    },
    "creativecommons.org": {
      "out": {
        "other": 20
      },
      "score": 0.563
    },
    "www.dannyschmidt.com": {
      "out": {
        "other": 19
      },
      "score": 0.556
    },
    "blog.fefe.de": {
      "out": {
        "other": 18
      },
      "score": 0.547
    },
    "facebook.com/100000534612945": {
      "out": {
        "other": 18
      },
      "score": 0.547
    },
    "www.kryogenix.org": {
      "out": {
        "other": 18
      },
      "score": 0.547
    },
    "www.lemonde.fr": {
      "out": {
        "other": 17
      },
      "score": 0.539
    },
    "facebook.com/10153070527322069": {
      "out": {
        "other": 16
      },
      "score": 0.530
    },
    "facebook.com/100002918434498": {
      "out": {
        "other": 16
      },
      "score": 0.530
    },
    "facebook.com/10205599382921085": {
      "out": {
        "other": 16
      },
      "score": 0.530
    },
    "facebook.com/100006175214531": {
      "out": {
        "other": 16
      },
      "score": 0.530
    },
    "news.ycombinator.com": {
      "out": {
        "other": 14
      },
      "score": 0.508
    },
    "falkvinge.net": {
      "out": {
        "other": 13
      },
      "score": 0.498
    },
    "youtu.be": {
      "out": {
        "other": 13
      },
      "score": 0.498
    },
    "au.pcmag.com": {
      "out": {
        "other": 13
      },
      "score": 0.498
    },
    "torrentfreak.com": {
      "out": {
        "other": 13
      },
      "score": 0.498
    },
    "om8.de": {
      "out": {
        "other": 13
      },
      "score": 0.498
    },
    "is.gd": {
      "out": {
        "other": 13
      },
      "score": 0.498
    },
    "www.imdb.com": {
      "out": {
        "other": 13
      },
      "score": 0.498
    },
    "sonic-pi.net": {
      "out": {
        "other": 13
      },
      "score": 0.498
    },
    "twitter.com/dhjkt": {
      "out": {
        "other": 13
      },
      "score": 0.498
    },
    "facebook.com/792994677451900": {
      "out": {
        "other": 12
      },
      "score": 0.485
    },
    "facebook.com/779326838809657": {
      "out": {
        "other": 12
      },
      "score": 0.485
    },
    "Www.google.ca": {
      "out": {
        "other": 12
      },
      "score": 0.485
    },
    "facebook.com/967478823279929": {
      "out": {
        "other": 12
      },
      "score": 0.485
    },
    "dubiousdod.org": {
      "out": {
        "other": 11
      },
      "score": 0.472
    },
    "www.taz.de": {
      "out": {
        "other": 11
      },
      "score": 0.472
    },
    "www.dw.de": {
      "out": {
        "other": 10
      },
      "score": 0.458
    },
    "facebook.com/736255723148369": {
      "out": {
        "other": 10
      },
      "score": 0.458
    },
    "facebook.com/10153042860396303": {
      "out": {
        "other": 10
      },
      "score": 0.458
    },
    "www.der-postillon.com": {
      "out": {
        "other": 10
      },
      "score": 0.458
    },
    "b1cba9b3-a-5e6631fd-s-sites.googlegroups.com": {
      "out": {
        "other": 10
      },
      "score": 0.458
    },
    "www.washingtonpost.com": {
      "out": {
        "other": 10
      },
      "score": 0.458
    },
    "heise.de": {
      "out": {
        "other": 9
      },
      "score": 0.441
    },
    "www.thinkwithportals.com": {
      "out": {
        "other": 9
      },
      "score": 0.441
    },
    "www.businessinsider.com": {
      "out": {
        "other": 9
      },
      "score": 0.441
    },
    "aaaaa-asso.fr": {
      "out": {
        "other": 9
      },
      "score": 0.441
    },
    "downloads.bbc.co.uk": {
      "out": {
        "other": 9
      },
      "score": 0.441
    },
    "typedrummer.com": {
      "out": {
        "other": 9
      },
      "score": 0.441
    },
    "vimeo.com": {
      "out": {
        "other": 9
      },
      "score": 0.441
    },
    "netzpolitik.org": {
      "out": {
        "other": 9
      },
      "score": 0.441
    },
    "www.instants-suspendus.net": {
      "out": {
        "other": 9
      },
      "score": 0.441
    },
    "www.lobbyradar.de": {
      "out": {
        "other": 9
      },
      "score": 0.441
    },
    "www.2600.com": {
      "out": {
        "other": 9
      },
      "score": 0.441
    },
    "twitter.com/apexys": {
      "out": {
        "other": 9
      },
      "score": 0.441
    },
    "www.sueddeutsche.de": {
      "out": {
        "other": 9
      },
      "score": 0.441
    },
    "facebook.com/1673040003": {
      "out": {
        "other": 8
      },
      "score": 0.423
    },
    "facebook.com/703041302": {
      "out": {
        "other": 8
      },
      "score": 0.423
    },
    "brid-gy.appspot.com": {
      "out": {
        "other": 8
      },
      "score": 0.423
    },
    "twitter.com/black_puppydog": {
      "out": {
        "other": 8
      },
      "score": 0.423
    },
    "twitter.com/Goldspielzeug": {
      "out": {
        "other": 7
      },
      "score": 0.403
    },
    "facebook.com/536830463": {
      "out": {
        "other": 6
      },
      "score": 0.379
    },
    "facebook.com/10152626463119562": {
      "out": {
        "other": 6
      },
      "score": 0.379
    },
    "facebook.com/10153040404544701": {
      "out": {
        "other": 6
      },
      "score": 0.379
    },
    "facebook.com/910229575677017": {
      "out": {
        "other": 6
      },
      "score": 0.379
    },
    "facebook.com/1570034386545720": {
      "out": {
        "other": 6
      },
      "score": 0.379
    },
    "facebook.com/544946312275749": {
      "out": {
        "other": 6
      },
      "score": 0.379
    },
    "aimlessglee.tumblr.com": {
      "out": {
        "other": 5
      },
      "score": 0.351
    },
    "www.abiresearch.com": {
      "out": {
        "other": 5
      },
      "score": 0.351
    },
    "news.bbc.co.uk": {
      "out": {
        "other": 5
      },
      "score": 0.351
    },
    "stackoverflow.com": {
      "out": {
        "other": 5
      },
      "score": 0.351
    },
    "www.nytimes.com": {
      "out": {
        "other": 5
      },
      "score": 0.351
    },
    "www.flickr.com": {
      "out": {
        "other": 5
      },
      "score": 0.351
    },
    "commons.wikimedia.org": {
      "out": {
        "other": 5
      },
      "score": 0.351
    },
    "www.esa.int": {
      "out": {
        "other": 5
      },
      "score": 0.351
    },
    "plus.google.com/+ChristianKurzke": {
      "out": {
        "other": 5
      },
      "score": 0.351
    },
    "www.theaustralian.com.au": {
      "out": {
        "other": 5
      },
      "score": 0.351
    },
    "www.techdirt.com": {
      "out": {
        "other": 5
      },
      "score": 0.351
    },
    "www.archlinux.org": {
      "out": {
        "other": 5
      },
      "score": 0.351
    },
    "de.answers.yahoo.com": {
      "out": {
        "other": 5
      },
      "score": 0.351
    },
    "piwigo.org": {
      "out": {
        "other": 5
      },
      "score": 0.351
    },
    "news.antiwar.com": {
      "out": {
        "other": 5
      },
      "score": 0.351
    },
    "www.wsj.com": {
      "out": {
        "other": 5
      },
      "score": 0.351
    },
    "www.nsa-observer.net": {
      "out": {
        "other": 5
      },
      "score": 0.351
    },
    "amancalleddada.blogspot.fr": {
      "out": {
        "other": 5
      },
      "score": 0.351
    },
    "www.akamai.com": {
      "out": {
        "other": 5
      },
      "score": 0.351
    },
    "www.tagesschau.de": {
      "out": {
        "other": 5
      },
      "score": 0.351
    },
    "www.smarty.net": {
      "out": {
        "other": 5
      },
      "score": 0.351
    },
    "www.zdnet.com": {
      "out": {
        "other": 5
      },
      "score": 0.351
    },
    "twitter.com/GrumpyMerkel": {
      "out": {
        "other": 5
      },
      "score": 0.351
    },
    "nex.sx": {
      "out": {
        "other": 5
      },
      "score": 0.351
    },
    "packages.debian.org": {
      "out": {
        "other": 5
      },
      "score": 0.351
    },
    "www.eff.org": {
      "out": {
        "other": 5
      },
      "score": 0.351
    },
    "www.titanic-magazin.de": {
      "out": {
        "other": 5
      },
      "score": 0.351
    },
    "www.extremetech.com": {
      "out": {
        "other": 5
      },
      "score": 0.351
    },
    "i.imgur.com": {
      "out": {
        "other": 5
      },
      "score": 0.351
    },
    "plus.google.com/+youtube": {
      "out": {
        "other": 5
      },
      "score": 0.351
    },
    "twitter.com/BradDeppe": {
      "out": {
        "other": 5
      },
      "score": 0.351
    },
    "unix.stackexchange.com": {
      "out": {
        "other": 5
      },
      "score": 0.351
    },
    "arxiv.org": {
      "out": {
        "other": 5
      },
      "score": 0.351
    },
    "www.bloomberg.com": {
      "out": {
        "other": 5
      },
      "score": 0.351
    },
    "akashictimes.co.uk": {
      "out": {
        "other": 5
      },
      "score": 0.351
    },
    "arstechnica.com": {
      "out": {
        "other": 5
      },
      "score": 0.351
    },
    "gu.com": {
      "out": {
        "other": 5
      },
      "score": 0.351
    },
    "media.ccc.de": {
      "out": {
        "other": 5
      },
      "score": 0.351
    },
    "nightvale.libsyn.com": {
      "out": {
        "other": 5
      },
      "score": 0.351
    },
    "www.awesome.com": {
      "out": {
        "other": 4
      },
      "score": 0.318
    },
    "facebook.com/10202768540729282": {
      "out": {
        "other": 4
      },
      "score": 0.318
    },
    "facebook.com/668212068": {
      "out": {
        "other": 4
      },
      "score": 0.318
    },
    "facebook.com/GrDF.officiel": {
      "out": {
        "other": 4
      },
      "score": 0.318
    },
    "facebook.com/764944700": {
      "out": {
        "other": 4
      },
      "score": 0.318
    },
    "facebook.com/10153091119177845": {
      "out": {
        "other": 4
      },
      "score": 0.318
    },
    "twister.net.co": {
      "out": {
        "other": 4
      },
      "score": 0.318
    },
    "facebook.com/100000699492415": {
      "out": {
        "other": 4
      },
      "score": 0.318
    },
    "facebook.com/10200108469352183": {
      "out": {
        "other": 4
      },
      "score": 0.318
    },
    "craftlogic.com": {
      "out": {
        "other": 4
      },
      "score": 0.318
    },
    "facebook.com/100001970436504": {
      "out": {
        "other": 4
      },
      "score": 0.318
    },
    "facebook.com/100002241248673": {
      "out": {
        "other": 4
      },
      "score": 0.318
    },
    "brid.gy": {
      "in": {
        "other": 7
      },
      "score": 0.298
    },
    "twitter.com/MyleneBressan": {
      "out": {
        "other": 3
      },
      "score": 0.273
    },
    "twitter.com/CraftlogicJobs": {
      "out": {
        "other": 3
      },
      "score": 0.273
    },
    "twitter.com/HTML5Digest1": {
      "out": {
        "other": 3
      },
      "score": 0.273
    },
    "twitter.com/FergusonRealtor": {
      "out": {
        "other": 3
      },
      "score": 0.273
    },
    "twitter.com/DigiRightsIL": {
      "out": {
        "other": 3
      },
      "score": 0.273
    },
    "twitter.com/RTJolla": {
      "out": {
        "other": 3
      },
      "score": 0.273
    },
    "twitter.com/craftlogic": {
      "out": {
        "other": 3
      },
      "score": 0.273
    },
    "twitter.com/JollaBot": {
      "out": {
        "other": 3
      },
      "score": 0.273
    },
    "twitter.com/kevinbferguson": {
      "out": {
        "other": 3
      },
      "score": 0.273
    },
    "facebook.com/100002811547735": {
      "out": {
        "other": 2
      },
      "score": 0.212
    },
    "facebook.com/714417844": {
      "out": {
        "other": 2
      },
      "score": 0.212
    },
    "facebook.com/10153030081644521": {
      "out": {
        "other": 2
      },
      "score": 0.212
    },
    "facebook.com/1763754083": {
      "out": {
        "other": 2
      },
      "score": 0.212
    },
    "facebook.com/100003716513493": {
      "out": {
        "other": 2
      },
      "score": 0.212
    },
    "je.suis.humain.es": {
      "out": {
        "other": 2
      },
      "score": 0.212
    },
    "facebook.com/598354763631735": {
      "out": {
        "other": 2
      },
      "score": 0.212
    },
    "facebook.com/770303379705247": {
      "out": {
        "other": 2
      },
      "score": 0.212
    },
    "facebook.com/520053903": {
      "out": {
        "other": 2
      },
      "score": 0.212
    },
    "twitter.com/UbuntuReddit": {
      "out": {
        "other": 2
      },
      "score": 0.212
    },
    "twitter.com/TheRealDod": {
      "out": {
        "other": 2
      },
      "score": 0.212
    },
    "digitalrights.org.il": {
      "out": {
        "other": 2
      },
      "score": 0.212
    },
    "facebook.com/1294966581": {
      "out": {
        "other": 2
      },
      "score": 0.212
    },
    "twitter.com/Der_Postillon": {
      "out": {
        "other": 2
      },
      "score": 0.212
    },
    "facebook.com/853419520": {
      "out": {
        "other": 2
      },
      "score": 0.212
    },
    "susanferguson.ebby.com": {
      "out": {
        "other": 2
      },
      "score": 0.212
    },
    "twitter.com/DataIsFuture": {
      "out": {
        "other": 2
      },
      "score": 0.212
    },
    "facebook.com/1116394338": {
      "out": {
        "other": 2
      },
      "score": 0.212
    },
    "www.sgvulcan.com": {
      "out": {
        "other": 2
      },
      "score": 0.212
    },
    "facebook.com/783672695037054": {
      "out": {
        "other": 2
      },
      "score": 0.212
    },
    "facebook.com/10155157096915341": {
      "out": {
        "other": 2
      },
      "score": 0.212
    },
    "facebook.com/100002743084565": {
      "out": {
        "other": 2
      },
      "score": 0.212
    },
    "facebook.com/1148577293": {
      "out": {
        "other": 2
      },
      "score": 0.212
    },
    "facebook.com/10205068295123150": {
      "out": {
        "other": 2
      },
      "score": 0.212
    },
    "www.h-dawg.de": {
      "out": {
        "other": 2
      },
      "score": 0.212
    },
    "twitter.com/reviewjolla": {
      "out": {
        "other": 2
      },
      "score": 0.212
    },
    "www.craftlogic.com": {
      "out": {
        "other": 2
      },
      "score": 0.212
    },
    "facebook.com/100001767755167": {
      "out": {
        "other": 2
      },
      "score": 0.212
    },
    "www.blaccspot.com": {
      "out": {
        "other": 2
      },
      "score": 0.212
    },
    "boutique.orange.fr": {
      "out": {
        "other": 1
      },
      "score": 0.106
    }
  }
}