{
  "domain": "blackbay-uk.withknown.com",
  "urls": [
    "https://blackbay-uk.withknown.com/profile/blackbay1",
    "http://www.blackbay.com/",
    "http://www.blackbay.com/solutions/delivery-connect"
  ],
  "names": [
    "Blackbay"
  ],
  "descriptions": [
    "A social website powered by Known"
  ],
  "pictures": [
    "https://blackbay-uk.withknown.com/file/ecae268b1048c5fa9088ba6e589a4c75"
  ],
  "hcard": {
    "properties": {
      "name": [
        "Blackbay"
      ],
      "note": [
        {
          "html": "",
          "value": ""
        }
      ],
      "photo": [
        "https://blackbay-uk.withknown.com/file/ecae268b1048c5fa9088ba6e589a4c75"
      ],
      "profile": [
        "Blackbay"
      ],
      "url": [
        "https://blackbay-uk.withknown.com/profile/blackbay1",
        "https://blackbay-uk.withknown.com/profile/blackbay1",
        "http://www.blackbay.com/",
        "http://www.blackbay.com/solutions/delivery-connect"
      ]
    },
    "type": [
      "h-card"
    ]
  },
  "rel_mes": [
    "http://www.blackbay.com/",
    "http://www.blackbay.com/solutions/delivery-connect"
  ],
  "crawl_start": "2017-04-28T02:15:55",
  "crawl_end": "2017-04-28T02:16:14",
  "num_pages": 32,
  "total_html_size": 598155,
  "servers": [
    "Apache",
    "Known"
  ],
  "mf2_classes": [
    "h-card",
    "h-entry"
  ],
  "tags": [
    "relme",
    "bridgy",
    "webmention",
    "websub",
    "Known"
  ],
  "endpoints": {
    "webmention": [
      "https://blackbay-uk.withknown.com/webmention/"
    ],
    "websub": [
      "http://withknown.superfeedr.com/"
    ]
  },
  "links_out": 86,
  "links_in": 0,
  "links": {
    "www.blackbay.com": {
      "out": {
        "other": 86
      },
      "score": 1
    }
  }
}