{
  "domain": "blogger.simoncoopey.net",
  "urls": [
    "http://blogger.simoncoopey.net/"
  ],
  "names": [
    "Simon Coopey's Techy Bits"
  ],
  "descriptions": [
    "Techy tidbits from a veteran of a five-year war against CentOS and a twenty-three-year war against Apple. Oh, and in a long entente cordiale with WordPress."
  ],
  "pictures": [
    "http://blogger.simoncoopey.net/favicon.ico"
  ],
  "hcard": {},
  "rel_mes": [],
  "crawl_start": "2017-04-28T02:16:02",
  "crawl_end": "2017-04-28T02:17:04",
  "num_pages": 59,
  "total_html_size": 3891353,
  "servers": [
    "GSE"
  ],
  "mf2_classes": [
    "h-entry",
    "h-card",
    "h-feed"
  ],
  "tags": [
    "bridgy",
    "webmention"
  ],
  "endpoints": {
    "webmention": [
      "https://www.brid.gy/webmention/blogger"
    ]
  },
  "links_out": 2042,
  "links_in": 18,
  "links": {
    "www.blogger.com": {
      "out": {
        "other": 1349
      },
      "score": 1
    },
    "plus.google.com/115670007949499078391": {
      "out": {
        "other": 254
      },
      "score": 0.789
    },
    "www.netvibes.com": {
      "out": {
        "other": 118
      },
      "score": 0.691
    },
    "add.my.yahoo.com": {
      "out": {
        "other": 118
      },
      "score": 0.691
    },
    "simoncoopey.net": {
      "out": {
        "other": 61
      },
      "score": 0.608
    },
    "wordpress.org": {
      "out": {
        "other": 29
      },
      "score": 0.514
    },
    "plus.google.com/117667414309209066991": {
      "out": {
        "other": 22
      },
      "score": 0.478
    },
    "codex.wordpress.org": {
      "out": {
        "other": 11
      },
      "score": 0.391
    },
    "hakre.wordpress.com": {
      "out": {
        "other": 11
      },
      "score": 0.391
    },
    "brid.gy": {
      "in": {
        "other": 18
      },
      "score": 0.366
    },
    "copy.com": {
      "out": {
        "other": 9
      },
      "score": 0.366
    },
    "github.com": {
      "out": {
        "other": 7
      },
      "score": 0.334
    },
    "buddypress.org": {
      "out": {
        "other": 7
      },
      "score": 0.334
    },
    "coopey.me": {
      "out": {
        "other": 7
      },
      "score": 0.334
    },
    "passwordsite.co.uk": {
      "out": {
        "other": 6
      },
      "score": 0.314
    },
    "sailfishos.org": {
      "out": {
        "other": 5
      },
      "score": 0.291
    },
    "jolla.com": {
      "out": {
        "other": 5
      },
      "score": 0.291
    },
    "2sc.eu": {
      "out": {
        "other": 4
      },
      "score": 0.263
    },
    "www.instapaper.com": {
      "out": {
        "other": 3
      },
      "score": 0.227
    },
    "simoncoopey.com": {
      "out": {
        "other": 3
      },
      "score": 0.227
    },
    "coopey.ml": {
      "out": {
        "other": 3
      },
      "score": 0.227
    },
    "2.bp.blogspot.com": {
      "out": {
        "other": 2
      },
      "score": 0.176
    },
    "flamingo.im": {
      "out": {
        "other": 2
      },
      "score": 0.176
    },
    "rachphillips.com": {
      "out": {
        "other": 2
      },
      "score": 0.176
    },
    "www.bluchic.com": {
      "out": {
        "other": 2
      },
      "score": 0.176
    },
    "simoncoopey.dropmark.com": {
      "out": {
        "other": 2
      },
      "score": 0.176
    }
  }
}