{
  "domain": "blog.ministryofpropaganda.co.uk",
  "urls": [
    "http://blog.ministryofpropaganda.co.uk/"
  ],
  "names": [
    "Ministry of Propaganda | Nothing but the truth…",
    "Ministry of Propaganda"
  ],
  "descriptions": [
    "Nothing but the truth…"
  ],
  "pictures": [
    "http://blog.ministryofpropaganda.co.uk/wp-content/uploads/2015/08/cropped-mop-icon-new-32x32.png",
    "http://blog.ministryofpropaganda.co.uk/wp-content/uploads/2015/08/cropped-mop-icon-new-192x192.png",
    "http://blog.ministryofpropaganda.co.uk/wp-content/uploads/2015/08/cropped-mop-icon-new-270x270.png"
  ],
  "hcard": {},
  "rel_mes": [],
  "crawl_start": "2017-04-28T02:15:50",
  "crawl_end": "2017-04-28T03:42:56",
  "num_pages": 620,
  "total_html_size": 28275635,
  "servers": [
    "Apache",
    "WordPress"
  ],
  "mf2_classes": [
    "h-entry",
    "h-feed",
    "h-as-reply",
    "h-card",
    "h-as-mention"
  ],
  "tags": [
    "bridgy",
    "webmention",
    "WordPress"
  ],
  "endpoints": {
    "webmention": [
      "http://blog.ministryofpropaganda.co.uk/wp-json/webmention/1.0/endpoint"
    ]
  },
  "links_out": 4791,
  "links_in": 29,
  "links": {
    "facebook.com/776938267": {
      "out": {
        "other": 2221
      },
      "score": 1
    },
    "wordpress.org": {
      "out": {
        "other": 620
      },
      "score": 0.848
    },
    "plus.google.com/+ArminGrewe": {
      "out": {
        "other": 537
      },
      "score": 0.831
    },
    "indieweb.org": {
      "out": {
        "other": 368
      },
      "score": 0.786
    },
    "twitter.com/islayblog": {
      "out": {
        "other": 163
      },
      "score": 0.689
    },
    "www.bbc.co.uk": {
      "out": {
        "other": 103
      },
      "score": 0.635
    },
    "www.bbowt.org.uk": {
      "out": {
        "other": 60
      },
      "score": 0.570
    },
    "javascript": {
      "out": {
        "other": 58
      },
      "score": 0.565
    },
    "www.express.co.uk": {
      "out": {
        "other": 26
      },
      "score": 0.470
    },
    "en.wikipedia.org": {
      "out": {
        "other": 26
      },
      "score": 0.470
    },
    "www.rspb.org.uk": {
      "out": {
        "other": 22
      },
      "score": 0.45
    },
    "www.islay.org.uk": {
      "out": {
        "other": 15
      },
      "in": {
        "other": 11
      },
      "score": 0.442
    },
    "twitter.com/sister_ratched": {
      "out": {
        "other": 18
      },
      "score": 0.426
    },
    "www.telegraph.co.uk": {
      "out": {
        "other": 16
      },
      "score": 0.413
    },
    "forum.dji.com": {
      "out": {
        "other": 16
      },
      "score": 0.413
    },
    "www.google.com": {
      "out": {
        "other": 16
      },
      "score": 0.413
    },
    "www.popsci.com": {
      "out": {
        "other": 16
      },
      "score": 0.413
    },
    "vowe.net": {
      "out": {
        "other": 15
      },
      "score": 0.405
    },
    "www.gov.uk": {
      "out": {
        "other": 14
      },
      "score": 0.396
    },
    "www.theguardian.com": {
      "out": {
        "other": 14
      },
      "score": 0.396
    },
    "www.uni-oldenburg.de": {
      "out": {
        "other": 14
      },
      "score": 0.396
    },
    "www.merrymaidswestberkshire.co.uk": {
      "out": {
        "other": 13
      },
      "score": 0.388
    },
    "www.sainsburys.co.uk": {
      "out": {
        "other": 13
      },
      "score": 0.388
    },
    "www.moorcopse.org.uk": {
      "out": {
        "other": 10
      },
      "score": 0.357
    },
    "www.flyingscotsman.org.uk": {
      "out": {
        "other": 10
      },
      "score": 0.357
    },
    "www.storytellingwithdata.com": {
      "out": {
        "other": 10
      },
      "score": 0.357
    },
    "www.brimpton-airfield.co.uk": {
      "out": {
        "other": 9
      },
      "score": 0.344
    },
    "www.youtube.com": {
      "out": {
        "other": 9
      },
      "score": 0.344
    },
    "www.emma-am-see.de": {
      "out": {
        "other": 8
      },
      "score": 0.330
    },
    "motherboard.vice.com": {
      "out": {
        "other": 8
      },
      "score": 0.330
    },
    "hotel-bremen.dorint.com": {
      "out": {
        "other": 8
      },
      "score": 0.330
    },
    "www.gartelmanns-dielencafe.de": {
      "out": {
        "other": 8
      },
      "score": 0.330
    },
    "www.meiereibremen.de": {
      "out": {
        "other": 8
      },
      "score": 0.330
    },
    "twitter.com/MaltKlaus": {
      "out": {
        "other": 8
      },
      "score": 0.330
    },
    "www.buergerpark.de": {
      "out": {
        "other": 8
      },
      "score": 0.330
    },
    "www.raths-apotheke-bremen.de": {
      "out": {
        "other": 8
      },
      "score": 0.330
    },
    "canmore.org.uk": {
      "out": {
        "other": 8
      },
      "score": 0.330
    },
    "www.dewi.ca": {
      "out": {
        "other": 8
      },
      "score": 0.330
    },
    "www.hachez.de": {
      "out": {
        "other": 8
      },
      "score": 0.330
    },
    "de.wikipedia.org": {
      "out": {
        "other": 8
      },
      "score": 0.330
    },
    "www.shanghai-bremen.de": {
      "out": {
        "other": 8
      },
      "score": 0.330
    },
    "www.landhaus-kuhsiel.de": {
      "out": {
        "other": 8
      },
      "score": 0.330
    },
    "twitter.com/lindawhisky": {
      "out": {
        "other": 8
      },
      "score": 0.330
    },
    "research.neustar.biz": {
      "out": {
        "other": 8
      },
      "score": 0.330
    },
    "www.kaiserfriedrich.de": {
      "out": {
        "other": 8
      },
      "score": 0.330
    },
    "mikes.railhistory.railfan.net": {
      "out": {
        "other": 8
      },
      "score": 0.330
    },
    "www.secretscotland.org.uk": {
      "out": {
        "other": 8
      },
      "score": 0.330
    },
    "www.hubbub.org.uk": {
      "out": {
        "other": 8
      },
      "score": 0.330
    },
    "www.spreeblick.com": {
      "out": {
        "other": 7
      },
      "score": 0.314
    },
    "livinggeography.blogspot.co.uk": {
      "out": {
        "other": 7
      },
      "score": 0.314
    },
    "www.bruichladdich.com": {
      "out": {
        "other": 7
      },
      "score": 0.314
    },
    "www.royalmail.com": {
      "out": {
        "other": 7
      },
      "score": 0.314
    },
    "plus.google.com/+JustinMeyer": {
      "out": {
        "other": 7
      },
      "score": 0.314
    },
    "play.google.com": {
      "out": {
        "other": 7
      },
      "score": 0.314
    },
    "armingrewe.tumblr.com": {
      "out": {
        "other": 7
      },
      "score": 0.314
    },
    "sourcefoundry.org": {
      "out": {
        "other": 7
      },
      "score": 0.314
    },
    "new.islayblog.com": {
      "in": {
        "other": 13
      },
      "score": 0.305
    },
    "timharford.com": {
      "out": {
        "other": 6
      },
      "score": 0.295
    },
    "www.worldtour-of-scotland.com": {
      "out": {
        "other": 6
      },
      "score": 0.295
    },
    "twitter.com/LynnHannaAuthor": {
      "out": {
        "other": 6
      },
      "score": 0.295
    },
    "facebook.com/stephan.goldmann": {
      "out": {
        "other": 6
      },
      "score": 0.295
    },
    "www.ministryofpropaganda.co.uk": {
      "out": {
        "other": 6
      },
      "score": 0.295
    },
    "twitter.com/annodenimii": {
      "out": {
        "other": 6
      },
      "score": 0.295
    },
    "twitter.com/springsteen": {
      "out": {
        "other": 5
      },
      "score": 0.274
    },
    "www.ted.com": {
      "out": {
        "other": 5
      },
      "score": 0.274
    },
    "t.co": {
      "out": {
        "other": 5
      },
      "score": 0.274
    },
    "forthepeeple.com": {
      "out": {
        "other": 5
      },
      "score": 0.274
    },
    "www.presentationzen.com": {
      "out": {
        "other": 5
      },
      "score": 0.274
    },
    "www.islayblog.com": {
      "out": {
        "other": 5
      },
      "score": 0.274
    },
    "twitter.com/hashtag": {
      "out": {
        "other": 5
      },
      "score": 0.274
    },
    "m.snopes.com": {
      "out": {
        "other": 5
      },
      "score": 0.274
    },
    "twitter.com/ColumbiaRecords": {
      "out": {
        "other": 5
      },
      "score": 0.274
    },
    "twitter.com/winnading": {
      "out": {
        "other": 4
      },
      "score": 0.248
    },
    "twitter.com/demurely38": {
      "out": {
        "other": 4
      },
      "score": 0.248
    },
    "twitter.com/DariaBilowus": {
      "out": {
        "other": 4
      },
      "score": 0.248
    },
    "twitter.com/steveprentice": {
      "out": {
        "other": 4
      },
      "score": 0.248
    },
    "twitter.com/RatherBeOnIslay": {
      "out": {
        "other": 4
      },
      "score": 0.248
    },
    "twitter.com/MichaelHimsolt": {
      "out": {
        "other": 3
      },
      "score": 0.213
    },
    "brid.gy": {
      "in": {
        "other": 5
      },
      "score": 0.192
    },
    "twitter.com/alimony": {
      "out": {
        "other": 2
      },
      "score": 0.165
    },
    "twitter.com/gauravsabnis": {
      "out": {
        "other": 2
      },
      "score": 0.165
    },
    "twitter.com/AnswersAbove": {
      "out": {
        "other": 2
      },
      "score": 0.165
    },
    "twitter.com/EditorIsla": {
      "out": {
        "other": 2
      },
      "score": 0.165
    },
    "twitter.com/GeorgeMWME": {
      "out": {
        "other": 2
      },
      "score": 0.165
    },
    "twitter.com/GaryAKaye": {
      "out": {
        "other": 2
      },
      "score": 0.165
    },
    "twitter.com/HolidayonIslay": {
      "out": {
        "other": 2
      },
      "score": 0.165
    },
    "twitter.com/whiskyid": {
      "out": {
        "other": 2
      },
      "score": 0.165
    },
    "twitter.com/ansgarspeller": {
      "out": {
        "other": 2
      },
      "score": 0.165
    },
    "twitter.com/A2Mac": {
      "out": {
        "other": 2
      },
      "score": 0.165
    },
    "twitter.com/DanMacPhail": {
      "out": {
        "other": 2
      },
      "score": 0.165
    },
    "twitter.com/timofnewbury": {
      "out": {
        "other": 2
      },
      "score": 0.165
    },
    "twitter.com/VirtualAstro": {
      "out": {
        "other": 2
      },
      "score": 0.165
    },
    "twitter.com/NeilMacKinnon1": {
      "out": {
        "other": 2
      },
      "score": 0.165
    },
    "twitter.com/RWaveAPI": {
      "out": {
        "other": 2
      },
      "score": 0.165
    },
    "twitter.com/crossbuttocks": {
      "out": {
        "other": 2
      },
      "score": 0.165
    },
    "twitter.com/AEHinCda": {
      "out": {
        "other": 1
      },
      "score": 0.0825
    },
    "twitter.com/SuperPeaty": {
      "out": {
        "other": 1
      },
      "score": 0.0825
    },
    "twitter.com/pennygalesa": {
      "out": {
        "other": 1
      },
      "score": 0.0825
    },
    "twitter.com/Head_stone": {
      "out": {
        "other": 1
      },
      "score": 0.0825
    },
    "www.grewe.co.uk": {
      "out": {
        "other": 1
      },
      "score": 0.0825
    },
    "twitter.com/jennyirish": {
      "out": {
        "other": 1
      },
      "score": 0.0825
    },
    "whispersystems.org": {
      "out": {
        "other": 1
      },
      "score": 0.0825
    }
  }
}