{
  "domain": "blog.bindthis.cc",
  "urls": [
    "http://blog.bindthis.cc/"
  ],
  "names": [
    "Home – .bind(this)"
  ],
  "descriptions": [],
  "pictures": [],
  "hcard": {},
  "rel_mes": [
    "https://twitter.com/MartinGrandrath",
    "https://github.com/Grandrath",
    "https://www.google.com/+MartinGrandrath",
    "mailto:m.grandrath@gmail.com"
  ],
  "crawl_start": "2017-04-28T02:15:50",
  "crawl_end": "2017-04-28T02:16:01",
  "num_pages": 15,
  "total_html_size": 53336,
  "servers": [
    "Apache (Unix)"
  ],
  "mf2_classes": [
    "h-entry"
  ],
  "tags": [
    "relme",
    "bridgy",
    "webmention.io",
    "webmention"
  ],
  "endpoints": {
    "webmention": [
      "http://webmention.io/bindthis.cc/webmention"
    ]
  },
  "links_out": 50,
  "links_in": 20,
  "links": {
    "creativecommons.org": {
      "out": {
        "other": 30
      },
      "score": 1
    },
    "aaronparecki.com": {
      "out": {
        "other": 1,
        "in-reply-to": 1
      },
      "in": {
        "other": 13
      },
      "score": 0.787
    },
    "facebook.com/sharer": {
      "out": {
        "other": 4
      },
      "score": 0.509
    },
    "plus.google.com/share": {
      "out": {
        "other": 4
      },
      "score": 0.509
    },
    "twitter.com/intent": {
      "out": {
        "other": 4
      },
      "score": 0.509
    },
    "github.com": {
      "out": {
        "other": 2
      },
      "score": 0.340
    },
    "brid.gy": {
      "in": {
        "other": 3
      },
      "score": 0.269
    },
    "gmail.com": {
      "out": {
        "other": 1
      },
      "score": 0.169
    },
    "www.google.com": {
      "out": {
        "other": 1
      },
      "score": 0.169
    },
    "twitter.com/MartinGrandrath": {
      "out": {
        "other": 1
      },
      "score": 0.169
    },
    "indieweb.org": {
      "in": {
        "other": 2
      },
      "score": 0.169
    },
    "snarfed.org": {
      "in": {
        "like-of": 1
      },
      "score": 0.169
    },
    "jekyllrb.com": {
      "out": {
        "other": 1
      },
      "score": 0.169
    },
    "chat.indieweb.org": {
      "in": {
        "other": 1
      },
      "score": 0
    }
  }
}