{
  "domain": "blog.kenbauer.me",
  "urls": [
    "https://blog.kenbauer.me/"
  ],
  "names": [
    "Connecting is Learning - Ken's Adventures in Education",
    "Connecting is Learning"
  ],
  "descriptions": [
    "Ken's Adventures in Education"
  ],
  "pictures": [],
  "hcard": {},
  "rel_mes": [
    "https://twitter.com/ken_bauer",
    "https://www.flickr.com/photos/ken_bauer/",
    "https://github.com/kenwbauer",
    "https://www.instagram.com/kenwbauer/",
    "https://www.youtube.com/user/kenbauer",
    "https://www.facebook.com/kenbauer",
    "https://www.pinterest.com/kenbauer/",
    "https://www.linkedin.com/in/kenbauer"
  ],
  "crawl_start": "2017-04-28T02:15:52",
  "crawl_end": "2017-04-28T02:36:36",
  "num_pages": 221,
  "total_html_size": 22771076,
  "servers": [
    "Apache"
  ],
  "mf2_classes": [
    "h-entry",
    "h-card",
    "h-feed"
  ],
  "tags": [
    "relme",
    "bridgy"
  ],
  "endpoints": {},
  "links_out": 8133,
  "links_in": 246,
  "links": {
    "twitter.com/ken_bauer": {
      "out": {
        "other": 654
      },
      "score": 1
    },
    "www.flickr.com": {
      "out": {
        "other": 620
      },
      "score": 0.992
    },
    "www.youtube.com": {
      "out": {
        "other": 489
      },
      "score": 0.960
    },
    "creativecommons.org": {
      "out": {
        "other": 470
      },
      "score": 0.954
    },
    "facebook.com/kenbauer": {
      "out": {
        "other": 457
      },
      "score": 0.950
    },
    "github.com": {
      "out": {
        "other": 449
      },
      "score": 0.947
    },
    "www.instagram.com": {
      "out": {
        "other": 438
      },
      "score": 0.944
    },
    "wordpress.org": {
      "out": {
        "other": 228
      },
      "score": 0.852
    },
    "www.pinterest.com": {
      "out": {
        "other": 222
      },
      "score": 0.850
    },
    "www.linkedin.com": {
      "out": {
        "other": 221
      },
      "score": 0.848
    },
    "plus.google.com/+KenBauer": {
      "out": {
        "other": 219
      },
      "score": 0.847
    },
    "speakerdeck.com": {
      "out": {
        "other": 218
      },
      "score": 0.847
    },
    "medium.com": {
      "out": {
        "other": 218
      },
      "score": 0.847
    },
    "mx.linkedin.com": {
      "out": {
        "other": 217
      },
      "score": 0.845
    },
    "pinterest.com": {
      "out": {
        "other": 217
      },
      "score": 0.845
    },
    "i2.wp.com": {
      "out": {
        "other": 141
      },
      "score": 0.786
    },
    "twitter.com/hashtag": {
      "out": {
        "other": 129
      },
      "score": 0.773
    },
    "twitter.com/SamirGL": {
      "out": {
        "other": 110
      },
      "score": 0.751
    },
    "i1.wp.com": {
      "out": {
        "other": 100
      },
      "score": 0.738
    },
    "kenscourses.com": {
      "out": {
        "other": 94
      },
      "score": 0.730
    },
    "t.co": {
      "out": {
        "other": 92
      },
      "score": 0.726
    },
    "werd.io": {
      "in": {
        "other": 136
      },
      "score": 0.684
    },
    "www.amazon.com": {
      "out": {
        "other": 65
      },
      "score": 0.678
    },
    "i0.wp.com": {
      "out": {
        "other": 63
      },
      "score": 0.674
    },
    "secure.flickr.com": {
      "out": {
        "other": 60
      },
      "score": 0.667
    },
    "ken.baueralonso.com": {
      "out": {
        "other": 58
      },
      "score": 0.662
    },
    "www.itesm.mx": {
      "out": {
        "other": 46
      },
      "score": 0.630
    },
    "www.haikudeck.com": {
      "out": {
        "other": 45
      },
      "score": 0.627
    },
    "twitter.com/guster4lovers": {
      "out": {
        "other": 38
      },
      "score": 0.603
    },
    "twitter.com/search": {
      "out": {
        "other": 38
      },
      "score": 0.603
    },
    "twitter.com/googleguacamole": {
      "out": {
        "other": 36
      },
      "score": 0.596
    },
    "twitter.com/cogdog": {
      "out": {
        "other": 34
      },
      "score": 0.588
    },
    "kenbauer.me": {
      "out": {
        "other": 33
      },
      "score": 0.584
    },
    "stream.withknown.com": {
      "in": {
        "other": 64
      },
      "score": 0.579
    },
    "www.gda.itesm.mx": {
      "out": {
        "other": 31
      },
      "score": 0.575
    },
    "www.flippingphysics.com": {
      "out": {
        "other": 30
      },
      "score": 0.570
    },
    "flippedlearning.org": {
      "out": {
        "other": 30
      },
      "score": 0.570
    },
    "es.pinterest.com": {
      "out": {
        "other": 30
      },
      "score": 0.570
    },
    "wordpress.com": {
      "out": {
        "other": 30
      },
      "score": 0.570
    },
    "twitter.com/hiphughes": {
      "out": {
        "other": 27
      },
      "score": 0.556
    },
    "cogdogblog.com": {
      "out": {
        "other": 25
      },
      "in": {
        "other": 2
      },
      "score": 0.550
    },
    "googleguacamole.wordpress.com": {
      "out": {
        "other": 25
      },
      "score": 0.545
    },
    "en.wikipedia.org": {
      "out": {
        "other": 25
      },
      "score": 0.545
    },
    "twitter.com/bonstewart": {
      "out": {
        "other": 24
      },
      "score": 0.539
    },
    "twitter.com/brlamb": {
      "out": {
        "other": 24
      },
      "score": 0.539
    },
    "connectedcourses.net": {
      "out": {
        "other": 24
      },
      "score": 0.539
    },
    "bit.ly": {
      "out": {
        "other": 22
      },
      "score": 0.526
    },
    "openedconference.org": {
      "out": {
        "other": 22
      },
      "score": 0.526
    },
    "twitter.com/jimgroom": {
      "out": {
        "other": 22
      },
      "score": 0.526
    },
    "flipcon16.sched.org": {
      "out": {
        "other": 21
      },
      "score": 0.521
    },
    "computinged.wordpress.com": {
      "out": {
        "other": 21
      },
      "score": 0.521
    },
    "sites.google.com": {
      "out": {
        "other": 20
      },
      "score": 0.514
    },
    "blogstec.com": {
      "out": {
        "other": 19
      },
      "score": 0.507
    },
    "twitter.com/GoogleGuacamole": {
      "out": {
        "other": 18
      },
      "score": 0.499
    },
    "www.marksdailyapple.com": {
      "out": {
        "other": 18
      },
      "score": 0.499
    },
    "www.techsmith.com": {
      "out": {
        "other": 18
      },
      "score": 0.499
    },
    "docs.google.com": {
      "out": {
        "other": 18
      },
      "score": 0.499
    },
    "youtu.be": {
      "out": {
        "other": 17
      },
      "score": 0.492
    },
    "twitter.com/crystalkirch": {
      "out": {
        "other": 16
      },
      "score": 0.483
    },
    "flippingwithkirch.blogspot.mx": {
      "out": {
        "other": 16
      },
      "score": 0.483
    },
    "explaineverything.com": {
      "out": {
        "other": 15
      },
      "score": 0.474
    },
    "www.screencastify.com": {
      "out": {
        "other": 15
      },
      "score": 0.474
    },
    "ciie.itesm.mx": {
      "out": {
        "other": 15
      },
      "score": 0.474
    },
    "www.educreations.com": {
      "out": {
        "other": 15
      },
      "score": 0.474
    },
    "screencast-o-matic.com": {
      "out": {
        "other": 15
      },
      "score": 0.474
    },
    "ds106.us": {
      "out": {
        "other": 15
      },
      "score": 0.474
    },
    "moodle.org": {
      "out": {
        "other": 15
      },
      "score": 0.474
    },
    "www.ascd.org": {
      "out": {
        "other": 15
      },
      "score": 0.474
    },
    "theopenflip.com": {
      "out": {
        "other": 15
      },
      "score": 0.474
    },
    "withknown.com": {
      "out": {
        "other": 15
      },
      "score": 0.474
    },
    "www.blogger.com": {
      "out": {
        "other": 15
      },
      "score": 0.474
    },
    "www.vera-cruz.edu.mx": {
      "out": {
        "other": 14
      },
      "score": 0.464
    },
    "twitter.com/bennettscience": {
      "out": {
        "other": 14
      },
      "score": 0.464
    },
    "twitter.com/FTelefonicaMX": {
      "out": {
        "other": 14
      },
      "score": 0.464
    },
    "twitter.com/BevLadd": {
      "out": {
        "other": 14
      },
      "score": 0.464
    },
    "twitter.com/Aparicio_Pedro": {
      "out": {
        "other": 14
      },
      "score": 0.464
    },
    "twitter.com/Gigiberlanga": {
      "out": {
        "other": 14
      },
      "score": 0.464
    },
    "virtuallyconnecting.org": {
      "out": {
        "other": 13
      },
      "score": 0.454
    },
    "twitter.com/jonbergmann": {
      "out": {
        "other": 13
      },
      "score": 0.454
    },
    "www.digitalpedagogylab.com": {
      "out": {
        "other": 13
      },
      "score": 0.454
    },
    "flickr.com": {
      "out": {
        "other": 12
      },
      "score": 0.443
    },
    "www.schoology.com": {
      "out": {
        "other": 12
      },
      "score": 0.443
    },
    "www.clickview.com.au": {
      "out": {
        "other": 12
      },
      "score": 0.443
    },
    "www.cs.indiana.edu": {
      "out": {
        "other": 11
      },
      "score": 0.430
    },
    "twitter.com/anrikard": {
      "out": {
        "other": 11
      },
      "score": 0.430
    },
    "aulainvertida.org": {
      "out": {
        "other": 11
      },
      "score": 0.430
    },
    "www.irc.org": {
      "out": {
        "other": 11
      },
      "score": 0.430
    },
    "twitter.com/chemicalsams": {
      "out": {
        "other": 11
      },
      "score": 0.430
    },
    "paleoporn.net": {
      "out": {
        "other": 10
      },
      "score": 0.418
    },
    "twitter.com/KtBkr4": {
      "out": {
        "other": 10
      },
      "score": 0.418
    },
    "www.edtechspot.com": {
      "out": {
        "other": 10
      },
      "score": 0.418
    },
    "twiage.com": {
      "out": {
        "other": 10
      },
      "score": 0.418
    },
    "marklipinskisblog.wordpress.com": {
      "out": {
        "other": 10
      },
      "score": 0.418
    },
    "www.beyondpod.mobi": {
      "out": {
        "other": 10
      },
      "score": 0.418
    },
    "twitter.com/gsiemens": {
      "out": {
        "other": 9
      },
      "score": 0.403
    },
    "twitter.com/Bali_Maha": {
      "out": {
        "other": 9
      },
      "score": 0.403
    },
    "change.mooc.ca": {
      "out": {
        "other": 9
      },
      "score": 0.403
    },
    "kenbauer.youcanbook.me": {
      "out": {
        "other": 9
      },
      "score": 0.403
    },
    "www.slideshare.net": {
      "out": {
        "other": 9
      },
      "score": 0.403
    },
    "twitter.com/oldaily": {
      "out": {
        "other": 9
      },
      "score": 0.403
    },
    "twitter.com/davecormier": {
      "out": {
        "other": 9
      },
      "score": 0.403
    },
    "brid.gy": {
      "in": {
        "other": 17
      },
      "score": 0.394
    },
    "youtube.com": {
      "out": {
        "other": 8
      },
      "score": 0.386
    },
    "twitter.com/@cogdog": {
      "out": {
        "other": 8
      },
      "score": 0.386
    },
    "kenbauer.withknown.com": {
      "out": {
        "other": 8
      },
      "score": 0.386
    },
    "facebook.com/groups": {
      "out": {
        "other": 8
      },
      "score": 0.386
    },
    "theeyzmaster.deviantart.com": {
      "out": {
        "other": 8
      },
      "score": 0.386
    },
    "hsj.com.mx": {
      "out": {
        "other": 8
      },
      "score": 0.386
    },
    "if%20at%20all%20possible%2C%20please%20ready%20chapter%203%20%28why%20you%20should%20flip%20your%20classroom%29%20from%20%22flip%20your%20classroom%22%20which%20is%20available%20for%20free%20here": {
      "out": {
        "other": 8
      },
      "score": 0.386
    },
    "www.tecvirtual.mx": {
      "out": {
        "other": 8
      },
      "score": 0.386
    },
    "tecmilenio.mx": {
      "out": {
        "other": 8
      },
      "score": 0.386
    },
    "hangouts.google.com": {
      "out": {
        "other": 7
      },
      "score": 0.368
    },
    "www.itesm.edu": {
      "out": {
        "other": 7
      },
      "score": 0.368
    },
    "twitter.com/thomasson_engl": {
      "out": {
        "other": 7
      },
      "score": 0.368
    },
    "socrative.com": {
      "out": {
        "other": 7
      },
      "score": 0.368
    },
    "s2014.siggraph.org": {
      "out": {
        "other": 7
      },
      "score": 0.368
    },
    "www.google.com": {
      "out": {
        "other": 7
      },
      "score": 0.368
    },
    "www.uvic.ca": {
      "out": {
        "other": 7
      },
      "score": 0.368
    },
    "blog.flickr.net": {
      "out": {
        "other": 7
      },
      "score": 0.368
    },
    "twitter.com/Ale_bonita": {
      "out": {
        "other": 7
      },
      "score": 0.368
    },
    "reclaimhosting.com": {
      "out": {
        "other": 7
      },
      "score": 0.368
    },
    "twitter.com/ToscanoMichel": {
      "out": {
        "other": 7
      },
      "score": 0.368
    },
    "fln.schoolwires.net": {
      "out": {
        "other": 7
      },
      "score": 0.368
    },
    "marcobackyard.withknown.com": {
      "in": {
        "other": 12
      },
      "score": 0.345
    },
    "getkahoot.com": {
      "out": {
        "other": 6
      },
      "score": 0.345
    },
    "www.leadershipnow.com": {
      "out": {
        "other": 6
      },
      "score": 0.345
    },
    "www.howtogeek.com": {
      "out": {
        "other": 6
      },
      "score": 0.345
    },
    "troy.jdmz.net": {
      "out": {
        "other": 6
      },
      "score": 0.345
    },
    "www.rsnapshot.org": {
      "out": {
        "other": 6
      },
      "score": 0.345
    },
    "jonbergmann.com": {
      "out": {
        "other": 6
      },
      "score": 0.345
    },
    "gmail.com": {
      "out": {
        "other": 5
      },
      "score": 0.320
    },
    "flipcon15.sched.org": {
      "out": {
        "other": 5
      },
      "score": 0.320
    },
    "indiewebcamp.com": {
      "out": {
        "other": 5
      },
      "score": 0.320
    },
    "www.blackboard.com": {
      "out": {
        "other": 5
      },
      "score": 0.320
    },
    "pechaflickr.net": {
      "out": {
        "other": 5
      },
      "score": 0.320
    },
    "plus.google.com/113085508475001407480": {
      "out": {
        "other": 5
      },
      "score": 0.320
    },
    "docs.moodle.org": {
      "out": {
        "other": 5
      },
      "score": 0.320
    },
    "www.morrisflipsenglish.com": {
      "out": {
        "other": 5
      },
      "score": 0.320
    },
    "plus.google.com/u": {
      "out": {
        "other": 5
      },
      "score": 0.320
    },
    "twitter.com/agudteach": {
      "out": {
        "other": 4
      },
      "score": 0.290
    },
    "goo.gl": {
      "out": {
        "other": 4
      },
      "score": 0.290
    },
    "www.bamradionetwork.com": {
      "out": {
        "other": 4
      },
      "score": 0.290
    },
    "youshow.trubox.ca": {
      "out": {
        "other": 4
      },
      "score": 0.290
    },
    "twitter.com/csedweek": {
      "out": {
        "other": 4
      },
      "score": 0.290
    },
    "70.itesm.mx": {
      "out": {
        "other": 4
      },
      "score": 0.290
    },
    "robbwolf.com": {
      "out": {
        "other": 4
      },
      "score": 0.290
    },
    "www.joebower.org": {
      "out": {
        "other": 4
      },
      "score": 0.290
    },
    "twitter.com/readywriting": {
      "out": {
        "other": 4
      },
      "score": 0.290
    },
    "sit.gda.itesm.mx": {
      "out": {
        "other": 4
      },
      "score": 0.290
    },
    "code.org": {
      "out": {
        "other": 4
      },
      "score": 0.290
    },
    "teachinginhighered.com": {
      "out": {
        "other": 3
      },
      "score": 0.249
    },
    "www.cbc.ca": {
      "out": {
        "other": 3
      },
      "score": 0.249
    },
    "twitter.com/econproph": {
      "out": {
        "other": 3
      },
      "score": 0.249
    },
    "twit.tv": {
      "out": {
        "other": 3
      },
      "score": 0.249
    },
    "known.networkeffects.ca": {
      "in": {
        "other": 6
      },
      "score": 0.249
    },
    "stories.cogdogblog.com": {
      "out": {
        "other": 3
      },
      "score": 0.249
    },
    "chronicle.com": {
      "out": {
        "other": 3
      },
      "score": 0.249
    },
    "academia.gda.itesm.mx": {
      "out": {
        "other": 3
      },
      "score": 0.249
    },
    "twitter.com/PaoPgv": {
      "out": {
        "other": 3
      },
      "score": 0.249
    },
    "hackeducation.com": {
      "out": {
        "other": 3
      },
      "score": 0.249
    },
    "udg.theagoraonline.net": {
      "out": {
        "other": 3
      },
      "score": 0.249
    },
    "netosanchezb.wordpress.com": {
      "out": {
        "other": 2
      },
      "score": 0.194
    },
    "twitter.com/KleinErin": {
      "out": {
        "other": 2
      },
      "score": 0.194
    },
    "tdc.ds106.us": {
      "out": {
        "other": 2
      },
      "score": 0.194
    },
    "ycb.me": {
      "out": {
        "other": 2
      },
      "score": 0.194
    },
    "flippedlearningremixed.com": {
      "out": {
        "other": 2
      },
      "score": 0.194
    },
    "agudteach.weebly.com": {
      "out": {
        "other": 2
      },
      "score": 0.194
    },
    "blog.mahabali.me": {
      "out": {
        "other": 2
      },
      "score": 0.194
    },
    "lastpass.com": {
      "out": {
        "other": 2
      },
      "score": 0.194
    },
    "nomnompaleo.com": {
      "out": {
        "other": 2
      },
      "score": 0.194
    },
    "www.dropbox.com": {
      "out": {
        "other": 2
      },
      "score": 0.194
    },
    "blog.acthompson.net": {
      "out": {
        "other": 2
      },
      "score": 0.194
    },
    "twitter.com/ShorterPearson": {
      "out": {
        "other": 2
      },
      "score": 0.194
    },
    "fredelesenties.wordpress.com": {
      "out": {
        "other": 2
      },
      "score": 0.194
    },
    "sundirichard.com": {
      "out": {
        "other": 2
      },
      "score": 0.194
    },
    "www.npr.org": {
      "out": {
        "other": 2
      },
      "score": 0.194
    },
    "john.do": {
      "out": {
        "other": 2
      },
      "score": 0.194
    },
    "www.onbeing.org": {
      "out": {
        "other": 2
      },
      "score": 0.194
    },
    "twitter.com/TecdeMonterrey": {
      "out": {
        "other": 2
      },
      "score": 0.194
    },
    "twitter.com/courosa": {
      "out": {
        "other": 2
      },
      "score": 0.194
    },
    "tecgda.acm.org": {
      "out": {
        "other": 2
      },
      "score": 0.194
    },
    "twitter.com/fredelesenties": {
      "out": {
        "other": 2
      },
      "score": 0.194
    },
    "twitter.com/jefferysaddoris": {
      "out": {
        "other": 2
      },
      "score": 0.194
    },
    "twitter.com/bonni208": {
      "out": {
        "other": 2
      },
      "score": 0.194
    },
    "www.oopsla.org": {
      "out": {
        "other": 2
      },
      "score": 0.194
    },
    "www.amazon.com.mx": {
      "out": {
        "other": 2
      },
      "score": 0.194
    },
    "eepurl.com": {
      "out": {
        "other": 2
      },
      "score": 0.194
    },
    "known.kenbauer.me": {
      "out": {
        "other": 2
      },
      "score": 0.194
    },
    "mashable.com": {
      "out": {
        "other": 1
      },
      "score": 0.0965
    },
    "twitter.com/sundilu": {
      "out": {
        "other": 1
      },
      "score": 0.0965
    },
    "www.cnn.com": {
      "out": {
        "other": 1
      },
      "score": 0.0965
    },
    "www.educause.edu": {
      "out": {
        "other": 1
      },
      "score": 0.0965
    },
    "plus.google.com": {
      "out": {
        "other": 1
      },
      "score": 0.0965
    },
    "twitter.com/DonnaLanclos": {
      "out": {
        "other": 1
      },
      "score": 0.0965
    },
    "electriceducator.blogspot.mx": {
      "out": {
        "other": 1
      },
      "score": 0.0965
    },
    "cogitationsofmrcockrum.blogspot.mx": {
      "out": {
        "other": 1
      },
      "score": 0.0965
    },
    "crackberry.com": {
      "out": {
        "other": 1
      },
      "score": 0.0965
    },
    "darcynorman.net": {
      "out": {
        "other": 1
      },
      "score": 0.0965
    },
    "facebook.com/TochitoEnImagen": {
      "out": {
        "other": 1
      },
      "score": 0.0965
    },
    "twitter.com/TanniaLozano": {
      "out": {
        "other": 1
      },
      "score": 0.0965
    },
    "twitter.com/chris_friend": {
      "out": {
        "other": 1
      },
      "score": 0.0965
    },
    "twitter.com/mctoonish": {
      "out": {
        "other": 1
      },
      "score": 0.0965
    },
    "rhizo15.jgregorymcverry.com": {
      "in": {
        "other": 2
      },
      "score": 0.0965
    },
    "twitter.com/billwadman": {
      "out": {
        "other": 1
      },
      "score": 0.0965
    },
    "If%20at all possible, please ready Chapter 3 (Why You Should Flip Your Classroom) from \"Flip Your Classroom\" which is available for free here": {
      "out": {
        "other": 1
      },
      "score": 0.0965
    },
    "cindylorraineblog.wordpress.com": {
      "out": {
        "other": 1
      },
      "score": 0.0965
    },
    "kinlane.com": {
      "out": {
        "other": 1
      },
      "score": 0.0965
    },
    "rampages.us": {
      "out": {
        "other": 1
      },
      "score": 0.0965
    },
    "www.tsn.ca": {
      "out": {
        "other": 1
      },
      "score": 0.0965
    },
    "balancedbites.com": {
      "out": {
        "other": 1
      },
      "score": 0.0965
    },
    "edmontonjournal.com": {
      "out": {
        "other": 1
      },
      "score": 0.0965
    },
    "orlando2120.wordpress.com": {
      "out": {
        "other": 1
      },
      "score": 0.0965
    },
    "twitter.com/TecCampusGDL": {
      "out": {
        "other": 1
      },
      "score": 0.0965
    },
    "twitter.com/TecMilenio": {
      "out": {
        "other": 1
      },
      "score": 0.0965
    },
    "twitter.com/terribateman": {
      "out": {
        "other": 1
      },
      "score": 0.0965
    },
    "www.ted.com": {
      "out": {
        "other": 1
      },
      "score": 0.0965
    },
    "kinlane.withknown.com": {
      "in": {
        "other": 2
      },
      "score": 0.0965
    },
    "itesm.mx": {
      "out": {
        "other": 1
      },
      "score": 0.0965
    },
    "itunes.apple.com": {
      "out": {
        "other": 1
      },
      "score": 0.0965
    },
    "blog.sfgate.com": {
      "out": {
        "other": 1
      },
      "score": 0.0965
    },
    "freakonometrics.hypotheses.org": {
      "out": {
        "other": 1
      },
      "score": 0.0965
    },
    "twitter.com/digiteacher": {
      "out": {
        "other": 1
      },
      "score": 0.0965
    },
    "twitter.com/kikazo": {
      "out": {
        "other": 1
      },
      "score": 0.0965
    },
    "www.theedublogger.com": {
      "out": {
        "other": 1
      },
      "score": 0.0965
    },
    "www.ualberta.ca": {
      "out": {
        "other": 1
      },
      "score": 0.0965
    },
    "paogarcia2401.wordpress.com": {
      "out": {
        "other": 1
      },
      "score": 0.0965
    },
    "sageweb.sage.org": {
      "out": {
        "other": 1
      },
      "score": 0.0965
    },
    "scholar.google.com.mx": {
      "out": {
        "other": 1
      },
      "score": 0.0965
    },
    "twitter.com/creativecommons": {
      "out": {
        "other": 1
      },
      "score": 0.0965
    },
    "c2.com": {
      "out": {
        "other": 1
      },
      "score": 0.0965
    },
    "civilizedcavemancooking.com": {
      "out": {
        "other": 1
      },
      "score": 0.0965
    },
    "twitter.com/BruceMcCurdy": {
      "out": {
        "other": 1
      },
      "score": 0.0965
    },
    "twitter.com/Orlando_lara21": {
      "out": {
        "other": 1
      },
      "score": 0.0965
    },
    "elnamortensen1.wordpress.com": {
      "out": {
        "other": 1
      },
      "score": 0.0965
    },
    "twitter.com/jonbecker": {
      "out": {
        "other": 1
      },
      "score": 0.0965
    },
    "www.periscope.tv": {
      "out": {
        "other": 1
      },
      "score": 0.0965
    },
    "autumm.edtech.fm": {
      "out": {
        "other": 1
      },
      "score": 0.0965
    },
    "fernandacano.wordpress.com": {
      "out": {
        "other": 1
      },
      "score": 0.0965
    },
    "markwilsoneducation.com": {
      "out": {
        "other": 1
      },
      "score": 0.0965
    },
    "podcast.techgypsi.es": {
      "out": {
        "other": 1
      },
      "score": 0.0965
    },
    "secure.gravatar.com": {
      "out": {
        "other": 1
      },
      "score": 0.0965
    },
    "twitter.com/Autumm": {
      "out": {
        "other": 1
      },
      "score": 0.0965
    },
    "www.computer.org": {
      "out": {
        "other": 1
      },
      "score": 0.0965
    },
    "www.slate.com": {
      "out": {
        "other": 1
      },
      "score": 0.0965
    },
    "coverville.com": {
      "out": {
        "other": 1
      },
      "score": 0.0965
    },
    "ieeexplore.ieee.org": {
      "out": {
        "other": 1
      },
      "score": 0.0965
    },
    "twitter.com/Gladwell": {
      "out": {
        "other": 1
      },
      "score": 0.0965
    },
    "www.acm.org": {
      "out": {
        "other": 1
      },
      "score": 0.0965
    },
    "www.facebook.com": {
      "out": {
        "other": 1
      },
      "score": 0.0965
    },
    "www.flippedday.org": {
      "out": {
        "other": 1
      },
      "score": 0.0965
    },
    "community.ed.ted.com": {
      "out": {
        "other": 1
      },
      "score": 0.0965
    },
    "twitter.com/GardnerCampbell": {
      "out": {
        "other": 1
      },
      "score": 0.0965
    },
    "twitter.com/Twitter": {
      "out": {
        "other": 1
      },
      "score": 0.0965
    },
    "www.academia.edu": {
      "out": {
        "other": 1
      },
      "score": 0.0965
    },
    "twitter.com/dstaples": {
      "out": {
        "other": 1
      },
      "score": 0.0965
    },
    "www.justintarte.com": {
      "out": {
        "other": 1
      },
      "score": 0.0965
    },
    "dailypost.wordpress.com": {
      "out": {
        "other": 1
      },
      "score": 0.0965
    },
    "marcprensky.com": {
      "out": {
        "other": 1
      },
      "score": 0.0965
    },
    "twitter.com/mfcanov": {
      "out": {
        "other": 1
      },
      "score": 0.0965
    },
    "twitter.com/rjhogue": {
      "out": {
        "other": 1
      },
      "score": 0.0965
    },
    "twitter.com/saddington": {
      "out": {
        "other": 1
      },
      "score": 0.0965
    },
    "www.grc.com": {
      "out": {
        "other": 1
      },
      "score": 0.0965
    },
    "www.oxforddictionaries.com": {
      "out": {
        "other": 1
      },
      "score": 0.0965
    },
    "dailyshoot.com": {
      "out": {
        "other": 1
      },
      "score": 0.0965
    },
    "phonar.org.uk": {
      "out": {
        "other": 1
      },
      "score": 0.0965
    },
    "blog.edtechie.net": {
      "out": {
        "other": 1
      },
      "score": 0.0965
    },
    "known.followersoftheapocalyp.se": {
      "out": {
        "other": 1
      },
      "score": 0.0965
    },
    "twitter.com/whitneykilgore": {
      "out": {
        "other": 1
      },
      "score": 0.0965
    },
    "blog.linkedin.com": {
      "out": {
        "other": 1
      },
      "score": 0.0965
    },
    "sitios.itesm.mx": {
      "out": {
        "other": 1
      },
      "score": 0.0965
    },
    "www.forbes.com": {
      "out": {
        "other": 1
      },
      "score": 0.0965
    },
    "cacm.acm.org": {
      "out": {
        "other": 1
      },
      "score": 0.0965
    },
    "flippedday.org": {
      "out": {
        "other": 1
      },
      "score": 0.0965
    },
    "freakonomics.com": {
      "out": {
        "other": 1
      },
      "score": 0.0965
    },
    "pixabay.com": {
      "out": {
        "other": 1
      },
      "score": 0.0965
    },
    "indieweb.org": {
      "in": {
        "other": 2
      },
      "score": 0.0965
    },
    "lauragogia.com": {
      "out": {
        "other": 1
      },
      "score": 0.0965
    },
    "revisionisthistory.com": {
      "out": {
        "other": 1
      },
      "score": 0.0965
    },
    "twitter.com/guzdial": {
      "out": {
        "other": 1
      },
      "score": 0.0965
    },
    "www.hackeducation.com": {
      "out": {
        "other": 1
      },
      "score": 0.0965
    },
    "community.reclaimhosting.com": {
      "out": {
        "other": 1
      },
      "score": 0.0965
    },
    "openeducation2016.sched.org": {
      "out": {
        "other": 1
      },
      "score": 0.0965
    },
    "rjh.goingeast.ca": {
      "out": {
        "other": 1
      },
      "score": 0.0965
    },
    "twitter.com/derekbruff": {
      "out": {
        "other": 1
      },
      "score": 0.0965
    },
    "umw.domains": {
      "out": {
        "other": 1
      },
      "score": 0.0965
    },
    "www.usenix.org": {
      "out": {
        "other": 1
      },
      "score": 0.0965
    },
    "notes.adamcroom.com": {
      "in": {
        "other": 2
      },
      "score": 0.0965
    },
    "explora.itesm.mx": {
      "out": {
        "other": 1
      },
      "score": 0.0965
    },
    "twitter.com/nancywhite": {
      "out": {
        "other": 1
      },
      "score": 0.0965
    },
    "www.gandhi.com.mx": {
      "out": {
        "other": 1
      },
      "score": 0.0965
    },
    "bavatuesdays.com": {
      "out": {
        "other": 1
      },
      "score": 0.0965
    },
    "twitter.com/ryancordell": {
      "out": {
        "other": 1
      },
      "score": 0.0965
    },
    "mferprogr.wordpress.com": {
      "out": {
        "other": 1
      },
      "score": 0.0965
    },
    "plus.google.com/communities": {
      "out": {
        "other": 1
      },
      "score": 0.0965
    },
    "twitter.com/actualham": {
      "out": {
        "other": 1
      },
      "score": 0.0965
    },
    "twitter.com/rushtheband": {
      "out": {
        "other": 1
      },
      "score": 0.0965
    },
    "twitter.com/tcockrum": {
      "out": {
        "other": 1
      },
      "score": 0.0965
    },
    "www.flippedlearning.org": {
      "out": {
        "other": 1
      },
      "score": 0.0965
    },
    "twitter.com/downes": {
      "out": {
        "other": 1
      },
      "score": 0.0965
    },
    "scientopia.org": {
      "out": {
        "other": 1
      },
      "score": 0.0965
    },
    "twitter.com/Coverville": {
      "out": {
        "other": 1
      },
      "score": 0.0965
    },
    "audreywatters.com": {
      "out": {
        "other": 1
      },
      "score": 0.0965
    },
    "blog.acm.org": {
      "out": {
        "other": 1
      },
      "score": 0.0965
    },
    "flippedclass.com": {
      "out": {
        "other": 1
      },
      "score": 0.0965
    },
    "imgflip.com": {
      "out": {
        "other": 1
      },
      "score": 0.0965
    },
    "twitter.com/bkiddjibc": {
      "out": {
        "other": 1
      },
      "score": 0.0965
    },
    "twitter.com/robbwolf": {
      "out": {
        "other": 1
      },
      "score": 0.0965
    },
    "foodporndaily.com": {
      "out": {
        "other": 1
      },
      "score": 0.0965
    },
    "twitter.com/Anananforando": {
      "out": {
        "other": 1
      },
      "score": 0.0965
    },
    "twitter.com/bellcobian": {
      "out": {
        "other": 1
      },
      "score": 0.0965
    },
    "www.becomingminimalist.com": {
      "out": {
        "other": 1
      },
      "score": 0.0965
    },
    "apievangelist.com": {
      "out": {
        "other": 1
      },
      "score": 0.0965
    },
    "twitter.com/JRDingwall": {
      "out": {
        "other": 1
      },
      "score": 0.0965
    },
    "twitter.com/leolaporte": {
      "out": {
        "other": 1
      },
      "score": 0.0965
    },
    "agilebits.com": {
      "out": {
        "other": 1
      },
      "score": 0.0965
    },
    "lostechies.com": {
      "out": {
        "other": 1
      },
      "score": 0.0965
    },
    "edreach.us": {
      "out": {
        "other": 1
      },
      "score": 0.0965
    },
    "twitter.com/amcollier": {
      "out": {
        "other": 1
      },
      "score": 0.0965
    },
    "twitter.com/daniellynds": {
      "out": {
        "other": 1
      },
      "score": 0.0965
    },
    "www.pasionporlalectura.itesm.mx": {
      "out": {
        "other": 1
      },
      "score": 0.0965
    },
    "twitter.com/dlnorman": {
      "out": {
        "other": 1
      },
      "score": 0.0965
    },
    "drive.google.com": {
      "out": {
        "other": 1
      },
      "score": 0.0965
    },
    "flippedclassroom.org": {
      "out": {
        "other": 1
      },
      "score": 0.0965
    },
    "twitter.com/dkernohan": {
      "out": {
        "other": 1
      },
      "score": 0.0965
    },
    "twitter.com/gcouros": {
      "out": {
        "other": 1
      },
      "score": 0.0965
    },
    "twitter.com/lieutenant_eric": {
      "out": {
        "other": 1
      },
      "score": 0.0965
    },
    "www.huffingtonpost.com": {
      "out": {
        "other": 1
      },
      "score": 0.0965
    },
    "www.theregister.co.uk": {
      "out": {
        "other": 1
      },
      "score": 0.0965
    },
    "csedweek.org": {
      "out": {
        "other": 1
      },
      "score": 0.0965
    },
    "halfanhour.blogspot.mx": {
      "out": {
        "other": 1
      },
      "score": 0.0965
    },
    "rcm-na.amazon-adsystem.com": {
      "out": {
        "other": 1
      },
      "score": 0.0965
    },
    "twitter.com/lowetide": {
      "out": {
        "other": 1
      },
      "score": 0.0965
    },
    "twitter.com/manbm": {
      "out": {
        "other": 1
      },
      "score": 0.0965
    },
    "twitter.com/NetoSanchezB": {
      "out": {
        "other": 1
      },
      "score": 0.0965
    },
    "www.cs.ualberta.ca": {
      "out": {
        "other": 1
      },
      "score": 0.0965
    },
    "bitbucket.org": {
      "out": {
        "other": 1
      },
      "score": 0.0965
    },
    "twitter.com/koutropoulos": {
      "out": {
        "other": 1
      },
      "score": 0.0965
    },
    "www.janssushibar.com": {
      "out": {
        "other": 1
      },
      "score": 0.0965
    },
    "www.jefferysaddoris.com": {
      "out": {
        "other": 1
      },
      "score": 0.0965
    },
    "cft.vanderbilt.edu": {
      "out": {
        "other": 1
      },
      "score": 0.0965
    },
    "twitter.com/SGgrc": {
      "out": {
        "other": 1
      },
      "score": 0.0965
    },
    "twitter.com/tanbob": {
      "out": {
        "other": 1
      },
      "score": 0.0965
    },
    "www.ontakingpictures.com": {
      "out": {
        "other": 1
      },
      "score": 0.0965
    },
    "pomodorotechnique.com": {
      "out": {
        "other": 1
      },
      "score": 0.0965
    },
    "twitter.com/absolutwillie": {
      "out": {
        "other": 1
      },
      "score": 0.0965
    },
    "twitter.com/mweller": {
      "out": {
        "other": 1
      },
      "score": 0.0965
    },
    "chat.indieweb.org": {
      "in": {
        "other": 1
      },
      "score": 0
    }
  }
}