{
  "domain": "blog.zahnsoftware.com",
  "urls": [
    "https://blog.zahnsoftware.com/"
  ],
  "names": [
    "Zahn Software – Software Development Blog",
    "Zahn Software"
  ],
  "descriptions": [
    "Software Development Blog"
  ],
  "pictures": [
    "https://s2.wp.com/i/favicon.ico",
    "https://s0.wp.com/i/blank.jpg"
  ],
  "hcard": {},
  "rel_mes": [],
  "crawl_start": "2017-06-01T20:39:50",
  "crawl_end": "2017-06-01T20:44:54",
  "num_pages": 182,
  "total_html_size": 11017494,
  "servers": [
    "nginx",
    "WordPress.com"
  ],
  "mf2_classes": [
    "h-feed",
    "h-card",
    "h-entry"
  ],
  "tags": [],
  "endpoints": {},
  "links_out": 1260,
  "links_in": 0,
  "links": {
    "wordpress.com": {
      "out": {
        "other": 196
      },
      "score": 1
    },
    "github.com": {
      "out": {
        "other": 68
      },
      "score": 0.822
    },
    "zahnsoftware.files.wordpress.com": {
      "out": {
        "other": 67
      },
      "score": 0.821
    },
    "www.atlassian.com": {
      "out": {
        "other": 33
      },
      "score": 0.702
    },
    "erictang.org": {
      "out": {
        "other": 28
      },
      "score": 0.675
    },
    "www.dotnetnuclear.com": {
      "out": {
        "other": 24
      },
      "score": 0.648
    },
    "www.telerik.com": {
      "out": {
        "other": 21
      },
      "score": 0.626
    },
    "www.amazon.com": {
      "out": {
        "other": 19
      },
      "score": 0.610
    },
    "www.youtube.com": {
      "out": {
        "other": 19
      },
      "score": 0.610
    },
    "msdn.microsoft.com": {
      "out": {
        "other": 15
      },
      "score": 0.570
    },
    "www.heroku.com": {
      "out": {
        "other": 14
      },
      "score": 0.558
    },
    "bryce.vc": {
      "out": {
        "other": 12
      },
      "score": 0.533
    },
    "php.net": {
      "out": {
        "other": 12
      },
      "score": 0.533
    },
    "www.yiiframework.com": {
      "out": {
        "other": 12
      },
      "score": 0.533
    },
    "phalconphp.com": {
      "out": {
        "other": 12
      },
      "score": 0.533
    },
    "pragprog.com": {
      "out": {
        "other": 12
      },
      "score": 0.533
    },
    "en.wikipedia.org": {
      "out": {
        "other": 11
      },
      "score": 0.518
    },
    "www.syntevo.com": {
      "out": {
        "other": 11
      },
      "score": 0.518
    },
    "www.gamedev.net": {
      "out": {
        "other": 10
      },
      "score": 0.503
    },
    "www.inc.com": {
      "out": {
        "other": 9
      },
      "score": 0.484
    },
    "www.nickbostrom.com": {
      "out": {
        "other": 8
      },
      "score": 0.464
    },
    "pleaseinsult.me": {
      "out": {
        "other": 8
      },
      "score": 0.464
    },
    "zahnsoftware.wordpress.com": {
      "out": {
        "other": 8
      },
      "score": 0.464
    },
    "agilemanifesto.org": {
      "out": {
        "other": 8
      },
      "score": 0.464
    },
    "www.msharp.co.uk": {
      "out": {
        "other": 8
      },
      "score": 0.464
    },
    "www.dnndev.com": {
      "out": {
        "other": 8
      },
      "score": 0.464
    },
    "www.npmjs.org": {
      "out": {
        "other": 8
      },
      "score": 0.464
    },
    "haxe.org": {
      "out": {
        "other": 8
      },
      "score": 0.464
    },
    "www.thegamecrafter.com": {
      "out": {
        "other": 8
      },
      "score": 0.464
    },
    "existentialtype.wordpress.com": {
      "out": {
        "other": 8
      },
      "score": 0.464
    },
    "www.openshift.com": {
      "out": {
        "other": 8
      },
      "score": 0.464
    },
    "www.mccarthyshow.com": {
      "out": {
        "other": 8
      },
      "score": 0.464
    },
    "12factor.net": {
      "out": {
        "other": 8
      },
      "score": 0.464
    },
    "www.cool-man.org": {
      "out": {
        "other": 8
      },
      "score": 0.464
    },
    "www.macincloud.com": {
      "out": {
        "other": 8
      },
      "score": 0.464
    },
    "www.chrishammond.com": {
      "out": {
        "other": 8
      },
      "score": 0.464
    },
    "bdukes.github.io": {
      "out": {
        "other": 8
      },
      "score": 0.464
    },
    "mitchelsellers.com": {
      "out": {
        "other": 8
      },
      "score": 0.464
    },
    "zuill.us": {
      "out": {
        "other": 8
      },
      "score": 0.464
    },
    "uxguide.dotnetnuke.com": {
      "out": {
        "other": 8
      },
      "score": 0.464
    },
    "christoctemplate.codeplex.com": {
      "out": {
        "other": 8
      },
      "score": 0.464
    },
    "www.zahnsoftware.com": {
      "out": {
        "other": 8
      },
      "score": 0.464
    },
    "dotnetnuke.codeplex.com": {
      "out": {
        "other": 8
      },
      "score": 0.464
    },
    "www.wired.com": {
      "out": {
        "other": 8
      },
      "score": 0.464
    },
    "bitly.com": {
      "out": {
        "other": 8
      },
      "score": 0.464
    },
    "androvm.org": {
      "out": {
        "other": 7
      },
      "score": 0.442
    },
    "www.datacamp.com": {
      "out": {
        "other": 7
      },
      "score": 0.442
    },
    "ripple.incubator.apache.org": {
      "out": {
        "other": 7
      },
      "score": 0.442
    },
    "stilldrinking.org": {
      "out": {
        "other": 7
      },
      "score": 0.442
    },
    "knockoutjs.com": {
      "out": {
        "other": 7
      },
      "score": 0.442
    },
    "play.google.com": {
      "out": {
        "other": 7
      },
      "score": 0.442
    },
    "download.cnet.com": {
      "out": {
        "other": 7
      },
      "score": 0.442
    },
    "c2.com": {
      "out": {
        "other": 7
      },
      "score": 0.442
    },
    "www.mamp.info": {
      "out": {
        "other": 7
      },
      "score": 0.442
    },
    "backbonejs.org": {
      "out": {
        "other": 7
      },
      "score": 0.442
    },
    "www.typescriptlang.org": {
      "out": {
        "other": 7
      },
      "score": 0.442
    },
    "www.codeconquest.com": {
      "out": {
        "other": 7
      },
      "score": 0.442
    },
    "code-poems.com": {
      "out": {
        "other": 7
      },
      "score": 0.442
    },
    "handlebarsjs.com": {
      "out": {
        "other": 7
      },
      "score": 0.442
    },
    "leanpub.com": {
      "out": {
        "other": 6
      },
      "score": 0.415
    },
    "www.urbandictionary.com": {
      "out": {
        "other": 6
      },
      "score": 0.415
    },
    "www.ninjastandingdesk.com": {
      "out": {
        "other": 6
      },
      "score": 0.415
    },
    "www.expensivemeeting.com": {
      "out": {
        "other": 6
      },
      "score": 0.415
    },
    "blog.pluralsight.com": {
      "out": {
        "other": 6
      },
      "score": 0.415
    },
    "www.naturalnews.com": {
      "out": {
        "other": 6
      },
      "score": 0.415
    },
    "www.joelonsoftware.com": {
      "out": {
        "other": 6
      },
      "score": 0.415
    },
    "www.glassdoor.com": {
      "out": {
        "other": 6
      },
      "score": 0.415
    },
    "gist.github.com": {
      "out": {
        "other": 5
      },
      "score": 0.385
    },
    "www.opentext.com": {
      "out": {
        "other": 5
      },
      "score": 0.385
    },
    "960.gs": {
      "out": {
        "other": 5
      },
      "score": 0.385
    },
    "www.enneagraminstitute.com": {
      "out": {
        "other": 5
      },
      "score": 0.385
    },
    "code.google.com": {
      "out": {
        "other": 5
      },
      "score": 0.385
    },
    "getbootstrap.com": {
      "out": {
        "other": 5
      },
      "score": 0.385
    },
    "blogs.microsoft.co.il": {
      "out": {
        "other": 5
      },
      "score": 0.385
    },
    "fr.umio.us": {
      "out": {
        "other": 5
      },
      "score": 0.385
    },
    "www.fastcodesign.com": {
      "out": {
        "other": 5
      },
      "score": 0.385
    },
    "similarminds.com": {
      "out": {
        "other": 5
      },
      "score": 0.385
    },
    "pluralsight.com": {
      "out": {
        "other": 5
      },
      "score": 0.385
    },
    "efmodeladapter.codeplex.com": {
      "out": {
        "other": 5
      },
      "score": 0.385
    },
    "www.piriform.com": {
      "out": {
        "other": 5
      },
      "score": 0.385
    },
    "www.abbyy.com": {
      "out": {
        "other": 5
      },
      "score": 0.385
    },
    "www.nuance.com": {
      "out": {
        "other": 5
      },
      "score": 0.385
    },
    "www.theverge.com": {
      "out": {
        "other": 5
      },
      "score": 0.385
    },
    "compositecode.com": {
      "out": {
        "other": 4
      },
      "score": 0.348
    },
    "www.liquid-technologies.com": {
      "out": {
        "other": 4
      },
      "score": 0.348
    },
    "htmlpurifier.org": {
      "out": {
        "other": 4
      },
      "score": 0.348
    },
    "kasanoff.com": {
      "out": {
        "other": 4
      },
      "score": 0.348
    },
    "www.myfitnesspal.com": {
      "out": {
        "other": 4
      },
      "score": 0.348
    },
    "www.khanacademy.org": {
      "out": {
        "other": 4
      },
      "score": 0.348
    },
    "www.22ideastreet.com": {
      "out": {
        "other": 4
      },
      "score": 0.348
    },
    "www.productivelearning.com": {
      "out": {
        "other": 4
      },
      "score": 0.348
    },
    "radar.oreilly.com": {
      "out": {
        "other": 4
      },
      "score": 0.348
    },
    "www.geraldmweinberg.com": {
      "out": {
        "other": 4
      },
      "score": 0.348
    },
    "thedailywtf.com": {
      "out": {
        "other": 4
      },
      "score": 0.348
    },
    "codealike.com": {
      "out": {
        "other": 4
      },
      "score": 0.348
    },
    "webdesign.tutsplus.com": {
      "out": {
        "other": 4
      },
      "score": 0.348
    },
    "www.softdevtube.com": {
      "out": {
        "other": 4
      },
      "score": 0.348
    },
    "www.blogthings.com": {
      "out": {
        "other": 4
      },
      "score": 0.348
    },
    "genehughson.wordpress.com": {
      "out": {
        "other": 4
      },
      "score": 0.348
    },
    "www.radicalhonesty.com": {
      "out": {
        "other": 4
      },
      "score": 0.348
    },
    "www.stevepavlina.com": {
      "out": {
        "other": 4
      },
      "score": 0.348
    },
    "www.slimframework.com": {
      "out": {
        "other": 4
      },
      "score": 0.348
    },
    "www.skorks.com": {
      "out": {
        "other": 4
      },
      "score": 0.348
    },
    "overapi.com": {
      "out": {
        "other": 4
      },
      "score": 0.348
    },
    "pouchdb.com": {
      "out": {
        "other": 4
      },
      "score": 0.348
    },
    "www.reversephonedirectory.com": {
      "out": {
        "other": 4
      },
      "score": 0.348
    },
    "validator.w3.org": {
      "out": {
        "other": 4
      },
      "score": 0.348
    },
    "www.scootersoftware.com": {
      "out": {
        "other": 4
      },
      "score": 0.348
    },
    "sourceforge.net": {
      "out": {
        "other": 4
      },
      "score": 0.348
    },
    "www.dropbox.com": {
      "out": {
        "other": 4
      },
      "score": 0.348
    },
    "www.microcenter.com": {
      "out": {
        "other": 4
      },
      "score": 0.348
    },
    "www.stardock.com": {
      "out": {
        "other": 4
      },
      "score": 0.348
    },
    "aws.amazon.com": {
      "out": {
        "other": 4
      },
      "score": 0.348
    },
    "www.defcon.org": {
      "out": {
        "other": 4
      },
      "score": 0.348
    },
    "www.project226.com": {
      "out": {
        "other": 4
      },
      "score": 0.348
    },
    "unclutter.com": {
      "out": {
        "other": 4
      },
      "score": 0.348
    },
    "www.groktalk.net": {
      "out": {
        "other": 4
      },
      "score": 0.348
    },
    "www.jetbrains.com": {
      "out": {
        "other": 4
      },
      "score": 0.348
    },
    "fiddler2.com": {
      "out": {
        "other": 4
      },
      "score": 0.348
    },
    "challenge you to stimulate your creativity on a daily basis.": {
      "out": {
        "other": 4
      },
      "score": 0.348
    },
    "www.cleancoders.com": {
      "out": {
        "other": 4
      },
      "score": 0.348
    },
    "www.campwoodsw.com": {
      "out": {
        "other": 4
      },
      "score": 0.348
    },
    "users.telenet.be": {
      "out": {
        "other": 4
      },
      "score": 0.348
    },
    "www.admin-magazine.com": {
      "out": {
        "other": 4
      },
      "score": 0.348
    },
    "getupandcode.com": {
      "out": {
        "other": 4
      },
      "score": 0.348
    },
    "thinkandgrowrichsummit.com": {
      "out": {
        "other": 4
      },
      "score": 0.348
    },
    "www.altova.com": {
      "out": {
        "other": 4
      },
      "score": 0.348
    },
    "www.intelius.com": {
      "out": {
        "other": 4
      },
      "score": 0.348
    },
    "psdplugin.codeplex.com": {
      "out": {
        "other": 4
      },
      "score": 0.348
    },
    "venturebeat.com": {
      "out": {
        "other": 4
      },
      "score": 0.348
    },
    "inboxzero.com": {
      "out": {
        "other": 4
      },
      "score": 0.348
    },
    "www.ibm.com": {
      "out": {
        "other": 4
      },
      "score": 0.348
    },
    "www.rescuetime.com": {
      "out": {
        "other": 4
      },
      "score": 0.348
    },
    "healthyprog.com": {
      "out": {
        "other": 4
      },
      "score": 0.348
    },
    "talks.webstock.org.nz": {
      "out": {
        "other": 4
      },
      "score": 0.348
    },
    "www.gog.com": {
      "out": {
        "other": 4
      },
      "score": 0.348
    },
    "google.com": {
      "out": {
        "other": 4
      },
      "score": 0.348
    },
    "itextpdf.com": {
      "out": {
        "other": 4
      },
      "score": 0.348
    },
    "www.justallowit.net": {
      "out": {
        "other": 4
      },
      "score": 0.348
    },
    "stuartzahn.net": {
      "out": {
        "other": 1
      },
      "score": 0.116
    },
    "twitter.com/szahn": {
      "out": {
        "other": 1
      },
      "score": 0.116
    },
    "linkedin.com": {
      "out": {
        "other": 1
      },
      "score": 0.116
    },
    "www.freelancer.com": {
      "out": {
        "other": 1
      },
      "score": 0.116
    },
    "www.odesk.com": {
      "out": {
        "other": 1
      },
      "score": 0.116
    }
  }
}