{
  "domain": "blog.terracrypt.net",
  "urls": [
    "https://blog.terracrypt.net/index.html"
  ],
  "names": [
    "Quis custodiet ipsos custodes? | \n"
  ],
  "descriptions": [],
  "pictures": [],
  "hcard": {},
  "rel_mes": [],
  "tags": [
    "bridgy"
  ],
  "endpoints": {},
  "crawl_start": "2017-06-11T14:37:14.092038",
  "crawl_end": "2017-06-11T14:37:14.092038",
  "links_out": 0,
  "links_in": 11,
  "links": {
    "brid.gy": {
      "in": {
        "other": 11
      },
      "score": 1
    }
  }
}