{
  "domain": "blog.glenux.net",
  "urls": [
    "http://blog.glenux.net/"
  ],
  "names": [
    "blog.glenux.net"
  ],
  "descriptions": [
    "Chroniques d'un gnou libre"
  ],
  "pictures": [
    "http://blog.glenux.net/assets/img/favicon.ico",
    "/img/logo-high-resolution.png"
  ],
  "hcard": {},
  "rel_mes": [],
  "crawl_start": "2017-06-10T05:43:51",
  "crawl_end": "2017-06-10T05:43:53",
  "num_pages": 5,
  "total_html_size": 67994,
  "servers": [
    "GitHub.com"
  ],
  "tags": [],
  "endpoints": {},
  "links_out": 94,
  "links_in": 0,
  "links": {
    "github.com": {
      "out": {
        "other": 15
      },
      "score": 1
    },
    "medium.com": {
      "out": {
        "other": 6
      },
      "score": 0.729
    },
    "twitter.com/glenux": {
      "out": {
        "other": 5
      },
      "score": 0.676
    },
    "facebook.com/glenux": {
      "out": {
        "other": 5
      },
      "score": 0.676
    },
    "jekyllrb.com": {
      "out": {
        "other": 5
      },
      "score": 0.676
    },
    "auth0.com": {
      "out": {
        "other": 3
      },
      "score": 0.526
    },
    "netcat.io": {
      "out": {
        "other": 3
      },
      "score": 0.526
    },
    "code.dblock.org": {
      "out": {
        "other": 2
      },
      "score": 0.409
    },
    "www.openbsd.org": {
      "out": {
        "other": 2
      },
      "score": 0.409
    },
    "thehackernews.com": {
      "out": {
        "other": 1
      },
      "score": 0.204
    },
    "code.hootsuite.com": {
      "out": {
        "other": 1
      },
      "score": 0.204
    },
    "facebook.github.io": {
      "out": {
        "other": 1
      },
      "score": 0.204
    },
    "silvenga.com": {
      "out": {
        "other": 1
      },
      "score": 0.204
    },
    "twin.github.io": {
      "out": {
        "other": 1
      },
      "score": 0.204
    },
    "armada.sh": {
      "out": {
        "other": 1
      },
      "score": 0.204
    },
    "jakeyesbeck.com": {
      "out": {
        "other": 1
      },
      "score": 0.204
    },
    "stripe.com": {
      "out": {
        "other": 1
      },
      "score": 0.204
    },
    "blog.pluralsight.com": {
      "out": {
        "other": 1
      },
      "score": 0.204
    },
    "rom-rb.org": {
      "out": {
        "other": 1
      },
      "score": 0.204
    },
    "journals.plos.org": {
      "out": {
        "other": 1
      },
      "score": 0.204
    },
    "www.lemonde.fr": {
      "out": {
        "other": 1
      },
      "score": 0.204
    },
    "blog.getify.com": {
      "out": {
        "other": 1
      },
      "score": 0.204
    },
    "engineering.opendns.com": {
      "out": {
        "other": 1
      },
      "score": 0.204
    },
    "epickrram.blogspot.co.uk": {
      "out": {
        "other": 1
      },
      "score": 0.204
    },
    "ramverk.org": {
      "out": {
        "other": 1
      },
      "score": 0.204
    },
    "scotch.io": {
      "out": {
        "other": 1
      },
      "score": 0.204
    },
    "gizmodo.com": {
      "out": {
        "other": 1
      },
      "score": 0.204
    },
    "www.zsoltnagy.eu": {
      "out": {
        "other": 1
      },
      "score": 0.204
    },
    "spectrum.ieee.org": {
      "out": {
        "other": 1
      },
      "score": 0.204
    },
    "regulargeek.com": {
      "out": {
        "other": 1
      },
      "score": 0.204
    },
    "www.lita.io": {
      "out": {
        "other": 1
      },
      "score": 0.204
    },
    "jlongster.com": {
      "out": {
        "other": 1
      },
      "score": 0.204
    },
    "bitbucket.org": {
      "out": {
        "other": 1
      },
      "score": 0.204
    },
    "paragonie.com": {
      "out": {
        "other": 1
      },
      "score": 0.204
    },
    "fullscreen.github.io": {
      "out": {
        "other": 1
      },
      "score": 0.204
    },
    "www.managingpartner.com": {
      "out": {
        "other": 1
      },
      "score": 0.204
    },
    "qz.com": {
      "out": {
        "other": 1
      },
      "score": 0.204
    },
    "product.hubspot.com": {
      "out": {
        "other": 1
      },
      "score": 0.204
    },
    "scinfolex.com": {
      "out": {
        "other": 1
      },
      "score": 0.204
    },
    "speakerdeck.com": {
      "out": {
        "other": 1
      },
      "score": 0.204
    },
    "blog.jupo.org": {
      "out": {
        "other": 1
      },
      "score": 0.204
    },
    "sqitch.org": {
      "out": {
        "other": 1
      },
      "score": 0.204
    },
    "www.androidcentral.com": {
      "out": {
        "other": 1
      },
      "score": 0.204
    },
    "www.nateberkopec.com": {
      "out": {
        "other": 1
      },
      "score": 0.204
    },
    "www.codeproject.com": {
      "out": {
        "other": 1
      },
      "score": 0.204
    },
    "singularityhub.com": {
      "out": {
        "other": 1
      },
      "score": 0.204
    },
    "www.tinc-vpn.org": {
      "out": {
        "other": 1
      },
      "score": 0.204
    },
    "creativecommons.org": {
      "out": {
        "other": 1
      },
      "score": 0.204
    },
    "railscarma.com": {
      "out": {
        "other": 1
      },
      "score": 0.204
    },
    "angular-rails.com": {
      "out": {
        "other": 1
      },
      "score": 0.204
    },
    "glebbahmutov.com": {
      "out": {
        "other": 1
      },
      "score": 0.204
    },
    "www.technologyreview.com": {
      "out": {
        "other": 1
      },
      "score": 0.204
    },
    "www.wired.com": {
      "out": {
        "other": 1
      },
      "score": 0.204
    },
    "sorentwo.com": {
      "out": {
        "other": 1
      },
      "score": 0.204
    },
    "blog.risingstack.com": {
      "out": {
        "other": 1
      },
      "score": 0.204
    },
    "www.sitepoint.com": {
      "out": {
        "other": 1
      },
      "score": 0.204
    },
    "blog.growth.supply": {
      "out": {
        "other": 1
      },
      "score": 0.204
    }
  }
}