{
  "domain": "blog.unclenate.com",
  "urls": [
    "https://about.me/nate.diniro"
  ],
  "names": [
    "Nathan DiNiro - Portland, Oregon, YouBase, Inc. | about.me",
    "about.me",
    "Nathan DiNiro on about.me"
  ],
  "descriptions": [
    "Nathan is a VP of Marketing in Portland, Oregon. Visit Nathan’s company website from their page."
  ],
  "pictures": [
    "https://cdn.about.me/images/icons/favicon/favicon.ico",
    "https://aboutme.imgix.net/background/users/n/a/t/nate.diniro_1494007397_442.jpg?q=80&dpr=1&auto=format&fit=max&w=1200&h=630&rect=0,109,2688,1411",
    "https://aboutme.imgix.net/background/users/n/a/t/nate.diniro_1494007397_442.jpg?q=80&dpr=1&auto=format&fit=max&w=1024&h=512&rect=0,176,2688,1344"
  ],
  "hcard": {},
  "rel_mes": [],
  "tags": [],
  "endpoints": {},
  "crawl_start": "2017-06-11T14:37:18.118803",
  "crawl_end": "2017-06-11T14:37:18.118803",
  "links_out": 0,
  "links_in": 11,
  "links": {
    "fastwonderblog.com": {
      "in": {
        "other": 9
      },
      "score": 1
    },
    "indieweb.org": {
      "in": {
        "other": 2
      },
      "score": 0.315
    }
  }
}