{
  "domain": "blog.aquinzi.com",
  "urls": [
    "http://aquinzi.com/"
  ],
  "names": [
    "A.Q.",
    "Index of | A-Qute blog"
  ],
  "descriptions": [
    "Blog for A.Q."
  ],
  "pictures": [
    "http://blog.aquinzi.com/favicon.ico",
    "http://blog.aquinzi.com/favicon.png"
  ],
  "hcard": {
    "properties": {
      "name": [
        "A.Q."
      ],
      "url": [
        "http://aquinzi.com/"
      ]
    },
    "type": [
      "h-card"
    ]
  },
  "rel_mes": [
    "http://aquinzi.com/"
  ],
  "crawl_start": "2017-04-28T02:15:51",
  "crawl_end": "2017-04-28T02:17:24",
  "num_pages": 198,
  "total_html_size": 1582040,
  "servers": [
    "GitHub.com"
  ],
  "mf2_classes": [
    "h-card",
    "h-entry"
  ],
  "tags": [
    "relme",
    "bridgy",
    "webmention"
  ],
  "endpoints": {
    "webmention": [
      "https://webmention.herokuapp.com/api/webmention"
    ]
  },
  "links_out": 1372,
  "links_in": 0,
  "links": {
    "tags": {
      "out": {
        "other": 232
      },
      "score": 1
    },
    "aquinzi.com": {
      "out": {
        "other": 216
      },
      "score": 0.989
    },
    "feeds.feedburner.com": {
      "out": {
        "other": 198
      },
      "score": 0.974
    },
    "play.google.com": {
      "out": {
        "other": 28
      },
      "score": 0.656
    },
    "twitter.com/intent": {
      "out": {
        "other": 24
      },
      "score": 0.630
    },
    "www.amazon.com": {
      "out": {
        "other": 20
      },
      "score": 0.601
    },
    "getnikola.com": {
      "out": {
        "other": 20
      },
      "score": 0.601
    },
    "github.com": {
      "out": {
        "other": 20
      },
      "score": 0.601
    },
    "books.google.com": {
      "out": {
        "other": 16
      },
      "score": 0.565
    },
    "www.mediafire.com": {
      "out": {
        "other": 16
      },
      "score": 0.565
    },
    "www.foobar2000.org": {
      "out": {
        "other": 14
      },
      "score": 0.542
    },
    "posativ.org": {
      "out": {
        "other": 14
      },
      "score": 0.542
    },
    "en.wikipedia.org": {
      "out": {
        "other": 10
      },
      "score": 0.489
    },
    "docs.getpelican.com": {
      "out": {
        "other": 10
      },
      "score": 0.489
    },
    "smartkanjibook.com": {
      "out": {
        "other": 8
      },
      "score": 0.451
    },
    "pelican.readthedocs.org": {
      "out": {
        "other": 8
      },
      "score": 0.451
    },
    "forum.xda-developers.com": {
      "out": {
        "other": 8
      },
      "score": 0.451
    },
    "japaneselevelup.com": {
      "out": {
        "other": 8
      },
      "score": 0.451
    },
    "www.tagaini.net": {
      "out": {
        "other": 8
      },
      "score": 0.451
    },
    "pypi.python.org": {
      "out": {
        "other": 8
      },
      "score": 0.451
    },
    "www.johnmacfarlane.net": {
      "out": {
        "other": 7
      },
      "score": 0.430
    },
    "www.dropbox.com": {
      "out": {
        "other": 6
      },
      "score": 0.404
    },
    "rubyinstaller.org": {
      "out": {
        "other": 6
      },
      "score": 0.404
    },
    "www.mobileread.com": {
      "out": {
        "other": 6
      },
      "score": 0.404
    },
    "gist.github.com": {
      "out": {
        "other": 6
      },
      "score": 0.404
    },
    "help.github.com": {
      "out": {
        "other": 4
      },
      "score": 0.339
    },
    "sd-write-protected-syndrome": {
      "out": {
        "other": 4
      },
      "score": 0.339
    },
    "box-webdav": {
      "out": {
        "other": 4
      },
      "score": 0.339
    },
    "review-kindle3": {
      "out": {
        "other": 4
      },
      "score": 0.339
    },
    "autohotkey-reemplazo": {
      "out": {
        "other": 4
      },
      "score": 0.339
    },
    "capture2text.sourceforge.net": {
      "out": {
        "other": 4
      },
      "score": 0.339
    },
    "chokochoko.wordpress.com": {
      "out": {
        "other": 4
      },
      "score": 0.339
    },
    "kindle3-epub": {
      "out": {
        "other": 4
      },
      "score": 0.339
    },
    "tasker-gps-location-to-text": {
      "out": {
        "other": 4
      },
      "score": 0.339
    },
    "programas-ejecutar": {
      "out": {
        "other": 4
      },
      "score": 0.339
    },
    "tagaini-jisho-sincronizar-bd": {
      "out": {
        "other": 4
      },
      "score": 0.339
    },
    "tanos.co.uk": {
      "out": {
        "other": 4
      },
      "score": 0.339
    },
    "addons.mozilla.org": {
      "out": {
        "other": 4
      },
      "score": 0.339
    },
    "ankiweb.net": {
      "out": {
        "other": 4
      },
      "score": 0.339
    },
    "aquinzi.github.io": {
      "out": {
        "other": 4
      },
      "score": 0.339
    },
    "kanji-poster": {
      "out": {
        "other": 4
      },
      "score": 0.339
    },
    "lwt.sourceforge.net": {
      "out": {
        "other": 4
      },
      "score": 0.339
    },
    "uxstyle.com": {
      "out": {
        "other": 4
      },
      "score": 0.339
    },
    "android-dpi-app": {
      "out": {
        "other": 4
      },
      "score": 0.339
    },
    "foobar2000-theme-tomorrow-night": {
      "out": {
        "other": 4
      },
      "score": 0.339
    },
    "opera-editar-menu-contextual": {
      "out": {
        "other": 4
      },
      "score": 0.339
    },
    "review-acer-tab-a200": {
      "out": {
        "other": 4
      },
      "score": 0.339
    },
    "thinx": {
      "out": {
        "other": 4
      },
      "score": 0.339
    },
    "www.sublimetext.com": {
      "out": {
        "other": 4
      },
      "score": 0.339
    },
    "dokuwiki-a-html": {
      "out": {
        "other": 4
      },
      "score": 0.339
    },
    "japanesegradedreaders.com": {
      "out": {
        "other": 4
      },
      "score": 0.339
    },
    "jinja.pocoo.org": {
      "out": {
        "other": 4
      },
      "score": 0.339
    },
    "www.deviantart.com": {
      "out": {
        "other": 4
      },
      "score": 0.339
    },
    "www.notepad-plus-plus.org": {
      "out": {
        "other": 4
      },
      "score": 0.339
    },
    "checkerboard-cake": {
      "out": {
        "other": 4
      },
      "score": 0.339
    },
    "ankisrs.net": {
      "out": {
        "other": 4
      },
      "score": 0.339
    },
    "win31-juegos": {
      "out": {
        "other": 4
      },
      "score": 0.339
    },
    "autohotkey-nueva-carpeta": {
      "out": {
        "other": 4
      },
      "score": 0.339
    },
    "windows-jekyll": {
      "out": {
        "other": 4
      },
      "score": 0.339
    },
    "mnemosyne-proj.org": {
      "out": {
        "other": 4
      },
      "score": 0.339
    },
    "pythonhosted.org": {
      "out": {
        "other": 4
      },
      "score": 0.339
    },
    "www.vark-learn.com": {
      "out": {
        "other": 4
      },
      "score": 0.339
    },
    "pelican-nikola": {
      "out": {
        "other": 4
      },
      "score": 0.339
    },
    "zim-templates": {
      "out": {
        "other": 4
      },
      "score": 0.339
    },
    "xampp-status-check-failure-3": {
      "out": {
        "other": 4
      },
      "score": 0.339
    },
    "chrome.google.com": {
      "out": {
        "other": 4
      },
      "score": 0.339
    },
    "craxic.com": {
      "out": {
        "other": 4
      },
      "score": 0.339
    },
    "pro-tip-cartuchos": {
      "out": {
        "other": 4
      },
      "score": 0.339
    },
    "pymd": {
      "out": {
        "other": 4
      },
      "score": 0.339
    },
    "rss-youtube": {
      "out": {
        "other": 4
      },
      "score": 0.339
    },
    "foo2k.chottu.net": {
      "out": {
        "other": 4
      },
      "score": 0.339
    },
    "kanjidamage.com": {
      "out": {
        "other": 4
      },
      "score": 0.339
    },
    "tangorin.com": {
      "out": {
        "other": 4
      },
      "score": 0.339
    },
    "wordpress-to-pelican": {
      "out": {
        "other": 4
      },
      "score": 0.339
    },
    "javadoc": {
      "out": {
        "other": 4
      },
      "score": 0.339
    },
    "winaero.com": {
      "out": {
        "other": 4
      },
      "score": 0.339
    },
    "foosoft.net": {
      "out": {
        "other": 4
      },
      "score": 0.339
    },
    "code.google.com": {
      "out": {
        "other": 4
      },
      "score": 0.339
    },
    "netbeans-problemas-menu": {
      "out": {
        "other": 4
      },
      "score": 0.339
    },
    "svnlog": {
      "out": {
        "other": 4
      },
      "score": 0.339
    },
    "gh-pages-project": {
      "out": {
        "other": 4
      },
      "score": 0.339
    },
    "japanese-resources": {
      "out": {
        "other": 4
      },
      "score": 0.339
    },
    "windows7-shell-icons": {
      "out": {
        "other": 4
      },
      "score": 0.339
    },
    "pandy": {
      "out": {
        "other": 4
      },
      "score": 0.339
    },
    "stefanstools.sourceforge.net": {
      "out": {
        "other": 4
      },
      "score": 0.339
    },
    "addons.opera.com": {
      "out": {
        "other": 4
      },
      "score": 0.339
    },
    "cygwin.com": {
      "out": {
        "other": 4
      },
      "score": 0.339
    },
    "windows7-themes-aero": {
      "out": {
        "other": 4
      },
      "score": 0.339
    },
    "rikaisama.sourceforge.net": {
      "out": {
        "other": 4
      },
      "score": 0.339
    },
    "prodo": {
      "out": {
        "other": 4
      },
      "score": 0.339
    },
    "foobar2000-theme-simple-colorful": {
      "out": {
        "other": 4
      },
      "score": 0.339
    },
    "packages.python.org": {
      "out": {
        "other": 4
      },
      "score": 0.339
    },
    "android-battery-drain": {
      "out": {
        "other": 4
      },
      "score": 0.339
    },
    "www.apachefriends.org": {
      "out": {
        "other": 4
      },
      "score": 0.339
    },
    "zim-wiki.org": {
      "out": {
        "other": 4
      },
      "score": 0.339
    },
    "jisho.org": {
      "out": {
        "other": 4
      },
      "score": 0.339
    },
    "www.launchy.net": {
      "out": {
        "other": 4
      },
      "score": 0.339
    },
    "members.chello.at": {
      "out": {
        "other": 2
      },
      "score": 0.226
    },
    "msysgit.github.io": {
      "out": {
        "other": 2
      },
      "score": 0.226
    },
    "pygments.org": {
      "out": {
        "other": 2
      },
      "score": 0.226
    },
    "bendetat.com": {
      "out": {
        "other": 2
      },
      "score": 0.226
    },
    "www.orbitdownloader.com": {
      "out": {
        "other": 2
      },
      "score": 0.226
    },
    "mybackupbox.com": {
      "out": {
        "other": 2
      },
      "score": 0.226
    },
    "annotateit.org": {
      "out": {
        "other": 2
      },
      "score": 0.226
    },
    "www.aquinzi.com": {
      "out": {
        "other": 2
      },
      "score": 0.226
    },
    "www.lfd.uci.edu": {
      "out": {
        "other": 2
      },
      "score": 0.226
    },
    "curl.haxx.se": {
      "out": {
        "other": 2
      },
      "score": 0.226
    },
    "scriptogr.am": {
      "out": {
        "other": 2
      },
      "score": 0.226
    },
    "voidtools.com": {
      "out": {
        "other": 2
      },
      "score": 0.226
    },
    "www.ghisler.com": {
      "out": {
        "other": 2
      },
      "score": 0.226
    },
    "copy.com": {
      "out": {
        "other": 2
      },
      "score": 0.226
    },
    "www.lifehacker.com": {
      "out": {
        "other": 2
      },
      "score": 0.226
    },
    "www.autohotkey.com": {
      "out": {
        "other": 2
      },
      "score": 0.226
    },
    "blogs.sun.com": {
      "out": {
        "other": 2
      },
      "score": 0.226
    },
    "taskwarrior.org": {
      "out": {
        "other": 2
      },
      "score": 0.226
    },
    "www.python.org": {
      "out": {
        "other": 2
      },
      "score": 0.226
    },
    "twitter.com/whattafack": {
      "out": {
        "other": 2
      },
      "score": 0.226
    },
    "windows.github.com": {
      "out": {
        "other": 2
      },
      "score": 0.226
    },
    "www.dokuwiki.org": {
      "out": {
        "other": 2
      },
      "score": 0.226
    },
    "kramdown.gettalong.org": {
      "out": {
        "other": 2
      },
      "score": 0.226
    },
    "rei.to": {
      "out": {
        "other": 2
      },
      "score": 0.226
    },
    "twitter.com/ralsina": {
      "out": {
        "other": 2
      },
      "score": 0.226
    },
    "daringfireball.net": {
      "out": {
        "other": 2
      },
      "score": 0.226
    },
    "makotemplates.org": {
      "out": {
        "other": 2
      },
      "score": 0.226
    },
    "jekyll-windows.juthilo.com": {
      "out": {
        "other": 2
      },
      "score": 0.226
    },
    "superuser.com": {
      "out": {
        "other": 2
      },
      "score": 0.226
    },
    "www.crummy.com": {
      "out": {
        "other": 2
      },
      "score": 0.226
    },
    "wakan.manga.cz": {
      "out": {
        "other": 2
      },
      "score": 0.226
    },
    "www.intentodeblog.com.ar": {
      "out": {
        "other": 2
      },
      "score": 0.226
    },
    "tortoisegit.org": {
      "out": {
        "other": 2
      },
      "score": 0.226
    },
    "www.bitkinex.com": {
      "out": {
        "other": 2
      },
      "score": 0.226
    },
    "www.gsmarena.com": {
      "out": {
        "other": 2
      },
      "score": 0.226
    },
    "www.oliverpearmain.com": {
      "out": {
        "other": 2
      },
      "score": 0.226
    },
    "www.mythicsoft.com": {
      "out": {
        "other": 2
      },
      "score": 0.226
    },
    "ap-graphik.deviantart.com": {
      "out": {
        "other": 2
      },
      "score": 0.226
    },
    "jamesjoshuahill.github.io": {
      "out": {
        "other": 2
      },
      "score": 0.226
    },
    "snipes2.deviantart.com": {
      "out": {
        "other": 2
      },
      "score": 0.226
    },
    "wiki.hydrogenaudio.org": {
      "out": {
        "other": 2
      },
      "score": 0.226
    },
    "filezilla-project.org": {
      "out": {
        "other": 2
      },
      "score": 0.226
    },
    "pages.github.com": {
      "out": {
        "other": 2
      },
      "score": 0.226
    },
    "calepin.co": {
      "out": {
        "other": 2
      },
      "score": 0.226
    },
    "zkanji.sourceforge.net": {
      "out": {
        "other": 2
      },
      "score": 0.226
    },
    "railsapps.github.io": {
      "out": {
        "other": 2
      },
      "score": 0.226
    },
    "www.box.com": {
      "out": {
        "other": 2
      },
      "score": 0.226
    },
    "www.sugarsync.com": {
      "out": {
        "other": 2
      },
      "score": 0.226
    },
    "twitter.com/rokxx": {
      "out": {
        "other": 2
      },
      "score": 0.226
    },
    "box.zendesk.com": {
      "out": {
        "other": 2
      },
      "score": 0.226
    },
    "www.ehow.com": {
      "out": {
        "other": 2
      },
      "score": 0.226
    },
    "www.sevenforums.com": {
      "out": {
        "other": 2
      },
      "score": 0.226
    },
    "johnmacfarlane.net": {
      "out": {
        "other": 2
      },
      "score": 0.226
    },
    "paranoid-rom.com": {
      "out": {
        "other": 2
      },
      "score": 0.226
    },
    "static.xml": {
      "out": {
        "other": 1
      },
      "score": 0.113
    },
    "tablet.xml": {
      "out": {
        "other": 1
      },
      "score": 0.113
    },
    "cards.xml": {
      "out": {
        "other": 1
      },
      "score": 0.113
    },
    "kanji.xml": {
      "out": {
        "other": 1
      },
      "score": 0.113
    },
    "sd.xml": {
      "out": {
        "other": 1
      },
      "score": 0.113
    },
    "github.xml": {
      "out": {
        "other": 1
      },
      "score": 0.113
    },
    "autohotkey.xml": {
      "out": {
        "other": 1
      },
      "score": 0.113
    },
    "podcasts.xml": {
      "out": {
        "other": 1
      },
      "score": 0.113
    },
    "epub.xml": {
      "out": {
        "other": 1
      },
      "score": 0.113
    },
    "pelican.xml": {
      "out": {
        "other": 1
      },
      "score": 0.113
    },
    "windows-7.xml": {
      "out": {
        "other": 1
      },
      "score": 0.113
    },
    "battery.xml": {
      "out": {
        "other": 1
      },
      "score": 0.113
    },
    "cat_entry.xml": {
      "out": {
        "other": 1
      },
      "score": 0.113
    },
    "acer.xml": {
      "out": {
        "other": 1
      },
      "score": 0.113
    },
    "yummy.xml": {
      "out": {
        "other": 1
      },
      "score": 0.113
    },
    "dropbox.xml": {
      "out": {
        "other": 1
      },
      "score": 0.113
    },
    "retro.xml": {
      "out": {
        "other": 1
      },
      "score": 0.113
    },
    "svn.xml": {
      "out": {
        "other": 1
      },
      "score": 0.113
    },
    "cat_release.xml": {
      "out": {
        "other": 1
      },
      "score": 0.113
    },
    "cat_guide.xml": {
      "out": {
        "other": 1
      },
      "score": 0.113
    },
    "windows.xml": {
      "out": {
        "other": 1
      },
      "score": 0.113
    },
    "tagaini-jisho.xml": {
      "out": {
        "other": 1
      },
      "score": 0.113
    },
    "java.xml": {
      "out": {
        "other": 1
      },
      "score": 0.113
    },
    "code.xml": {
      "out": {
        "other": 1
      },
      "score": 0.113
    },
    "cat_review.xml": {
      "out": {
        "other": 1
      },
      "score": 0.113
    },
    "wordpress.xml": {
      "out": {
        "other": 1
      },
      "score": 0.113
    },
    "xampp.xml": {
      "out": {
        "other": 1
      },
      "score": 0.113
    },
    "jekyll.xml": {
      "out": {
        "other": 1
      },
      "score": 0.113
    },
    "cartuchos.xml": {
      "out": {
        "other": 1
      },
      "score": 0.113
    },
    "opera.xml": {
      "out": {
        "other": 1
      },
      "score": 0.113
    },
    "zim.xml": {
      "out": {
        "other": 1
      },
      "score": 0.113
    },
    "dokuwiki.xml": {
      "out": {
        "other": 1
      },
      "score": 0.113
    },
    "nihongo.xml": {
      "out": {
        "other": 1
      },
      "score": 0.113
    },
    "git.xml": {
      "out": {
        "other": 1
      },
      "score": 0.113
    },
    "tasker.xml": {
      "out": {
        "other": 1
      },
      "score": 0.113
    },
    "windows7.xml": {
      "out": {
        "other": 1
      },
      "score": 0.113
    },
    "cat_language.xml": {
      "out": {
        "other": 1
      },
      "score": 0.113
    },
    "markdown.xml": {
      "out": {
        "other": 1
      },
      "score": 0.113
    },
    "ruby.xml": {
      "out": {
        "other": 1
      },
      "score": 0.113
    },
    "webdav.xml": {
      "out": {
        "other": 1
      },
      "score": 0.113
    },
    "pandoc.xml": {
      "out": {
        "other": 1
      },
      "score": 0.113
    },
    "cat_download.xml": {
      "out": {
        "other": 1
      },
      "score": 0.113
    },
    "foobar2000.xml": {
      "out": {
        "other": 1
      },
      "score": 0.113
    },
    "video-games.xml": {
      "out": {
        "other": 1
      },
      "score": 0.113
    },
    "box.xml": {
      "out": {
        "other": 1
      },
      "score": 0.113
    },
    "aero.xml": {
      "out": {
        "other": 1
      },
      "score": 0.113
    },
    "cat_solved.xml": {
      "out": {
        "other": 1
      },
      "score": 0.113
    },
    "theme.xml": {
      "out": {
        "other": 1
      },
      "score": 0.113
    },
    "printers-from-hell.xml": {
      "out": {
        "other": 1
      },
      "score": 0.113
    },
    "kindle.xml": {
      "out": {
        "other": 1
      },
      "score": 0.113
    },
    "run-forest-run.xml": {
      "out": {
        "other": 1
      },
      "score": 0.113
    },
    "android.xml": {
      "out": {
        "other": 1
      },
      "score": 0.113
    },
    "php.xml": {
      "out": {
        "other": 1
      },
      "score": 0.113
    },
    "sync.xml": {
      "out": {
        "other": 1
      },
      "score": 0.113
    },
    "python.xml": {
      "out": {
        "other": 1
      },
      "score": 0.113
    },
    "grep.xml": {
      "out": {
        "other": 1
      },
      "score": 0.113
    },
    "nikola.xml": {
      "out": {
        "other": 1
      },
      "score": 0.113
    },
    "themes.xml": {
      "out": {
        "other": 1
      },
      "score": 0.113
    },
    "youtube.xml": {
      "out": {
        "other": 1
      },
      "score": 0.113
    }
  }
}