{
  "domain": "blog.digis.im",
  "urls": [
    "http://blog.digis.im/"
  ],
  "names": [
    "Digisim | Musings of a Digital Simplitist.",
    "Digisim"
  ],
  "descriptions": [
    "Musings of a Digital Simplitist.",
    "Welcome to Flipped Academic - see blog posts"
  ],
  "pictures": [
    "https://i1.wp.com/blog.digis.im/wp-content/uploads/2015/01/digisim_favicon-54b6474dv1_site_icon.png?fit=32%2C32",
    "https://i1.wp.com/blog.digis.im/wp-content/uploads/2015/01/digisim_favicon-54b6474dv1_site_icon.png?fit=192%2C192",
    "https://i1.wp.com/blog.digis.im/wp-content/uploads/2015/01/digisim_favicon-54b6474dv1_site_icon.png?fit=200%2C200",
    "http://blog.digis.im/wp-content/uploads/2015/01/digisim.jpg"
  ],
  "hcard": {},
  "rel_mes": [],
  "crawl_start": "2017-04-28T02:15:50",
  "crawl_end": "2017-04-28T02:27:17",
  "num_pages": 207,
  "total_html_size": 6953127,
  "servers": [
    "Apache",
    "WordPress"
  ],
  "mf2_classes": [
    "h-as-mention",
    "h-entry",
    "h-feed",
    "h-card"
  ],
  "tags": [
    "bridgy",
    "webmention",
    "generator",
    "WordPress"
  ],
  "endpoints": {
    "webmention": [
      "http://blog.digis.im/wp-json/webmention/1.0/endpoint"
    ],
    "generator": [
      "https://wordpress.org/"
    ]
  },
  "links_out": 3157,
  "links_in": 74,
  "links": {
    "creativecommons.org": {
      "out": {
        "other": 414
      },
      "score": 1
    },
    "twitter.com/digisim": {
      "out": {
        "other": 235
      },
      "score": 0.915
    },
    "digisim.tumblr.com": {
      "out": {
        "other": 210
      },
      "score": 0.899
    },
    "vimeo.com": {
      "out": {
        "other": 210
      },
      "score": 0.899
    },
    "plus.google.com/+SimonThomson": {
      "out": {
        "other": 207
      },
      "score": 0.897
    },
    "speakerdeck.com": {
      "out": {
        "other": 208
      },
      "score": 0.897
    },
    "uk.linkedin.com": {
      "out": {
        "other": 207
      },
      "score": 0.897
    },
    "instagram.com": {
      "out": {
        "other": 207
      },
      "score": 0.897
    },
    "about.digis.im": {
      "out": {
        "other": 207
      },
      "score": 0.897
    },
    "pinterest.com": {
      "out": {
        "other": 83
      },
      "score": 0.760
    },
    "twitter.com/share": {
      "out": {
        "other": 83
      },
      "score": 0.760
    },
    "reddit.com": {
      "out": {
        "other": 83
      },
      "score": 0.760
    },
    "www.stumbleupon.com": {
      "out": {
        "other": 83
      },
      "score": 0.760
    },
    "plus.google.com/share": {
      "out": {
        "other": 83
      },
      "score": 0.760
    },
    "www.facebook.com": {
      "out": {
        "other": 83
      },
      "score": 0.760
    },
    "www.tumblr.com": {
      "out": {
        "other": 83
      },
      "score": 0.760
    },
    "www.linkedin.com": {
      "out": {
        "other": 83
      },
      "score": 0.760
    },
    "wordpress.org": {
      "out": {
        "other": 32
      },
      "score": 0.619
    },
    "known.digis.im": {
      "in": {
        "other": 40
      },
      "score": 0.549
    },
    "digisim.jux.com": {
      "out": {
        "other": 15
      },
      "score": 0.506
    },
    "sprng.me": {
      "out": {
        "other": 14
      },
      "score": 0.496
    },
    "go.madmimi.com": {
      "out": {
        "other": 14
      },
      "score": 0.496
    },
    "werd.io": {
      "in": {
        "other": 26
      },
      "score": 0.485
    },
    "applev2.komtools.net": {
      "out": {
        "other": 12
      },
      "score": 0.473
    },
    "scicast.org.uk": {
      "out": {
        "other": 8
      },
      "score": 0.412
    },
    "medium.com": {
      "out": {
        "other": 7
      },
      "score": 0.393
    },
    "i2.wp.com": {
      "out": {
        "other": 7
      },
      "score": 0.393
    },
    "www.youtube.com": {
      "out": {
        "other": 6
      },
      "score": 0.369
    },
    "springpad.com": {
      "out": {
        "other": 6
      },
      "score": 0.369
    },
    "i0.wp.com": {
      "out": {
        "other": 6
      },
      "score": 0.369
    },
    "itunes.apple.com": {
      "out": {
        "other": 6
      },
      "score": 0.369
    },
    "plus.google.com/communities": {
      "out": {
        "other": 6
      },
      "score": 0.369
    },
    "flippedacademic.co.uk": {
      "out": {
        "other": 5
      },
      "score": 0.342
    },
    "memit.com": {
      "out": {
        "other": 5
      },
      "score": 0.342
    },
    "www.bizjournals.com": {
      "out": {
        "other": 5
      },
      "score": 0.342
    },
    "betaboston.com": {
      "out": {
        "other": 5
      },
      "score": 0.342
    },
    "oer16.oerconf.org": {
      "out": {
        "other": 5
      },
      "score": 0.342
    },
    "twitter.com/hashtag": {
      "out": {
        "other": 4
      },
      "score": 0.310
    },
    "connectedcourses.net": {
      "out": {
        "other": 4
      },
      "score": 0.310
    },
    "i1.wp.com": {
      "out": {
        "other": 4
      },
      "score": 0.310
    },
    "en.wikipedia.org": {
      "out": {
        "other": 4
      },
      "score": 0.310
    },
    "twitter.com/DonnaLanclos": {
      "out": {
        "other": 4
      },
      "score": 0.310
    },
    "support.google.com": {
      "out": {
        "other": 4
      },
      "score": 0.310
    },
    "cyclemeter.com": {
      "out": {
        "other": 3
      },
      "score": 0.266
    },
    "www.bbc.co.uk": {
      "out": {
        "other": 3
      },
      "score": 0.266
    },
    "known.jimgroom.com": {
      "in": {
        "other": 6
      },
      "score": 0.266
    },
    "www.apple.com": {
      "out": {
        "other": 3
      },
      "score": 0.266
    },
    "twitter.com/EricStoller": {
      "out": {
        "other": 3
      },
      "score": 0.266
    },
    "picturelife.com": {
      "out": {
        "other": 3
      },
      "score": 0.266
    },
    "www.cs.kent.ac.uk": {
      "out": {
        "other": 3
      },
      "score": 0.266
    },
    "twitter.com/daveparkes": {
      "out": {
        "other": 2
      },
      "score": 0.207
    },
    "www.digilitleic.com": {
      "out": {
        "other": 2
      },
      "score": 0.207
    },
    "twitter.com/lawrie": {
      "out": {
        "other": 2
      },
      "score": 0.207
    },
    "twitter.com/amyburvall": {
      "out": {
        "other": 2
      },
      "score": 0.207
    },
    "reclaimhosting.com": {
      "out": {
        "other": 2
      },
      "score": 0.207
    },
    "twitter.com/drdjwalker": {
      "out": {
        "other": 2
      },
      "score": 0.207
    },
    "www.jisc.ac.uk": {
      "out": {
        "other": 2
      },
      "score": 0.207
    },
    "www.wired.com": {
      "out": {
        "other": 2
      },
      "score": 0.207
    },
    "www.hackeducation.com": {
      "out": {
        "other": 2
      },
      "score": 0.207
    },
    "www.appcat.com": {
      "out": {
        "other": 2
      },
      "score": 0.207
    },
    "storify.com": {
      "out": {
        "other": 2
      },
      "score": 0.207
    },
    "oer15.oerconf.org": {
      "out": {
        "other": 2
      },
      "score": 0.207
    },
    "www.canvas.net": {
      "out": {
        "other": 2
      },
      "score": 0.207
    },
    "www.smugmug.com": {
      "out": {
        "other": 2
      },
      "score": 0.207
    },
    "twitter.com/johnjohnston": {
      "out": {
        "other": 2
      },
      "score": 0.207
    },
    "twitter.com/AnnLudbrook": {
      "out": {
        "other": 2
      },
      "score": 0.207
    },
    "digisim.files.wordpress.com": {
      "out": {
        "other": 2
      },
      "score": 0.207
    },
    "googledrive.com": {
      "out": {
        "other": 2
      },
      "score": 0.207
    },
    "oer14.org": {
      "out": {
        "other": 2
      },
      "score": 0.207
    },
    "www.slideshare.net": {
      "out": {
        "other": 2
      },
      "score": 0.207
    },
    "www.leedsbeckett.ac.uk": {
      "out": {
        "other": 2
      },
      "score": 0.207
    },
    "twitter.com/Lawrie": {
      "out": {
        "other": 2
      },
      "score": 0.207
    },
    "twitter.com/OERConf": {
      "out": {
        "other": 2
      },
      "score": 0.207
    },
    "www.google.co.uk": {
      "out": {
        "other": 2
      },
      "score": 0.207
    },
    "www.timeshighereducation.co.uk": {
      "out": {
        "other": 2
      },
      "score": 0.207
    },
    "www.medev.ac.uk": {
      "out": {
        "other": 2
      },
      "score": 0.207
    },
    "www.forestry.gov.uk": {
      "out": {
        "other": 2
      },
      "score": 0.207
    },
    "twitter.com/Brarian": {
      "out": {
        "other": 2
      },
      "score": 0.207
    },
    "www.nestle.co.uk": {
      "out": {
        "other": 2
      },
      "score": 0.207
    },
    "northwestoer.org": {
      "out": {
        "other": 2
      },
      "score": 0.207
    },
    "aws.amazon.com": {
      "out": {
        "other": 1
      },
      "score": 0.103
    },
    "www.scoop.it": {
      "out": {
        "other": 1
      },
      "score": 0.103
    },
    "twitter.com/@fionajharvey": {
      "out": {
        "other": 1
      },
      "score": 0.103
    },
    "twitter.com/cpjobling": {
      "out": {
        "other": 1
      },
      "score": 0.103
    },
    "educationaltechnology.ca": {
      "out": {
        "other": 1
      },
      "score": 0.103
    },
    "thisguyhasmymacbook.tumblr.com": {
      "out": {
        "other": 1
      },
      "score": 0.103
    },
    "www.htc.com": {
      "out": {
        "other": 1
      },
      "score": 0.103
    },
    "t.co": {
      "out": {
        "other": 1
      },
      "score": 0.103
    },
    "twitter.com/cgreen": {
      "out": {
        "other": 1
      },
      "score": 0.103
    },
    "www.gov.uk": {
      "out": {
        "other": 1
      },
      "score": 0.103
    },
    "developers.google.com": {
      "out": {
        "other": 1
      },
      "score": 0.103
    },
    "p2pu.org": {
      "out": {
        "other": 1
      },
      "score": 0.103
    },
    "www.pcworld.com": {
      "out": {
        "other": 1
      },
      "score": 0.103
    },
    "www.sustrans.org.uk": {
      "out": {
        "other": 1
      },
      "score": 0.103
    },
    "bavatuesdays.com": {
      "out": {
        "other": 1
      },
      "score": 0.103
    },
    "support.apple.com": {
      "out": {
        "other": 1
      },
      "score": 0.103
    },
    "www.heacademy.ac.uk": {
      "out": {
        "other": 1
      },
      "score": 0.103
    },
    "c.brightcove.com": {
      "out": {
        "other": 1
      },
      "score": 0.103
    },
    "www.cultofmac.com": {
      "out": {
        "other": 1
      },
      "score": 0.103
    },
    "www.jorum.ac.uk": {
      "out": {
        "other": 1
      },
      "score": 0.103
    },
    "bananatv.net": {
      "out": {
        "other": 1
      },
      "score": 0.103
    },
    "twitter.com/jisc": {
      "out": {
        "other": 1
      },
      "score": 0.103
    },
    "twitter.com/sheilmcn": {
      "out": {
        "other": 1
      },
      "score": 0.103
    },
    "www.yikyakapp.com": {
      "out": {
        "other": 1
      },
      "score": 0.103
    },
    "ec.europa.eu": {
      "out": {
        "other": 1
      },
      "score": 0.103
    },
    "googledrive.blogspot.co.uk": {
      "out": {
        "other": 1
      },
      "score": 0.103
    },
    "modmyi.com": {
      "out": {
        "other": 1
      },
      "score": 0.103
    },
    "www.jiscinfonet.ac.uk": {
      "out": {
        "other": 1
      },
      "score": 0.103
    },
    "twitter.com/tjcoughlan": {
      "out": {
        "other": 1
      },
      "score": 0.103
    },
    "www.gantter.com": {
      "out": {
        "other": 1
      },
      "score": 0.103
    },
    "www.picturelife.com": {
      "out": {
        "other": 1
      },
      "score": 0.103
    },
    "crave.cnet.co.uk": {
      "out": {
        "other": 1
      },
      "score": 0.103
    },
    "dailyconnector.wordpress.com": {
      "out": {
        "other": 1
      },
      "score": 0.103
    },
    "twitter.com/ictforeducation": {
      "out": {
        "other": 1
      },
      "score": 0.103
    },
    "www.polleverywhere.com": {
      "out": {
        "other": 1
      },
      "score": 0.103
    },
    "www.wunderlist.com": {
      "out": {
        "other": 1
      },
      "score": 0.103
    },
    "play.google.com": {
      "out": {
        "other": 1
      },
      "score": 0.103
    },
    "public.tableau.com": {
      "out": {
        "other": 1
      },
      "score": 0.103
    },
    "www.independent.co.uk": {
      "out": {
        "other": 1
      },
      "score": 0.103
    },
    "blog.timowens.io": {
      "out": {
        "other": 1
      },
      "score": 0.103
    },
    "twitter.com/meaganmaygun": {
      "out": {
        "other": 1
      },
      "score": 0.103
    },
    "extra.shu.ac.uk": {
      "out": {
        "other": 1
      },
      "score": 0.103
    },
    "twitter.com/friedelitis": {
      "out": {
        "other": 1
      },
      "score": 0.103
    },
    "chrissinerantzi.wordpress.com": {
      "out": {
        "other": 1
      },
      "score": 0.103
    },
    "plex.tv": {
      "out": {
        "other": 1
      },
      "score": 0.103
    },
    "facebook.com/groups": {
      "out": {
        "other": 1
      },
      "score": 0.103
    },
    "www.cameraawesome.com": {
      "out": {
        "other": 1
      },
      "score": 0.103
    },
    "www.qaa.ac.uk": {
      "out": {
        "other": 1
      },
      "score": 0.103
    },
    "www.ucisa.ac.uk": {
      "out": {
        "other": 1
      },
      "score": 0.103
    },
    "gingerlabs.com": {
      "out": {
        "other": 1
      },
      "score": 0.103
    },
    "padlet.com": {
      "out": {
        "other": 1
      },
      "score": 0.103
    },
    "techietutelage.com": {
      "out": {
        "other": 1
      },
      "score": 0.103
    },
    "www.bettshow.com": {
      "out": {
        "other": 1
      },
      "score": 0.103
    },
    "twitter.com/josiefraser": {
      "out": {
        "other": 1
      },
      "score": 0.103
    },
    "podcasts.ox.ac.uk": {
      "out": {
        "other": 1
      },
      "score": 0.103
    },
    "webmaker.org": {
      "out": {
        "other": 1
      },
      "score": 0.103
    },
    "ifttt.com": {
      "out": {
        "other": 1
      },
      "score": 0.103
    },
    "jimgroom.net": {
      "out": {
        "other": 1
      },
      "score": 0.103
    },
    "www.flickr.com": {
      "out": {
        "other": 1
      },
      "score": 0.103
    },
    "www.mobileindustryreview.com": {
      "out": {
        "other": 1
      },
      "score": 0.103
    },
    "www.videonot.es": {
      "out": {
        "other": 1
      },
      "score": 0.103
    },
    "learningdesigner.co.uk": {
      "out": {
        "other": 1
      },
      "score": 0.103
    },
    "preyproject.com": {
      "out": {
        "other": 1
      },
      "score": 0.103
    },
    "www.life.org.uk": {
      "out": {
        "other": 1
      },
      "score": 0.103
    },
    "www.sonymobile.com": {
      "out": {
        "other": 1
      },
      "score": 0.103
    },
    "arstechnica.com": {
      "out": {
        "other": 1
      },
      "score": 0.103
    },
    "www.google.com": {
      "out": {
        "other": 1
      },
      "score": 0.103
    },
    "www.squarespace.com": {
      "out": {
        "other": 1
      },
      "score": 0.103
    },
    "books.google.co.uk": {
      "out": {
        "other": 1
      },
      "score": 0.103
    },
    "www.insidehighered.com": {
      "out": {
        "other": 1
      },
      "score": 0.103
    },
    "www.internetlivestats.com": {
      "out": {
        "other": 1
      },
      "score": 0.103
    },
    "app.cat": {
      "out": {
        "other": 1
      },
      "score": 0.103
    },
    "twitter.com/jessifer": {
      "out": {
        "other": 1
      },
      "score": 0.103
    },
    "mesharpe.metapress.com": {
      "out": {
        "other": 1
      },
      "score": 0.103
    },
    "www.openeducationweek.org": {
      "out": {
        "other": 1
      },
      "score": 0.103
    },
    "about.me": {
      "out": {
        "other": 1
      },
      "score": 0.103
    },
    "owncloud.org": {
      "out": {
        "other": 1
      },
      "score": 0.103
    },
    "twitter.com/VivienRolfe": {
      "out": {
        "other": 1
      },
      "score": 0.103
    },
    "4e.digis.im": {
      "out": {
        "other": 1
      },
      "score": 0.103
    },
    "www.periscopeapp.co": {
      "out": {
        "other": 1
      },
      "score": 0.103
    },
    "www.sharingpractice.ac.uk": {
      "out": {
        "other": 1
      },
      "score": 0.103
    },
    "github.com": {
      "out": {
        "other": 1
      },
      "score": 0.103
    },
    "howto.p2pu.org": {
      "out": {
        "other": 1
      },
      "score": 0.103
    },
    "drive.google.com": {
      "out": {
        "other": 1
      },
      "score": 0.103
    },
    "reagentx.net": {
      "out": {
        "other": 1
      },
      "score": 0.103
    },
    "twitter.com/TonyBurke1": {
      "out": {
        "other": 1
      },
      "score": 0.103
    },
    "wpcurve.com": {
      "out": {
        "other": 1
      },
      "score": 0.103
    },
    "twitter.com/chrissinerantzi": {
      "out": {
        "other": 1
      },
      "score": 0.103
    },
    "trello.com": {
      "out": {
        "other": 1
      },
      "score": 0.103
    },
    "www.westminster-briefing.com": {
      "out": {
        "other": 1
      },
      "score": 0.103
    },
    "www.visitcumbria.com": {
      "out": {
        "other": 1
      },
      "score": 0.103
    },
    "solvonauts.org": {
      "out": {
        "other": 1
      },
      "score": 0.103
    },
    "twitter.com": {
      "out": {
        "other": 1
      },
      "score": 0.103
    },
    "umw.domains": {
      "out": {
        "other": 1
      },
      "score": 0.103
    },
    "www.hybridpedagogy.com": {
      "out": {
        "other": 1
      },
      "score": 0.103
    },
    "www.tableau.com": {
      "out": {
        "other": 1
      },
      "score": 0.103
    },
    "twitter.com/Sxean": {
      "out": {
        "other": 1
      },
      "score": 0.103
    },
    "www.arqbackup.com": {
      "out": {
        "other": 1
      },
      "score": 0.103
    },
    "www.ted.com": {
      "out": {
        "other": 1
      },
      "score": 0.103
    },
    "digisim.squarespace.com": {
      "out": {
        "other": 1
      },
      "score": 0.103
    },
    "tapbots.com": {
      "out": {
        "other": 1
      },
      "score": 0.103
    },
    "www.ubiquitypress.com": {
      "out": {
        "other": 1
      },
      "score": 0.103
    },
    "www.lfhe.ac.uk": {
      "out": {
        "other": 1
      },
      "score": 0.103
    },
    "googleenterprise.blogspot.com": {
      "out": {
        "other": 1
      },
      "score": 0.103
    },
    "lawriephipps.co.uk": {
      "out": {
        "other": 1
      },
      "score": 0.103
    },
    "net.educause.edu": {
      "out": {
        "other": 1
      },
      "score": 0.103
    },
    "thereeddiaries.blogspot.co.uk": {
      "out": {
        "other": 1
      },
      "score": 0.103
    },
    "about.futurelearn.com": {
      "out": {
        "other": 1
      },
      "score": 0.103
    },
    "electricsheepshow.tumblr.com": {
      "out": {
        "other": 1
      },
      "score": 0.103
    },
    "www.android.com": {
      "out": {
        "other": 1
      },
      "score": 0.103
    },
    "chrome.google.com": {
      "out": {
        "other": 1
      },
      "score": 0.103
    },
    "twitter.com/mweller": {
      "out": {
        "other": 1
      },
      "score": 0.103
    },
    "twitter.com/UoY_Yorkshare": {
      "out": {
        "other": 1
      },
      "score": 0.103
    },
    "www.thesun.co.uk": {
      "out": {
        "other": 1
      },
      "score": 0.103
    },
    "balimaha.wordpress.com": {
      "out": {
        "other": 1
      },
      "score": 0.103
    },
    "www.merlot.org": {
      "out": {
        "other": 1
      },
      "score": 0.103
    },
    "plus.google.com/116949941914460305119": {
      "out": {
        "other": 1
      },
      "score": 0.103
    },
    "www.hefce.ac.uk": {
      "out": {
        "other": 1
      },
      "score": 0.103
    },
    "help.squarespace.com": {
      "out": {
        "other": 1
      },
      "score": 0.103
    },
    "orioleproject.blogspot.com": {
      "out": {
        "other": 1
      },
      "score": 0.103
    },
    "pic.digis.im": {
      "out": {
        "other": 1
      },
      "score": 0.103
    },
    "www.fastcompany.com": {
      "out": {
        "other": 1
      },
      "score": 0.103
    },
    "brid.gy": {
      "in": {
        "other": 2
      },
      "score": 0.103
    }
  }
}