{
  "domain": "blog.alexanderclowes.co.uk",
  "urls": [
    "http://blog.alexanderclowes.co.uk/"
  ],
  "names": [
    "\n        | African Leadership University Online\n      "
  ],
  "descriptions": [],
  "pictures": [
    "http://blog.alexanderclowes.co.uk/static/images/favicon.c074c912999f.ico"
  ],
  "hcard": {},
  "rel_mes": [],
  "crawl_start": "2017-04-28T02:15:50",
  "crawl_end": "2017-04-28T02:15:57",
  "num_pages": 5,
  "total_html_size": 138695,
  "servers": [
    "nginx"
  ],
  "tags": [
    "bridgy"
  ],
  "endpoints": {},
  "links_out": 1,
  "links_in": 4,
  "links": {
    "brid.gy": {
      "in": {
        "other": 4
      },
      "score": 1
    },
    "open.edx.org": {
      "out": {
        "other": 1
      },
      "score": 0.499
    }
  }
}