{
  "domain": "blog.danielpietzsch.com",
  "urls": [
    "http://blog.danielpietzsch.com/",
    "http://blog.danielpietzsch.com",
    "http://blog.danielpietzsch.com/?og=1"
  ],
  "names": [
    "Daniel Pietzsch",
    "danielpietzsch"
  ],
  "descriptions": [
    "Personal blog. Mostly photos.",
    "danielpietzsch"
  ],
  "pictures": [
    "http://68.media.tumblr.com/avatar_7431014c58cc_128.png"
  ],
  "hcard": {
    "properties": {
      "name": [
        "Daniel Pietzsch"
      ],
      "note": [
        "Personal blog. Mostly photos."
      ],
      "url": [
        "http://blog.danielpietzsch.com/"
      ]
    },
    "type": [
      "h-card"
    ]
  },
  "rel_mes": [
    "http://blog.danielpietzsch.com/",
    "http://www.danielpietzsch.com"
  ],
  "crawl_start": "2017-04-30T01:57:41",
  "crawl_end": "2017-04-30T03:09:38",
  "num_pages": 4251,
  "total_html_size": 235983674,
  "servers": [
    "openresty"
  ],
  "mf2_classes": [
    "h-card",
    "h-cite",
    "h-entry"
  ],
  "tags": [
    "relme",
    "webmention.io",
    "webmention"
  ],
  "endpoints": {
    "webmention": [
      "https://webmention.io/www.danielpietzsch.com/webmention"
    ]
  },
  "links_out": 48361,
  "links_in": 160,
  "links": {
    "t.umblr.com": {
      "out": {
        "other": 38562,
        "in-reply-to": 8
      },
      "score": 1
    },
    "www.danielpietzsch.com": {
      "out": {
        "other": 3334
      },
      "in": {
        "other": 1
      },
      "score": 0.780
    },
    "creativecommons.org": {
      "out": {
        "other": 1199
      },
      "score": 0.688
    },
    "danielpietzsch.com": {
      "out": {
        "other": 1198
      },
      "in": {
        "other": 1
      },
      "score": 0.688
    },
    "www.tumblr.com": {
      "out": {
        "other": 606
      },
      "score": 0.628
    },
    "rubyquicktips.tumblr.com": {
      "out": {
        "other": 594
      },
      "score": 0.627
    },
    "mrgan.tumblr.com": {
      "out": {
        "other": 202
      },
      "score": 0.531
    },
    "des-chain.tumblr.com": {
      "out": {
        "other": 186
      },
      "score": 0.524
    },
    "nazgum.tumblr.com": {
      "out": {
        "other": 158
      },
      "score": 0.510
    },
    "staff.tumblr.com": {
      "out": {
        "other": 135
      },
      "score": 0.496
    },
    "tmblr.co": {
      "out": {
        "other": 107
      },
      "score": 0.475
    },
    "jhnmyr.tumblr.com": {
      "out": {
        "other": 106
      },
      "score": 0.474
    },
    "41.media.tumblr.com": {
      "out": {
        "other": 90
      },
      "score": 0.459
    },
    "40.media.tumblr.com": {
      "out": {
        "other": 90
      },
      "score": 0.459
    },
    "andybudd.tumblr.com": {
      "out": {
        "other": 85
      },
      "score": 0.455
    },
    "tim-keller.tumblr.com": {
      "out": {
        "other": 82
      },
      "score": 0.451
    },
    "jimray.tumblr.com": {
      "out": {
        "other": 79
      },
      "score": 0.448
    },
    "mwunsch.tumblr.com": {
      "out": {
        "other": 79
      },
      "score": 0.448
    },
    "mattonrails.tumblr.com": {
      "out": {
        "other": 79
      },
      "score": 0.448
    },
    "squashed.tumblr.com": {
      "out": {
        "other": 72
      },
      "score": 0.440
    },
    "dhotson.tumblr.com": {
      "out": {
        "other": 72
      },
      "score": 0.440
    },
    "twitter.com": {
      "out": {
        "other": 64
      },
      "score": 0.429
    },
    "artinduesseldorf.tumblr.com": {
      "out": {
        "other": 63
      },
      "score": 0.428
    },
    "heatheriswatching.tumblr.com": {
      "out": {
        "other": 61
      },
      "score": 0.425
    },
    "www.bing.com": {
      "out": {
        "other": 60
      },
      "score": 0.424
    },
    "marco.tumblr.com": {
      "out": {
        "other": 56
      },
      "score": 0.418
    },
    "danielandnicole.net": {
      "out": {
        "other": 56
      },
      "score": 0.418
    },
    "nikf.tumblr.com": {
      "out": {
        "other": 46
      },
      "score": 0.4
    },
    "adactio.com": {
      "in": {
        "other": 91
      },
      "score": 0.399
    },
    "martingommel.tumblr.com": {
      "out": {
        "other": 41
      },
      "score": 0.390
    },
    "filtercake.tumblr.com": {
      "out": {
        "other": 31
      },
      "score": 0.365
    },
    "31.media.tumblr.com": {
      "out": {
        "other": 30
      },
      "score": 0.362
    },
    "blog.instapaper.com": {
      "out": {
        "other": 30
      },
      "score": 0.362
    },
    "5v3n.tumblr.com": {
      "out": {
        "other": 28
      },
      "score": 0.357
    },
    "www.kungfugrippe.com": {
      "out": {
        "other": 28
      },
      "score": 0.357
    },
    "onethingwell.org": {
      "out": {
        "other": 26
      },
      "score": 0.350
    },
    "blog.whiskyvangoghgo.com": {
      "out": {
        "other": 26
      },
      "score": 0.350
    },
    "mrprunuspersica.tumblr.com": {
      "out": {
        "other": 26
      },
      "score": 0.350
    },
    "www.webkitbits.com": {
      "out": {
        "other": 22
      },
      "score": 0.335
    },
    "soundcloud.com": {
      "out": {
        "other": 22
      },
      "score": 0.335
    },
    "trenddown.com": {
      "out": {
        "other": 20
      },
      "score": 0.327
    },
    "trendd.tumblr.com": {
      "out": {
        "other": 20
      },
      "score": 0.327
    },
    "technotalk.tumblr.com": {
      "out": {
        "other": 20
      },
      "score": 0.327
    },
    "twitter.com/stepphahn74": {
      "out": {
        "other": 18
      },
      "score": 0.317
    },
    "vimeo.com": {
      "out": {
        "other": 18
      },
      "score": 0.317
    },
    "haroldcheardjr-deactivated20140.tumblr.com": {
      "out": {
        "other": 18
      },
      "score": 0.317
    },
    "36.media.tumblr.com": {
      "out": {
        "other": 18
      },
      "score": 0.317
    },
    "twitter.com/pie4dan": {
      "out": {
        "other": 18
      },
      "score": 0.317
    },
    "tumblr.galenking.com": {
      "out": {
        "other": 18
      },
      "score": 0.317
    },
    "indieweb.org": {
      "in": {
        "other": 32
      },
      "score": 0.307
    },
    "fuckyeahcomputerscience.tumblr.com": {
      "out": {
        "other": 16
      },
      "score": 0.307
    },
    "fuckyeahnewzealand.tumblr.com": {
      "out": {
        "other": 16
      },
      "score": 0.307
    },
    "twitter.com/wycats": {
      "out": {
        "other": 16
      },
      "score": 0.307
    },
    "danielandnicole.tumblr.com": {
      "out": {
        "other": 16
      },
      "score": 0.307
    },
    "artinduesseldorf-deactivated201.tumblr.com": {
      "out": {
        "other": 16
      },
      "score": 0.307
    },
    "rubyquicktips.com": {
      "out": {
        "other": 14
      },
      "score": 0.295
    },
    "twitter.com/rubyquicktips": {
      "out": {
        "other": 14
      },
      "score": 0.295
    },
    "log.maniacalrage.net": {
      "out": {
        "other": 14
      },
      "score": 0.295
    },
    "martingommel.de": {
      "out": {
        "other": 14
      },
      "score": 0.295
    },
    "twitter.com/tim_keller": {
      "out": {
        "other": 13
      },
      "score": 0.288
    },
    "viafrank-deactivated20120702.tumblr.com": {
      "out": {
        "other": 12
      },
      "score": 0.281
    },
    "jkleske.tumblr.com": {
      "out": {
        "other": 12
      },
      "score": 0.281
    },
    "twitter.com/marcoarment": {
      "out": {
        "other": 12
      },
      "score": 0.281
    },
    "minimalmac.com": {
      "out": {
        "other": 12
      },
      "score": 0.281
    },
    "thoughtbot.tumblr.com": {
      "out": {
        "other": 12
      },
      "score": 0.281
    },
    "severinkoller.tumblr.com": {
      "out": {
        "other": 12
      },
      "score": 0.281
    },
    "log.long.ninja": {
      "out": {
        "other": 10
      },
      "score": 0.265
    },
    "blog.markwunsch.com": {
      "out": {
        "other": 10
      },
      "score": 0.265
    },
    "twitter.com/codinghorror": {
      "out": {
        "other": 10
      },
      "score": 0.265
    },
    "parislemon.com": {
      "out": {
        "other": 10
      },
      "score": 0.265
    },
    "twitter.com/ur5us": {
      "out": {
        "other": 10
      },
      "score": 0.265
    },
    "chat.indieweb.org": {
      "in": {
        "other": 16
      },
      "score": 0.245
    },
    "log.scifihifi.com": {
      "out": {
        "other": 8
      },
      "score": 0.245
    },
    "twitter.com/zeldman": {
      "out": {
        "other": 8
      },
      "score": 0.245
    },
    "thechangelog.tumblr.com": {
      "out": {
        "other": 8
      },
      "score": 0.245
    },
    "twitter.com/danielpietzsch": {
      "out": {
        "other": 8
      },
      "score": 0.245
    },
    "altnytterfarlig.tumblr.com": {
      "out": {
        "other": 7
      },
      "score": 0.234
    },
    "aaronparecki.com": {
      "in": {
        "like-of": 7
      },
      "score": 0.234
    },
    "nostrich.tumblr.com": {
      "out": {
        "other": 6
      },
      "score": 0.219
    },
    "brid.gy": {
      "in": {
        "other": 12
      },
      "score": 0.219
    },
    "duncandavidson.tumblr.com": {
      "out": {
        "other": 6
      },
      "score": 0.219
    },
    "bobulate.com": {
      "out": {
        "other": 6
      },
      "score": 0.219
    },
    "bitsnpieces.jkleske.com": {
      "out": {
        "other": 6
      },
      "score": 0.219
    },
    "twitter.com/testamentband": {
      "out": {
        "other": 6
      },
      "score": 0.219
    },
    "pbjorklund-blog-blog.tumblr.com": {
      "out": {
        "other": 6
      },
      "score": 0.219
    },
    "meepmeepmeep.tumblr.com": {
      "out": {
        "other": 1
      },
      "score": 0.0613
    },
    "thedailywhat.tumblr.com": {
      "out": {
        "other": 1
      },
      "score": 0.0613
    },
    "zoya.tumblr.com": {
      "out": {
        "other": 1
      },
      "score": 0.0613
    },
    "danielpietzsch.tumblr.com": {
      "out": {
        "other": 1
      },
      "score": 0.0613
    },
    "andybudd-blog.tumblr.com": {
      "out": {
        "other": 1
      },
      "score": 0.0613
    },
    "tristn.tumblr.com": {
      "out": {
        "other": 1
      },
      "score": 0.0613
    },
    "open.spotify.com": {
      "out": {
        "other": 1
      },
      "score": 0.0613
    },
    "parislemon.tumblr.com": {
      "out": {
        "other": 1
      },
      "score": 0.0613
    }
  }
}