{
  "domain": "blog.feez.xyz",
  "urls": [
    "http://blog.feez.xyz/"
  ],
  "names": [
    "feez – krach bumm klirren kratzen klakkern",
    "feez"
  ],
  "descriptions": [
    "krach bumm klirren kratzen klakkern"
  ],
  "pictures": [
    "http://blog.feez.xyz/wp-content/uploads/2015/07/cropped-favicon-feez-55a4e601v1_site_icon-32x32.png",
    "http://blog.feez.xyz/wp-content/uploads/2015/07/cropped-favicon-feez-55a4e601v1_site_icon-192x192.png",
    "http://blog.feez.xyz/wp-content/uploads/2015/07/cropped-favicon-feez-55a4e601v1_site_icon-270x270.png"
  ],
  "hcard": {},
  "rel_mes": [],
  "crawl_start": "2017-04-28T02:15:50",
  "crawl_end": "2017-04-28T02:47:39",
  "num_pages": 735,
  "total_html_size": 66546735,
  "servers": [
    "Apache (CentOS)",
    "WordPress"
  ],
  "mf2_classes": [
    "h-card",
    "h-feed",
    "h-entry"
  ],
  "tags": [
    "bridgy",
    "WordPress"
  ],
  "endpoints": {},
  "links_out": 4859,
  "links_in": 17,
  "links": {
    "twitter.com/FEEZig": {
      "out": {
        "other": 940
      },
      "score": 1
    },
    "creativecommons.org": {
      "out": {
        "other": 732
      },
      "score": 0.967
    },
    "de.wordpress.org": {
      "out": {
        "other": 735
      },
      "score": 0.967
    },
    "t.co": {
      "out": {
        "other": 316
      },
      "score": 0.855
    },
    "twitter.com/hashtag": {
      "out": {
        "other": 231
      },
      "score": 0.814
    },
    "derstandard.at": {
      "out": {
        "other": 93
      },
      "score": 0.694
    },
    "github.com": {
      "out": {
        "other": 51
      },
      "score": 0.613
    },
    "de.wikipedia.org": {
      "out": {
        "other": 50
      },
      "score": 0.611
    },
    "flattr.com": {
      "out": {
        "other": 48
      },
      "score": 0.605
    },
    "www.metronaut.de": {
      "out": {
        "other": 42
      },
      "score": 0.588
    },
    "jungle-world.com": {
      "out": {
        "other": 41
      },
      "score": 0.585
    },
    "uberspace.de": {
      "out": {
        "other": 37
      },
      "score": 0.570
    },
    "www.ublock.org": {
      "out": {
        "other": 36
      },
      "score": 0.568
    },
    "www.mixcloud.com": {
      "out": {
        "other": 33
      },
      "score": 0.556
    },
    "whispersystems.org": {
      "out": {
        "other": 33
      },
      "score": 0.556
    },
    "www.eff.org": {
      "out": {
        "other": 32
      },
      "score": 0.552
    },
    "thenib.com": {
      "out": {
        "other": 27
      },
      "score": 0.529
    },
    "twitter.com/socialhack": {
      "out": {
        "other": 26
      },
      "score": 0.524
    },
    "twitter.com/maxdalenareiter": {
      "out": {
        "other": 26
      },
      "score": 0.524
    },
    "twitter.com/kigo": {
      "out": {
        "other": 26
      },
      "score": 0.524
    },
    "gnusocial.de": {
      "out": {
        "other": 25
      },
      "score": 0.519
    },
    "pod.geraspora.de": {
      "out": {
        "other": 25
      },
      "score": 0.519
    },
    "www.imdb.com": {
      "out": {
        "other": 25
      },
      "score": 0.519
    },
    "twitter.com/andrea4nderson": {
      "out": {
        "other": 24
      },
      "score": 0.513
    },
    "twitter.com/thedeadauthor": {
      "out": {
        "other": 24
      },
      "score": 0.513
    },
    "twitter.com/ahoi_polloi": {
      "out": {
        "other": 24
      },
      "score": 0.513
    },
    "www.ots.at": {
      "out": {
        "other": 24
      },
      "score": 0.513
    },
    "twitter.com/astefanowitsch": {
      "out": {
        "other": 23
      },
      "score": 0.508
    },
    "www.solidaritaet-vvn.de": {
      "out": {
        "other": 22
      },
      "score": 0.501
    },
    "smashright.blogsport.at": {
      "out": {
        "other": 22
      },
      "score": 0.501
    },
    "www.xlr8r.com": {
      "out": {
        "other": 22
      },
      "score": 0.501
    },
    "www.spiegel.de": {
      "out": {
        "other": 22
      },
      "score": 0.501
    },
    "twitter.com/antifa_w": {
      "out": {
        "other": 22
      },
      "score": 0.501
    },
    "facebook.com/events": {
      "out": {
        "other": 22
      },
      "score": 0.501
    },
    "www.vice.com": {
      "out": {
        "other": 21
      },
      "score": 0.496
    },
    "www.neo-magazin-royale.de": {
      "out": {
        "other": 18
      },
      "score": 0.475
    },
    "soziopod.de": {
      "out": {
        "other": 18
      },
      "score": 0.475
    },
    "www.lavievagabonde.de": {
      "out": {
        "other": 16
      },
      "score": 0.460
    },
    "noisey.vice.com": {
      "out": {
        "other": 15
      },
      "score": 0.451
    },
    "www.titanic-magazin.de": {
      "out": {
        "other": 15
      },
      "score": 0.451
    },
    "www.tagesspiegel.de": {
      "out": {
        "other": 15
      },
      "score": 0.451
    },
    "twitter.com/freddy2805": {
      "out": {
        "other": 15
      },
      "score": 0.451
    },
    "www.freitag.de": {
      "out": {
        "other": 15
      },
      "score": 0.451
    },
    "www.youtube.com": {
      "out": {
        "other": 14
      },
      "score": 0.442
    },
    "crackedlabs.org": {
      "out": {
        "other": 14
      },
      "score": 0.442
    },
    "www.flammableskirt.com": {
      "out": {
        "other": 14
      },
      "score": 0.442
    },
    "gpodder.net": {
      "out": {
        "other": 14
      },
      "score": 0.442
    },
    "soundcloud.com": {
      "out": {
        "other": 14
      },
      "score": 0.442
    },
    "www.one-story.com": {
      "out": {
        "other": 14
      },
      "score": 0.442
    },
    "disconnect.me": {
      "out": {
        "other": 14
      },
      "score": 0.442
    },
    "www.ghostery.com": {
      "out": {
        "other": 14
      },
      "score": 0.442
    },
    "play.pocketcasts.com": {
      "out": {
        "other": 14
      },
      "score": 0.442
    },
    "medium.com": {
      "out": {
        "other": 13
      },
      "score": 0.432
    },
    "twitter.com/Schattleitner": {
      "out": {
        "other": 13
      },
      "score": 0.432
    },
    "instagram.com": {
      "out": {
        "other": 13
      },
      "score": 0.432
    },
    "netzpolitischerabend.wordpress.com": {
      "out": {
        "other": 13
      },
      "score": 0.432
    },
    "cba.fro.at": {
      "out": {
        "other": 13
      },
      "score": 0.432
    },
    "twitter.com/AndreasKrisch": {
      "out": {
        "other": 13
      },
      "score": 0.432
    },
    "twitter.com/AyeshaASiddiqi": {
      "out": {
        "other": 12
      },
      "score": 0.422
    },
    "twitter.com/NeinQuarterly": {
      "out": {
        "other": 12
      },
      "score": 0.422
    },
    "twitter.com/schrillmann": {
      "out": {
        "other": 12
      },
      "score": 0.422
    },
    "twitter.com/peterglaser": {
      "out": {
        "other": 12
      },
      "score": 0.422
    },
    "twitter.com/ihf_a": {
      "out": {
        "other": 12
      },
      "score": 0.422
    },
    "twitter.com/kazi_tibi": {
      "out": {
        "other": 12
      },
      "score": 0.422
    },
    "twitter.com/SciencePorn": {
      "out": {
        "other": 12
      },
      "score": 0.422
    },
    "twitter.com/_schwarzeKatze": {
      "out": {
        "other": 12
      },
      "score": 0.422
    },
    "twitter.com/DiePARTEI_Ulm": {
      "out": {
        "other": 12
      },
      "score": 0.422
    },
    "twitter.com/c_vassili": {
      "out": {
        "other": 12
      },
      "score": 0.422
    },
    "twitter.com/senongo": {
      "out": {
        "other": 12
      },
      "score": 0.422
    },
    "twitter.com/beccaxdriel": {
      "out": {
        "other": 12
      },
      "score": 0.422
    },
    "twitter.com/shibesbot": {
      "out": {
        "other": 12
      },
      "score": 0.422
    },
    "twitter.com/nutellagangbang": {
      "out": {
        "other": 12
      },
      "score": 0.422
    },
    "twitter.com/o_w_schwarzmann": {
      "out": {
        "other": 12
      },
      "score": 0.422
    },
    "twitter.com/bweidin": {
      "out": {
        "other": 12
      },
      "score": 0.422
    },
    "mokant.at": {
      "out": {
        "other": 12
      },
      "score": 0.422
    },
    "twitter.com/epicenter_works": {
      "out": {
        "other": 12
      },
      "score": 0.422
    },
    "twitter.com/nichtschubsen": {
      "out": {
        "other": 12
      },
      "score": 0.422
    },
    "twitter.com/BathysphereHat": {
      "out": {
        "other": 12
      },
      "score": 0.422
    },
    "nowkr.at": {
      "out": {
        "other": 11
      },
      "score": 0.410
    },
    "nutellagangbang.wordpress.com": {
      "out": {
        "other": 11
      },
      "score": 0.410
    },
    "maedchenmannschaft.net": {
      "out": {
        "other": 11
      },
      "score": 0.410
    },
    "duckduckgo.com": {
      "out": {
        "other": 11
      },
      "score": 0.410
    },
    "twitter.com/Mahriah": {
      "out": {
        "other": 11
      },
      "score": 0.410
    },
    "twitter.com/grrrlsarestrong": {
      "out": {
        "other": 11
      },
      "score": 0.410
    },
    "dribbble.com": {
      "out": {
        "other": 11
      },
      "score": 0.410
    },
    "www.hamakom.at": {
      "out": {
        "other": 11
      },
      "score": 0.410
    },
    "www.staatsschutz.at": {
      "out": {
        "other": 11
      },
      "score": 0.410
    },
    "twitter.com/pennyred": {
      "out": {
        "other": 11
      },
      "score": 0.410
    },
    "facebook.com/lauriepenny": {
      "out": {
        "other": 11
      },
      "score": 0.410
    },
    "netzpolitik.org": {
      "out": {
        "other": 11
      },
      "score": 0.410
    },
    "twitter.com/stefansargnagel": {
      "out": {
        "other": 10
      },
      "score": 0.398
    },
    "twitter.com/MissStAnger": {
      "out": {
        "other": 10
      },
      "score": 0.398
    },
    "recherchewien.nordost.mobi": {
      "out": {
        "other": 10
      },
      "score": 0.398
    },
    "vonnichtsgewusst.blogsport.eu": {
      "out": {
        "other": 10
      },
      "score": 0.398
    },
    "freedomnotfrontex.net": {
      "out": {
        "other": 10
      },
      "score": 0.398
    },
    "diepresse.com": {
      "out": {
        "other": 10
      },
      "score": 0.398
    },
    "firstlook.media": {
      "out": {
        "other": 9
      },
      "score": 0.383
    },
    "xn--du-fr-deutschland-52b.de": {
      "out": {
        "other": 9
      },
      "score": 0.383
    },
    "starwars-gifs.tumblr.com": {
      "out": {
        "other": 9
      },
      "score": 0.383
    },
    "www.washingtonpost.com": {
      "out": {
        "other": 9
      },
      "score": 0.383
    },
    "autonome-antifa.net": {
      "out": {
        "other": 9
      },
      "score": 0.383
    },
    "www.bonvalot.net": {
      "out": {
        "other": 8
      },
      "score": 0.367
    },
    "nofascism.noblogs.org": {
      "out": {
        "other": 8
      },
      "score": 0.367
    },
    "twitter.com/moppin_": {
      "out": {
        "other": 8
      },
      "score": 0.367
    },
    "www.flickr.com": {
      "out": {
        "other": 8
      },
      "score": 0.367
    },
    "www.theverge.com": {
      "out": {
        "other": 8
      },
      "score": 0.367
    },
    "flic.kr": {
      "out": {
        "other": 8
      },
      "score": 0.367
    },
    "radikale-linke.at": {
      "out": {
        "other": 8
      },
      "score": 0.367
    },
    "www.schweigendemehrheit.at": {
      "out": {
        "other": 8
      },
      "score": 0.367
    },
    "www.offensivegegenrechts.net": {
      "out": {
        "other": 8
      },
      "score": 0.367
    },
    "twitter.com/tavitulle": {
      "out": {
        "other": 7
      },
      "score": 0.350
    },
    "twitter.com/NewHive": {
      "out": {
        "other": 7
      },
      "score": 0.350
    },
    "twitter.com/caitlinmoran": {
      "out": {
        "other": 7
      },
      "score": 0.350
    },
    "twitter.com/janboehm": {
      "out": {
        "other": 7
      },
      "score": 0.350
    },
    "twitter.com/COSMO__ARD": {
      "out": {
        "other": 7
      },
      "score": 0.350
    },
    "twitter.com/toongif": {
      "out": {
        "other": 7
      },
      "score": 0.350
    },
    "twitter.com/Blogrebellen": {
      "out": {
        "other": 7
      },
      "score": 0.350
    },
    "twitter.com/DavidBowieReal": {
      "out": {
        "other": 7
      },
      "score": 0.350
    },
    "twitter.com/aaaarg": {
      "out": {
        "other": 7
      },
      "score": 0.350
    },
    "de.foursquare.com": {
      "out": {
        "other": 7
      },
      "score": 0.350
    },
    "brid.gy": {
      "in": {
        "other": 11
      },
      "score": 0.318
    },
    "feez.xyz": {
      "out": {
        "other": 1
      },
      "score": 0.0919
    },
    "Deadlines – kill them with fire (bei Uni, Kunst, Arbeit & Alltag)": {
      "out": {
        "other": 1
      },
      "score": 0.0919
    },
    "eepurl.com": {
      "out": {
        "other": 1
      },
      "score": 0.0919
    },
    "telegram.me": {
      "out": {
        "other": 1
      },
      "score": 0.0919
    },
    "stream.boffosocko.com": {
      "in": {
        "other": 2
      },
      "score": 0.0919
    },
    "indieweb.org": {
      "in": {
        "other": 2
      },
      "score": 0.0919
    },
    "mailchimp.com": {
      "out": {
        "other": 1
      },
      "score": 0.0919
    },
    "jetpack.com": {
      "out": {
        "other": 1
      },
      "score": 0.0919
    },
    "Europa muss sterben.": {
      "out": {
        "other": 1
      },
      "score": 0.0919
    },
    "loadaverage.org": {
      "in": {
        "other": 1
      },
      "score": 0
    },
    "chat.indieweb.org": {
      "in": {
        "other": 1
      },
      "score": 0
    }
  }
}