{
  "domain": "blog.raretrack.uk",
  "urls": [
    "http://blog.raretrack.uk/"
  ],
  "names": [
    "Index of /"
  ],
  "descriptions": [],
  "pictures": [],
  "hcard": {},
  "rel_mes": [],
  "crawl_start": "2017-06-09T17:34:11",
  "crawl_end": "2017-06-09T17:34:15",
  "num_pages": 9,
  "total_html_size": 5607,
  "servers": [
    "Apache"
  ],
  "tags": [
    "bridgy",
    "IRC"
  ],
  "endpoints": {},
  "links_out": 9,
  "links_in": 1,
  "links": {
    "cgi-bin": {
      "out": {
        "other": 9
      },
      "score": 1
    },
    "brid.gy": {
      "in": {
        "other": 1
      },
      "score": 0
    }
  }
}