{
  "domain": "blog.ascher.ca",
  "urls": [
    "https://ascher.ca/"
  ],
  "names": [
    "David Ascher"
  ],
  "descriptions": [],
  "pictures": [
    "https://s2.wp.com/i/favicon.ico",
    "https://s0.wp.com/i/blank.jpg"
  ],
  "hcard": {},
  "rel_mes": [
    "https://twitter.com/davidascher",
    "https://github.com/davidascher",
    "mailto:david.ascher@gmail.com"
  ],
  "tags": [
    "relme"
  ],
  "endpoints": {},
  "crawl_start": "2017-06-11T14:36:41.635653",
  "crawl_end": "2017-06-11T14:36:41.635653",
  "links_out": 0,
  "links_in": 11,
  "links": {
    "standblog.org": {
      "in": {
        "other": 9
      },
      "score": 1
    },
    "ascher.ca": {
      "in": {
        "other": 2
      },
      "score": 0.315
    }
  }
}