{
  "domain": "blog.andrewshell.org",
  "urls": [
    "https://blog.andrewshell.org/"
  ],
  "names": [
    "Andrew Shell's Weblog - Hoopla, ballyhoo and more...",
    "Andrew Shell's Weblog"
  ],
  "descriptions": [
    "Hoopla, ballyhoo and more...",
    "Hoopla, Ballyhoo, and More..."
  ],
  "pictures": [
    "http://blog.andrewshell.org/wp-content/uploads/2016/09/closeup6.jpg"
  ],
  "hcard": {},
  "rel_mes": [
    "https://www.facebook.com/andrew.shell/",
    "https://www.futureproofphp.com/",
    "https://github.com/andrewshell/",
    "https://github.com/cadrephp",
    "https://www.linkedin.com/in/andrewshell/",
    "https://twitter.com/andrewshell/"
  ],
  "crawl_start": "2017-06-09T17:33:58",
  "crawl_end": "2017-06-09T17:34:27",
  "num_pages": 59,
  "total_html_size": 2438798,
  "servers": [
    "nginx",
    "WordPress"
  ],
  "mf2_classes": [
    "h-card",
    "h-entry",
    "h-feed"
  ],
  "tags": [
    "relme",
    "WordPress"
  ],
  "endpoints": {},
  "links_out": 918,
  "links_in": 19,
  "links": {
    "github.com": {
      "out": {
        "other": 166
      },
      "score": 1
    },
    "amzn.to": {
      "out": {
        "other": 118
      },
      "score": 0.940
    },
    "www.futureproofphp.com": {
      "out": {
        "other": 62
      },
      "score": 0.830
    },
    "wordpress.org": {
      "out": {
        "other": 62
      },
      "score": 0.830
    },
    "www.linkedin.com": {
      "out": {
        "other": 59
      },
      "score": 0.821
    },
    "facebook.com/andrew.shell": {
      "out": {
        "other": 59
      },
      "score": 0.821
    },
    "twitter.com/andrewshell": {
      "out": {
        "other": 59
      },
      "score": 0.821
    },
    "scripting.com": {
      "in": {
        "other": 3
      },
      "out": {
        "other": 30
      },
      "score": 0.713
    },
    "en.wikipedia.org": {
      "out": {
        "other": 28
      },
      "score": 0.694
    },
    "www.google.com": {
      "out": {
        "other": 21
      },
      "score": 0.644
    },
    "paul-m-jones.com": {
      "out": {
        "other": 12
      },
      "score": 0.547
    },
    "cyber.law.harvard.edu": {
      "out": {
        "other": 9
      },
      "score": 0.497
    },
    "www.datecheckpro.com": {
      "out": {
        "other": 8
      },
      "score": 0.477
    },
    "rt.geekity.com": {
      "out": {
        "other": 8
      },
      "score": 0.477
    },
    "groups.google.com": {
      "out": {
        "other": 7
      },
      "score": 0.454
    },
    "www.opml.org": {
      "out": {
        "other": 7
      },
      "score": 0.454
    },
    "indieweb.org": {
      "in": {
        "other": 12
      },
      "score": 0.427
    },
    "silex.sensiolabs.org": {
      "out": {
        "other": 6
      },
      "score": 0.427
    },
    "symfony.com": {
      "out": {
        "other": 6
      },
      "score": 0.427
    },
    "htmlpurifier.org": {
      "out": {
        "other": 6
      },
      "score": 0.427
    },
    "www.activecollab.com": {
      "out": {
        "other": 6
      },
      "score": 0.427
    },
    "hn.geekity.com": {
      "out": {
        "other": 6
      },
      "score": 0.427
    },
    "shll.me": {
      "out": {
        "other": 6
      },
      "score": 0.427
    },
    "kohanaframework.org": {
      "out": {
        "other": 6
      },
      "score": 0.427
    },
    "techcrunch.com": {
      "out": {
        "other": 6
      },
      "score": 0.427
    },
    "laravel.com": {
      "out": {
        "other": 6
      },
      "score": 0.427
    },
    "www.youtube.com": {
      "out": {
        "other": 5
      },
      "score": 0.396
    },
    "curry.com": {
      "out": {
        "other": 4
      },
      "score": 0.358
    },
    "www.netconcepts.com": {
      "out": {
        "other": 4
      },
      "score": 0.358
    },
    "adam.curry.com": {
      "out": {
        "other": 4
      },
      "score": 0.358
    },
    "podcast.worldoutline.org": {
      "out": {
        "other": 4
      },
      "score": 0.358
    },
    "dev.twitter.com": {
      "out": {
        "other": 4
      },
      "score": 0.358
    },
    "www.phparch.com": {
      "out": {
        "other": 4
      },
      "score": 0.358
    },
    "HHVM.com": {
      "out": {
        "other": 3
      },
      "score": 0.308
    },
    "sourceforge.net": {
      "out": {
        "other": 3
      },
      "score": 0.308
    },
    "rsscloud.co": {
      "out": {
        "other": 3
      },
      "score": 0.308
    },
    "www.elephpant.com": {
      "out": {
        "other": 3
      },
      "score": 0.308
    },
    "hhvm.com": {
      "out": {
        "other": 3
      },
      "score": 0.308
    },
    "electron.atom.io": {
      "out": {
        "other": 3
      },
      "score": 0.308
    },
    "solarphp.com": {
      "out": {
        "other": 3
      },
      "score": 0.308
    },
    "web.archive.org": {
      "out": {
        "other": 3
      },
      "score": 0.308
    },
    "flyspray.org": {
      "out": {
        "other": 3
      },
      "score": 0.308
    },
    "thenextweb.com": {
      "out": {
        "other": 3
      },
      "score": 0.308
    },
    "nwjs.io": {
      "out": {
        "other": 3
      },
      "score": 0.308
    },
    "www.popularmechanics.com": {
      "out": {
        "other": 3
      },
      "score": 0.308
    },
    "www.wired.com": {
      "out": {
        "other": 3
      },
      "score": 0.308
    },
    "gist.github.com": {
      "out": {
        "other": 3
      },
      "score": 0.308
    },
    "murze.be": {
      "out": {
        "other": 3
      },
      "score": 0.308
    },
    "kennwhite.sourceforge.net": {
      "out": {
        "other": 3
      },
      "score": 0.308
    },
    "liveblog.co": {
      "out": {
        "other": 3
      },
      "score": 0.308
    },
    "river.andrewshell.org": {
      "out": {
        "other": 3
      },
      "score": 0.308
    },
    "www.npmjs.org": {
      "out": {
        "other": 3
      },
      "score": 0.308
    },
    "webhostinggeeks.com": {
      "out": {
        "other": 3
      },
      "score": 0.308
    },
    "mathiasbynens.be": {
      "out": {
        "other": 3
      },
      "score": 0.308
    },
    "phpbt.sourceforge.net": {
      "out": {
        "other": 3
      },
      "score": 0.308
    },
    "www.mantisbugtracker.com": {
      "out": {
        "other": 3
      },
      "score": 0.308
    },
    "youtu.be": {
      "out": {
        "other": 3
      },
      "score": 0.308
    },
    "nodejs.org": {
      "out": {
        "other": 3
      },
      "score": 0.308
    },
    "facebook.com/dave.winer.12": {
      "out": {
        "other": 3
      },
      "score": 0.308
    },
    "auraphp.com": {
      "out": {
        "other": 3
      },
      "score": 0.308
    },
    "sebastian-bergmann.de": {
      "out": {
        "other": 3
      },
      "score": 0.308
    },
    "www.pinpointsoftware.co": {
      "out": {
        "other": 3
      },
      "score": 0.308
    },
    "river4.smallpict.com": {
      "out": {
        "other": 3
      },
      "score": 0.308
    },
    "rpc.rsscloud.io": {
      "out": {
        "other": 3
      },
      "score": 0.308
    },
    "home.opml.org": {
      "out": {
        "other": 3
      },
      "score": 0.308
    },
    "mindsetonline.com": {
      "out": {
        "other": 3
      },
      "score": 0.308
    },
    "jeffreykishner.com": {
      "out": {
        "other": 3
      },
      "score": 0.308
    },
    "www.amazon.com": {
      "out": {
        "other": 3
      },
      "score": 0.308
    },
    "www.nytimes.com": {
      "out": {
        "other": 3
      },
      "score": 0.308
    },
    "www.host1plus.com": {
      "out": {
        "other": 3
      },
      "score": 0.308
    },
    "time.com": {
      "out": {
        "other": 3
      },
      "score": 0.308
    },
    "www.meetup.com": {
      "out": {
        "other": 3
      },
      "score": 0.308
    },
    "chat.indieweb.org": {
      "in": {
        "other": 4
      },
      "score": 0.239
    },
    "www.madisonphp.com": {
      "out": {
        "other": 2
      },
      "score": 0.239
    },
    "www.slideshare.net": {
      "out": {
        "other": 1
      },
      "score": 0.119
    }
  }
}