{
  "domain": "blog.aegibson.net",
  "urls": [
    "http://blog.aegibson.net/"
  ],
  "names": [
    "Aaron Eugene Gibson"
  ],
  "descriptions": [
    "On the rare occasion I wanna rant, it'll go here."
  ],
  "pictures": [
    "http://blog.aegibson.net/favicon.ico"
  ],
  "hcard": {},
  "rel_mes": [],
  "crawl_start": "2017-04-27T07:44:49",
  "crawl_end": "2017-04-27T07:45:15",
  "num_pages": 39,
  "total_html_size": 1619370,
  "servers": [
    "GSE"
  ],
  "mf2_classes": [
    "h-card",
    "h-entry",
    "h-feed"
  ],
  "tags": [
    "bridgy",
    "webmention"
  ],
  "endpoints": {
    "webmention": [
      "https://brid.gy/webmention/blogger"
    ]
  },
  "links_out": 1165,
  "links_in": 12,
  "links": {
    "www.blogger.com": {
      "out": {
        "other": 514
      },
      "score": 1
    },
    "javascript": {
      "out": {
        "other": 403
      },
      "score": 0.964
    },
    "plus.google.com/108633694942512883713": {
      "out": {
        "other": 174
      },
      "score": 0.843
    },
    "maps.google.com": {
      "out": {
        "other": 35
      },
      "score": 0.612
    },
    "lh5.ggpht.com": {
      "out": {
        "other": 17
      },
      "score": 0.509
    },
    "lh3.ggpht.com": {
      "out": {
        "other": 9
      },
      "score": 0.416
    },
    "lh6.ggpht.com": {
      "out": {
        "other": 8
      },
      "score": 0.399
    },
    "brid.gy": {
      "in": {
        "other": 11
      },
      "score": 0.346
    },
    "aareports.com": {
      "out": {
        "other": 5
      },
      "score": 0.331
    },
    "snarfed.org": {
      "in": {
        "like-of": 1
      },
      "score": 0.0999
    }
  }
}