{
  "domain": "blog.trdaisuke.com",
  "urls": [
    "https://blog.trdaisuke.com/"
  ],
  "names": [
    "blog.trdaisuke – my nerdy hobby blog",
    "blog.trdaisuke"
  ],
  "descriptions": [
    "my nerdy hobby blog"
  ],
  "pictures": [
    "https://s0.wp.com/i/blank.jpg"
  ],
  "hcard": {},
  "rel_mes": [
    "https://github.com/drkokandy",
    "https://twitter.com/trdaisuke",
    "https://last.fm/user/Perianhamlet"
  ],
  "crawl_start": "2017-04-28T02:16:02",
  "crawl_end": "2017-04-28T02:33:13",
  "num_pages": 173,
  "total_html_size": 6326207,
  "servers": [
    "Apache"
  ],
  "mf2_classes": [
    "h-entry",
    "h-as-note",
    "h-as-article",
    "h-cite",
    "h-as-reply"
  ],
  "tags": [
    "relme",
    "bridgy",
    "webmention",
    "micropub",
    "authorization",
    "token"
  ],
  "endpoints": {
    "webmention": [
      "https://blog.trdaisuke.com/wp-json/webmention/1.0/endpoint"
    ],
    "micropub": [
      "https://blog.trdaisuke.com/?micropub=endpoint"
    ],
    "authorization": [
      "https://indieauth.com/auth"
    ],
    "token": [
      "https://tokens.indieauth.com/token"
    ]
  },
  "links_out": 2239,
  "links_in": 543,
  "links": {
    "trdaisuke.moe": {
      "out": {
        "other": 361
      },
      "score": 1
    },
    "twitter.com/trdaisuke": {
      "out": {
        "other": 275
      },
      "score": 0.959
    },
    "known.trdaisuke.com": {
      "out": {
        "other": 2
      },
      "in": {
        "other": 529
      },
      "score": 0.954
    },
    "www.backloggery.com": {
      "out": {
        "other": 191
      },
      "score": 0.904
    },
    "rin.nya.pub": {
      "out": {
        "other": 178
      },
      "score": 0.892
    },
    "trdaisuke.com": {
      "out": {
        "other": 175
      },
      "score": 0.891
    },
    "www.dreamhost.com": {
      "out": {
        "other": 173
      },
      "score": 0.889
    },
    "themes.bavotasan.com": {
      "out": {
        "other": 173
      },
      "score": 0.889
    },
    "myanimelist.net": {
      "out": {
        "other": 174
      },
      "score": 0.889
    },
    "niu.moe": {
      "out": {
        "other": 173
      },
      "score": 0.889
    },
    "davekokandy.com": {
      "out": {
        "other": 79
      },
      "in": {
        "other": 11
      },
      "score": 0.780
    },
    "twitter.com/farplaner": {
      "out": {
        "other": 84
      },
      "score": 0.778
    },
    "i1.wp.com": {
      "out": {
        "other": 28
      },
      "score": 0.612
    },
    "t.co": {
      "out": {
        "other": 18
      },
      "score": 0.544
    },
    "psnprofiles.com": {
      "out": {
        "other": 17
      },
      "score": 0.536
    },
    "i0.wp.com": {
      "out": {
        "other": 17
      },
      "score": 0.536
    },
    "twitter.com/hashtag": {
      "out": {
        "other": 14
      },
      "score": 0.506
    },
    "www.fflogs.com": {
      "out": {
        "other": 14
      },
      "score": 0.506
    },
    "i2.wp.com": {
      "out": {
        "other": 8
      },
      "score": 0.421
    },
    "www.reddit.com": {
      "out": {
        "other": 6
      },
      "score": 0.377
    },
    "docs.google.com": {
      "out": {
        "other": 6
      },
      "score": 0.377
    },
    "e3.nintendo.com": {
      "out": {
        "other": 5
      },
      "score": 0.350
    },
    "schoolido.lu": {
      "out": {
        "other": 3
      },
      "score": 0.272
    },
    "www.crunchyroll.com": {
      "out": {
        "other": 3
      },
      "score": 0.272
    },
    "itunes.apple.com": {
      "out": {
        "other": 3
      },
      "score": 0.272
    },
    "www.acen.org": {
      "out": {
        "other": 3
      },
      "score": 0.272
    },
    "blog.us.playstation.com": {
      "out": {
        "other": 3
      },
      "score": 0.272
    },
    "gatewayfilmcenter.org": {
      "out": {
        "other": 3
      },
      "score": 0.272
    },
    "www.pixiv.net": {
      "out": {
        "other": 3
      },
      "score": 0.272
    },
    "freedns.afraid.org": {
      "out": {
        "other": 2
      },
      "score": 0.211
    },
    "nya.pub": {
      "out": {
        "other": 2
      },
      "score": 0.211
    },
    "twitter.com/animecentral": {
      "out": {
        "other": 2
      },
      "score": 0.211
    },
    "na.finalfantasyxiv.com": {
      "out": {
        "other": 2
      },
      "score": 0.211
    },
    "www.twitch.tv": {
      "out": {
        "other": 2
      },
      "score": 0.211
    },
    "commons.wikimedia.org": {
      "out": {
        "other": 2
      },
      "score": 0.211
    },
    "steamcommunity.com": {
      "out": {
        "other": 2
      },
      "score": 0.211
    },
    "store.playstation.com": {
      "out": {
        "other": 1
      },
      "score": 0.105
    },
    "twitch.tv": {
      "out": {
        "other": 1
      },
      "score": 0.105
    },
    "imgur.com": {
      "out": {
        "other": 1
      },
      "score": 0.105
    },
    "miiverse.nintendo.net": {
      "out": {
        "other": 1
      },
      "score": 0.105
    },
    "www.playstation.com": {
      "out": {
        "other": 1
      },
      "score": 0.105
    },
    "arstechnica.com": {
      "out": {
        "other": 1
      },
      "score": 0.105
    },
    "twitter.com/abrekke83": {
      "out": {
        "other": 1
      },
      "score": 0.105
    },
    "steins-gate.us": {
      "out": {
        "other": 1
      },
      "score": 0.105
    },
    "twitter.com/RiceDigital": {
      "out": {
        "other": 1
      },
      "score": 0.105
    },
    "reddit.com": {
      "out": {
        "other": 1
      },
      "score": 0.105
    },
    "www.tumblr.com": {
      "out": {
        "other": 1
      },
      "score": 0.105
    },
    "brid.gy": {
      "in": {
        "other": 2
      },
      "score": 0.105
    },
    "facebook.com/events": {
      "out": {
        "other": 1
      },
      "score": 0.105
    },
    "backloggery.com": {
      "out": {
        "other": 1
      },
      "score": 0.105
    },
    "www.psnprofiles.com": {
      "out": {
        "other": 1
      },
      "score": 0.105
    },
    "www.kent.edu": {
      "out": {
        "other": 1
      },
      "score": 0.105
    },
    "www.destructoid.com": {
      "out": {
        "other": 1
      },
      "score": 0.105
    },
    "www.pqube.co.uk": {
      "out": {
        "other": 1
      },
      "score": 0.105
    },
    "drive.google.com": {
      "out": {
        "other": 1
      },
      "score": 0.105
    },
    "trdaisuke.tumblr.com": {
      "out": {
        "other": 1
      },
      "score": 0.105
    },
    "twitter.com/PQubeGames": {
      "out": {
        "other": 1
      },
      "score": 0.105
    },
    "twitter.com/namgoreng": {
      "out": {
        "other": 1
      },
      "score": 0.105
    },
    "colossalcon.com": {
      "out": {
        "other": 1
      },
      "score": 0.105
    },
    "plus.google.com/+DaveKokandy": {
      "out": {
        "other": 1
      },
      "score": 0.105
    },
    "twitter.com/ohayocon": {
      "out": {
        "other": 1
      },
      "score": 0.105
    },
    "www.computerhope.com": {
      "out": {
        "other": 1
      },
      "score": 0.105
    },
    "www.school-fes.klabgames.net": {
      "out": {
        "other": 1
      },
      "score": 0.105
    },
    "clips.twitch.tv": {
      "out": {
        "other": 1
      },
      "score": 0.105
    },
    "www.ricedigital.co.uk": {
      "out": {
        "other": 1
      },
      "score": 0.105
    },
    "creativecommons.org": {
      "out": {
        "other": 1
      },
      "score": 0.105
    },
    "masteroverwatch.com": {
      "out": {
        "other": 1
      },
      "score": 0.105
    },
    "www.shonenknife.net": {
      "out": {
        "other": 1
      },
      "score": 0.105
    },
    "facebook.com/KirinoDidNothingWrong": {
      "out": {
        "other": 1
      },
      "score": 0.105
    },
    "thetabardcloud.com": {
      "out": {
        "other": 1
      },
      "score": 0.105
    },
    "stream.withknown.com": {
      "in": {
        "other": 1
      },
      "score": 0
    }
  }
}