{
  "domain": "blog.saket.de",
  "urls": [
    "http://blog.saket.de/"
  ],
  "names": [
    "Nicht verfügbar"
  ],
  "descriptions": [],
  "pictures": [],
  "hcard": {},
  "rel_mes": [],
  "crawl_start": "2017-04-28T02:15:55",
  "crawl_end": "2017-04-28T02:15:55",
  "num_pages": 1,
  "total_html_size": 158,
  "servers": [
    "Apache (Unix) mod_ssl OpenSSLe-fips-rhel5 mod_fastcgi"
  ],
  "tags": [
    "bridgy"
  ],
  "endpoints": {},
  "links_out": 0,
  "links_in": 2,
  "links": {
    "brid.gy": {
      "in": {
        "other": 2
      },
      "score": 1
    }
  }
}