{
  "domain": "blog.kallerhoff.org",
  "urls": [
    "https://blog.kallerhoff.org/"
  ],
  "names": [
    "Dionysus Elysium - E-Commerce Junkie schreibt zu Digitalisierung, Data & Automatisierung",
    "Dionysus Elysium"
  ],
  "descriptions": [
    "E-Commerce Junkie schreibt zu Digitalisierung, Data & Automatisierung"
  ],
  "pictures": [
    "https://blog.kallerhoff.org/wp-content/uploads/2016/03/cropped-cropped-logo-1-32x32.png?x22097",
    "https://blog.kallerhoff.org/wp-content/uploads/2016/03/cropped-cropped-logo-1-192x192.png?x22097"
  ],
  "hcard": {},
  "rel_mes": [
    "https://plus.google.com/https://plus.google.com/107304933374968554846/",
    "https://twitter.com/WuselDusel83",
    "https://www.facebook.com/https://www.facebook.com/dennis.kallerhoff"
  ],
  "crawl_start": "2017-04-28T02:15:57",
  "crawl_end": "2017-04-28T03:46:21",
  "num_pages": 1281,
  "total_html_size": 269057656,
  "servers": [
    "Apache",
    "WordPress"
  ],
  "mf2_classes": [
    "h-as-mention",
    "h-as-reply",
    "h-as-like",
    "h-as-repost",
    "h-card",
    "h-entry"
  ],
  "tags": [
    "relme",
    "bridgy",
    "webmention",
    "generator",
    "WordPress"
  ],
  "endpoints": {
    "webmention": [
      "https://blog.kallerhoff.org/wp-json/webmention/1.0/endpoint"
    ],
    "generator": [
      "http://wordpress.org/"
    ]
  },
  "links_out": 11456,
  "links_in": 28,
  "links": {
    "twitter.com/WuselDusel83": {
      "out": {
        "other": 1405
      },
      "score": 1
    },
    "wordpress.org": {
      "out": {
        "other": 1293
      },
      "score": 0.990
    },
    "www.xing.com": {
      "out": {
        "other": 1294
      },
      "score": 0.990
    },
    "independentpublisher.me": {
      "out": {
        "other": 1282
      },
      "score": 0.989
    },
    "facebook.com/dennis.kallerhoff": {
      "out": {
        "other": 1281
      },
      "score": 0.989
    },
    "www.linkedin.com": {
      "out": {
        "other": 1285
      },
      "score": 0.989
    },
    "facebook.com/10154265527861742": {
      "out": {
        "other": 144
      },
      "score": 0.713
    },
    "de.wikipedia.org": {
      "out": {
        "other": 139
      },
      "score": 0.709
    },
    "www.spiegel.de": {
      "out": {
        "other": 119
      },
      "score": 0.689
    },
    "www.amazon.de": {
      "out": {
        "other": 90
      },
      "score": 0.654
    },
    "www.google.com": {
      "out": {
        "other": 74
      },
      "score": 0.630
    },
    "www.youtube.com": {
      "out": {
        "other": 71
      },
      "score": 0.625
    },
    "youtube.com": {
      "out": {
        "other": 56
      },
      "score": 0.594
    },
    "www.reeperbahnfestival.com": {
      "out": {
        "other": 43
      },
      "score": 0.560
    },
    "blog.kassenzone.de": {
      "out": {
        "other": 42
      },
      "score": 0.558
    },
    "www.imdb.com": {
      "out": {
        "other": 38
      },
      "score": 0.545
    },
    "www.apple.com": {
      "out": {
        "other": 36
      },
      "score": 0.539
    },
    "www.basicthinking.de": {
      "out": {
        "other": 34
      },
      "score": 0.531
    },
    "commerce.codetalks.de": {
      "out": {
        "other": 32
      },
      "score": 0.524
    },
    "www.tripadvisor.de": {
      "out": {
        "other": 32
      },
      "score": 0.524
    },
    "www.heide-park.de": {
      "out": {
        "other": 32
      },
      "score": 0.524
    },
    "excitingcommerce.de": {
      "out": {
        "other": 31
      },
      "score": 0.520
    },
    "imdb.com": {
      "out": {
        "other": 30
      },
      "score": 0.515
    },
    "www.google.de": {
      "out": {
        "other": 30
      },
      "score": 0.515
    },
    "maps.google.com": {
      "out": {
        "other": 28
      },
      "score": 0.508
    },
    "twitter.com/hashtag": {
      "out": {
        "other": 28
      },
      "score": 0.508
    },
    "www.flickr.com": {
      "out": {
        "other": 28
      },
      "score": 0.508
    },
    "www.kassenzone.de": {
      "out": {
        "other": 22
      },
      "in": {
        "other": 10
      },
      "score": 0.503
    },
    "www.barcamp-hamburg.de": {
      "out": {
        "other": 26
      },
      "score": 0.497
    },
    "www.planetarium-hamburg.de": {
      "out": {
        "other": 24
      },
      "score": 0.487
    },
    "www.otto.de": {
      "out": {
        "other": 23
      },
      "score": 0.482
    },
    "en.wikipedia.org": {
      "out": {
        "other": 23
      },
      "score": 0.482
    },
    "unsplash.com": {
      "out": {
        "other": 23
      },
      "score": 0.482
    },
    "www.filmstarts.de": {
      "out": {
        "other": 22
      },
      "score": 0.476
    },
    "outlog.fb07.de": {
      "out": {
        "other": 20
      },
      "score": 0.465
    },
    "www.spotify.com": {
      "out": {
        "other": 20
      },
      "score": 0.465
    },
    "meedia.de": {
      "out": {
        "other": 20
      },
      "score": 0.465
    },
    "www.parfumkaufhaus.de": {
      "out": {
        "other": 20
      },
      "score": 0.465
    },
    "sport.ard.de": {
      "out": {
        "other": 19
      },
      "score": 0.458
    },
    "waitbutwhy.com": {
      "out": {
        "other": 18
      },
      "score": 0.451
    },
    "www.wired.com": {
      "out": {
        "other": 18
      },
      "score": 0.451
    },
    "www.forbes.com": {
      "out": {
        "other": 17
      },
      "score": 0.445
    },
    "www.next10years.com": {
      "out": {
        "other": 17
      },
      "score": 0.445
    },
    "www.whudat.de": {
      "out": {
        "other": 16
      },
      "score": 0.437
    },
    "soundcloud.com": {
      "out": {
        "other": 16
      },
      "score": 0.437
    },
    "studivz.net": {
      "out": {
        "other": 16
      },
      "score": 0.437
    },
    "www.kicktipp.de": {
      "out": {
        "other": 16
      },
      "score": 0.437
    },
    "www.discovernorthernireland.com": {
      "out": {
        "other": 15
      },
      "score": 0.428
    },
    "www.harvardbusinessmanager.de": {
      "out": {
        "other": 15
      },
      "score": 0.428
    },
    "www.pewinternet.org": {
      "out": {
        "other": 15
      },
      "score": 0.428
    },
    "www.dealzeit.de": {
      "out": {
        "other": 14
      },
      "score": 0.419
    },
    "del.icio.us": {
      "out": {
        "other": 14
      },
      "score": 0.419
    },
    "www.vente-privee.com": {
      "out": {
        "other": 13
      },
      "score": 0.411
    },
    "otto.de": {
      "out": {
        "other": 13
      },
      "score": 0.411
    },
    "wirres.net": {
      "out": {
        "other": 13
      },
      "score": 0.411
    },
    "barcampmunich.mixxt.de": {
      "out": {
        "other": 13
      },
      "score": 0.411
    },
    "www.tagesspiegel.de": {
      "out": {
        "other": 13
      },
      "score": 0.411
    },
    "www.useit.com": {
      "out": {
        "other": 12
      },
      "score": 0.401
    },
    "www.digitalkompakt.de": {
      "out": {
        "other": 12
      },
      "score": 0.401
    },
    "www.speicherstadt.net": {
      "out": {
        "other": 12
      },
      "score": 0.401
    },
    "www.smabo.de": {
      "out": {
        "other": 12
      },
      "score": 0.401
    },
    "nachtdeswissens.de": {
      "out": {
        "other": 12
      },
      "score": 0.401
    },
    "www3.ndr.de": {
      "out": {
        "other": 12
      },
      "score": 0.401
    },
    "mashable.com": {
      "out": {
        "other": 11
      },
      "score": 0.389
    },
    "www.barcampruhr.de": {
      "out": {
        "other": 11
      },
      "score": 0.389
    },
    "partners.webmasterplan.com": {
      "out": {
        "other": 11
      },
      "score": 0.389
    },
    "www.tagesschau.de": {
      "out": {
        "other": 11
      },
      "score": 0.389
    },
    "filmstarts.de": {
      "out": {
        "other": 11
      },
      "score": 0.389
    },
    "www.facebook.com": {
      "out": {
        "other": 11
      },
      "score": 0.389
    },
    "twitter.com/supergraf": {
      "out": {
        "other": 11
      },
      "score": 0.389
    },
    "www.nytimes.com": {
      "out": {
        "other": 11
      },
      "score": 0.389
    },
    "hulu.com": {
      "out": {
        "other": 11
      },
      "score": 0.389
    },
    "last.fm": {
      "out": {
        "other": 11
      },
      "score": 0.389
    },
    "www.vimeo.com": {
      "out": {
        "other": 11
      },
      "score": 0.389
    },
    "facebook.com": {
      "out": {
        "other": 11
      },
      "score": 0.389
    },
    "blog.beetlebum.de": {
      "out": {
        "other": 10
      },
      "score": 0.378
    },
    "xing.com": {
      "out": {
        "other": 10
      },
      "score": 0.378
    },
    "newsticker.sueddeutsche.de": {
      "out": {
        "other": 10
      },
      "score": 0.378
    },
    "www.techcrunch.com": {
      "out": {
        "other": 10
      },
      "score": 0.378
    },
    "t.co": {
      "out": {
        "other": 10
      },
      "score": 0.378
    },
    "www.lastfm.de": {
      "out": {
        "other": 10
      },
      "score": 0.378
    },
    "twitter.com/jkrisch": {
      "out": {
        "other": 10
      },
      "score": 0.378
    },
    "www.audible.de": {
      "out": {
        "other": 10
      },
      "score": 0.378
    },
    "www.nationaltrust.org.uk": {
      "out": {
        "other": 10
      },
      "score": 0.378
    },
    "www.buzzmachine.com": {
      "out": {
        "other": 10
      },
      "score": 0.378
    },
    "www.msnbc.msn.com": {
      "out": {
        "other": 10
      },
      "score": 0.378
    },
    "www.somalicruises.com": {
      "out": {
        "other": 10
      },
      "score": 0.378
    },
    "www.teliad.de": {
      "out": {
        "other": 10
      },
      "score": 0.378
    },
    "www.lawblog.de": {
      "out": {
        "other": 10
      },
      "score": 0.378
    },
    "www.welt.de": {
      "out": {
        "other": 10
      },
      "score": 0.378
    },
    "www.thestrategyweb.com": {
      "out": {
        "other": 10
      },
      "score": 0.378
    },
    "picasaweb.google.com": {
      "out": {
        "other": 10
      },
      "score": 0.378
    },
    "www.linklift.de": {
      "out": {
        "other": 10
      },
      "score": 0.378
    },
    "www.zdf.de": {
      "out": {
        "other": 9
      },
      "score": 0.364
    },
    "www.comunio.de": {
      "out": {
        "other": 9
      },
      "score": 0.364
    },
    "www.hitflip.de": {
      "out": {
        "other": 9
      },
      "score": 0.364
    },
    "www.23hq.com": {
      "out": {
        "other": 9
      },
      "score": 0.364
    },
    "time.com": {
      "out": {
        "other": 9
      },
      "score": 0.364
    },
    "www.sportpark-sam.de": {
      "out": {
        "other": 9
      },
      "score": 0.364
    },
    "www.abendblatt.de": {
      "out": {
        "other": 9
      },
      "score": 0.364
    },
    "soso.twoday.net": {
      "out": {
        "other": 9
      },
      "score": 0.364
    },
    "www.spreadshirt.net": {
      "out": {
        "other": 9
      },
      "score": 0.364
    },
    "www.ehrensenf.de": {
      "out": {
        "other": 9
      },
      "score": 0.364
    },
    "www.s24.com": {
      "out": {
        "other": 9
      },
      "score": 0.364
    },
    "imeem.com": {
      "out": {
        "other": 9
      },
      "score": 0.364
    },
    "vimeo.com": {
      "out": {
        "other": 9
      },
      "score": 0.364
    },
    "www.latimes.com": {
      "out": {
        "other": 8
      },
      "score": 0.349
    },
    "strataconf.com": {
      "out": {
        "other": 8
      },
      "score": 0.349
    },
    "www.beachhamburg.de": {
      "out": {
        "other": 8
      },
      "score": 0.349
    },
    "www.soelden.com": {
      "out": {
        "other": 8
      },
      "score": 0.349
    },
    "itunes.apple.com": {
      "out": {
        "other": 8
      },
      "score": 0.349
    },
    "www.washingtonpost.com": {
      "out": {
        "other": 8
      },
      "score": 0.349
    },
    "flpbd.it": {
      "out": {
        "other": 8
      },
      "score": 0.349
    },
    "www.wakeuplight.philips.com": {
      "out": {
        "other": 8
      },
      "score": 0.349
    },
    "www.musicbusinessworldwide.com": {
      "out": {
        "other": 8
      },
      "score": 0.349
    },
    "www.wgsn.com": {
      "out": {
        "other": 8
      },
      "score": 0.349
    },
    "speakerdeck.com": {
      "out": {
        "other": 8
      },
      "score": 0.349
    },
    "pipl.com": {
      "out": {
        "other": 8
      },
      "score": 0.349
    },
    "www.plantenunblomen.hamburg.de": {
      "out": {
        "other": 8
      },
      "score": 0.349
    },
    "www.baz.ch": {
      "out": {
        "other": 8
      },
      "score": 0.349
    },
    "www.areamobile.de": {
      "out": {
        "other": 8
      },
      "score": 0.349
    },
    "www.etribes.de": {
      "out": {
        "other": 7
      },
      "score": 0.332
    },
    "www.sony.de": {
      "out": {
        "other": 7
      },
      "score": 0.332
    },
    "www.focus.de": {
      "out": {
        "other": 7
      },
      "score": 0.332
    },
    "earth.google.com": {
      "out": {
        "other": 7
      },
      "score": 0.332
    },
    "indiewebcamp.com": {
      "out": {
        "other": 7
      },
      "score": 0.332
    },
    "www.fabrik.de": {
      "out": {
        "other": 7
      },
      "score": 0.332
    },
    "maps.google.de": {
      "out": {
        "other": 7
      },
      "score": 0.332
    },
    "deutsch.padi.com": {
      "out": {
        "other": 7
      },
      "score": 0.332
    },
    "www.netzeitung.de": {
      "out": {
        "other": 7
      },
      "score": 0.332
    },
    "www.vanityfair.com": {
      "out": {
        "other": 7
      },
      "score": 0.332
    },
    "www.panteonrococo.de": {
      "out": {
        "other": 7
      },
      "score": 0.332
    },
    "webgallery.lutz-lengemann.name": {
      "out": {
        "other": 7
      },
      "score": 0.332
    },
    "statcounter.com": {
      "out": {
        "other": 7
      },
      "score": 0.332
    },
    "www.laudontech.com": {
      "out": {
        "other": 7
      },
      "score": 0.332
    },
    "www.shopping24.de": {
      "out": {
        "other": 7
      },
      "score": 0.332
    },
    "edited.com": {
      "out": {
        "other": 7
      },
      "score": 0.332
    },
    "www.kieler-woche.de": {
      "out": {
        "other": 7
      },
      "score": 0.332
    },
    "netzwirtschaft.net": {
      "out": {
        "other": 7
      },
      "score": 0.332
    },
    "www.skagen.com": {
      "out": {
        "other": 7
      },
      "score": 0.332
    },
    "www.miniatur-wunderland.de": {
      "out": {
        "other": 6
      },
      "score": 0.312
    },
    "robertbasic.de": {
      "out": {
        "other": 6
      },
      "score": 0.312
    },
    "www.jewelafrica.com": {
      "out": {
        "other": 6
      },
      "score": 0.312
    },
    "www.plaintxt.org": {
      "out": {
        "other": 6
      },
      "score": 0.312
    },
    "blogbar.de": {
      "out": {
        "other": 6
      },
      "score": 0.312
    },
    "www.eclectric-fx.com": {
      "out": {
        "other": 6
      },
      "score": 0.312
    },
    "www.fussball-forum.de": {
      "out": {
        "other": 6
      },
      "score": 0.312
    },
    "www.br-online.de": {
      "out": {
        "other": 6
      },
      "score": 0.312
    },
    "www.nmmu.ac.za": {
      "out": {
        "other": 6
      },
      "score": 0.312
    },
    "avalonstar.com": {
      "out": {
        "other": 6
      },
      "score": 0.312
    },
    "boersmazwischendurch.blogspot.com": {
      "out": {
        "other": 6
      },
      "score": 0.312
    },
    "www.carnivalcourt.co.za": {
      "out": {
        "other": 6
      },
      "score": 0.312
    },
    "www.sueddeutsche.de": {
      "out": {
        "other": 6
      },
      "score": 0.312
    },
    "intensedebate.com": {
      "out": {
        "other": 6
      },
      "score": 0.312
    },
    "notizblog.org": {
      "out": {
        "other": 6
      },
      "score": 0.312
    },
    "twitter.com/peterlih": {
      "out": {
        "other": 6
      },
      "score": 0.312
    },
    "actionfigure.com": {
      "out": {
        "other": 6
      },
      "score": 0.312
    },
    "notsorelevant.com": {
      "out": {
        "other": 6
      },
      "score": 0.312
    },
    "www.kielerwoche.de": {
      "out": {
        "other": 6
      },
      "score": 0.312
    },
    "www.gujmedia.de": {
      "out": {
        "other": 6
      },
      "score": 0.312
    },
    "www.wdr.de": {
      "out": {
        "other": 6
      },
      "score": 0.312
    },
    "twitter.com/dj_twitt3rt": {
      "out": {
        "other": 6
      },
      "score": 0.312
    },
    "partnernet.amazon.de": {
      "out": {
        "other": 6
      },
      "score": 0.312
    },
    "u0034153459.user.taurus.hosting-agency.de": {
      "out": {
        "other": 6
      },
      "score": 0.312
    },
    "mizine.de": {
      "out": {
        "other": 6
      },
      "score": 0.312
    },
    "www.home-2009.com": {
      "out": {
        "other": 6
      },
      "score": 0.312
    },
    "www.soulcountry.info": {
      "out": {
        "other": 6
      },
      "score": 0.312
    },
    "barcamp-hamburg.de": {
      "out": {
        "other": 6
      },
      "score": 0.312
    },
    "buzzriders.com": {
      "out": {
        "other": 6
      },
      "score": 0.312
    },
    "kallerhoff.de.vu": {
      "out": {
        "other": 6
      },
      "score": 0.312
    },
    "www.pandora.com": {
      "out": {
        "other": 6
      },
      "score": 0.312
    },
    "www.vzhh.de": {
      "out": {
        "other": 6
      },
      "score": 0.312
    },
    "www.districtsix.co.za": {
      "out": {
        "other": 6
      },
      "score": 0.312
    },
    "affiliate.otto.de": {
      "out": {
        "other": 6
      },
      "score": 0.312
    },
    "www.disqus.com": {
      "out": {
        "other": 6
      },
      "score": 0.312
    },
    "www.htc.com": {
      "out": {
        "other": 6
      },
      "score": 0.312
    },
    "www.places.co.za": {
      "out": {
        "other": 6
      },
      "score": 0.312
    },
    "brid.gy": {
      "in": {
        "other": 6
      },
      "out": {
        "other": 3
      },
      "score": 0.312
    },
    "blogoscoped.com": {
      "out": {
        "other": 6
      },
      "score": 0.312
    },
    "www.coffeecircle.com": {
      "out": {
        "other": 6
      },
      "score": 0.312
    },
    "www1.messe-berlin.de": {
      "out": {
        "other": 6
      },
      "score": 0.312
    },
    "www.image-metrics.com": {
      "out": {
        "other": 6
      },
      "score": 0.312
    },
    "www.brands4friends.de": {
      "out": {
        "other": 6
      },
      "score": 0.312
    },
    "myhammer.de": {
      "out": {
        "other": 6
      },
      "score": 0.312
    },
    "www.goldofafrica.com": {
      "out": {
        "other": 6
      },
      "score": 0.312
    },
    "www.ratrace.co.za": {
      "out": {
        "other": 6
      },
      "score": 0.312
    },
    "www.pirellifilm.com": {
      "out": {
        "other": 6
      },
      "score": 0.312
    },
    "unknowngenius.com": {
      "out": {
        "other": 6
      },
      "score": 0.312
    },
    "search.twitter.com": {
      "out": {
        "other": 6
      },
      "score": 0.312
    },
    "www.trigami.com": {
      "out": {
        "other": 6
      },
      "score": 0.312
    },
    "www.waterfront.co.za": {
      "out": {
        "other": 6
      },
      "score": 0.312
    },
    "www.zweinull.cc": {
      "out": {
        "other": 6
      },
      "score": 0.312
    },
    "www.mattcutts.com": {
      "out": {
        "other": 6
      },
      "score": 0.312
    },
    "www.readwriteweb.com": {
      "out": {
        "other": 6
      },
      "score": 0.312
    },
    "failblog.org": {
      "out": {
        "other": 5
      },
      "score": 0.290
    },
    "www.heise.de": {
      "out": {
        "other": 5
      },
      "score": 0.290
    },
    "www.klicksafe.de": {
      "out": {
        "other": 5
      },
      "score": 0.290
    },
    "www.franztoo.de": {
      "out": {
        "other": 5
      },
      "score": 0.290
    },
    "www.wirtschaftsblatt.at": {
      "out": {
        "other": 5
      },
      "score": 0.290
    },
    "www.capital.de": {
      "out": {
        "other": 5
      },
      "score": 0.290
    },
    "www.urbanathlon.de": {
      "out": {
        "other": 5
      },
      "score": 0.290
    },
    "barcampberlin2.mixxt.de": {
      "out": {
        "other": 5
      },
      "score": 0.290
    },
    "money.cnn.com": {
      "out": {
        "other": 5
      },
      "score": 0.290
    },
    "movies.nytimes.com": {
      "out": {
        "other": 5
      },
      "score": 0.290
    },
    "www.citydeal.de": {
      "out": {
        "other": 5
      },
      "score": 0.290
    },
    "obamicon.me": {
      "out": {
        "other": 5
      },
      "score": 0.290
    },
    "www.airbnb.com": {
      "out": {
        "other": 5
      },
      "score": 0.290
    },
    "www.dailydeal.de": {
      "out": {
        "other": 5
      },
      "score": 0.290
    },
    "www.giantscausewayofficialguide.com": {
      "out": {
        "other": 5
      },
      "score": 0.290
    },
    "www.onlinemarketingrockstars.de": {
      "out": {
        "other": 5
      },
      "score": 0.290
    },
    "www.pohlrau.com": {
      "out": {
        "other": 5
      },
      "score": 0.290
    },
    "f8club.de": {
      "out": {
        "other": 5
      },
      "score": 0.290
    },
    "www.cinema.philips.com": {
      "out": {
        "other": 5
      },
      "score": 0.290
    },
    "www.n24.de": {
      "out": {
        "other": 5
      },
      "score": 0.290
    },
    "calendar.google.com": {
      "out": {
        "other": 5
      },
      "score": 0.290
    },
    "evilhomestereo.net": {
      "out": {
        "other": 5
      },
      "score": 0.290
    },
    "www.esa.int": {
      "out": {
        "other": 5
      },
      "score": 0.290
    },
    "digitalkaufmann.de": {
      "out": {
        "other": 5
      },
      "score": 0.290
    },
    "www.e-consultancy.com": {
      "out": {
        "other": 5
      },
      "score": 0.290
    },
    "www.dfb.de": {
      "out": {
        "other": 5
      },
      "score": 0.290
    },
    "www.intensedebate.com": {
      "out": {
        "other": 5
      },
      "score": 0.290
    },
    "www.aka-aki.com": {
      "out": {
        "other": 5
      },
      "score": 0.290
    },
    "www.hafengeburtstag.de": {
      "out": {
        "other": 5
      },
      "score": 0.290
    },
    "www.moviepilot.de": {
      "out": {
        "other": 5
      },
      "score": 0.290
    },
    "www.bildblog.de": {
      "out": {
        "other": 5
      },
      "score": 0.290
    },
    "derstandard.at": {
      "out": {
        "other": 5
      },
      "score": 0.290
    },
    "www.cirquedusoleil.com": {
      "out": {
        "other": 5
      },
      "score": 0.290
    },
    "www.myvideo.de": {
      "out": {
        "other": 5
      },
      "score": 0.290
    },
    "www.slideshare.net": {
      "out": {
        "other": 5
      },
      "score": 0.290
    },
    "developer.s24.com": {
      "out": {
        "other": 5
      },
      "score": 0.290
    },
    "www.blickhaeuser.de": {
      "out": {
        "other": 5
      },
      "score": 0.290
    },
    "www.next-conference.com": {
      "out": {
        "other": 5
      },
      "score": 0.290
    },
    "codeascraft.com": {
      "out": {
        "other": 5
      },
      "score": 0.290
    },
    "twitter.com/marcelweiss": {
      "out": {
        "other": 5
      },
      "score": 0.290
    },
    "www.dooyoo.de": {
      "out": {
        "other": 5
      },
      "score": 0.290
    },
    "www.avatar-derfilm.de": {
      "out": {
        "other": 5
      },
      "score": 0.290
    },
    "www.guenter-wallraff.com": {
      "out": {
        "other": 5
      },
      "score": 0.290
    },
    "www.seeed.info": {
      "out": {
        "other": 5
      },
      "score": 0.290
    },
    "de.statista.com": {
      "out": {
        "other": 5
      },
      "score": 0.290
    },
    "de.fifa.com": {
      "out": {
        "other": 5
      },
      "score": 0.290
    },
    "www.jmboard.com": {
      "out": {
        "other": 5
      },
      "score": 0.290
    },
    "twitter.com/excomm": {
      "out": {
        "other": 5
      },
      "score": 0.290
    },
    "www.mydealz.de": {
      "out": {
        "other": 5
      },
      "score": 0.290
    },
    "www.seeqpod.com": {
      "out": {
        "other": 5
      },
      "score": 0.290
    },
    "bildblog.de": {
      "out": {
        "other": 5
      },
      "score": 0.290
    },
    "reader.google.com": {
      "out": {
        "other": 5
      },
      "score": 0.290
    },
    "www.canon.de": {
      "out": {
        "other": 5
      },
      "score": 0.290
    },
    "news.bbc.co.uk": {
      "out": {
        "other": 5
      },
      "score": 0.290
    },
    "twitter.com": {
      "out": {
        "other": 5
      },
      "score": 0.290
    },
    "www.philips.de": {
      "out": {
        "other": 5
      },
      "score": 0.290
    },
    "blog.seibert-media.net": {
      "out": {
        "other": 5
      },
      "score": 0.290
    },
    "www.prosiebensat1.com": {
      "out": {
        "other": 5
      },
      "score": 0.290
    },
    "img.stern.de": {
      "out": {
        "other": 5
      },
      "score": 0.290
    },
    "www.causewaycoastalroute.com": {
      "out": {
        "other": 5
      },
      "score": 0.290
    },
    "www.ard.ndr.de": {
      "out": {
        "other": 5
      },
      "score": 0.290
    },
    "www.googlewatchblog.de": {
      "out": {
        "other": 5
      },
      "score": 0.290
    },
    "www.excitingcommerce.de": {
      "out": {
        "other": 5
      },
      "score": 0.290
    },
    "www.gwp.de": {
      "out": {
        "other": 4
      },
      "score": 0.262
    },
    "cbs5.com": {
      "out": {
        "other": 4
      },
      "score": 0.262
    },
    "www.hirnrinde.de": {
      "out": {
        "other": 4
      },
      "score": 0.262
    },
    "www.independent.co.uk": {
      "out": {
        "other": 4
      },
      "score": 0.262
    },
    "twitter.com/andreasschmidt": {
      "out": {
        "other": 4
      },
      "score": 0.262
    },
    "www.bpcc.de": {
      "out": {
        "other": 4
      },
      "score": 0.262
    },
    "theweek.com": {
      "out": {
        "other": 4
      },
      "score": 0.262
    },
    "twitter.com/barcampHamburg": {
      "out": {
        "other": 4
      },
      "score": 0.262
    },
    "twitter.com/otto_de": {
      "out": {
        "other": 4
      },
      "score": 0.262
    },
    "support.google.com": {
      "out": {
        "other": 4
      },
      "score": 0.262
    },
    "fusion.net": {
      "out": {
        "other": 4
      },
      "score": 0.262
    },
    "twitter.com/Spotify": {
      "out": {
        "other": 4
      },
      "score": 0.262
    },
    "twitter.com/mat": {
      "out": {
        "other": 4
      },
      "score": 0.262
    },
    "www.gruenderszene.de": {
      "out": {
        "other": 4
      },
      "score": 0.262
    },
    "adsense.google.com": {
      "out": {
        "other": 4
      },
      "score": 0.262
    },
    "ia.net": {
      "out": {
        "other": 4
      },
      "score": 0.262
    },
    "www.sternenbruecke.de": {
      "out": {
        "other": 4
      },
      "score": 0.262
    },
    "www.affili.net": {
      "out": {
        "other": 4
      },
      "score": 0.262
    },
    "www.steereo.com": {
      "out": {
        "other": 4
      },
      "score": 0.262
    },
    "www.studivz.net": {
      "out": {
        "other": 4
      },
      "score": 0.262
    },
    "www.donvanone.de": {
      "out": {
        "other": 4
      },
      "score": 0.262
    },
    "www.reinartz.uni-koeln.de": {
      "out": {
        "other": 4
      },
      "score": 0.262
    },
    "www.wwoof.org": {
      "out": {
        "other": 4
      },
      "score": 0.262
    },
    "netzwertig.com": {
      "out": {
        "other": 4
      },
      "score": 0.262
    },
    "www.prnewswire.com": {
      "out": {
        "other": 4
      },
      "score": 0.262
    },
    "hamburg.prinz.de": {
      "out": {
        "other": 4
      },
      "score": 0.262
    },
    "www.hamburgcruisedays.de": {
      "out": {
        "other": 4
      },
      "score": 0.262
    },
    "www.uni-hamburg.de": {
      "out": {
        "other": 4
      },
      "score": 0.262
    },
    "de.cameloteurope.com": {
      "out": {
        "other": 4
      },
      "score": 0.262
    },
    "en.thinkexist.com": {
      "out": {
        "other": 4
      },
      "score": 0.262
    },
    "www.zeit.de": {
      "out": {
        "other": 4
      },
      "score": 0.262
    },
    "joost.com": {
      "out": {
        "other": 4
      },
      "score": 0.262
    },
    "gruenderwettbewerb.de": {
      "out": {
        "other": 4
      },
      "score": 0.262
    },
    "www.webthreads.de": {
      "out": {
        "other": 4
      },
      "score": 0.262
    },
    "blog.pd-digital.de": {
      "out": {
        "other": 4
      },
      "score": 0.262
    },
    "www.tns-infratest.com": {
      "out": {
        "other": 4
      },
      "score": 0.262
    },
    "barcamp.org": {
      "out": {
        "other": 4
      },
      "score": 0.262
    },
    "twitter.com/shopping24": {
      "out": {
        "other": 4
      },
      "score": 0.262
    },
    "www.magentocommerce.com": {
      "out": {
        "other": 4
      },
      "score": 0.262
    },
    "indieweb.org": {
      "in": {
        "other": 8
      },
      "score": 0.262
    },
    "www.trigami.de": {
      "out": {
        "other": 4
      },
      "score": 0.262
    },
    "graphic-workstation.blogspot.com": {
      "out": {
        "other": 4
      },
      "score": 0.262
    },
    "www.jasonmraz.com": {
      "out": {
        "other": 4
      },
      "score": 0.262
    },
    "www.zweirad-spezialist.de": {
      "out": {
        "other": 4
      },
      "score": 0.262
    },
    "muse.mu": {
      "out": {
        "other": 4
      },
      "score": 0.262
    },
    "www.theofel.de": {
      "out": {
        "other": 4
      },
      "score": 0.262
    },
    "www.barcamphamburg.com": {
      "out": {
        "other": 4
      },
      "score": 0.262
    },
    "www.segway.de": {
      "out": {
        "other": 4
      },
      "score": 0.262
    },
    "www.tropenhaus-hamburg.de": {
      "out": {
        "other": 4
      },
      "score": 0.262
    },
    "www.wwoof.de": {
      "out": {
        "other": 4
      },
      "score": 0.262
    },
    "99percentinvisible.org": {
      "out": {
        "other": 4
      },
      "score": 0.262
    },
    "facebook.com/apps": {
      "out": {
        "other": 4
      },
      "score": 0.262
    },
    "phx.corporate-ir.net": {
      "out": {
        "other": 4
      },
      "score": 0.262
    },
    "www.digital-commerce-day.de": {
      "out": {
        "other": 4
      },
      "score": 0.262
    },
    "www.roughtours.com": {
      "out": {
        "other": 4
      },
      "score": 0.262
    },
    "s242.photobucket.com": {
      "out": {
        "other": 4
      },
      "score": 0.262
    },
    "twitter.com/MalteKlauck": {
      "out": {
        "other": 4
      },
      "score": 0.262
    },
    "www.mutuvillage.com": {
      "out": {
        "other": 4
      },
      "score": 0.262
    },
    "www.freibad-ostende.de": {
      "out": {
        "other": 4
      },
      "score": 0.262
    },
    "www.thewhir.com": {
      "out": {
        "other": 4
      },
      "score": 0.262
    },
    "codeascraft.etsy.com": {
      "out": {
        "other": 4
      },
      "score": 0.262
    },
    "www.amazon.com": {
      "out": {
        "other": 4
      },
      "score": 0.262
    },
    "bcstuttgart.mixxt.de": {
      "out": {
        "other": 4
      },
      "score": 0.262
    },
    "shirt.woot.com": {
      "out": {
        "other": 4
      },
      "score": 0.262
    },
    "www.desk.pm": {
      "out": {
        "other": 4
      },
      "score": 0.262
    },
    "www.e-commerce-blog.de": {
      "out": {
        "other": 4
      },
      "score": 0.262
    },
    "rjmetrics.com": {
      "out": {
        "other": 4
      },
      "score": 0.262
    },
    "www.maropeng.co.za": {
      "out": {
        "other": 4
      },
      "score": 0.262
    },
    "www.yalook.com": {
      "out": {
        "other": 4
      },
      "score": 0.262
    },
    "www.joost.com": {
      "out": {
        "other": 4
      },
      "score": 0.262
    },
    "www.festisite.com": {
      "out": {
        "other": 4
      },
      "score": 0.262
    },
    "marketingland.com": {
      "out": {
        "other": 4
      },
      "score": 0.262
    },
    "www.danfossuniverse.com": {
      "out": {
        "other": 4
      },
      "score": 0.262
    },
    "www.muse.mu": {
      "out": {
        "other": 4
      },
      "score": 0.262
    },
    "www.scienceblogs.de": {
      "out": {
        "other": 4
      },
      "score": 0.262
    },
    "www.hamburger-wirtschaft.de": {
      "out": {
        "other": 3
      },
      "score": 0.225
    },
    "facebook.com/Comunio": {
      "out": {
        "other": 3
      },
      "score": 0.225
    },
    "tumblr.kallerhoff.org": {
      "out": {
        "other": 3
      },
      "score": 0.225
    },
    "www.trustedshops.de": {
      "out": {
        "other": 3
      },
      "score": 0.225
    },
    "www.toptestsieger.de": {
      "out": {
        "other": 3
      },
      "score": 0.225
    },
    "de.slideshare.net": {
      "out": {
        "other": 3
      },
      "score": 0.225
    },
    "www.kicker.de": {
      "out": {
        "other": 3
      },
      "score": 0.225
    },
    "www.zooplus.de": {
      "out": {
        "other": 3
      },
      "score": 0.225
    },
    "commons.wikimedia.org": {
      "out": {
        "other": 3
      },
      "score": 0.225
    },
    "futurezone.at": {
      "out": {
        "other": 3
      },
      "score": 0.225
    },
    "www.thenakedtourguide.com": {
      "out": {
        "other": 3
      },
      "score": 0.225
    },
    "www.aventoura.de": {
      "out": {
        "other": 3
      },
      "score": 0.225
    },
    "www.hbo.com": {
      "out": {
        "other": 3
      },
      "score": 0.225
    },
    "www.tumblr.com": {
      "out": {
        "other": 3
      },
      "score": 0.225
    },
    "www.berlinbuzzwords.de": {
      "out": {
        "other": 3
      },
      "score": 0.225
    },
    "www.ebay-kleinanzeigen.de": {
      "out": {
        "other": 3
      },
      "score": 0.225
    },
    "corporate.lesara.de": {
      "out": {
        "other": 3
      },
      "score": 0.225
    },
    "www.similarweb.com": {
      "out": {
        "other": 3
      },
      "score": 0.225
    },
    "www.hadag.de": {
      "out": {
        "other": 3
      },
      "score": 0.225
    },
    "www.kickbase.com": {
      "out": {
        "other": 3
      },
      "score": 0.225
    },
    "www.pixelsells.de": {
      "out": {
        "other": 3
      },
      "score": 0.225
    },
    "www.wsj.com": {
      "out": {
        "other": 3
      },
      "score": 0.225
    },
    "blog.wiwo.de": {
      "out": {
        "other": 3
      },
      "score": 0.225
    },
    "www.codetalks.de": {
      "out": {
        "other": 3
      },
      "score": 0.225
    },
    "www.holidaycheck.de": {
      "out": {
        "other": 3
      },
      "score": 0.225
    },
    "www.meetup.com": {
      "out": {
        "other": 3
      },
      "score": 0.225
    },
    "www.whoismcafee.com": {
      "out": {
        "other": 3
      },
      "score": 0.225
    },
    "www.ratsherrn.de": {
      "out": {
        "other": 3
      },
      "score": 0.225
    },
    "www.shpock.com": {
      "out": {
        "other": 3
      },
      "score": 0.225
    },
    "www.snapstream.com": {
      "out": {
        "other": 3
      },
      "score": 0.225
    },
    "www.hamburgische-buergerschaft.de": {
      "out": {
        "other": 3
      },
      "score": 0.225
    },
    "www.hamburger-theaternacht.de": {
      "out": {
        "other": 3
      },
      "score": 0.225
    },
    "www.imperial-theater.de": {
      "out": {
        "other": 3
      },
      "score": 0.225
    },
    "flickr.com": {
      "out": {
        "other": 3
      },
      "score": 0.225
    },
    "www.fliegende-bauten.de": {
      "out": {
        "other": 3
      },
      "score": 0.225
    },
    "de.xletix.com": {
      "out": {
        "other": 3
      },
      "score": 0.225
    },
    "liveearth.de.msn.com": {
      "out": {
        "other": 3
      },
      "score": 0.225
    },
    "techcrunch.com": {
      "out": {
        "other": 3
      },
      "score": 0.225
    },
    "www.getdigital.de": {
      "out": {
        "other": 3
      },
      "score": 0.225
    },
    "28oa9i1t08037ue3m1l0i861.wpengine.netdna-cdn.com": {
      "out": {
        "other": 3
      },
      "score": 0.225
    },
    "www.internetworld.de": {
      "out": {
        "other": 3
      },
      "score": 0.225
    },
    "www.abgeordnetenwatch.de": {
      "out": {
        "other": 3
      },
      "score": 0.225
    },
    "www.hamburgische-staatsoper.de": {
      "out": {
        "other": 3
      },
      "score": 0.225
    },
    "www.onlinehaendler-news.de": {
      "out": {
        "other": 3
      },
      "score": 0.225
    },
    "gothamist.com": {
      "out": {
        "other": 3
      },
      "score": 0.225
    },
    "www.thedailybeast.com": {
      "out": {
        "other": 3
      },
      "score": 0.225
    },
    "de.trustpilot.com": {
      "out": {
        "other": 3
      },
      "score": 0.225
    },
    "tumblr2wordpress.benapps.net": {
      "out": {
        "other": 3
      },
      "score": 0.225
    },
    "afd-fraktion-hamburg.de": {
      "out": {
        "other": 3
      },
      "score": 0.225
    },
    "twitter.com/schuon": {
      "out": {
        "other": 3
      },
      "score": 0.225
    },
    "www.bloomberg.com": {
      "out": {
        "other": 3
      },
      "score": 0.225
    },
    "www.teslamotors.com": {
      "out": {
        "other": 3
      },
      "score": 0.225
    },
    "masterinvestor.co.uk": {
      "out": {
        "other": 3
      },
      "score": 0.225
    },
    "www.ebay.de": {
      "out": {
        "other": 3
      },
      "score": 0.225
    },
    "bigstory.ap.org": {
      "out": {
        "other": 3
      },
      "score": 0.225
    },
    "www.baratza.com": {
      "out": {
        "other": 3
      },
      "score": 0.225
    },
    "jettaofficial.com": {
      "out": {
        "other": 3
      },
      "score": 0.225
    },
    "www.wortfilter.de": {
      "out": {
        "other": 3
      },
      "score": 0.225
    },
    "twitter.com/webappcreations": {
      "out": {
        "other": 2
      },
      "score": 0.175
    },
    "www.stylight.de": {
      "out": {
        "other": 2
      },
      "score": 0.175
    },
    "twitter.com/simkilla": {
      "out": {
        "other": 2
      },
      "score": 0.175
    },
    "twitter.com/prxpragma": {
      "out": {
        "other": 2
      },
      "score": 0.175
    },
    "twitter.com/ringsdorff": {
      "out": {
        "other": 2
      },
      "score": 0.175
    },
    "chat.indieweb.org": {
      "in": {
        "other": 4
      },
      "score": 0.175
    },
    "www.stylefruits.de": {
      "out": {
        "other": 2
      },
      "score": 0.175
    },
    "www.seitenweise-hh-hamm.de": {
      "out": {
        "other": 1
      },
      "score": 0.0873
    },
    "twitter.com/crtlf": {
      "out": {
        "other": 1
      },
      "score": 0.0873
    },
    "twitter.com/smunko": {
      "out": {
        "other": 1
      },
      "score": 0.0873
    },
    "twitter.com/stesie23": {
      "out": {
        "other": 1
      },
      "score": 0.0873
    },
    "www.versandbuchhaendler.de": {
      "out": {
        "other": 1
      },
      "score": 0.0873
    },
    "mountainviews.ie": {
      "out": {
        "other": 1
      },
      "score": 0.0873
    },
    "twitter.com/Bastianoso": {
      "out": {
        "other": 1
      },
      "score": 0.0873
    },
    "twitter.com/Frankenraster": {
      "out": {
        "other": 1
      },
      "score": 0.0873
    },
    "twitter.com/whataboutmd": {
      "out": {
        "other": 1
      },
      "score": 0.0873
    },
    "www.adweek.com": {
      "out": {
        "other": 1
      },
      "score": 0.0873
    },
    "twitter.com/FabianWesner": {
      "out": {
        "other": 1
      },
      "score": 0.0873
    },
    "twitter.com/Verpackungsheld": {
      "out": {
        "other": 1
      },
      "score": 0.0873
    },
    "twitter.com/Bellin_Alex": {
      "out": {
        "other": 1
      },
      "score": 0.0873
    },
    "de.wordpress.org": {
      "out": {
        "other": 1
      },
      "score": 0.0873
    },
    "creativecommons.org": {
      "out": {
        "other": 1
      },
      "score": 0.0873
    },
    "github.com": {
      "out": {
        "other": 1
      },
      "score": 0.0873
    },
    "twitter.com/der_efuchs": {
      "out": {
        "other": 1
      },
      "score": 0.0873
    },
    "twitter.com/_TomLuck_": {
      "out": {
        "other": 1
      },
      "score": 0.0873
    },
    "www.inc.com": {
      "out": {
        "other": 1
      },
      "score": 0.0873
    },
    "blacktaxitoursni.com": {
      "out": {
        "other": 1
      },
      "score": 0.0873
    },
    "www.casino.de": {
      "out": {
        "other": 1
      },
      "score": 0.0873
    },
    "kassenzone.de": {
      "out": {
        "other": 1
      },
      "score": 0.0873
    },
    "twitter.com/GSchnbucher": {
      "out": {
        "other": 1
      },
      "score": 0.0873
    },
    "twitter.com/KimHogeling": {
      "out": {
        "other": 1
      },
      "score": 0.0873
    },
    "wua.la": {
      "out": {
        "other": 1
      },
      "score": 0.0873
    },
    "www.buchreport.de": {
      "out": {
        "other": 1
      },
      "score": 0.0873
    },
    "www.codecademy.com": {
      "out": {
        "other": 1
      },
      "score": 0.0873
    },
    "twitter.com/TarekMueller": {
      "out": {
        "other": 1
      },
      "score": 0.0873
    },
    "www.airbnb.de": {
      "out": {
        "other": 1
      },
      "score": 0.0873
    },
    "www.blog.cbgreenwood.de": {
      "out": {
        "other": 1
      },
      "score": 0.0873
    },
    "www.waitbutwhy.com": {
      "out": {
        "other": 1
      },
      "score": 0.0873
    },
    "twitter.com/Magnus73_Albero": {
      "out": {
        "other": 1
      },
      "score": 0.0873
    },
    "twitter.com/AKRA_Hamburg": {
      "out": {
        "other": 1
      },
      "score": 0.0873
    },
    "www.popfly.ms": {
      "out": {
        "other": 1
      },
      "score": 0.0873
    },
    "mac.com": {
      "out": {
        "other": 1
      },
      "score": 0.0873
    },
    "www.buchmarkt.de": {
      "out": {
        "other": 1
      },
      "score": 0.0873
    },
    "etribes.de": {
      "out": {
        "other": 1
      },
      "score": 0.0873
    },
    "twitter.com/RESTPOSTENde": {
      "out": {
        "other": 1
      },
      "score": 0.0873
    },
    "twitter.com/fashion_eCom": {
      "out": {
        "other": 1
      },
      "score": 0.0873
    },
    "www.stuffyoushouldknow.com": {
      "out": {
        "other": 1
      },
      "score": 0.0873
    },
    "twitter.com/Onse81": {
      "out": {
        "other": 1
      },
      "score": 0.0873
    },
    "facebook.com/stylefruits": {
      "out": {
        "other": 1
      },
      "score": 0.0873
    },
    "spaceflight.esa.int": {
      "out": {
        "other": 1
      },
      "score": 0.0873
    },
    "twitter.com/EurostaffDE": {
      "out": {
        "other": 1
      },
      "score": 0.0873
    },
    "twitter.com/toddyfranz": {
      "out": {
        "other": 1
      },
      "score": 0.0873
    },
    "kallerhoff.org": {
      "out": {
        "other": 1
      },
      "score": 0.0873
    },
    "twitter.com/der_fabe": {
      "out": {
        "other": 1
      },
      "score": 0.0873
    },
    "twitter.com/nadineschmittt": {
      "out": {
        "other": 1
      },
      "score": 0.0873
    },
    "twitter.com/raamdev": {
      "out": {
        "other": 1
      },
      "score": 0.0873
    },
    "twitter.com/Sannschen": {
      "out": {
        "other": 1
      },
      "score": 0.0873
    },
    "www.businessinsider.com.au": {
      "out": {
        "other": 1
      },
      "score": 0.0873
    },
    "www.podcast.de": {
      "out": {
        "other": 1
      },
      "score": 0.0873
    },
    "twitter.com/AndreasNabicht": {
      "out": {
        "other": 1
      },
      "score": 0.0873
    }
  }
}