{
  "domain": "blog.michaelhall.us",
  "urls": [
    "http://blog.michaelhall.us/"
  ],
  "names": [
    "It's Me World"
  ],
  "descriptions": [
    "Just the ramblings of a person who has many a soap box to stand on."
  ],
  "pictures": [
    "http://blog.michaelhall.us/favicon.ico"
  ],
  "hcard": {},
  "rel_mes": [
    "https://www.blogger.com/profile/05927976981551989263",
    "https://twitter.com/smartyhall",
    "https://github.com/smartyhall"
  ],
  "crawl_start": "2017-06-09T17:34:08",
  "crawl_end": "2017-06-09T17:43:27",
  "num_pages": 431,
  "total_html_size": 31839047,
  "servers": [
    "GSE"
  ],
  "mf2_classes": [
    "h-feed",
    "h-entry",
    "h-card"
  ],
  "tags": [
    "relme",
    "micropub",
    "authorization",
    "token"
  ],
  "endpoints": {
    "micropub": [
      "https://silo.pub/micropub"
    ],
    "authorization": [
      "https://silo.pub/indieauth"
    ],
    "token": [
      "https://silo.pub/token"
    ]
  },
  "links_out": 41408,
  "links_in": 9,
  "links": {
    "javascript": {
      "out": {
        "other": 29739
      },
      "score": 1
    },
    "www.blogger.com": {
      "out": {
        "other": 7068
      },
      "score": 0.868
    },
    "twitter.com/smartyhall": {
      "out": {
        "other": 894
      },
      "score": 0.681
    },
    "feeds.feedburner.com": {
      "out": {
        "other": 862
      },
      "score": 0.677
    },
    "github.com": {
      "out": {
        "other": 431
      },
      "score": 0.615
    },
    "www.defectivebydesign.org": {
      "out": {
        "other": 431
      },
      "score": 0.615
    },
    "en.wikipedia.org": {
      "out": {
        "other": 245
      },
      "score": 0.563
    },
    "www.youtube.com": {
      "out": {
        "other": 241
      },
      "score": 0.562
    },
    "www.amazon.com": {
      "out": {
        "other": 180
      },
      "score": 0.535
    },
    "posterous.com": {
      "out": {
        "other": 83
      },
      "score": 0.465
    },
    "vodpod.com": {
      "out": {
        "other": 72
      },
      "score": 0.452
    },
    "smartyhall.posterous.com": {
      "out": {
        "other": 51
      },
      "score": 0.42
    },
    "www.flickr.com": {
      "out": {
        "other": 43
      },
      "score": 0.405
    },
    "www.pangeasoft.net": {
      "out": {
        "other": 40
      },
      "score": 0.398
    },
    "www.macheist.com": {
      "out": {
        "other": 38
      },
      "score": 0.394
    },
    "www.google.com": {
      "out": {
        "other": 37
      },
      "score": 0.391
    },
    "one.revver.com": {
      "out": {
        "other": 28
      },
      "score": 0.366
    },
    "blogoscoped.com": {
      "out": {
        "other": 27
      },
      "score": 0.363
    },
    "www.plaxo.com": {
      "out": {
        "other": 24
      },
      "score": 0.352
    },
    "www.apple.com": {
      "out": {
        "other": 23
      },
      "score": 0.348
    },
    "www.bestweekever.tv": {
      "out": {
        "other": 21
      },
      "score": 0.34
    },
    "www.dailymotion.com": {
      "out": {
        "other": 21
      },
      "score": 0.34
    },
    "kotaku.com": {
      "out": {
        "other": 18
      },
      "score": 0.325
    },
    "www.claimid.com": {
      "out": {
        "other": 18
      },
      "score": 0.325
    },
    "digg.com": {
      "out": {
        "other": 17
      },
      "score": 0.321
    },
    "daily.mahalo.com": {
      "out": {
        "other": 16
      },
      "score": 0.315
    },
    "www.metacafe.com": {
      "out": {
        "other": 16
      },
      "score": 0.315
    },
    "www.twit.tv": {
      "out": {
        "other": 16
      },
      "score": 0.315
    },
    "www.fourhourworkweek.com": {
      "out": {
        "other": 15
      },
      "score": 0.309
    },
    "tech.yahoo.com": {
      "out": {
        "other": 14
      },
      "score": 0.303
    },
    "googlesystem.blogspot.com": {
      "out": {
        "other": 14
      },
      "score": 0.303
    },
    "blogs.zdnet.com": {
      "out": {
        "other": 14
      },
      "score": 0.303
    },
    "bux.to": {
      "out": {
        "other": 14
      },
      "score": 0.303
    },
    "www.engadget.com": {
      "out": {
        "other": 14
      },
      "score": 0.303
    },
    "ambermac.typepad.com": {
      "out": {
        "other": 14
      },
      "score": 0.303
    },
    "blog.laymangamer.com": {
      "out": {
        "other": 14
      },
      "score": 0.303
    },
    "www.bennyhinn.org": {
      "out": {
        "other": 14
      },
      "score": 0.303
    },
    "www.atomicshrimp.com": {
      "out": {
        "other": 14
      },
      "score": 0.303
    },
    "store.apple.com": {
      "out": {
        "other": 13
      },
      "score": 0.296
    },
    "buzz.google.com": {
      "out": {
        "other": 12
      },
      "score": 0.289
    },
    "pulse.plaxo.com": {
      "out": {
        "other": 12
      },
      "score": 0.289
    },
    "www.tsa.gov": {
      "out": {
        "other": 12
      },
      "score": 0.289
    },
    "www.quitfacebookday.com": {
      "out": {
        "other": 12
      },
      "score": 0.289
    },
    "eruditionis.blogspot.com": {
      "out": {
        "other": 12
      },
      "score": 0.289
    },
    "badvista.fsf.org": {
      "out": {
        "other": 10
      },
      "score": 0.273
    },
    "www.motifake.com": {
      "out": {
        "other": 9
      },
      "score": 0.263
    },
    "www.thinkgeek.com": {
      "out": {
        "other": 9
      },
      "score": 0.263
    },
    "www.killerbeanforever.com": {
      "out": {
        "other": 9
      },
      "score": 0.263
    },
    "www.quirky.com": {
      "out": {
        "other": 9
      },
      "score": 0.263
    },
    "tvtropes.org": {
      "out": {
        "other": 9
      },
      "score": 0.263
    },
    "hogbaysoftware.com": {
      "out": {
        "other": 8
      },
      "score": 0.252
    },
    "inventive.us": {
      "out": {
        "other": 8
      },
      "score": 0.252
    },
    "walmartwatch.com": {
      "out": {
        "other": 8
      },
      "score": 0.252
    },
    "www.xslimmer.com": {
      "out": {
        "other": 8
      },
      "score": 0.252
    },
    "lh3.ggpht.com": {
      "out": {
        "other": 8
      },
      "score": 0.252
    },
    "video.google.com": {
      "out": {
        "other": 8
      },
      "score": 0.252
    },
    "www.devon-technologies.com": {
      "out": {
        "other": 8
      },
      "score": 0.252
    },
    "plus.google.com/u": {
      "out": {
        "other": 8
      },
      "score": 0.252
    },
    "coversutra.com": {
      "out": {
        "other": 8
      },
      "score": 0.252
    },
    "www.waterfallsw.com": {
      "out": {
        "other": 8
      },
      "score": 0.252
    },
    "dlvr.it": {
      "out": {
        "other": 8
      },
      "score": 0.252
    },
    "revver.com": {
      "out": {
        "other": 8
      },
      "score": 0.252
    },
    "embraceware.com": {
      "out": {
        "other": 8
      },
      "score": 0.252
    },
    "facebook.com/smartyhall": {
      "out": {
        "other": 8
      },
      "score": 0.252
    },
    "stuntsoftware.com": {
      "out": {
        "other": 8
      },
      "score": 0.252
    },
    "www.midnightapps.com": {
      "out": {
        "other": 8
      },
      "score": 0.252
    },
    "www.stickam.com": {
      "out": {
        "other": 7
      },
      "score": 0.24
    },
    "chris.pirillo.com": {
      "out": {
        "other": 7
      },
      "score": 0.24
    },
    "www.slackware.com": {
      "out": {
        "other": 7
      },
      "score": 0.24
    },
    "www.wowinsider.com": {
      "out": {
        "other": 7
      },
      "score": 0.24
    },
    "www.revver.com": {
      "out": {
        "other": 7
      },
      "score": 0.24
    },
    "robinsloan.com": {
      "out": {
        "other": 7
      },
      "score": 0.24
    },
    "www.backwardsbush.com": {
      "out": {
        "other": 7
      },
      "score": 0.24
    },
    "epic.makingithappen.co.uk": {
      "out": {
        "other": 7
      },
      "score": 0.24
    },
    "youtube.com": {
      "out": {
        "other": 7
      },
      "score": 0.24
    },
    "www.rxlist.com": {
      "out": {
        "other": 7
      },
      "score": 0.24
    },
    "www.cafepress.com": {
      "out": {
        "other": 7
      },
      "score": 0.24
    },
    "www.ubuntu.com": {
      "out": {
        "other": 7
      },
      "score": 0.24
    },
    "www.union.k12.ms.us": {
      "out": {
        "other": 7
      },
      "score": 0.24
    },
    "mozy.com": {
      "out": {
        "other": 7
      },
      "score": 0.24
    },
    "twitter.com": {
      "out": {
        "other": 7
      },
      "score": 0.24
    },
    "wireandtwine.com": {
      "out": {
        "other": 7
      },
      "score": 0.24
    },
    "claimid.com": {
      "out": {
        "other": 7
      },
      "score": 0.24
    },
    "www.starwarsholidayspecial.com": {
      "out": {
        "other": 7
      },
      "score": 0.24
    },
    "twitter.com/statuses": {
      "out": {
        "other": 7
      },
      "score": 0.24
    },
    "twitlive.tv": {
      "out": {
        "other": 7
      },
      "score": 0.24
    },
    "creativefreedom.org.nz": {
      "out": {
        "other": 7
      },
      "score": 0.24
    },
    "bit.ly": {
      "out": {
        "other": 7
      },
      "score": 0.24
    },
    "images.google.com": {
      "out": {
        "other": 6
      },
      "score": 0.225
    },
    "www.wikipedia.org": {
      "out": {
        "other": 6
      },
      "score": 0.225
    },
    "minecraft.novaskin.me": {
      "out": {
        "other": 6
      },
      "score": 0.225
    },
    "flickr.com": {
      "out": {
        "other": 6
      },
      "score": 0.225
    },
    "lifesinventions.com": {
      "out": {
        "other": 6
      },
      "score": 0.225
    },
    "mattmckeon.com": {
      "out": {
        "other": 6
      },
      "score": 0.225
    },
    "friendfeed.com": {
      "out": {
        "other": 6
      },
      "score": 0.225
    },
    "uva.onlinejudge.org": {
      "out": {
        "other": 6
      },
      "score": 0.225
    },
    "www.destructoid.com": {
      "out": {
        "other": 6
      },
      "score": 0.225
    },
    "www.wii.com": {
      "out": {
        "other": 6
      },
      "score": 0.225
    },
    "gmpg.org": {
      "out": {
        "other": 6
      },
      "score": 0.225
    },
    "www.digg.com": {
      "out": {
        "other": 6
      },
      "score": 0.225
    },
    "www.theregister.co.uk": {
      "out": {
        "other": 6
      },
      "score": 0.225
    },
    "xkcd.com": {
      "out": {
        "other": 6
      },
      "score": 0.225
    },
    "www.gimp.org": {
      "out": {
        "other": 6
      },
      "score": 0.225
    },
    "me.com": {
      "out": {
        "other": 6
      },
      "score": 0.225
    },
    "pixelpipe.com": {
      "out": {
        "other": 5
      },
      "score": 0.209
    },
    "www.tgdaily.com": {
      "out": {
        "other": 5
      },
      "score": 0.209
    },
    "rodrigo.typepad.com": {
      "out": {
        "other": 5
      },
      "score": 0.209
    },
    "twitterfeed.com": {
      "out": {
        "other": 5
      },
      "score": 0.209
    },
    "smartyhall.withknown.com": {
      "in": {
        "other": 9
      },
      "score": 0.2
    },
    "3.bp.blogspot.com": {
      "out": {
        "other": 4
      },
      "score": 0.189
    },
    "1.bp.blogspot.com": {
      "out": {
        "other": 4
      },
      "score": 0.189
    },
    "www.huffingtonpost.com": {
      "out": {
        "other": 3
      },
      "score": 0.163
    },
    "www.getdropbox.com": {
      "out": {
        "other": 3
      },
      "score": 0.163
    },
    "journler.com": {
      "out": {
        "other": 3
      },
      "score": 0.163
    },
    "www.5min.com": {
      "out": {
        "other": 3
      },
      "score": 0.163
    },
    "blog.mozilla.com": {
      "out": {
        "other": 3
      },
      "score": 0.163
    },
    "www.cracked.com": {
      "out": {
        "other": 3
      },
      "score": 0.163
    },
    "www.yaelweb.com": {
      "out": {
        "other": 3
      },
      "score": 0.163
    },
    "www.technologyreview.com": {
      "out": {
        "other": 3
      },
      "score": 0.163
    },
    "www.logitech.com": {
      "out": {
        "other": 3
      },
      "score": 0.163
    },
    "www.youtybe.com": {
      "out": {
        "other": 2
      },
      "score": 0.126
    },
    "www.relevantmagazine.com": {
      "out": {
        "other": 2
      },
      "score": 0.126
    },
    "twit.tv": {
      "out": {
        "other": 2
      },
      "score": 0.126
    }
  }
}