{
  "domain": "blog.hiwelo.co",
  "urls": [
    "https://blog.hiwelo.co/"
  ],
  "names": [
    "Hiwelo’s notebook"
  ],
  "descriptions": [
    "Mes réflexions et humeurs autour du design et du développement web et du travail aujourd’hui."
  ],
  "pictures": [
    "https://cdn-images-1.medium.com/fit/c/128/128/1*tE5Fk8tOiXSI8GzAPawvRA.png",
    "https://cdn-images-1.medium.com/max/1200/1*9N3OL8pqJXzE6Jmge677aQ.png"
  ],
  "hcard": {},
  "rel_mes": [
    "https://twitter.com/iamhiwelo",
    "https://facebook.com/damien.senger"
  ],
  "crawl_start": "2017-06-10T05:43:57",
  "crawl_end": "2017-06-10T05:45:58",
  "num_pages": 16,
  "total_html_size": 1384543,
  "servers": [
    "openresty"
  ],
  "tags": [
    "relme"
  ],
  "endpoints": {},
  "links_out": 68,
  "links_in": 0,
  "links": {
    "medium.com": {
      "out": {
        "other": 25
      },
      "score": 1
    },
    "facebook.com": {
      "out": {
        "other": 15
      },
      "score": 0.870
    },
    "twitter.com/iamhiwelo": {
      "out": {
        "other": 15
      },
      "score": 0.870
    },
    "raccoon.studio": {
      "out": {
        "other": 12
      },
      "score": 0.813
    },
    "about.medium.com": {
      "out": {
        "other": 1
      },
      "score": 0.177
    }
  }
}