{
  "domain": "blog.vrypan.net",
  "urls": [
    "http://blog.vrypan.net/"
  ],
  "names": [
    "blog.vrypan.net"
  ],
  "descriptions": [
    "a personal blog."
  ],
  "pictures": [
    "https://blog.vrypan.net/assets/img/favicon.ico"
  ],
  "hcard": {},
  "rel_mes": [],
  "crawl_start": "2017-04-28T02:16:01",
  "crawl_end": "2017-04-28T02:20:28",
  "num_pages": 605,
  "total_html_size": 6646854,
  "servers": [
    "cloudflare-nginx"
  ],
  "mf2_classes": [
    "h-entry",
    "h-card"
  ],
  "tags": [
    "bridgy",
    "IRC",
    "webmention.io",
    "webmention"
  ],
  "endpoints": {
    "webmention": [
      "http://www.listnr.net/webmention"
    ]
  },
  "links_out": 4561,
  "links_in": 92,
  "links": {
    "www.vrypan.net": {
      "out": {
        "other": 1850
      },
      "in": {
        "other": 7
      },
      "score": 1
    },
    "twitter.com/vrypan": {
      "out": {
        "other": 621
      },
      "score": 0.866
    },
    "notes.vrypan.net": {
      "out": {
        "other": 610
      },
      "score": 0.865
    },
    "bucket3.com": {
      "out": {
        "other": 609
      },
      "score": 0.865
    },
    "github.com": {
      "out": {
        "other": 54
      },
      "score": 0.569
    },
    "medium.com": {
      "out": {
        "other": 35
      },
      "score": 0.517
    },
    "aaronparecki.com": {
      "in": {
        "in-reply-to": 10
      },
      "score": 0.476
    },
    "www.flickr.com": {
      "out": {
        "other": 23
      },
      "score": 0.466
    },
    "www.longaccess.com": {
      "out": {
        "other": 17
      },
      "score": 0.429
    },
    "indieweb.org": {
      "in": {
        "other": 32
      },
      "score": 0.422
    },
    "known.kylewm.com": {
      "in": {
        "in-reply-to": 6
      },
      "score": 0.414
    },
    "en.wikipedia.org": {
      "out": {
        "other": 15
      },
      "score": 0.414
    },
    "news.ycombinator.com": {
      "out": {
        "other": 15
      },
      "score": 0.414
    },
    "plus.google.com/u": {
      "out": {
        "other": 15
      },
      "score": 0.414
    },
    "instagr.am": {
      "out": {
        "other": 12
      },
      "score": 0.387
    },
    "www.e-coin.io": {
      "out": {
        "other": 11
      },
      "score": 0.376
    },
    "indiewebcamp.com": {
      "out": {
        "other": 11
      },
      "score": 0.376
    },
    "vrypan.net": {
      "out": {
        "other": 10
      },
      "score": 0.365
    },
    "www.deepfreeze.io": {
      "out": {
        "other": 9
      },
      "score": 0.352
    },
    "www.bucket3.com": {
      "out": {
        "other": 9
      },
      "score": 0.352
    },
    "eepurl.com": {
      "out": {
        "other": 9
      },
      "score": 0.352
    },
    "www.amazon.co.uk": {
      "out": {
        "other": 9
      },
      "score": 0.352
    },
    "www.youtube.com": {
      "out": {
        "other": 9
      },
      "score": 0.352
    },
    "the.longaccess.com": {
      "out": {
        "other": 8
      },
      "score": 0.337
    },
    "t.co": {
      "out": {
        "other": 8
      },
      "score": 0.337
    },
    "chat.indieweb.org": {
      "in": {
        "other": 15
      },
      "score": 0.330
    },
    "www.apple.com": {
      "out": {
        "other": 7
      },
      "score": 0.321
    },
    "www.xeirotexnika.gr": {
      "out": {
        "other": 7
      },
      "score": 0.321
    },
    "www.ftiaxto.gr": {
      "out": {
        "other": 7
      },
      "score": 0.321
    },
    "picks.vrypan.net": {
      "out": {
        "other": 7
      },
      "score": 0.321
    },
    "www.google.com": {
      "out": {
        "other": 6
      },
      "score": 0.302
    },
    "www.wired.com": {
      "out": {
        "other": 6
      },
      "score": 0.302
    },
    "www.amazon.com": {
      "out": {
        "other": 6
      },
      "score": 0.302
    },
    "plus.google.com/107350252619396782277": {
      "out": {
        "other": 6
      },
      "score": 0.302
    },
    "gist.github.com": {
      "out": {
        "other": 6
      },
      "score": 0.302
    },
    "kylewm.com": {
      "in": {
        "in-reply-to": 2,
        "other": 1
      },
      "score": 0.292
    },
    "brid.gy": {
      "in": {
        "other": 11
      },
      "score": 0.292
    },
    "thenextweb.com": {
      "out": {
        "other": 5
      },
      "score": 0.280
    },
    "twit.tv": {
      "out": {
        "other": 5
      },
      "score": 0.280
    },
    "aws.amazon.com": {
      "out": {
        "other": 5
      },
      "score": 0.280
    },
    "tlbx.io": {
      "out": {
        "other": 5
      },
      "score": 0.280
    },
    "arstechnica.com": {
      "out": {
        "other": 5
      },
      "score": 0.280
    },
    "jekyllrb.com": {
      "out": {
        "other": 4
      },
      "score": 0.253
    },
    "superfeedr.com": {
      "out": {
        "other": 4
      },
      "score": 0.253
    },
    "www.digitalocean.com": {
      "out": {
        "other": 4
      },
      "score": 0.253
    },
    "hover.com": {
      "out": {
        "other": 4
      },
      "score": 0.253
    },
    "www.longdata.org": {
      "out": {
        "other": 4
      },
      "score": 0.253
    },
    "techcrunch.com": {
      "out": {
        "other": 4
      },
      "score": 0.253
    },
    "www.theverge.com": {
      "out": {
        "other": 4
      },
      "score": 0.253
    },
    "www.coinbase.com": {
      "out": {
        "other": 4
      },
      "score": 0.253
    },
    "secure.backblaze.com": {
      "out": {
        "other": 4
      },
      "score": 0.253
    },
    "www.taxibeat.gr": {
      "out": {
        "other": 4
      },
      "score": 0.253
    },
    "webmention.io": {
      "out": {
        "other": 3
      },
      "score": 0.218
    },
    "kb.mailchimp.com": {
      "out": {
        "other": 3
      },
      "score": 0.218
    },
    "sethgodin.typepad.com": {
      "out": {
        "other": 3
      },
      "score": 0.218
    },
    "theopenfund.com": {
      "out": {
        "other": 3
      },
      "score": 0.218
    },
    "twitter.com": {
      "out": {
        "other": 3
      },
      "score": 0.218
    },
    "5by5.tv": {
      "out": {
        "other": 3
      },
      "score": 0.218
    },
    "magaz.hellug.gr": {
      "out": {
        "other": 3
      },
      "score": 0.218
    },
    "mattgemmell.com": {
      "out": {
        "other": 3
      },
      "score": 0.218
    },
    "pinboard.in": {
      "out": {
        "other": 3
      },
      "score": 0.218
    },
    "visions.indstate.edu": {
      "out": {
        "other": 3
      },
      "score": 0.218
    },
    "news.kathimerini.gr": {
      "out": {
        "other": 3
      },
      "score": 0.218
    },
    "www.roussos.cc": {
      "out": {
        "other": 3
      },
      "score": 0.218
    },
    "commons.wikimedia.org": {
      "out": {
        "other": 3
      },
      "score": 0.218
    },
    "www.instapaper.com": {
      "out": {
        "other": 3
      },
      "score": 0.218
    },
    "opencoffee.gr": {
      "out": {
        "other": 3
      },
      "score": 0.218
    },
    "scripting.com": {
      "out": {
        "other": 3
      },
      "score": 0.218
    },
    "mxcl.github.com": {
      "out": {
        "other": 3
      },
      "score": 0.218
    },
    "thecube.gr": {
      "out": {
        "other": 3
      },
      "score": 0.218
    },
    "www.georgakopoulos.org": {
      "out": {
        "other": 3
      },
      "score": 0.218
    },
    "www.spacex.com": {
      "out": {
        "other": 3
      },
      "score": 0.218
    },
    "vsre.info": {
      "out": {
        "other": 3
      },
      "score": 0.218
    },
    "dayoneapp.com": {
      "out": {
        "other": 3
      },
      "score": 0.218
    },
    "el.wikipedia.org": {
      "out": {
        "other": 3
      },
      "score": 0.218
    },
    "www.sno.phy.queensu.ca": {
      "out": {
        "other": 3
      },
      "score": 0.218
    },
    "mashable.com": {
      "out": {
        "other": 3
      },
      "score": 0.218
    },
    "developer.apple.com": {
      "out": {
        "other": 2
      },
      "score": 0.169
    },
    "developer.github.com": {
      "out": {
        "other": 2
      },
      "score": 0.169
    },
    "www.paulgraham.com": {
      "out": {
        "other": 2
      },
      "score": 0.169
    },
    "dropbox.com": {
      "out": {
        "other": 2
      },
      "score": 0.169
    },
    "www.opensearch.org": {
      "out": {
        "other": 2
      },
      "score": 0.169
    },
    "reederapp.com": {
      "out": {
        "other": 2
      },
      "score": 0.169
    },
    "metablogging.gr": {
      "out": {
        "other": 2
      },
      "score": 0.169
    },
    "goroost.com": {
      "out": {
        "other": 2
      },
      "score": 0.169
    },
    "dev.twitter.com": {
      "out": {
        "other": 2
      },
      "score": 0.169
    },
    "ez.no": {
      "out": {
        "other": 2
      },
      "score": 0.169
    },
    "www.bloomberg.com": {
      "out": {
        "other": 2
      },
      "score": 0.169
    },
    "blogs.wsj.com": {
      "out": {
        "other": 2
      },
      "score": 0.169
    },
    "threads2.scripting.com": {
      "out": {
        "other": 2
      },
      "score": 0.169
    },
    "www.scientificamerican.com": {
      "out": {
        "other": 2
      },
      "score": 0.169
    },
    "gizmodo.com": {
      "out": {
        "other": 2
      },
      "score": 0.169
    },
    "keybase.io": {
      "out": {
        "other": 2
      },
      "score": 0.169
    },
    "blockchain.info": {
      "out": {
        "other": 2
      },
      "score": 0.169
    },
    "support.cloudflare.com": {
      "out": {
        "other": 2
      },
      "score": 0.169
    },
    "drupal.org": {
      "out": {
        "other": 2
      },
      "score": 0.169
    },
    "docs.python.org": {
      "out": {
        "other": 2
      },
      "score": 0.169
    },
    "www.iefimerida.gr": {
      "out": {
        "other": 2
      },
      "score": 0.169
    },
    "www.intercom.io": {
      "out": {
        "other": 2
      },
      "score": 0.169
    },
    "articles.washingtonpost.com": {
      "out": {
        "other": 2
      },
      "score": 0.169
    },
    "digitalschool.minedu.gov.gr": {
      "out": {
        "other": 2
      },
      "score": 0.169
    },
    "odromos.wordpress.com": {
      "out": {
        "other": 2
      },
      "score": 0.169
    },
    "www.economist.com": {
      "out": {
        "other": 2
      },
      "score": 0.169
    },
    "expletiveinserted.com": {
      "out": {
        "other": 2
      },
      "score": 0.169
    },
    "www.hellenicparliament.gr": {
      "out": {
        "other": 2
      },
      "score": 0.169
    },
    "www.listnr.net": {
      "out": {
        "other": 2
      },
      "score": 0.169
    },
    "www.machinima.com": {
      "out": {
        "other": 2
      },
      "score": 0.169
    },
    "xapo.com": {
      "out": {
        "other": 2
      },
      "score": 0.169
    },
    "javascript": {
      "out": {
        "other": 2
      },
      "score": 0.169
    },
    "www.noodlesoft.com": {
      "out": {
        "other": 2
      },
      "score": 0.169
    },
    "disqus.com": {
      "out": {
        "other": 2
      },
      "score": 0.169
    },
    "instaport.me": {
      "out": {
        "other": 2
      },
      "score": 0.169
    },
    "blog.superfeedr.com": {
      "out": {
        "other": 2
      },
      "score": 0.169
    },
    "www.jpl.nasa.gov": {
      "out": {
        "other": 2
      },
      "score": 0.169
    },
    "pages.github.com": {
      "out": {
        "other": 2
      },
      "score": 0.169
    },
    "pibow.com": {
      "out": {
        "other": 2
      },
      "score": 0.169
    },
    "status.net": {
      "out": {
        "other": 2
      },
      "score": 0.169
    },
    "www.steverubel.me": {
      "out": {
        "other": 2
      },
      "score": 0.169
    },
    "newsletter.vrypan.net": {
      "out": {
        "other": 2
      },
      "score": 0.169
    },
    "aws.typepad.com": {
      "out": {
        "other": 2
      },
      "score": 0.169
    },
    "blog.snapjoy.com": {
      "out": {
        "other": 2
      },
      "score": 0.169
    },
    "branch.com": {
      "out": {
        "other": 2
      },
      "score": 0.169
    },
    "itunes.apple.com": {
      "out": {
        "other": 2
      },
      "score": 0.169
    },
    "www.dropbox.com": {
      "out": {
        "other": 2
      },
      "score": 0.169
    },
    "help.github.com": {
      "out": {
        "other": 2
      },
      "score": 0.169
    },
    "www.pastilies.gr": {
      "out": {
        "other": 2
      },
      "score": 0.169
    },
    "adage.com": {
      "out": {
        "other": 2
      },
      "score": 0.169
    },
    "blog.posterous.com": {
      "out": {
        "other": 2
      },
      "score": 0.169
    },
    "chrome.google.com": {
      "out": {
        "other": 2
      },
      "score": 0.169
    },
    "vimeo.com": {
      "out": {
        "other": 2
      },
      "score": 0.169
    },
    "www.formstack.com": {
      "out": {
        "other": 2
      },
      "score": 0.169
    },
    "gigaom.com": {
      "out": {
        "other": 2
      },
      "score": 0.169
    },
    "venturebeat.com": {
      "out": {
        "other": 2
      },
      "score": 0.169
    },
    "mgt656.som.yale.edu": {
      "out": {
        "other": 2
      },
      "score": 0.169
    },
    "www.newsblur.com": {
      "out": {
        "other": 2
      },
      "score": 0.169
    },
    "creativecommons.org": {
      "out": {
        "other": 2
      },
      "score": 0.169
    },
    "atp.fm": {
      "out": {
        "other": 2
      },
      "score": 0.169
    },
    "identi.ca": {
      "out": {
        "other": 2
      },
      "score": 0.169
    },
    "wordpress.org": {
      "out": {
        "other": 2
      },
      "score": 0.169
    },
    "posterous.com": {
      "out": {
        "other": 2
      },
      "score": 0.169
    },
    "twitter.com/koukopoulos": {
      "out": {
        "other": 2
      },
      "score": 0.169
    },
    "www.tumblr.com": {
      "out": {
        "other": 2
      },
      "score": 0.169
    },
    "www.pospert.gr": {
      "out": {
        "other": 2
      },
      "score": 0.169
    },
    "adactio.com": {
      "in": {
        "other": 3
      },
      "score": 0.134
    },
    "theopenphotoproject.org": {
      "out": {
        "other": 1
      },
      "score": 0.0843
    },
    "blog.transifex.net": {
      "out": {
        "other": 1
      },
      "score": 0.0843
    },
    "twitter.com/hnfirehose": {
      "out": {
        "other": 1
      },
      "score": 0.0843
    },
    "weekendgeeks.blogspot.com": {
      "out": {
        "other": 1
      },
      "score": 0.0843
    },
    "www.awmn.gr": {
      "out": {
        "other": 1
      },
      "score": 0.0843
    },
    "www.feedly.com": {
      "out": {
        "other": 1
      },
      "score": 0.0843
    },
    "www.lostremote.com": {
      "out": {
        "other": 1
      },
      "score": 0.0843
    },
    "www.producthunt.com": {
      "out": {
        "other": 1
      },
      "score": 0.0843
    },
    "www.protagon.gr": {
      "out": {
        "other": 1
      },
      "score": 0.0843
    },
    "openphoto.me": {
      "out": {
        "other": 1
      },
      "score": 0.0843
    },
    "superfeedr-misc.s3.amazonaws.com": {
      "out": {
        "other": 1
      },
      "score": 0.0843
    },
    "twitter.com/cosmote": {
      "out": {
        "other": 1
      },
      "score": 0.0843
    },
    "www.gnu.org": {
      "out": {
        "other": 1
      },
      "score": 0.0843
    },
    "www.linuxjournal.com": {
      "out": {
        "other": 1
      },
      "score": 0.0843
    },
    "www.readability.com": {
      "out": {
        "other": 1
      },
      "score": 0.0843
    },
    "www.wishlist.com": {
      "out": {
        "other": 1
      },
      "score": 0.0843
    },
    "cyber.law.harvard.edu": {
      "out": {
        "other": 1
      },
      "score": 0.0843
    },
    "falkvinge.net": {
      "out": {
        "other": 1
      },
      "score": 0.0843
    },
    "helftone.com": {
      "out": {
        "other": 1
      },
      "score": 0.0843
    },
    "twitter.com/newsyc20": {
      "out": {
        "other": 1
      },
      "score": 0.0843
    },
    "www.cssigniter.com": {
      "out": {
        "other": 1
      },
      "score": 0.0843
    },
    "media.fb.com": {
      "out": {
        "other": 1
      },
      "score": 0.0843
    },
    "twitter.com/ericklinker": {
      "out": {
        "other": 1
      },
      "score": 0.0843
    },
    "www.fortunegreece.com": {
      "out": {
        "other": 1
      },
      "score": 0.0843
    },
    "www.koutipandoras.gr": {
      "out": {
        "other": 1
      },
      "score": 0.0843
    },
    "www.meetup.com": {
      "out": {
        "other": 1
      },
      "score": 0.0843
    },
    "lorenzocaum.com": {
      "out": {
        "other": 1
      },
      "score": 0.0843
    },
    "pypi.python.org": {
      "out": {
        "other": 1
      },
      "score": 0.0843
    },
    "ringce.com": {
      "out": {
        "other": 1
      },
      "score": 0.0843
    },
    "rockstart.com": {
      "out": {
        "other": 1
      },
      "score": 0.0843
    },
    "www.macstories.net": {
      "out": {
        "other": 1
      },
      "score": 0.0843
    },
    "books.google.gr": {
      "out": {
        "other": 1
      },
      "score": 0.0843
    },
    "doc.intercom.io": {
      "out": {
        "other": 1
      },
      "score": 0.0843
    },
    "michaelnozbe.com": {
      "out": {
        "other": 1
      },
      "score": 0.0843
    },
    "stream.wpp.com": {
      "out": {
        "other": 1
      },
      "score": 0.0843
    },
    "twitter.com/jesssmithpr": {
      "out": {
        "other": 1
      },
      "score": 0.0843
    },
    "blog.makezine.com": {
      "out": {
        "other": 1
      },
      "score": 0.0843
    },
    "newgtlds.icann.org": {
      "out": {
        "other": 1
      },
      "score": 0.0843
    },
    "thecommandline.net": {
      "out": {
        "other": 1
      },
      "score": 0.0843
    },
    "www.airbnb.com": {
      "out": {
        "other": 1
      },
      "score": 0.0843
    },
    "www.bigstash.co": {
      "out": {
        "other": 1
      },
      "score": 0.0843
    },
    "www.cloudwards.net": {
      "out": {
        "other": 1
      },
      "score": 0.0843
    },
    "www.guardian.co.uk": {
      "out": {
        "other": 1
      },
      "score": 0.0843
    },
    "www.patreon.com": {
      "out": {
        "other": 1
      },
      "score": 0.0843
    },
    "athensville.blogspot.gr": {
      "out": {
        "other": 1
      },
      "score": 0.0843
    },
    "craphound.com": {
      "out": {
        "other": 1
      },
      "score": 0.0843
    },
    "daringfireball.net": {
      "out": {
        "other": 1
      },
      "score": 0.0843
    },
    "elkosmas.gr": {
      "out": {
        "other": 1
      },
      "score": 0.0843
    },
    "twitter.com/javapapo": {
      "out": {
        "other": 1
      },
      "score": 0.0843
    },
    "www.facebook.com": {
      "out": {
        "other": 1
      },
      "score": 0.0843
    },
    "www.metablogging.gr": {
      "out": {
        "other": 1
      },
      "score": 0.0843
    },
    "ycombinator.com": {
      "out": {
        "other": 1
      },
      "score": 0.0843
    },
    "youtube-global.blogspot.gr": {
      "out": {
        "other": 1
      },
      "score": 0.0843
    },
    "yro.slashdot.org": {
      "out": {
        "other": 1
      },
      "score": 0.0843
    },
    "blog.bittorrent.com": {
      "out": {
        "other": 1
      },
      "score": 0.0843
    },
    "facebook.com/pitsirikia": {
      "out": {
        "other": 1
      },
      "score": 0.0843
    },
    "olhardigital.uol.com.br": {
      "out": {
        "other": 1
      },
      "score": 0.0843
    },
    "service.path.com": {
      "out": {
        "other": 1
      },
      "score": 0.0843
    },
    "twitter.com/BenLack1": {
      "out": {
        "other": 1
      },
      "score": 0.0843
    },
    "twitter.com/asteris": {
      "out": {
        "other": 1
      },
      "score": 0.0843
    },
    "twitter.com/comzeradd": {
      "out": {
        "other": 1
      },
      "score": 0.0843
    },
    "twitter.com/deepfreezeio": {
      "out": {
        "other": 1
      },
      "score": 0.0843
    },
    "www.bitcoin-gr.org": {
      "out": {
        "other": 1
      },
      "score": 0.0843
    },
    "www.primeminister.gov.gr": {
      "out": {
        "other": 1
      },
      "score": 0.0843
    },
    "facebook.com/ftiaxto": {
      "out": {
        "other": 1
      },
      "score": 0.0843
    },
    "twitter.com/larios": {
      "out": {
        "other": 1
      },
      "score": 0.0843
    },
    "twitter.com/stavmessinis": {
      "out": {
        "other": 1
      },
      "score": 0.0843
    },
    "www.e-cannibals.gr": {
      "out": {
        "other": 1
      },
      "score": 0.0843
    },
    "www.linkedin.com": {
      "out": {
        "other": 1
      },
      "score": 0.0843
    },
    "www.visitgreece.gr": {
      "out": {
        "other": 1
      },
      "score": 0.0843
    },
    "snarfed.org": {
      "in": {
        "like-of": 1
      },
      "score": 0.0843
    },
    "carousel.dropbox.com": {
      "out": {
        "other": 1
      },
      "score": 0.0843
    },
    "kasdaglis.wordpress.com": {
      "out": {
        "other": 1
      },
      "score": 0.0843
    },
    "ploum.net": {
      "out": {
        "other": 1
      },
      "score": 0.0843
    },
    "redis.io": {
      "out": {
        "other": 1
      },
      "score": 0.0843
    },
    "www.brid.gy": {
      "out": {
        "other": 1
      },
      "score": 0.0843
    },
    "www.retrocomputers.gr": {
      "out": {
        "other": 1
      },
      "score": 0.0843
    },
    "www.vdel.gr": {
      "out": {
        "other": 1
      },
      "score": 0.0843
    },
    "www.wishlistr.com": {
      "out": {
        "other": 1
      },
      "score": 0.0843
    },
    "bergcloud.com": {
      "out": {
        "other": 1
      },
      "score": 0.0843
    },
    "deltahacker.gr": {
      "out": {
        "other": 1
      },
      "score": 0.0843
    },
    "www.backblaze.com": {
      "out": {
        "other": 1
      },
      "score": 0.0843
    },
    "www.hipchat.com": {
      "out": {
        "other": 1
      },
      "score": 0.0843
    },
    "youtu.be": {
      "out": {
        "other": 1
      },
      "score": 0.0843
    },
    "basho.com": {
      "out": {
        "other": 1
      },
      "score": 0.0843
    },
    "fivedetails.com": {
      "out": {
        "other": 1
      },
      "score": 0.0843
    },
    "twitter.com/kimionis": {
      "out": {
        "other": 1
      },
      "score": 0.0843
    },
    "www.itu.int": {
      "out": {
        "other": 1
      },
      "score": 0.0843
    },
    "colabworkspace.com": {
      "out": {
        "other": 1
      },
      "score": 0.0843
    },
    "diavgeia.gov.gr": {
      "out": {
        "other": 1
      },
      "score": 0.0843
    },
    "feedburner.google.com": {
      "out": {
        "other": 1
      },
      "score": 0.0843
    },
    "hacks.mozilla.org": {
      "out": {
        "other": 1
      },
      "score": 0.0843
    },
    "www.paddle.com": {
      "out": {
        "other": 1
      },
      "score": 0.0843
    },
    "ecorner.stanford.edu": {
      "out": {
        "other": 1
      },
      "score": 0.0843
    },
    "instagram.com": {
      "out": {
        "other": 1
      },
      "score": 0.0843
    },
    "thepiratebay.org": {
      "out": {
        "other": 1
      },
      "score": 0.0843
    },
    "twitter.com/MagdaKarayianni": {
      "out": {
        "other": 1
      },
      "score": 0.0843
    },
    "twitter.com/settings": {
      "out": {
        "other": 1
      },
      "score": 0.0843
    },
    "www.assetogilvy.gr": {
      "out": {
        "other": 1
      },
      "score": 0.0843
    },
    "bartaz.github.com": {
      "out": {
        "other": 1
      },
      "score": 0.0843
    },
    "blacklist.eff.org": {
      "out": {
        "other": 1
      },
      "score": 0.0843
    },
    "blog.curry.com": {
      "out": {
        "other": 1
      },
      "score": 0.0843
    },
    "memory-alpha.wikia.com": {
      "out": {
        "other": 1
      },
      "score": 0.0843
    },
    "tech.in.gr": {
      "out": {
        "other": 1
      },
      "score": 0.0843
    },
    "www.bricoleur.org": {
      "out": {
        "other": 1
      },
      "score": 0.0843
    },
    "hub.tedxathens.com": {
      "out": {
        "other": 1
      },
      "score": 0.0843
    },
    "lionet.info": {
      "out": {
        "other": 1
      },
      "score": 0.0843
    },
    "plus.google.com/b": {
      "out": {
        "other": 1
      },
      "score": 0.0843
    },
    "posthaven.com": {
      "out": {
        "other": 1
      },
      "score": 0.0843
    },
    "speakerdeck.com": {
      "out": {
        "other": 1
      },
      "score": 0.0843
    },
    "support.apple.com": {
      "out": {
        "other": 1
      },
      "score": 0.0843
    },
    "sursolid.com": {
      "out": {
        "other": 1
      },
      "score": 0.0843
    },
    "twitter.com/StavMessinis": {
      "out": {
        "other": 1
      },
      "score": 0.0843
    },
    "www.opendns.com": {
      "out": {
        "other": 1
      },
      "score": 0.0843
    },
    "www.yeroulanos.gr": {
      "out": {
        "other": 1
      },
      "score": 0.0843
    },
    "about.me": {
      "out": {
        "other": 1
      },
      "score": 0.0843
    },
    "lobste.rs": {
      "out": {
        "other": 1
      },
      "score": 0.0843
    },
    "sayzlim.net": {
      "out": {
        "other": 1
      },
      "score": 0.0843
    },
    "thelittleappfactory.com": {
      "out": {
        "other": 1
      },
      "score": 0.0843
    },
    "www.holvi.com": {
      "out": {
        "other": 1
      },
      "score": 0.0843
    },
    "insynchq.com": {
      "out": {
        "other": 1
      },
      "score": 0.0843
    },
    "m.linuxjournal.com": {
      "out": {
        "other": 1
      },
      "score": 0.0843
    },
    "www.firebase.com": {
      "out": {
        "other": 1
      },
      "score": 0.0843
    },
    "anxbtc.com": {
      "out": {
        "other": 1
      },
      "score": 0.0843
    },
    "michigantelephone.wordpress.com": {
      "out": {
        "other": 1
      },
      "score": 0.0843
    },
    "nodestorage.smallpict.com": {
      "out": {
        "other": 1
      },
      "score": 0.0843
    },
    "twitter.com/tsiger": {
      "out": {
        "other": 1
      },
      "score": 0.0843
    },
    "www.channelvas.com": {
      "out": {
        "other": 1
      },
      "score": 0.0843
    },
    "blog.bigstash.co": {
      "out": {
        "other": 1
      },
      "score": 0.0843
    },
    "channelvas.workable.com": {
      "out": {
        "other": 1
      },
      "score": 0.0843
    },
    "git2go.com": {
      "out": {
        "other": 1
      },
      "score": 0.0843
    },
    "growl.info": {
      "out": {
        "other": 1
      },
      "score": 0.0843
    },
    "simplicitybliss.com": {
      "out": {
        "other": 1
      },
      "score": 0.0843
    },
    "www.creativecommons.gr": {
      "out": {
        "other": 1
      },
      "score": 0.0843
    },
    "angelhack.com": {
      "out": {
        "other": 1
      },
      "score": 0.0843
    },
    "labs.bittorrent.com": {
      "out": {
        "other": 1
      },
      "score": 0.0843
    },
    "sparkleshare.org": {
      "out": {
        "other": 1
      },
      "score": 0.0843
    },
    "www.gq.com": {
      "out": {
        "other": 1
      },
      "score": 0.0843
    },
    "www.mashrou7.com": {
      "out": {
        "other": 1
      },
      "score": 0.0843
    },
    "dyn.com": {
      "out": {
        "other": 1
      },
      "score": 0.0843
    },
    "littleprinter.com": {
      "out": {
        "other": 1
      },
      "score": 0.0843
    },
    "twitter.com/3filis": {
      "out": {
        "other": 1
      },
      "score": 0.0843
    },
    "intercom.io": {
      "out": {
        "other": 1
      },
      "score": 0.0843
    },
    "javapapo.blogspot.gr": {
      "out": {
        "other": 1
      },
      "score": 0.0843
    },
    "meteor.com": {
      "out": {
        "other": 1
      },
      "score": 0.0843
    },
    "weekendgeeks.blogspot.gr": {
      "out": {
        "other": 1
      },
      "score": 0.0843
    },
    "www.elasticsearch.org": {
      "out": {
        "other": 1
      },
      "score": 0.0843
    },
    "www.trebbble.co": {
      "out": {
        "other": 1
      },
      "score": 0.0843
    },
    "machinesoflovinggrace.com": {
      "out": {
        "other": 1
      },
      "score": 0.0843
    },
    "socialopinion.gr": {
      "out": {
        "other": 1
      },
      "score": 0.0843
    },
    "www.loft2work.gr": {
      "out": {
        "other": 1
      },
      "score": 0.0843
    },
    "www.megatv.com": {
      "out": {
        "other": 1
      },
      "score": 0.0843
    },
    "www.wnyc.org": {
      "out": {
        "other": 1
      },
      "score": 0.0843
    },
    "facebook.com/pages": {
      "out": {
        "other": 1
      },
      "score": 0.0843
    },
    "twitter.com/newsyc200": {
      "out": {
        "other": 1
      },
      "score": 0.0843
    },
    "www.skype.com": {
      "out": {
        "other": 1
      },
      "score": 0.0843
    },
    "blog.thinglabs.com": {
      "out": {
        "other": 1
      },
      "score": 0.0843
    },
    "littleprinterblog.tumblr.com": {
      "out": {
        "other": 1
      },
      "score": 0.0843
    },
    "www.algolia.com": {
      "out": {
        "other": 1
      },
      "score": 0.0843
    },
    "www.bitcasa.com": {
      "out": {
        "other": 1
      },
      "score": 0.0843
    },
    "www.forbes.com": {
      "out": {
        "other": 1
      },
      "score": 0.0843
    },
    "brew.sh": {
      "out": {
        "other": 1
      },
      "score": 0.0843
    },
    "store.matthewebel.com": {
      "out": {
        "other": 1
      },
      "score": 0.0843
    },
    "www.statista.com": {
      "out": {
        "other": 1
      },
      "score": 0.0843
    },
    "blog.linkedin.com": {
      "out": {
        "other": 1
      },
      "score": 0.0843
    },
    "dashes.com": {
      "out": {
        "other": 1
      },
      "score": 0.0843
    },
    "flickr.com": {
      "out": {
        "other": 1
      },
      "score": 0.0843
    },
    "ivanzuzak.info": {
      "out": {
        "other": 1
      },
      "score": 0.0843
    },
    "www.wantworthy.com": {
      "out": {
        "other": 1
      },
      "score": 0.0843
    },
    "tyrell.livejournal.com": {
      "out": {
        "other": 1
      },
      "score": 0.0843
    },
    "www.insynchq.com": {
      "out": {
        "other": 1
      },
      "score": 0.0843
    },
    "www.redbullstratos.com": {
      "out": {
        "other": 1
      },
      "score": 0.0843
    },
    "harmlesslogic.wordpress.com": {
      "out": {
        "other": 1
      },
      "score": 0.0843
    },
    "macromates.com": {
      "out": {
        "other": 1
      },
      "score": 0.0843
    },
    "www.businessweek.com": {
      "out": {
        "other": 1
      },
      "score": 0.0843
    },
    "www.readwriteweb.com": {
      "out": {
        "other": 1
      },
      "score": 0.0843
    },
    "www.subtome.com": {
      "out": {
        "other": 1
      },
      "score": 0.0843
    },
    "itc.conversationsnetwork.org": {
      "out": {
        "other": 1
      },
      "score": 0.0843
    },
    "twitter.com/cybernouris": {
      "out": {
        "other": 1
      },
      "score": 0.0843
    },
    "www.popsci.com.au": {
      "out": {
        "other": 1
      },
      "score": 0.0843
    },
    "politicalreviewgr.blogspot.gr": {
      "out": {
        "other": 1
      },
      "score": 0.0843
    },
    "stackoverflow.com": {
      "out": {
        "other": 1
      },
      "score": 0.0843
    },
    "twitter.com/MailChimp": {
      "out": {
        "other": 1
      },
      "score": 0.0843
    },
    "webdiary.com": {
      "out": {
        "other": 1
      },
      "score": 0.0843
    },
    "tantek.com": {
      "in": {
        "like-of": 1
      },
      "score": 0.0843
    },
    "channelvas.com": {
      "out": {
        "other": 1
      },
      "score": 0.0843
    },
    "facebook.com/vrypan": {
      "out": {
        "other": 1
      },
      "score": 0.0843
    },
    "tapirgo.com": {
      "out": {
        "other": 1
      },
      "score": 0.0843
    },
    "www.echofon.com": {
      "out": {
        "other": 1
      },
      "score": 0.0843
    },
    "www.ustream.tv": {
      "out": {
        "other": 1
      },
      "score": 0.0843
    },
    "fargo.io": {
      "out": {
        "other": 1
      },
      "score": 0.0843
    },
    "longurl.org": {
      "out": {
        "other": 1
      },
      "score": 0.0843
    },
    "twitter.com/apas": {
      "out": {
        "other": 1
      },
      "score": 0.0843
    },
    "www.folklore.org": {
      "out": {
        "other": 1
      },
      "score": 0.0843
    },
    "www.theopenfund.com": {
      "out": {
        "other": 1
      },
      "score": 0.0843
    },
    "docs.intercom.io": {
      "out": {
        "other": 1
      },
      "score": 0.0843
    },
    "googlereader.blogspot.gr": {
      "out": {
        "other": 1
      },
      "score": 0.0843
    },
    "tapanta.blogspot.gr": {
      "out": {
        "other": 1
      },
      "score": 0.0843
    },
    "bitbucket.org": {
      "out": {
        "other": 1
      },
      "score": 0.0843
    },
    "english.martinvarsavsky.net": {
      "out": {
        "other": 1
      },
      "score": 0.0843
    },
    "mxcl.github.io": {
      "out": {
        "other": 1
      },
      "score": 0.0843
    },
    "online.wsj.com": {
      "out": {
        "other": 1
      },
      "score": 0.0843
    },
    "www.tedunangst.com": {
      "out": {
        "other": 1
      },
      "score": 0.0843
    },
    "www.weddingphotos.gr": {
      "out": {
        "other": 1
      },
      "score": 0.0843
    },
    "www.wired.co.uk": {
      "out": {
        "other": 1
      },
      "score": 0.0843
    },
    "accounts.google.com": {
      "out": {
        "other": 1
      },
      "score": 0.0843
    },
    "boingboing.net": {
      "out": {
        "other": 1
      },
      "score": 0.0843
    },
    "monodraw.helftone.com": {
      "out": {
        "other": 1
      },
      "score": 0.0843
    },
    "twitter.com/afivos": {
      "out": {
        "other": 1
      },
      "score": 0.0843
    },
    "www.skyboximaging.com": {
      "out": {
        "other": 1
      },
      "score": 0.0843
    },
    "developer.chrome.com": {
      "out": {
        "other": 1
      },
      "score": 0.0843
    },
    "ifttt.com": {
      "out": {
        "other": 1
      },
      "score": 0.0843
    },
    "javapapo.blogspot.com": {
      "out": {
        "other": 1
      },
      "score": 0.0843
    },
    "markcaudill.me": {
      "out": {
        "other": 1
      },
      "score": 0.0843
    },
    "news.cnet.com": {
      "out": {
        "other": 1
      },
      "score": 0.0843
    },
    "www.digitaldays.gr": {
      "out": {
        "other": 1
      },
      "score": 0.0843
    },
    "37signals.com": {
      "out": {
        "other": 1
      },
      "score": 0.0843
    },
    "geeksguideshow.com": {
      "out": {
        "other": 1
      },
      "score": 0.0843
    },
    "oscardelben.com": {
      "out": {
        "other": 1
      },
      "score": 0.0843
    },
    "www.pasok.gr": {
      "out": {
        "other": 1
      },
      "score": 0.0843
    },
    "agorf.gr": {
      "out": {
        "other": 1
      },
      "score": 0.0843
    },
    "blog.cloudflare.com": {
      "out": {
        "other": 1
      },
      "score": 0.0843
    },
    "business.twitter.com": {
      "out": {
        "other": 1
      },
      "score": 0.0843
    },
    "tlbxio.appengine.com": {
      "out": {
        "other": 1
      },
      "score": 0.0843
    },
    "www.gapingvoidart.com": {
      "out": {
        "other": 1
      },
      "score": 0.0843
    },
    "adsenseforfeeds.blogspot.com": {
      "out": {
        "other": 1
      },
      "score": 0.0843
    },
    "blog.mailchimp.com": {
      "out": {
        "other": 1
      },
      "score": 0.0843
    },
    "www.daisydiskapp.com": {
      "out": {
        "other": 1
      },
      "score": 0.0843
    },
    "cert.startcom.org": {
      "out": {
        "other": 1
      },
      "score": 0.0843
    },
    "odysseyvp.com": {
      "out": {
        "other": 1
      },
      "score": 0.0843
    },
    "twitter.com/newsyc50": {
      "out": {
        "other": 1
      },
      "score": 0.0843
    },
    "twitter.com/taniakaras": {
      "out": {
        "other": 1
      },
      "score": 0.0843
    },
    "longaccess.com": {
      "out": {
        "other": 1
      },
      "score": 0.0843
    },
    "plus.google.com": {
      "out": {
        "other": 1
      },
      "score": 0.0843
    },
    "startupper.gr": {
      "out": {
        "other": 1
      },
      "score": 0.0843
    },
    "tent.io": {
      "out": {
        "other": 1
      },
      "score": 0.0843
    },
    "twitter.com/SofiaDaizyful": {
      "out": {
        "other": 1
      },
      "score": 0.0843
    },
    "twitter.com/long_access": {
      "out": {
        "other": 1
      },
      "score": 0.0843
    },
    "www.aliveinside.us": {
      "out": {
        "other": 1
      },
      "score": 0.0843
    },
    "www.cato-at-liberty.org": {
      "out": {
        "other": 1
      },
      "score": 0.0843
    },
    "www.cloudability.com": {
      "out": {
        "other": 1
      },
      "score": 0.0843
    },
    "blog.macromates.com": {
      "out": {
        "other": 1
      },
      "score": 0.0843
    },
    "facebook.com/longaccess": {
      "out": {
        "other": 1
      },
      "score": 0.0843
    },
    "babelverse.com": {
      "out": {
        "other": 1
      },
      "score": 0.0843
    },
    "iconfactory.com": {
      "out": {
        "other": 1
      },
      "score": 0.0843
    },
    "kouk.surukle.me": {
      "out": {
        "other": 1
      },
      "score": 0.0843
    },
    "lolgreece.blogspot.gr": {
      "out": {
        "other": 1
      },
      "score": 0.0843
    },
    "thechangelog.com": {
      "out": {
        "other": 1
      },
      "score": 0.0843
    },
    "twitter.com/greenpeaceusa": {
      "out": {
        "other": 1
      },
      "score": 0.0843
    },
    "webmention.org": {
      "out": {
        "other": 1
      },
      "score": 0.0843
    },
    "aaronland.info": {
      "out": {
        "other": 1
      },
      "score": 0.0843
    },
    "www.astynomia.gr": {
      "out": {
        "other": 1
      },
      "score": 0.0843
    },
    "feedly.com": {
      "out": {
        "other": 1
      },
      "score": 0.0843
    },
    "feeds.pinboard.in": {
      "out": {
        "other": 1
      },
      "score": 0.0843
    },
    "octodex.github.com": {
      "out": {
        "other": 1
      },
      "score": 0.0843
    },
    "pireorama.blogspot.gr": {
      "out": {
        "other": 1
      },
      "score": 0.0843
    },
    "sourceforge.net": {
      "out": {
        "other": 1
      },
      "score": 0.0843
    },
    "twitter.com/erictparks": {
      "out": {
        "other": 1
      },
      "score": 0.0843
    },
    "www.cosmote.gr": {
      "out": {
        "other": 1
      },
      "score": 0.0843
    },
    "www.musicalley.com": {
      "out": {
        "other": 1
      },
      "score": 0.0843
    },
    "code.google.com": {
      "out": {
        "other": 1
      },
      "score": 0.0843
    },
    "twitter.com/newsyc100": {
      "out": {
        "other": 1
      },
      "score": 0.0843
    },
    "www.avaaz.org": {
      "out": {
        "other": 1
      },
      "score": 0.0843
    },
    "www.tanea.gr": {
      "out": {
        "other": 1
      },
      "score": 0.0843
    },
    "writing.natwelch.com": {
      "in": {
        "other": 1
      },
      "score": 0
    },
    "kartikprabhu.com": {
      "in": {
        "other": 1
      },
      "score": 0
    },
    "waterpigs.co.uk": {
      "in": {
        "other": 1
      },
      "score": 0
    }
  }
}