{
  "domain": "blog.bradgrier.com",
  "urls": [
    "http://blog.bradgrier.com/"
  ],
  "names": [
    "bradgrier.com"
  ],
  "descriptions": [
    "Brad Grier is a digital strategist, writer, blogger, photographer, and technology aficionado. Brad reviews the latest lifestyle technology, boardgames, and discusses technology-related issues."
  ],
  "pictures": [],
  "hcard": {},
  "rel_mes": [],
  "crawl_start": "2017-04-28T02:15:50",
  "crawl_end": "2017-04-28T03:30:54",
  "num_pages": 3242,
  "total_html_size": 225653958,
  "servers": [
    "nginx"
  ],
  "mf2_classes": [
    "h-feed",
    "h-card",
    "h-entry"
  ],
  "tags": [
    "bridgy"
  ],
  "endpoints": {},
  "links_out": 75360,
  "links_in": 6,
  "links": {
    "feedproxy.google.com": {
      "out": {
        "other": 16115
      },
      "score": 1
    },
    "technorati.com": {
      "out": {
        "other": 5962
      },
      "score": 0.902
    },
    "ipaddarkroom.com": {
      "out": {
        "other": 3330
      },
      "score": 0.846
    },
    "flipboard.com": {
      "out": {
        "other": 3311
      },
      "score": 0.846
    },
    "wordpress.org": {
      "out": {
        "other": 3294
      },
      "score": 0.845
    },
    "flickr.com": {
      "out": {
        "other": 3287
      },
      "score": 0.845
    },
    "feeds.feedburner.com": {
      "out": {
        "other": 3264
      },
      "score": 0.844
    },
    "facebook.com/StampinArts": {
      "out": {
        "other": 3225
      },
      "score": 0.843
    },
    "stampinarts.ca": {
      "out": {
        "other": 3225
      },
      "score": 0.843
    },
    "facebook.com/teasbytess": {
      "out": {
        "other": 3226
      },
      "score": 0.843
    },
    "linkedin.bradgrier.com": {
      "out": {
        "other": 3223
      },
      "score": 0.843
    },
    "www.futureshopforums.ca": {
      "out": {
        "other": 2916
      },
      "score": 0.834
    },
    "www.flickr.com": {
      "out": {
        "other": 1662
      },
      "score": 0.780
    },
    "www.technorati.com": {
      "out": {
        "other": 1131
      },
      "score": 0.742
    },
    "click.linksynergy.com": {
      "out": {
        "other": 948
      },
      "score": 0.726
    },
    "www.linkwithin.com": {
      "out": {
        "other": 928
      },
      "score": 0.724
    },
    "en.wikipedia.org": {
      "out": {
        "other": 514
      },
      "score": 0.667
    },
    "bgrier.posterous.com": {
      "out": {
        "other": 260
      },
      "score": 0.601
    },
    "twitter.com/bgrier": {
      "out": {
        "other": 253
      },
      "score": 0.599
    },
    "www.amazon.com": {
      "out": {
        "other": 253
      },
      "score": 0.599
    },
    "soundcloud.com": {
      "out": {
        "other": 251
      },
      "score": 0.598
    },
    "itunes.apple.com": {
      "out": {
        "other": 246
      },
      "score": 0.596
    },
    "vimeo.com": {
      "out": {
        "other": 226
      },
      "score": 0.588
    },
    "api.photoshop.com": {
      "out": {
        "other": 212
      },
      "score": 0.582
    },
    "blog.bradgrier.net": {
      "out": {
        "other": 209
      },
      "score": 0.581
    },
    "www.google.com": {
      "out": {
        "other": 186
      },
      "score": 0.569
    },
    "clickfree.com": {
      "out": {
        "other": 184
      },
      "score": 0.568
    },
    "creativecommons.org": {
      "out": {
        "other": 173
      },
      "score": 0.562
    },
    "www.opendns.com": {
      "out": {
        "other": 171
      },
      "score": 0.561
    },
    "www.photodropper.com": {
      "out": {
        "other": 165
      },
      "score": 0.558
    },
    "www.nasa.gov": {
      "out": {
        "other": 159
      },
      "score": 0.554
    },
    "www.youtube.com": {
      "out": {
        "other": 149
      },
      "score": 0.548
    },
    "www.amazon.ca": {
      "out": {
        "other": 134
      },
      "score": 0.538
    },
    "community.futureshop.ca": {
      "out": {
        "other": 119
      },
      "score": 0.526
    },
    "www.geocaching.com": {
      "out": {
        "other": 96
      },
      "score": 0.506
    },
    "del.icio.us": {
      "out": {
        "other": 94
      },
      "score": 0.504
    },
    "futureshopforums.com": {
      "out": {
        "other": 93
      },
      "score": 0.503
    },
    "www.ubuntu.com": {
      "out": {
        "other": 91
      },
      "score": 0.5
    },
    "keepass.info": {
      "out": {
        "other": 90
      },
      "score": 0.499
    },
    "www.captaintractor.com": {
      "out": {
        "other": 88
      },
      "score": 0.497
    },
    "twitter.com": {
      "out": {
        "other": 88
      },
      "score": 0.497
    },
    "aviary.com": {
      "out": {
        "other": 85
      },
      "score": 0.494
    },
    "www.apple.com": {
      "out": {
        "other": 84
      },
      "score": 0.492
    },
    "www.bravenewcode.com": {
      "out": {
        "other": 84
      },
      "score": 0.492
    },
    "getsongbird.com": {
      "out": {
        "other": 83
      },
      "score": 0.491
    },
    "hootsuite.com": {
      "out": {
        "other": 82
      },
      "score": 0.490
    },
    "www.microsoft.com": {
      "out": {
        "other": 82
      },
      "score": 0.490
    },
    "ow.ly": {
      "out": {
        "other": 82
      },
      "score": 0.490
    },
    "weeklybeats.com": {
      "out": {
        "other": 82
      },
      "score": 0.490
    },
    "arstechnica.com": {
      "out": {
        "other": 78
      },
      "score": 0.486
    },
    "lifehacker.com": {
      "out": {
        "other": 77
      },
      "score": 0.485
    },
    "www.cultofmac.com": {
      "out": {
        "other": 77
      },
      "score": 0.485
    },
    "www.palmcommander.com": {
      "out": {
        "other": 76
      },
      "score": 0.483
    },
    "www.cbc.ca": {
      "out": {
        "other": 74
      },
      "score": 0.481
    },
    "farm5.static.flickr.com": {
      "out": {
        "other": 73
      },
      "score": 0.479
    },
    "www.empireavenue.com": {
      "out": {
        "other": 72
      },
      "score": 0.478
    },
    "geo.itunes.apple.com": {
      "out": {
        "other": 68
      },
      "score": 0.472
    },
    "www.futureshop.ca": {
      "out": {
        "other": 67
      },
      "score": 0.471
    },
    "mashable.com": {
      "out": {
        "other": 66
      },
      "score": 0.469
    },
    "mozy.com": {
      "out": {
        "other": 66
      },
      "score": 0.469
    },
    "www.proporta.com": {
      "out": {
        "other": 66
      },
      "score": 0.469
    },
    "boardgamegeek.com": {
      "out": {
        "other": 62
      },
      "score": 0.463
    },
    "bit.ly": {
      "out": {
        "other": 61
      },
      "score": 0.462
    },
    "www.downloadsquad.com": {
      "out": {
        "other": 59
      },
      "score": 0.459
    },
    "www.photoshop.com": {
      "out": {
        "other": 58
      },
      "score": 0.457
    },
    "www.clickfree.com": {
      "out": {
        "other": 58
      },
      "score": 0.457
    },
    "i.imgur.com": {
      "out": {
        "other": 57
      },
      "score": 0.456
    },
    "openoffice.org": {
      "out": {
        "other": 57
      },
      "score": 0.456
    },
    "flip.it": {
      "out": {
        "other": 56
      },
      "score": 0.454
    },
    "getfirefox.com": {
      "out": {
        "other": 56
      },
      "score": 0.454
    },
    "www.boingboing.net": {
      "out": {
        "other": 54
      },
      "score": 0.45
    },
    "www.commoncraft.com": {
      "out": {
        "other": 54
      },
      "score": 0.45
    },
    "bgrier.wiki.zoho.com": {
      "out": {
        "other": 53
      },
      "score": 0.448
    },
    "www.canadahelps.org": {
      "out": {
        "other": 53
      },
      "score": 0.448
    },
    "www.epl.ca": {
      "out": {
        "other": 52
      },
      "score": 0.446
    },
    "www.tweetdeck.com": {
      "out": {
        "other": 52
      },
      "score": 0.446
    },
    "www.thestar.com": {
      "out": {
        "other": 51
      },
      "score": 0.444
    },
    "kerbalspaceprogram.com": {
      "out": {
        "other": 51
      },
      "score": 0.444
    },
    "yongfook.com": {
      "out": {
        "other": 50
      },
      "score": 0.443
    },
    "www.indiegogo.com": {
      "out": {
        "other": 50
      },
      "score": 0.443
    },
    "blip.fm": {
      "out": {
        "other": 50
      },
      "score": 0.443
    },
    "www.dropbox.com": {
      "out": {
        "other": 49
      },
      "score": 0.440
    },
    "cleardarksky.com": {
      "out": {
        "other": 48
      },
      "score": 0.438
    },
    "g1z.me": {
      "out": {
        "other": 48
      },
      "score": 0.438
    },
    "www.twitter.com": {
      "out": {
        "other": 47
      },
      "score": 0.437
    },
    "empireavenue.com": {
      "out": {
        "other": 46
      },
      "score": 0.435
    },
    "ninite.com": {
      "out": {
        "other": 46
      },
      "score": 0.435
    },
    "dl.dropbox.com": {
      "out": {
        "other": 46
      },
      "score": 0.435
    },
    "spideroak.com": {
      "out": {
        "other": 46
      },
      "score": 0.435
    },
    "web.archive.org": {
      "out": {
        "other": 45
      },
      "score": 0.433
    },
    "zenhabits.net": {
      "out": {
        "other": 45
      },
      "score": 0.433
    },
    "www.google.ca": {
      "out": {
        "other": 45
      },
      "score": 0.433
    },
    "iconfactory.com": {
      "out": {
        "other": 45
      },
      "score": 0.433
    },
    "i2.photobucket.com": {
      "out": {
        "other": 44
      },
      "score": 0.431
    },
    "www.fastcompany.com": {
      "out": {
        "other": 43
      },
      "score": 0.428
    },
    "lunchster.com": {
      "out": {
        "other": 42
      },
      "score": 0.426
    },
    "squareup.com": {
      "out": {
        "other": 42
      },
      "score": 0.426
    },
    "www.linkedin.com": {
      "out": {
        "other": 41
      },
      "score": 0.424
    },
    "itsamples.com": {
      "out": {
        "other": 40
      },
      "score": 0.421
    },
    "facebook.com/brad.grier": {
      "out": {
        "other": 40
      },
      "score": 0.421
    },
    "www.ubuntu-eee.com": {
      "out": {
        "other": 38
      },
      "score": 0.416
    },
    "www.budget.gc.ca": {
      "out": {
        "other": 38
      },
      "score": 0.416
    },
    "office.microsoft.com": {
      "out": {
        "other": 38
      },
      "score": 0.416
    },
    "focusmanifesto.com": {
      "out": {
        "other": 38
      },
      "score": 0.416
    },
    "podnova.com": {
      "out": {
        "other": 37
      },
      "score": 0.413
    },
    "addons.mozilla.org": {
      "out": {
        "other": 36
      },
      "score": 0.412
    },
    "www.kinsa.net": {
      "out": {
        "other": 36
      },
      "score": 0.412
    },
    "www.tuaw.com": {
      "out": {
        "other": 36
      },
      "score": 0.412
    },
    "danzarrella.com": {
      "out": {
        "other": 36
      },
      "score": 0.412
    },
    "www.asrock.com": {
      "out": {
        "other": 35
      },
      "score": 0.409
    },
    "gmail.com": {
      "out": {
        "other": 35
      },
      "score": 0.409
    },
    "empave.tumblr.com": {
      "out": {
        "other": 34
      },
      "score": 0.406
    },
    "feedburner.com": {
      "out": {
        "other": 34
      },
      "score": 0.406
    },
    "tweetdeck.com": {
      "out": {
        "other": 34
      },
      "score": 0.406
    },
    "www.moodagent.com": {
      "out": {
        "other": 34
      },
      "score": 0.406
    },
    "www.moviemakerpreview.com": {
      "out": {
        "other": 34
      },
      "score": 0.406
    },
    "www.groceryiq.com": {
      "out": {
        "other": 34
      },
      "score": 0.406
    },
    "tr.im": {
      "out": {
        "other": 32
      },
      "score": 0.4
    },
    "gmailblog.blogspot.com": {
      "out": {
        "other": 32
      },
      "score": 0.4
    },
    "twitter.com/gregbd": {
      "out": {
        "other": 32
      },
      "score": 0.4
    },
    "news.bbc.co.uk": {
      "out": {
        "other": 32
      },
      "score": 0.4
    },
    "www.mediapost.com": {
      "out": {
        "other": 32
      },
      "score": 0.4
    },
    "YouLikeAirplanesToo.com": {
      "out": {
        "other": 32
      },
      "score": 0.4
    },
    "db.tt": {
      "out": {
        "other": 32
      },
      "score": 0.4
    },
    "xbmc.org": {
      "out": {
        "other": 32
      },
      "score": 0.4
    },
    "www.pcworld.ca": {
      "out": {
        "other": 32
      },
      "score": 0.4
    },
    "support.apple.com": {
      "out": {
        "other": 31
      },
      "score": 0.397
    },
    "twitter.com/GuyKawasaki": {
      "out": {
        "other": 31
      },
      "score": 0.397
    },
    "freemacway.com": {
      "out": {
        "other": 31
      },
      "score": 0.397
    },
    "www.bloomberg.com": {
      "out": {
        "other": 31
      },
      "score": 0.397
    },
    "techcrunch.com": {
      "out": {
        "in-reply-to": 6
      },
      "score": 0.393
    },
    "www.beamdog.com": {
      "out": {
        "other": 30
      },
      "score": 0.393
    },
    "eeepc.asus.com": {
      "out": {
        "other": 30
      },
      "score": 0.393
    },
    "www.techcrunch.com": {
      "out": {
        "other": 30
      },
      "score": 0.393
    },
    "blog.kobobooks.com": {
      "out": {
        "other": 30
      },
      "score": 0.393
    },
    "firemint.com": {
      "out": {
        "other": 30
      },
      "score": 0.393
    },
    "www.gerrymcgovern.com": {
      "out": {
        "other": 30
      },
      "score": 0.393
    },
    "evernote.com": {
      "out": {
        "other": 30
      },
      "score": 0.393
    },
    "www.wired.com": {
      "out": {
        "other": 29
      },
      "score": 0.390
    },
    "www.nytimes.com": {
      "out": {
        "other": 29
      },
      "score": 0.390
    },
    "writeordie.drwicked.com": {
      "out": {
        "other": 28
      },
      "score": 0.388
    },
    "www.dominickamp.de": {
      "out": {
        "other": 28
      },
      "score": 0.388
    },
    "replay.waybackmachine.org": {
      "out": {
        "other": 28
      },
      "score": 0.388
    },
    "www.lincoln.com": {
      "out": {
        "other": 28
      },
      "score": 0.388
    },
    "bighugelabs.com": {
      "out": {
        "other": 28
      },
      "score": 0.388
    },
    "www.adobe.com": {
      "out": {
        "other": 27
      },
      "score": 0.384
    },
    "gizmodo.com": {
      "out": {
        "other": 27
      },
      "score": 0.384
    },
    "ranger-bob.net": {
      "out": {
        "other": 26
      },
      "score": 0.380
    },
    "careers.ama.ab.ca": {
      "out": {
        "other": 26
      },
      "score": 0.380
    },
    "www.calicanrescue.com": {
      "out": {
        "other": 26
      },
      "score": 0.380
    },
    "sourceforge.net": {
      "out": {
        "other": 26
      },
      "score": 0.380
    },
    "www.wacom.com": {
      "out": {
        "other": 26
      },
      "score": 0.380
    },
    "erictanart.blogspot.com": {
      "out": {
        "other": 26
      },
      "score": 0.380
    },
    "www.synthtopia.com": {
      "out": {
        "other": 25
      },
      "score": 0.376
    },
    "farm6.static.flickr.com": {
      "out": {
        "other": 25
      },
      "score": 0.376
    },
    "venturebeat.com": {
      "out": {
        "in-reply-to": 5
      },
      "score": 0.376
    },
    "littlecosm.com": {
      "out": {
        "other": 25
      },
      "score": 0.376
    },
    "www.forimmediaterelease.biz": {
      "out": {
        "other": 25
      },
      "score": 0.376
    },
    "www.neoinsight.com": {
      "out": {
        "other": 24
      },
      "score": 0.372
    },
    "corpsmoderne.itch.io": {
      "out": {
        "other": 24
      },
      "score": 0.372
    },
    "www.anticipationsf.ca": {
      "out": {
        "other": 24
      },
      "score": 0.372
    },
    "geocachingedmonton.com": {
      "out": {
        "other": 24
      },
      "score": 0.372
    },
    "www.astrophoto.fr": {
      "out": {
        "other": 24
      },
      "score": 0.372
    },
    "www.geocachingedmonton.com": {
      "out": {
        "other": 24
      },
      "score": 0.372
    },
    "secure.wikimedia.org": {
      "out": {
        "other": 24
      },
      "score": 0.372
    },
    "www.doxpara.com": {
      "out": {
        "other": 24
      },
      "score": 0.372
    },
    "www.getdropbox.com": {
      "out": {
        "other": 24
      },
      "score": 0.372
    },
    "www.torontosun.com": {
      "out": {
        "other": 24
      },
      "score": 0.372
    },
    "klip.bradgrier.com": {
      "out": {
        "other": 23
      },
      "score": 0.368
    },
    "blog.box.com": {
      "out": {
        "other": 23
      },
      "score": 0.368
    },
    "skydrive.live.com": {
      "out": {
        "other": 23
      },
      "score": 0.368
    },
    "www.sugarsync.com": {
      "out": {
        "other": 23
      },
      "score": 0.368
    },
    "gigaom.com": {
      "out": {
        "other": 23
      },
      "score": 0.368
    },
    "blog.dropbox.com": {
      "out": {
        "other": 23
      },
      "score": 0.368
    },
    "docs.google.com": {
      "out": {
        "other": 23
      },
      "score": 0.368
    },
    "ios.wordpress.org": {
      "out": {
        "other": 23
      },
      "score": 0.368
    },
    "sethgodin.typepad.com": {
      "out": {
        "other": 23
      },
      "score": 0.368
    },
    "www.cmswire.com": {
      "out": {
        "other": 23
      },
      "score": 0.368
    },
    "mostly365.com": {
      "out": {
        "other": 23
      },
      "score": 0.368
    },
    "mail.google.com": {
      "out": {
        "other": 22
      },
      "score": 0.363
    },
    "google.com": {
      "out": {
        "other": 22
      },
      "score": 0.363
    },
    "www.mobilecrunch.com": {
      "out": {
        "other": 22
      },
      "score": 0.363
    },
    "www.moo.com": {
      "out": {
        "other": 22
      },
      "score": 0.363
    },
    "googleblog.blogspot.com": {
      "out": {
        "other": 22
      },
      "score": 0.363
    },
    "google.ca": {
      "out": {
        "other": 22
      },
      "score": 0.363
    },
    "en.blog.wordpress.com": {
      "out": {
        "other": 22
      },
      "score": 0.363
    },
    "eightface.com": {
      "out": {
        "other": 22
      },
      "score": 0.363
    },
    "campl.us": {
      "out": {
        "other": 22
      },
      "score": 0.363
    },
    "www.computerworld.com": {
      "out": {
        "other": 22
      },
      "score": 0.363
    },
    "twerpscan.com": {
      "out": {
        "other": 21
      },
      "score": 0.360
    },
    "ello.co": {
      "out": {
        "other": 21
      },
      "score": 0.360
    },
    "www.thermaltakeusa.com": {
      "out": {
        "other": 21
      },
      "score": 0.360
    },
    "diythemes.com": {
      "out": {
        "other": 21
      },
      "score": 0.360
    },
    "www.demo.com": {
      "out": {
        "other": 21
      },
      "score": 0.360
    },
    "twitter.com/lunchster": {
      "out": {
        "other": 21
      },
      "score": 0.360
    },
    "www.avesh.com": {
      "out": {
        "other": 21
      },
      "score": 0.360
    },
    "twitter.com/audemars02": {
      "out": {
        "other": 21
      },
      "score": 0.360
    },
    "4q.iperceptions.com": {
      "out": {
        "other": 21
      },
      "score": 0.360
    },
    "www.theglobeandmail.com": {
      "out": {
        "other": 20
      },
      "score": 0.355
    },
    "canucktek.com": {
      "out": {
        "other": 20
      },
      "score": 0.355
    },
    "everybodybe.com": {
      "out": {
        "other": 20
      },
      "score": 0.355
    },
    "tools.pingdom.com": {
      "out": {
        "other": 20
      },
      "score": 0.355
    },
    "www.mattcutts.com": {
      "out": {
        "other": 20
      },
      "score": 0.355
    },
    "labs.live.com": {
      "out": {
        "other": 20
      },
      "score": 0.355
    },
    "imgur.com": {
      "out": {
        "other": 20
      },
      "score": 0.355
    },
    "facebook.com/events": {
      "out": {
        "other": 20
      },
      "score": 0.355
    },
    "rollip.com": {
      "out": {
        "other": 20
      },
      "score": 0.355
    },
    "homecamera.com": {
      "out": {
        "other": 20
      },
      "score": 0.355
    },
    "www.michaelgeist.ca": {
      "out": {
        "other": 20
      },
      "score": 0.355
    },
    "www.gimp.org": {
      "out": {
        "other": 20
      },
      "score": 0.355
    },
    "farm2.static.flickr.com": {
      "out": {
        "other": 20
      },
      "score": 0.355
    },
    "farm1.static.flickr.com": {
      "out": {
        "other": 20
      },
      "score": 0.355
    },
    "ioptout.ca": {
      "out": {
        "other": 19
      },
      "score": 0.35
    },
    "macphun.com": {
      "out": {
        "other": 19
      },
      "score": 0.35
    },
    "www.edmonton.ca": {
      "out": {
        "other": 19
      },
      "score": 0.35
    },
    "wiki.greasespot.net": {
      "out": {
        "other": 19
      },
      "score": 0.35
    },
    "www.farbeyondthestars.com": {
      "out": {
        "other": 19
      },
      "score": 0.35
    },
    "facebook.com/timothyjayosborne": {
      "out": {
        "other": 19
      },
      "score": 0.35
    },
    "airdownload.adobe.com": {
      "out": {
        "other": 19
      },
      "score": 0.35
    },
    "earth.google.com": {
      "out": {
        "other": 19
      },
      "score": 0.35
    },
    "aflourishinglife.com": {
      "out": {
        "other": 19
      },
      "score": 0.35
    },
    "www.1st-soft.net": {
      "out": {
        "other": 19
      },
      "score": 0.35
    },
    "www.rockyourday.com": {
      "out": {
        "other": 19
      },
      "score": 0.35
    },
    "www.downthemall.net": {
      "out": {
        "other": 19
      },
      "score": 0.35
    },
    "www.gwenbell.com": {
      "out": {
        "other": 19
      },
      "score": 0.35
    },
    "www.realritual.com": {
      "out": {
        "other": 19
      },
      "score": 0.35
    },
    "www.davidco.com": {
      "out": {
        "other": 19
      },
      "score": 0.35
    },
    "www.okgo.net": {
      "out": {
        "other": 19
      },
      "score": 0.35
    },
    "www.lexcycle.com": {
      "out": {
        "other": 19
      },
      "score": 0.35
    },
    "techome.wordpress.com": {
      "out": {
        "other": 19
      },
      "score": 0.35
    },
    "www.domoregreatwork.com": {
      "out": {
        "other": 19
      },
      "score": 0.35
    },
    "crunchgear.com": {
      "out": {
        "other": 19
      },
      "score": 0.35
    },
    "www.blogactionday.org": {
      "out": {
        "other": 19
      },
      "score": 0.35
    },
    "www.korg.com": {
      "out": {
        "other": 19
      },
      "score": 0.35
    },
    "www.cyberbuzz.com": {
      "out": {
        "other": 18
      },
      "score": 0.344
    },
    "http": {
      "out": {
        "other": 18
      },
      "score": 0.344
    },
    "download.tweetdeck.com": {
      "out": {
        "other": 18
      },
      "score": 0.344
    },
    "twitter.com/home": {
      "out": {
        "other": 18
      },
      "score": 0.344
    },
    "Google.com": {
      "out": {
        "other": 18
      },
      "score": 0.344
    },
    "www.nextgenplayer.com": {
      "out": {
        "other": 18
      },
      "score": 0.344
    },
    "news.microsoft.ca": {
      "out": {
        "other": 18
      },
      "score": 0.344
    },
    "su.pr": {
      "out": {
        "other": 18
      },
      "score": 0.344
    },
    "www.trishussey.com": {
      "out": {
        "other": 18
      },
      "score": 0.344
    },
    "seesmic.com": {
      "out": {
        "other": 18
      },
      "score": 0.344
    },
    "futureshop.ca": {
      "out": {
        "other": 18
      },
      "score": 0.344
    },
    "tweetdeck.posterous.com": {
      "out": {
        "other": 18
      },
      "score": 0.344
    },
    "www.mathewkumar.com": {
      "out": {
        "other": 18
      },
      "score": 0.344
    },
    "mixero.com": {
      "out": {
        "other": 18
      },
      "score": 0.344
    },
    "browsewithconfidence.ca": {
      "out": {
        "other": 18
      },
      "score": 0.344
    },
    "blog.blip.fm": {
      "out": {
        "other": 18
      },
      "score": 0.344
    },
    "www.seeingthemoment.com": {
      "out": {
        "other": 18
      },
      "score": 0.344
    },
    "www.mynameiskate.ca": {
      "out": {
        "other": 17
      },
      "score": 0.339
    },
    "idreamdigital.com": {
      "out": {
        "other": 17
      },
      "score": 0.339
    },
    "twittercounter.com": {
      "out": {
        "other": 17
      },
      "score": 0.339
    },
    "www.general-election-2010.co.uk": {
      "out": {
        "other": 17
      },
      "score": 0.339
    },
    "thetwitterguide.com": {
      "out": {
        "other": 17
      },
      "score": 0.339
    },
    "eatips.blogspot.com": {
      "out": {
        "other": 17
      },
      "score": 0.339
    },
    "corp.empireavenue.com": {
      "out": {
        "other": 17
      },
      "score": 0.339
    },
    "colinpicks.wordpress.com": {
      "out": {
        "other": 17
      },
      "score": 0.339
    },
    "archive.org": {
      "out": {
        "other": 17
      },
      "score": 0.339
    },
    "c2.com": {
      "out": {
        "other": 17
      },
      "score": 0.339
    },
    "gamemechanics.posterous.com": {
      "out": {
        "other": 17
      },
      "score": 0.339
    },
    "johnsadventures.com": {
      "out": {
        "other": 17
      },
      "score": 0.339
    },
    "ea4dummies.blogspot.com": {
      "out": {
        "other": 17
      },
      "score": 0.339
    },
    "gulrok.wordpress.com": {
      "out": {
        "other": 17
      },
      "score": 0.339
    },
    "www.ranker.com": {
      "out": {
        "other": 17
      },
      "score": 0.339
    },
    "www.thinkgeek.com": {
      "out": {
        "other": 17
      },
      "score": 0.339
    },
    "search.twitter.com": {
      "out": {
        "other": 17
      },
      "score": 0.339
    },
    "discussions.apple.com": {
      "out": {
        "other": 17
      },
      "score": 0.339
    },
    "www.eweek.com": {
      "out": {
        "other": 17
      },
      "score": 0.339
    },
    "news.softpedia.com": {
      "out": {
        "other": 17
      },
      "score": 0.339
    },
    "twitter.com/empireave": {
      "out": {
        "other": 17
      },
      "score": 0.339
    },
    "codex.wordpress.org": {
      "out": {
        "other": 17
      },
      "score": 0.339
    },
    "2epub.com": {
      "out": {
        "other": 17
      },
      "score": 0.339
    },
    "twitter.com/zoomjer": {
      "out": {
        "other": 17
      },
      "score": 0.339
    },
    "download.live.com": {
      "out": {
        "other": 17
      },
      "score": 0.339
    },
    "itunes.com": {
      "out": {
        "other": 17
      },
      "score": 0.339
    },
    "tweetstats.com": {
      "out": {
        "other": 17
      },
      "score": 0.339
    },
    "www.poynter.org": {
      "out": {
        "other": 17
      },
      "score": 0.339
    },
    "www.gurudigitalarts.org": {
      "out": {
        "other": 17
      },
      "score": 0.339
    },
    "www.chrisg.com": {
      "out": {
        "other": 17
      },
      "score": 0.339
    },
    "pockettactics.com": {
      "out": {
        "other": 17
      },
      "score": 0.339
    },
    "www.pcworld.com": {
      "out": {
        "other": 17
      },
      "score": 0.339
    },
    "amidio.com": {
      "out": {
        "other": 17
      },
      "score": 0.339
    },
    "blog.twitter.com": {
      "out": {
        "other": 17
      },
      "score": 0.339
    },
    "generalzod28.wordpress.com": {
      "out": {
        "other": 17
      },
      "score": 0.339
    },
    "images.apple.com": {
      "out": {
        "other": 17
      },
      "score": 0.339
    },
    "twitterfeed.com": {
      "out": {
        "other": 16
      },
      "score": 0.334
    },
    "facebook.com/podbay": {
      "out": {
        "other": 16
      },
      "score": 0.334
    },
    "scifiwire.com": {
      "out": {
        "other": 16
      },
      "score": 0.334
    },
    "wechoosethemoon.org": {
      "out": {
        "other": 16
      },
      "score": 0.334
    },
    "twitter.com/AP11_EAGLE": {
      "out": {
        "other": 16
      },
      "score": 0.334
    },
    "www.space.gc.ca": {
      "out": {
        "other": 16
      },
      "score": 0.334
    },
    "www.jeffsandquist.com": {
      "out": {
        "other": 16
      },
      "score": 0.334
    },
    "youtube.com": {
      "out": {
        "other": 16
      },
      "score": 0.334
    },
    "blog.netvibes.com": {
      "out": {
        "other": 16
      },
      "score": 0.334
    },
    "unweary.com": {
      "out": {
        "other": 16
      },
      "score": 0.334
    },
    "www.balsamiq.com": {
      "out": {
        "other": 16
      },
      "score": 0.334
    },
    "facebook.com/feeds": {
      "out": {
        "other": 16
      },
      "score": 0.334
    },
    "threads2.scripting.com": {
      "out": {
        "other": 16
      },
      "score": 0.334
    },
    "Astronomy.com": {
      "out": {
        "other": 16
      },
      "score": 0.334
    },
    "www.audioactivism.org": {
      "out": {
        "other": 16
      },
      "score": 0.334
    },
    "SkyAndTelescope.com": {
      "out": {
        "other": 16
      },
      "score": 0.334
    },
    "delicious.com": {
      "out": {
        "other": 16
      },
      "score": 0.334
    },
    "www.onedegree.ca": {
      "out": {
        "other": 16
      },
      "score": 0.334
    },
    "twitter.com/gen_beaulieu": {
      "out": {
        "other": 16
      },
      "score": 0.334
    },
    "twitter.com/AP11_SPACECRAFT": {
      "out": {
        "other": 16
      },
      "score": 0.334
    },
    "www.btedmonton.ca": {
      "out": {
        "other": 16
      },
      "score": 0.334
    },
    "www.techlifeweb.com": {
      "out": {
        "other": 16
      },
      "score": 0.334
    },
    "twitku.com": {
      "out": {
        "other": 16
      },
      "score": 0.334
    },
    "twitter.com/AP11_CAPCOM": {
      "out": {
        "other": 16
      },
      "score": 0.334
    },
    "www.xbox-linux.org": {
      "out": {
        "other": 16
      },
      "score": 0.334
    },
    "www.talklikeapirate.com": {
      "out": {
        "other": 16
      },
      "score": 0.334
    },
    "skymaps.com": {
      "out": {
        "other": 16
      },
      "score": 0.334
    },
    "www.odyssium.com": {
      "out": {
        "other": 16
      },
      "score": 0.334
    },
    "jaiku.com": {
      "out": {
        "other": 16
      },
      "score": 0.334
    },
    "movies.yahoo.com": {
      "out": {
        "other": 16
      },
      "score": 0.334
    },
    "www.privoxy.org": {
      "out": {
        "other": 16
      },
      "score": 0.334
    },
    "dougal.gunters.org": {
      "out": {
        "other": 16
      },
      "score": 0.334
    },
    "facebook.com/twitter": {
      "out": {
        "other": 16
      },
      "score": 0.334
    },
    "netvibes.com": {
      "out": {
        "other": 16
      },
      "score": 0.334
    },
    "www.chapters.indigo.ca": {
      "out": {
        "other": 15
      },
      "score": 0.327
    },
    "www.fourhourworkweek.com": {
      "out": {
        "other": 15
      },
      "score": 0.327
    },
    "facebook.com": {
      "out": {
        "other": 15
      },
      "score": 0.327
    },
    "www.tisgoud.nl": {
      "out": {
        "other": 15
      },
      "score": 0.327
    },
    "secure.logmein.com": {
      "out": {
        "other": 15
      },
      "score": 0.327
    },
    "news.nationalgeographic.com": {
      "out": {
        "other": 15
      },
      "score": 0.327
    },
    "www.mobileread.com": {
      "out": {
        "other": 15
      },
      "score": 0.327
    },
    "www.pomodorotechnique.com": {
      "out": {
        "other": 15
      },
      "score": 0.327
    },
    "friendorfollow.com": {
      "out": {
        "other": 15
      },
      "score": 0.327
    },
    "polldaddy.com": {
      "out": {
        "other": 15
      },
      "score": 0.327
    },
    "www.cbronline.com": {
      "out": {
        "other": 15
      },
      "score": 0.327
    },
    "lifeinlofi.com": {
      "out": {
        "other": 15
      },
      "score": 0.327
    },
    "moo.com": {
      "out": {
        "other": 15
      },
      "score": 0.327
    },
    "twitter.com/mynameiskate": {
      "out": {
        "other": 15
      },
      "score": 0.327
    },
    "caffeinesunday.blogspot.com": {
      "out": {
        "other": 15
      },
      "score": 0.327
    },
    "forum.eeeuser.com": {
      "out": {
        "other": 15
      },
      "score": 0.327
    },
    "kobo.zendesk.com": {
      "out": {
        "other": 15
      },
      "score": 0.327
    },
    "twitoria.com": {
      "out": {
        "other": 15
      },
      "score": 0.327
    },
    "hosted.ap.org": {
      "out": {
        "other": 15
      },
      "score": 0.327
    },
    "www.pinterest.com": {
      "out": {
        "other": 15
      },
      "score": 0.327
    },
    "www.boxesandarrows.com": {
      "out": {
        "other": 15
      },
      "score": 0.327
    },
    "www.spreadfirefox.com": {
      "out": {
        "other": 15
      },
      "score": 0.327
    },
    "www.getsongbird.com": {
      "out": {
        "other": 15
      },
      "score": 0.327
    },
    "trishussey.com": {
      "out": {
        "other": 15
      },
      "score": 0.327
    },
    "www.theregister.co.uk": {
      "out": {
        "other": 15
      },
      "score": 0.327
    },
    "iphone.macworld.com": {
      "out": {
        "other": 15
      },
      "score": 0.327
    },
    "twitter.com/cjnash": {
      "out": {
        "other": 15
      },
      "score": 0.327
    },
    "dossy.org": {
      "out": {
        "other": 15
      },
      "score": 0.327
    },
    "www.blueskyfactory.com": {
      "out": {
        "other": 15
      },
      "score": 0.327
    },
    "h10025.www1.hp.com": {
      "out": {
        "other": 15
      },
      "score": 0.327
    },
    "www.teleread.com": {
      "out": {
        "other": 15
      },
      "score": 0.327
    },
    "twitter.com/frostedbetty": {
      "out": {
        "other": 15
      },
      "score": 0.327
    },
    "www.demonoid.me": {
      "out": {
        "other": 14
      },
      "score": 0.320
    },
    "latimesblogs.latimes.com": {
      "out": {
        "other": 14
      },
      "score": 0.320
    },
    "twitter.com/larysaw": {
      "out": {
        "other": 14
      },
      "score": 0.320
    },
    "video.google.ca": {
      "out": {
        "other": 14
      },
      "score": 0.320
    },
    "wptavern.com": {
      "out": {
        "other": 14
      },
      "score": 0.320
    },
    "twitter.com/tturbo": {
      "out": {
        "other": 14
      },
      "score": 0.320
    },
    "www.freesound.org": {
      "out": {
        "other": 14
      },
      "score": 0.320
    },
    "fusion.net": {
      "out": {
        "other": 14
      },
      "score": 0.320
    },
    "www.rescuetime.com": {
      "out": {
        "other": 14
      },
      "score": 0.320
    },
    "inside.flipboard.com": {
      "out": {
        "other": 14
      },
      "score": 0.320
    },
    "shinytoyguns.com": {
      "out": {
        "other": 14
      },
      "score": 0.320
    },
    "mozilla.github.io": {
      "out": {
        "other": 14
      },
      "score": 0.320
    },
    "xkcd.com": {
      "out": {
        "other": 14
      },
      "score": 0.320
    },
    "www.pockettactics.com": {
      "out": {
        "other": 14
      },
      "score": 0.320
    },
    "juxtapose.knightlab.com": {
      "out": {
        "other": 14
      },
      "score": 0.320
    },
    "twitter.com/danielbachhuber": {
      "out": {
        "other": 14
      },
      "score": 0.320
    },
    "www.infoworld.com": {
      "out": {
        "other": 14
      },
      "score": 0.320
    },
    "www.lightingdiagrams.com": {
      "out": {
        "other": 14
      },
      "score": 0.320
    },
    "penny-arcade.com": {
      "out": {
        "other": 14
      },
      "score": 0.320
    },
    "www.guildwars2.com": {
      "out": {
        "other": 14
      },
      "score": 0.320
    },
    "www.youlikeairplanestoo.com": {
      "out": {
        "other": 14
      },
      "score": 0.320
    },
    "labs.google.com": {
      "out": {
        "other": 14
      },
      "score": 0.320
    },
    "www.zzap64.co.uk": {
      "out": {
        "other": 14
      },
      "score": 0.320
    },
    "techmeme.com": {
      "out": {
        "other": 14
      },
      "score": 0.320
    },
    "blog.caa.ca": {
      "out": {
        "other": 14
      },
      "score": 0.320
    },
    "portal.treobits.com": {
      "out": {
        "other": 13
      },
      "score": 0.313
    },
    "www.waskahegantrail.ca": {
      "out": {
        "other": 13
      },
      "score": 0.313
    },
    "twitter.com/amaroadreports": {
      "out": {
        "other": 13
      },
      "score": 0.313
    },
    "www.archive.org": {
      "out": {
        "other": 13
      },
      "score": 0.313
    },
    "s211.photobucket.com": {
      "out": {
        "other": 13
      },
      "score": 0.313
    },
    "www.successful-blog.com": {
      "out": {
        "other": 13
      },
      "score": 0.313
    },
    "www.pcmag.com": {
      "out": {
        "other": 13
      },
      "score": 0.313
    },
    "cf.geekdo-images.com": {
      "out": {
        "other": 13
      },
      "score": 0.313
    },
    "logitech.com": {
      "out": {
        "other": 13
      },
      "score": 0.313
    },
    "kerbaldevteam.tumblr.com": {
      "out": {
        "other": 13
      },
      "score": 0.313
    },
    "www.lcdstudio.com": {
      "out": {
        "other": 13
      },
      "score": 0.313
    },
    "bratandtesty.homeip.net": {
      "out": {
        "other": 13
      },
      "score": 0.313
    },
    "bbs.keyhole.com": {
      "out": {
        "other": 12
      },
      "score": 0.306
    },
    "news.cnet.com": {
      "out": {
        "other": 12
      },
      "score": 0.306
    },
    "www.inquisitorx.com": {
      "out": {
        "other": 12
      },
      "score": 0.306
    },
    "www.crunchgear.com": {
      "out": {
        "other": 12
      },
      "score": 0.306
    },
    "www.gigpark.com": {
      "out": {
        "other": 12
      },
      "score": 0.306
    },
    "www.motive.co.nz": {
      "out": {
        "other": 12
      },
      "score": 0.306
    },
    "www.foobar2000.org": {
      "out": {
        "other": 12
      },
      "score": 0.306
    },
    "www.theverge.com": {
      "out": {
        "other": 12
      },
      "score": 0.306
    },
    "gsfn.us": {
      "out": {
        "other": 12
      },
      "score": 0.306
    },
    "www.disruptiveconversations.com": {
      "out": {
        "other": 12
      },
      "score": 0.306
    },
    "apple.com": {
      "out": {
        "other": 12
      },
      "score": 0.306
    },
    "readmill.com": {
      "out": {
        "other": 12
      },
      "score": 0.306
    },
    "hype.non-standard.net": {
      "out": {
        "other": 12
      },
      "score": 0.306
    },
    "www.caughq.org": {
      "out": {
        "other": 12
      },
      "score": 0.306
    },
    "farm8.staticflickr.com": {
      "out": {
        "other": 12
      },
      "score": 0.306
    },
    "www.battlefieldheroes.com": {
      "out": {
        "other": 12
      },
      "score": 0.306
    },
    "www.macwindows.com": {
      "out": {
        "other": 12
      },
      "score": 0.306
    },
    "www.winamp.com": {
      "out": {
        "other": 12
      },
      "score": 0.306
    },
    "twitter.com/LarysaW": {
      "out": {
        "other": 12
      },
      "score": 0.306
    },
    "maps.google.com": {
      "out": {
        "other": 12
      },
      "score": 0.306
    },
    "podbrix.com": {
      "out": {
        "other": 12
      },
      "score": 0.306
    },
    "www.joost.com": {
      "out": {
        "other": 12
      },
      "score": 0.306
    },
    "www.videolan.org": {
      "out": {
        "other": 12
      },
      "score": 0.306
    },
    "www.macphun.com": {
      "out": {
        "other": 12
      },
      "score": 0.306
    },
    "www.teamfortress.com": {
      "out": {
        "other": 12
      },
      "score": 0.306
    },
    "www.associationmagazine.com": {
      "out": {
        "other": 12
      },
      "score": 0.306
    },
    "www.xdrive.com": {
      "out": {
        "other": 12
      },
      "score": 0.306
    },
    "blog.rescuetime.com": {
      "out": {
        "other": 12
      },
      "score": 0.306
    },
    "www.skype.com": {
      "out": {
        "other": 12
      },
      "score": 0.306
    },
    "dogster.com": {
      "out": {
        "other": 12
      },
      "score": 0.306
    },
    "calibre-ebook.com": {
      "out": {
        "other": 12
      },
      "score": 0.306
    },
    "shipit.ubuntu.com": {
      "out": {
        "other": 12
      },
      "score": 0.306
    },
    "www.creativelive.com": {
      "out": {
        "other": 11
      },
      "score": 0.297
    },
    "www.geteasypeasy.com": {
      "out": {
        "other": 11
      },
      "score": 0.297
    },
    "www.ccbn-nbc.gc.ca": {
      "out": {
        "other": 11
      },
      "score": 0.297
    },
    "michaelmartine.com": {
      "out": {
        "other": 11
      },
      "score": 0.297
    },
    "photos1.blogger.com": {
      "out": {
        "other": 11
      },
      "score": 0.297
    },
    "grasshopperfactory.com": {
      "out": {
        "other": 11
      },
      "score": 0.297
    },
    "chordify.net": {
      "out": {
        "other": 11
      },
      "score": 0.297
    },
    "www.lacitadelle.qc.ca": {
      "out": {
        "other": 11
      },
      "score": 0.297
    },
    "steamcommunity.com": {
      "out": {
        "other": 11
      },
      "score": 0.297
    },
    "www.betanews.com": {
      "out": {
        "other": 11
      },
      "score": 0.297
    },
    "eeebuntu.org": {
      "out": {
        "other": 11
      },
      "score": 0.297
    },
    "www.eeebuntu.org": {
      "out": {
        "other": 11
      },
      "score": 0.297
    },
    "hashable.com": {
      "out": {
        "other": 11
      },
      "score": 0.297
    },
    "business.ualberta.ca": {
      "out": {
        "other": 11
      },
      "score": 0.297
    },
    "www.timeanddate.com": {
      "out": {
        "other": 11
      },
      "score": 0.297
    },
    "adamsnider.com": {
      "out": {
        "other": 11
      },
      "score": 0.297
    },
    "www.ilfilosofo.com": {
      "out": {
        "other": 11
      },
      "score": 0.297
    },
    "apple.ca": {
      "out": {
        "other": 11
      },
      "score": 0.297
    },
    "blogs.discovermagazine.com": {
      "out": {
        "other": 11
      },
      "score": 0.297
    },
    "blog.sellsiusrealestate.com": {
      "out": {
        "other": 11
      },
      "score": 0.297
    },
    "femurdesign.com": {
      "out": {
        "other": 11
      },
      "score": 0.297
    },
    "hinterlandgames.com": {
      "out": {
        "other": 10
      },
      "score": 0.288
    },
    "zmangames.com": {
      "out": {
        "other": 10
      },
      "score": 0.288
    },
    "www.hello.com": {
      "out": {
        "other": 10
      },
      "score": 0.288
    },
    "mikecane.wordpress.com": {
      "out": {
        "other": 10
      },
      "score": 0.288
    },
    "www.zookoda.com": {
      "out": {
        "other": 10
      },
      "score": 0.288
    },
    "www.radio.cz": {
      "out": {
        "other": 10
      },
      "score": 0.288
    },
    "facebook.com/groups": {
      "out": {
        "other": 10
      },
      "score": 0.288
    },
    "calicanrescue.com": {
      "out": {
        "other": 10
      },
      "score": 0.288
    },
    "www.slidetoplay.com": {
      "out": {
        "other": 10
      },
      "score": 0.288
    },
    "www.ziki.com": {
      "out": {
        "other": 10
      },
      "score": 0.288
    },
    "bloggerdesign.com": {
      "out": {
        "other": 10
      },
      "score": 0.288
    },
    "www.pocketgamer.fr": {
      "out": {
        "other": 10
      },
      "score": 0.288
    },
    "play.google.com": {
      "out": {
        "other": 10
      },
      "score": 0.288
    },
    "www.podnova.com": {
      "out": {
        "other": 10
      },
      "score": 0.288
    },
    "blog.holtz.com": {
      "out": {
        "other": 10
      },
      "score": 0.288
    },
    "blogactionday.org": {
      "out": {
        "other": 10
      },
      "score": 0.288
    },
    "reader.google.com": {
      "out": {
        "other": 10
      },
      "score": 0.288
    },
    "www.therawfeed.com": {
      "out": {
        "other": 10
      },
      "score": 0.288
    },
    "wordpress.com": {
      "out": {
        "other": 10
      },
      "score": 0.288
    },
    "www.kickstarter.com": {
      "out": {
        "other": 10
      },
      "score": 0.288
    },
    "www.bioneural.net": {
      "out": {
        "other": 10
      },
      "score": 0.288
    },
    "beamdog.com": {
      "out": {
        "other": 10
      },
      "score": 0.288
    },
    "www.digitallydownloaded.net": {
      "out": {
        "other": 10
      },
      "score": 0.288
    },
    "software.palminfocenter.com": {
      "out": {
        "other": 10
      },
      "score": 0.288
    },
    "news.google.com": {
      "out": {
        "other": 9
      },
      "score": 0.278
    },
    "scobleizer.com": {
      "out": {
        "other": 9
      },
      "score": 0.278
    },
    "headrush.typepad.com": {
      "out": {
        "other": 9
      },
      "score": 0.278
    },
    "www.engadget.com": {
      "out": {
        "other": 9
      },
      "score": 0.278
    },
    "fantasyflightgames.com": {
      "out": {
        "other": 9
      },
      "score": 0.278
    },
    "www.shoprogers.com": {
      "out": {
        "other": 9
      },
      "score": 0.278
    },
    "copy.com": {
      "out": {
        "other": 9
      },
      "score": 0.278
    },
    "www.43folders.com": {
      "out": {
        "other": 9
      },
      "score": 0.278
    },
    "www.internetnews.com": {
      "out": {
        "other": 9
      },
      "score": 0.278
    },
    "calicanrescue.wordpress.com": {
      "out": {
        "other": 9
      },
      "score": 0.278
    },
    "www.blackhat.com": {
      "out": {
        "other": 9
      },
      "score": 0.278
    },
    "tea.bradgrier.com": {
      "out": {
        "other": 9
      },
      "score": 0.278
    },
    "www.dieselsweeties.com": {
      "out": {
        "other": 9
      },
      "score": 0.278
    },
    "www.micropersuasion.com": {
      "out": {
        "other": 9
      },
      "score": 0.278
    },
    "www.oreillynet.com": {
      "out": {
        "other": 8
      },
      "score": 0.266
    },
    "www.todayscacher.com": {
      "out": {
        "other": 8
      },
      "score": 0.266
    },
    "www.walrusmagazine.com": {
      "out": {
        "other": 8
      },
      "score": 0.266
    },
    "sketchup.google.com": {
      "out": {
        "other": 8
      },
      "score": 0.266
    },
    "www.sphere.com": {
      "out": {
        "other": 8
      },
      "score": 0.266
    },
    "gears.google.com": {
      "out": {
        "other": 8
      },
      "score": 0.266
    },
    "customsoftwareconsult.com": {
      "out": {
        "other": 8
      },
      "score": 0.266
    },
    "talkitup.typepad.com": {
      "out": {
        "other": 8
      },
      "score": 0.266
    },
    "techie-buzz.com": {
      "out": {
        "other": 8
      },
      "score": 0.266
    },
    "v.wordpress.com": {
      "out": {
        "other": 8
      },
      "score": 0.266
    },
    "www.graphics.cornell.edu": {
      "out": {
        "other": 8
      },
      "score": 0.266
    },
    "bgrier.jaiku.com": {
      "out": {
        "other": 8
      },
      "score": 0.266
    },
    "www.scalzi.com": {
      "out": {
        "other": 8
      },
      "score": 0.266
    },
    "www.starwars.com": {
      "out": {
        "other": 8
      },
      "score": 0.266
    },
    "www.backpacker.com": {
      "out": {
        "other": 8
      },
      "score": 0.266
    },
    "www.searchmash.com": {
      "out": {
        "other": 8
      },
      "score": 0.266
    },
    "skype.com": {
      "out": {
        "other": 8
      },
      "score": 0.266
    },
    "starcraft2.com": {
      "out": {
        "other": 8
      },
      "score": 0.266
    },
    "www.chipfoose.com": {
      "out": {
        "other": 8
      },
      "score": 0.266
    },
    "www.marketcircle.com": {
      "out": {
        "other": 8
      },
      "score": 0.266
    },
    "www.geekzone.co.nz": {
      "out": {
        "other": 8
      },
      "score": 0.266
    },
    "www.dailymotion.com": {
      "out": {
        "other": 8
      },
      "score": 0.266
    },
    "www.dogster.com": {
      "out": {
        "other": 8
      },
      "score": 0.266
    },
    "eco.netvibes.com": {
      "out": {
        "other": 8
      },
      "score": 0.266
    },
    "gabbly.com": {
      "out": {
        "other": 8
      },
      "score": 0.266
    },
    "www.time.com": {
      "out": {
        "other": 8
      },
      "score": 0.266
    },
    "smartcanucks.ca": {
      "out": {
        "other": 8
      },
      "score": 0.266
    },
    "forums.groundspeak.com": {
      "out": {
        "other": 8
      },
      "score": 0.266
    },
    "i14.tinypic.com": {
      "out": {
        "other": 8
      },
      "score": 0.266
    },
    "www.gelaskins.com": {
      "out": {
        "other": 8
      },
      "score": 0.266
    },
    "360.yahoo.com": {
      "out": {
        "other": 8
      },
      "score": 0.266
    },
    "RescueTime.com": {
      "out": {
        "other": 7
      },
      "score": 0.254
    },
    "www.techmeme.com": {
      "out": {
        "other": 7
      },
      "score": 0.254
    },
    "boingboing.net": {
      "out": {
        "other": 7
      },
      "score": 0.254
    },
    "launchpad.net": {
      "out": {
        "other": 7
      },
      "score": 0.254
    },
    "www.avantgame.com": {
      "out": {
        "other": 7
      },
      "score": 0.254
    },
    "socialmediatoday.com": {
      "out": {
        "other": 7
      },
      "score": 0.254
    },
    "paypal.me": {
      "out": {
        "other": 7
      },
      "score": 0.254
    },
    "www.paypal.me": {
      "out": {
        "other": 7
      },
      "score": 0.254
    },
    "t.co": {
      "out": {
        "other": 7
      },
      "score": 0.254
    },
    "adcenter.microsoft.com": {
      "out": {
        "other": 7
      },
      "score": 0.254
    },
    "bradgrier.com": {
      "out": {
        "other": 7
      },
      "score": 0.254
    },
    "digg.com": {
      "out": {
        "other": 7
      },
      "score": 0.254
    },
    "blog.empireavenue.com": {
      "out": {
        "other": 7
      },
      "score": 0.254
    },
    "www.kaushik.net": {
      "out": {
        "other": 7
      },
      "score": 0.254
    },
    "intothelongdark.com": {
      "out": {
        "other": 7
      },
      "score": 0.254
    },
    "www.woopra.com": {
      "out": {
        "other": 7
      },
      "score": 0.254
    },
    "statcounter.com": {
      "out": {
        "other": 7
      },
      "score": 0.254
    },
    "photos.google.com": {
      "out": {
        "other": 6
      },
      "score": 0.238
    },
    "cmte.parl.gc.ca": {
      "out": {
        "other": 6
      },
      "score": 0.238
    },
    "images.google.ca": {
      "out": {
        "other": 6
      },
      "score": 0.238
    },
    "twitter.com/remarkablogger": {
      "out": {
        "other": 6
      },
      "score": 0.238
    },
    "www.coolhunting.com": {
      "out": {
        "other": 6
      },
      "score": 0.238
    },
    "www.macrumors.com": {
      "out": {
        "other": 6
      },
      "score": 0.238
    },
    "www.inquisitr.com": {
      "out": {
        "other": 6
      },
      "score": 0.238
    },
    "proporta.com": {
      "out": {
        "other": 6
      },
      "score": 0.238
    },
    "commons.wikimedia.org": {
      "out": {
        "other": 6
      },
      "score": 0.238
    },
    "www.jott.com": {
      "out": {
        "other": 6
      },
      "score": 0.238
    },
    "www.tyrrellmuseum.com": {
      "out": {
        "other": 6
      },
      "score": 0.238
    },
    "www.lnnte-dncl.gc.ca": {
      "out": {
        "other": 6
      },
      "score": 0.238
    },
    "www.answers.com": {
      "out": {
        "other": 6
      },
      "score": 0.238
    },
    "opendns.com": {
      "out": {
        "other": 6
      },
      "score": 0.238
    },
    "www.variety.com": {
      "out": {
        "other": 6
      },
      "score": 0.238
    },
    "content.usatoday.com": {
      "out": {
        "other": 6
      },
      "score": 0.238
    },
    "tweetlater.com": {
      "out": {
        "other": 6
      },
      "score": 0.238
    },
    "iwantsandy.com": {
      "out": {
        "other": 6
      },
      "score": 0.238
    },
    "portableapps.com": {
      "out": {
        "other": 6
      },
      "score": 0.238
    },
    "guide.opendns.com": {
      "out": {
        "other": 6
      },
      "score": 0.238
    },
    "www.dns-oarc.net": {
      "out": {
        "other": 6
      },
      "score": 0.238
    },
    "www.readwriteweb.com": {
      "out": {
        "other": 6
      },
      "score": 0.238
    },
    "passpack.com": {
      "out": {
        "other": 6
      },
      "score": 0.238
    },
    "gravatar.com": {
      "out": {
        "other": 6
      },
      "score": 0.238
    },
    "www.randomhouse.ca": {
      "out": {
        "other": 6
      },
      "score": 0.238
    },
    "opendns.org": {
      "out": {
        "other": 6
      },
      "score": 0.238
    },
    "menwithpens.ca": {
      "out": {
        "other": 6
      },
      "score": 0.238
    },
    "www.minibookexpo.com": {
      "out": {
        "other": 6
      },
      "score": 0.238
    },
    "www.wordpress.org": {
      "out": {
        "other": 6
      },
      "score": 0.238
    },
    "facebook.com/rainyfool": {
      "out": {
        "other": 6
      },
      "score": 0.238
    },
    "twitthis.com": {
      "out": {
        "other": 6
      },
      "score": 0.238
    },
    "rychlicki.net": {
      "out": {
        "other": 6
      },
      "score": 0.238
    },
    "www.snowcrystals.com": {
      "out": {
        "other": 6
      },
      "score": 0.238
    },
    "www.businessdictionary.com": {
      "out": {
        "other": 6
      },
      "score": 0.238
    },
    "google-juice.net": {
      "out": {
        "other": 6
      },
      "score": 0.238
    },
    "zemanta.com": {
      "out": {
        "other": 6
      },
      "score": 0.238
    },
    "Twitter.com": {
      "out": {
        "other": 6
      },
      "score": 0.238
    },
    "www.edmontonjournal.com": {
      "out": {
        "other": 6
      },
      "score": 0.238
    },
    "www.linux.com": {
      "out": {
        "other": 6
      },
      "score": 0.238
    },
    "odiogo.com": {
      "out": {
        "other": 5
      },
      "score": 0.221
    },
    "www.cambrianhouse.com": {
      "out": {
        "other": 5
      },
      "score": 0.221
    },
    "scribefire.com": {
      "out": {
        "other": 5
      },
      "score": 0.221
    },
    "freelanceswitch.com": {
      "out": {
        "other": 5
      },
      "score": 0.221
    },
    "marco-za.blogspot.com": {
      "out": {
        "other": 5
      },
      "score": 0.221
    },
    "www.cogniview.com": {
      "out": {
        "other": 5
      },
      "score": 0.221
    },
    "www.thenewpr.com": {
      "out": {
        "other": 5
      },
      "score": 0.221
    },
    "www.todmaffin.com": {
      "out": {
        "other": 5
      },
      "score": 0.221
    },
    "www.webconfs.com": {
      "out": {
        "other": 5
      },
      "score": 0.221
    },
    "www.privcom.gc.ca": {
      "out": {
        "other": 5
      },
      "score": 0.221
    },
    "www.blogactionday.com": {
      "out": {
        "other": 5
      },
      "score": 0.221
    },
    "www.grandcentral.com": {
      "out": {
        "other": 5
      },
      "score": 0.221
    },
    "www.rexswain.com": {
      "out": {
        "other": 5
      },
      "score": 0.221
    },
    "ftp.mozilla.org": {
      "out": {
        "other": 5
      },
      "score": 0.221
    },
    "akismet.com": {
      "out": {
        "other": 5
      },
      "score": 0.221
    },
    "writely.com": {
      "out": {
        "other": 5
      },
      "score": 0.221
    },
    "www.bloganything.net": {
      "out": {
        "other": 5
      },
      "score": 0.221
    },
    "forum.authorityblogger.com": {
      "out": {
        "other": 5
      },
      "score": 0.221
    },
    "www.isitebuild.com": {
      "out": {
        "other": 5
      },
      "score": 0.221
    },
    "www.alexking.org": {
      "out": {
        "other": 5
      },
      "score": 0.221
    },
    "www.editorandpublisher.com": {
      "out": {
        "other": 5
      },
      "score": 0.221
    },
    "apps.simulscribe.com": {
      "out": {
        "other": 5
      },
      "score": 0.221
    },
    "www.skippy.net": {
      "out": {
        "other": 5
      },
      "score": 0.221
    },
    "linkedin.com": {
      "out": {
        "other": 5
      },
      "score": 0.221
    },
    "blog.codefront.net": {
      "out": {
        "other": 5
      },
      "score": 0.221
    },
    "businessweek.com": {
      "out": {
        "other": 5
      },
      "score": 0.221
    },
    "www.todbits.TV": {
      "out": {
        "other": 5
      },
      "score": 0.221
    },
    "juicereceiver.sourceforge.net": {
      "out": {
        "other": 5
      },
      "score": 0.221
    },
    "www.nhl.com": {
      "out": {
        "other": 5
      },
      "score": 0.221
    },
    "www.hownottowrite.com": {
      "out": {
        "other": 5
      },
      "score": 0.221
    },
    "ubc.ca": {
      "out": {
        "other": 5
      },
      "score": 0.221
    },
    "www.ie7.com": {
      "out": {
        "other": 5
      },
      "score": 0.221
    },
    "my.ziki.com": {
      "out": {
        "other": 5
      },
      "score": 0.221
    },
    "www.rev2.org": {
      "out": {
        "other": 5
      },
      "score": 0.221
    },
    "twitter.com/lijit": {
      "out": {
        "other": 5
      },
      "score": 0.221
    },
    "www.livingroom.org.au": {
      "out": {
        "other": 5
      },
      "score": 0.221
    },
    "twitter.com/hownottowrite": {
      "out": {
        "other": 5
      },
      "score": 0.221
    },
    "www.canada.com": {
      "out": {
        "other": 5
      },
      "score": 0.221
    },
    "digital-photography-school.com": {
      "out": {
        "other": 5
      },
      "score": 0.221
    },
    "ellaborg.blogspot.com": {
      "out": {
        "other": 5
      },
      "score": 0.221
    },
    "getk2.com": {
      "out": {
        "other": 5
      },
      "score": 0.221
    },
    "unknowngenius.com": {
      "out": {
        "other": 5
      },
      "score": 0.221
    },
    "stumbleupon.com": {
      "out": {
        "other": 5
      },
      "score": 0.221
    },
    "talkr.com": {
      "out": {
        "other": 5
      },
      "score": 0.221
    },
    "money.cnn.com": {
      "out": {
        "other": 4
      },
      "score": 0.2
    },
    "tinyurl.com": {
      "out": {
        "other": 4
      },
      "score": 0.2
    },
    "www.quirk.biz": {
      "out": {
        "other": 4
      },
      "score": 0.2
    },
    "www.spaceflightnow.com": {
      "out": {
        "other": 4
      },
      "score": 0.2
    },
    "amazingbradblog.blogspot.com": {
      "out": {
        "other": 4
      },
      "score": 0.2
    },
    "trailers.apple.com": {
      "out": {
        "other": 4
      },
      "score": 0.2
    },
    "www.feedreader.com": {
      "out": {
        "other": 4
      },
      "score": 0.2
    },
    "www.garageband.com": {
      "out": {
        "other": 4
      },
      "score": 0.2
    },
    "writer.live.com": {
      "out": {
        "other": 4
      },
      "score": 0.2
    },
    "i3.tinypic.com": {
      "out": {
        "other": 4
      },
      "score": 0.2
    },
    "www.dustrunners.com": {
      "out": {
        "other": 4
      },
      "score": 0.2
    },
    "www.unitedthisistheway.com": {
      "out": {
        "other": 4
      },
      "score": 0.2
    },
    "spock.com": {
      "out": {
        "other": 4
      },
      "score": 0.2
    },
    "strobist.com": {
      "out": {
        "other": 4
      },
      "score": 0.2
    },
    "www.blogherald.com": {
      "out": {
        "other": 4
      },
      "score": 0.2
    },
    "www.nature.com": {
      "out": {
        "other": 4
      },
      "score": 0.2
    },
    "Naxos.com": {
      "out": {
        "other": 4
      },
      "score": 0.2
    },
    "chris.pirillo.com": {
      "out": {
        "other": 4
      },
      "score": 0.2
    },
    "home.earthlink.net": {
      "out": {
        "other": 4
      },
      "score": 0.2
    },
    "blog.sitemost.com.au": {
      "out": {
        "other": 4
      },
      "score": 0.2
    },
    "www.psp411.com": {
      "out": {
        "other": 4
      },
      "score": 0.2
    },
    "www.taskfreak.com": {
      "out": {
        "other": 4
      },
      "score": 0.2
    },
    "pownce.com": {
      "out": {
        "other": 4
      },
      "score": 0.2
    },
    "wiki.ubuntu.com": {
      "out": {
        "other": 4
      },
      "score": 0.2
    },
    "www.communicatorsnetwork.com": {
      "out": {
        "other": 4
      },
      "score": 0.2
    },
    "www.cprs.ca": {
      "out": {
        "other": 4
      },
      "score": 0.2
    },
    "www.unac.org": {
      "out": {
        "other": 4
      },
      "score": 0.2
    },
    "www.break.com": {
      "out": {
        "other": 4
      },
      "score": 0.2
    },
    "www.canadianmarketingblog.com": {
      "out": {
        "other": 4
      },
      "score": 0.2
    },
    "www%20dachsundsdressedforshow.com": {
      "out": {
        "other": 4
      },
      "score": 0.2
    },
    "www.craigslist.com": {
      "out": {
        "other": 4
      },
      "score": 0.2
    },
    "www.mercurytheatre.info": {
      "out": {
        "other": 4
      },
      "score": 0.2
    },
    "geotoad.sourceforge.net": {
      "out": {
        "other": 4
      },
      "score": 0.2
    },
    "heidimiller.libsyn.com": {
      "out": {
        "other": 4
      },
      "score": 0.2
    },
    "housecall.trendmicro.com": {
      "out": {
        "other": 4
      },
      "score": 0.2
    },
    "scratchley.org": {
      "out": {
        "other": 4
      },
      "score": 0.2
    },
    "www.meebo.com": {
      "out": {
        "other": 4
      },
      "score": 0.2
    },
    "rock.geosociety.org": {
      "out": {
        "other": 4
      },
      "score": 0.2
    },
    "bioneural.net": {
      "out": {
        "other": 4
      },
      "score": 0.2
    },
    "blog.flickr.net": {
      "out": {
        "other": 4
      },
      "score": 0.2
    },
    "ninthwavedesigns.typepad.com": {
      "out": {
        "other": 4
      },
      "score": 0.2
    },
    "secondlife.com": {
      "out": {
        "other": 4
      },
      "score": 0.2
    },
    "www.shacknews.com": {
      "out": {
        "other": 4
      },
      "score": 0.2
    },
    "myvault.scotiabank.com": {
      "out": {
        "other": 4
      },
      "score": 0.2
    },
    "web2.0awards.org": {
      "out": {
        "other": 4
      },
      "score": 0.2
    },
    "www.cangeo.ca": {
      "out": {
        "other": 4
      },
      "score": 0.2
    },
    "www.slaw.ca": {
      "out": {
        "other": 4
      },
      "score": 0.2
    },
    "alexking.org": {
      "out": {
        "other": 4
      },
      "score": 0.2
    },
    "dpnow.com": {
      "out": {
        "other": 4
      },
      "score": 0.2
    },
    "us.gizmodo.com": {
      "out": {
        "other": 4
      },
      "score": 0.2
    },
    "terracaching.com": {
      "out": {
        "other": 4
      },
      "score": 0.2
    },
    "cprs.ca": {
      "out": {
        "other": 4
      },
      "score": 0.2
    },
    "myragan.com": {
      "out": {
        "other": 4
      },
      "score": 0.2
    },
    "news.google.ca": {
      "out": {
        "other": 4
      },
      "score": 0.2
    },
    "tedernst.blogspot.com": {
      "out": {
        "other": 4
      },
      "score": 0.2
    },
    "TiddlySpot.com": {
      "out": {
        "other": 4
      },
      "score": 0.2
    },
    "kb.palm.com": {
      "out": {
        "other": 4
      },
      "score": 0.2
    },
    "webworkerdaily.com": {
      "out": {
        "other": 4
      },
      "score": 0.2
    },
    "www.astroseti.org": {
      "out": {
        "other": 4
      },
      "score": 0.2
    },
    "Blizzard.com": {
      "out": {
        "other": 4
      },
      "score": 0.2
    },
    "www.events.runningroom.com": {
      "out": {
        "other": 4
      },
      "score": 0.2
    },
    "www.yardley.ca": {
      "out": {
        "other": 4
      },
      "score": 0.2
    },
    "images.google.com": {
      "out": {
        "other": 4
      },
      "score": 0.2
    },
    "red-5.info": {
      "out": {
        "other": 4
      },
      "score": 0.2
    },
    "twitter.com/Scobleizer": {
      "out": {
        "other": 4
      },
      "score": 0.2
    },
    "www.blizzard.com": {
      "out": {
        "other": 4
      },
      "score": 0.2
    },
    "www.craphound.com": {
      "out": {
        "other": 4
      },
      "score": 0.2
    },
    "www.free-av.com": {
      "out": {
        "other": 4
      },
      "score": 0.2
    },
    "www.myragan.com": {
      "out": {
        "other": 4
      },
      "score": 0.2
    },
    "fanac.org": {
      "out": {
        "other": 4
      },
      "score": 0.2
    },
    "www.openoffice.org": {
      "out": {
        "other": 4
      },
      "score": 0.2
    },
    "www.parallels.com": {
      "out": {
        "other": 4
      },
      "score": 0.2
    },
    "manuals.info.apple.com": {
      "out": {
        "other": 4
      },
      "score": 0.2
    },
    "slashdot.org": {
      "out": {
        "other": 4
      },
      "score": 0.2
    },
    "www.podcastingprincess.com": {
      "out": {
        "other": 4
      },
      "score": 0.2
    },
    "www.thomasamckean.com": {
      "out": {
        "other": 4
      },
      "score": 0.2
    },
    "tech.cybernetnews.com": {
      "out": {
        "other": 4
      },
      "score": 0.2
    },
    "twitter.com/steverubel": {
      "out": {
        "other": 4
      },
      "score": 0.2
    },
    "www.theveniceproject.com": {
      "out": {
        "other": 4
      },
      "score": 0.2
    },
    "news.com.com": {
      "out": {
        "other": 4
      },
      "score": 0.2
    },
    "tiddlywiki.com": {
      "out": {
        "other": 4
      },
      "score": 0.2
    },
    "groups.msn.com": {
      "out": {
        "other": 4
      },
      "score": 0.2
    },
    "i17.tinypic.com": {
      "out": {
        "other": 4
      },
      "score": 0.2
    },
    "photobucket.com": {
      "out": {
        "other": 4
      },
      "score": 0.2
    },
    "searchengineland.com": {
      "out": {
        "other": 4
      },
      "score": 0.2
    },
    "toolbar.google.com": {
      "out": {
        "other": 4
      },
      "score": 0.2
    },
    "www.baen.com": {
      "out": {
        "other": 4
      },
      "score": 0.2
    },
    "www.gov.ab.ca": {
      "out": {
        "other": 4
      },
      "score": 0.2
    },
    "feed43.com": {
      "out": {
        "other": 4
      },
      "score": 0.2
    },
    "www.engineering.ualberta.ca": {
      "out": {
        "other": 4
      },
      "score": 0.2
    },
    "www.foldershare.com": {
      "out": {
        "other": 4
      },
      "score": 0.2
    },
    "www.melcrumblog.com": {
      "out": {
        "other": 4
      },
      "score": 0.2
    },
    "print.google.com": {
      "out": {
        "other": 4
      },
      "score": 0.2
    },
    "www.greathumanrace.com": {
      "out": {
        "other": 4
      },
      "score": 0.2
    },
    "www.raf.mod.uk": {
      "out": {
        "other": 4
      },
      "score": 0.2
    },
    "barbelith.co.uk": {
      "out": {
        "other": 4
      },
      "score": 0.2
    },
    "dustrunners.blogspot.com": {
      "out": {
        "other": 4
      },
      "score": 0.2
    },
    "gmail.google.com": {
      "out": {
        "other": 4
      },
      "score": 0.2
    },
    "i6.tinypic.com": {
      "out": {
        "other": 4
      },
      "score": 0.2
    },
    "radio.indymedia.org": {
      "out": {
        "other": 4
      },
      "score": 0.2
    },
    "www.facebook.com": {
      "out": {
        "other": 4
      },
      "score": 0.2
    },
    "www.pr-squared.com": {
      "out": {
        "other": 4
      },
      "score": 0.2
    },
    "www.cebidae.com": {
      "out": {
        "other": 4
      },
      "score": 0.2
    },
    "www.movingcache.com": {
      "out": {
        "other": 4
      },
      "score": 0.2
    },
    "parallelsvirtualization.blogspot.com": {
      "out": {
        "other": 4
      },
      "score": 0.2
    },
    "www.mmoabc.com": {
      "out": {
        "other": 4
      },
      "score": 0.2
    },
    "home.austin.rr.com": {
      "out": {
        "other": 4
      },
      "score": 0.2
    },
    "strobist.blogspot.com": {
      "out": {
        "other": 4
      },
      "score": 0.2
    },
    "www.ceruleanstudios.com": {
      "out": {
        "other": 4
      },
      "score": 0.2
    },
    "forums.geocachingedmonton.com": {
      "out": {
        "other": 4
      },
      "score": 0.2
    },
    "www.joinred.com": {
      "out": {
        "other": 4
      },
      "score": 0.2
    },
    "FreeHugsCampaign.org": {
      "out": {
        "other": 4
      },
      "score": 0.2
    },
    "Netvibes.com": {
      "out": {
        "other": 4
      },
      "score": 0.2
    },
    "online-pr.blogspot.com": {
      "out": {
        "other": 4
      },
      "score": 0.2
    },
    "photos3.flickr.com": {
      "out": {
        "other": 4
      },
      "score": 0.2
    },
    "www.newscientist.com": {
      "out": {
        "other": 4
      },
      "score": 0.2
    },
    "www.strangehorizons.com": {
      "out": {
        "other": 4
      },
      "score": 0.2
    },
    "youtu.be": {
      "out": {
        "other": 4
      },
      "score": 0.2
    },
    "iwphone.contentrobot.com": {
      "out": {
        "other": 4
      },
      "score": 0.2
    },
    "www.dpreview.com": {
      "out": {
        "other": 4
      },
      "score": 0.2
    },
    "www.geosociety.org": {
      "out": {
        "other": 4
      },
      "score": 0.2
    },
    "isolatr.com": {
      "out": {
        "other": 4
      },
      "score": 0.2
    },
    "tochka.jp": {
      "out": {
        "other": 4
      },
      "score": 0.2
    },
    "view.break.com": {
      "out": {
        "other": 4
      },
      "score": 0.2
    },
    "www.pownce.com": {
      "out": {
        "other": 4
      },
      "score": 0.2
    },
    "www.seriousgamessummit.com": {
      "out": {
        "other": 4
      },
      "score": 0.2
    },
    "www.bigrockbeer.com": {
      "out": {
        "other": 4
      },
      "score": 0.2
    },
    "www.clamwin.com": {
      "out": {
        "other": 4
      },
      "score": 0.2
    },
    "www.productivity501.com": {
      "out": {
        "other": 4
      },
      "score": 0.2
    },
    "faq.netvibes.com": {
      "out": {
        "other": 4
      },
      "score": 0.2
    },
    "www.botzilla.com": {
      "out": {
        "other": 4
      },
      "score": 0.2
    },
    "www.coolrunning.com": {
      "out": {
        "other": 4
      },
      "score": 0.2
    },
    "www.ragan.com": {
      "out": {
        "other": 4
      },
      "score": 0.2
    },
    "froogle.google.com": {
      "out": {
        "other": 4
      },
      "score": 0.2
    },
    "mpfwww.jpl.nasa.gov": {
      "out": {
        "other": 4
      },
      "score": 0.2
    },
    "webmessenger.msn.com": {
      "out": {
        "other": 4
      },
      "score": 0.2
    },
    "www.earthcache.org": {
      "out": {
        "other": 4
      },
      "score": 0.2
    },
    "joost.com": {
      "out": {
        "other": 4
      },
      "score": 0.2
    },
    "snipurl.com": {
      "out": {
        "other": 4
      },
      "score": 0.2
    },
    "ww.avast.com": {
      "out": {
        "other": 4
      },
      "score": 0.2
    },
    "Scribefire.com": {
      "out": {
        "other": 4
      },
      "score": 0.2
    },
    "www.bittorrent.com": {
      "out": {
        "other": 4
      },
      "score": 0.2
    },
    "www.oldstylepilsner.com": {
      "out": {
        "other": 4
      },
      "score": 0.2
    },
    "bryper.com": {
      "out": {
        "other": 4
      },
      "score": 0.2
    },
    "diveintomark.org": {
      "out": {
        "other": 4
      },
      "score": 0.2
    },
    "ww.grisoft.com": {
      "out": {
        "other": 4
      },
      "score": 0.2
    },
    "www.masternewmedia.org": {
      "out": {
        "other": 4
      },
      "score": 0.2
    },
    "rickmercer.blogspot.com": {
      "out": {
        "other": 4
      },
      "score": 0.2
    },
    "spreadsheets.google.com": {
      "out": {
        "other": 4
      },
      "score": 0.2
    },
    "tinselman.typepad.com": {
      "out": {
        "other": 4
      },
      "score": 0.2
    },
    "www.financialaidpodcast.com": {
      "out": {
        "other": 4
      },
      "score": 0.2
    },
    "www.jjcardinal.com": {
      "out": {
        "other": 4
      },
      "score": 0.2
    },
    "landingpage.guinness.com": {
      "out": {
        "other": 4
      },
      "score": 0.2
    },
    "mars.jpl.nasa.gov": {
      "out": {
        "other": 4
      },
      "score": 0.2
    },
    "squidoo.com": {
      "out": {
        "other": 4
      },
      "score": 0.2
    },
    "worldofwarcraft.com": {
      "out": {
        "other": 4
      },
      "score": 0.2
    },
    "www.b3ta.com": {
      "out": {
        "other": 4
      },
      "score": 0.2
    },
    "www.cafepress.com": {
      "out": {
        "other": 4
      },
      "score": 0.2
    },
    "www.clayjar.com": {
      "out": {
        "other": 4
      },
      "score": 0.2
    },
    "www.unb.ca": {
      "out": {
        "other": 4
      },
      "score": 0.2
    },
    "cgi.ebay.ca": {
      "out": {
        "other": 4
      },
      "score": 0.2
    },
    "lazyway.blogs.com": {
      "out": {
        "other": 4
      },
      "score": 0.2
    },
    "www.uie.com": {
      "out": {
        "other": 4
      },
      "score": 0.2
    },
    "i11.tinypic.com": {
      "out": {
        "other": 4
      },
      "score": 0.2
    },
    "laws.justice.gc.ca": {
      "out": {
        "other": 4
      },
      "score": 0.2
    },
    "www.waltopia.com": {
      "out": {
        "other": 4
      },
      "score": 0.2
    },
    "www.gearthblog.com": {
      "out": {
        "other": 4
      },
      "score": 0.2
    },
    "writely.blogspot.com": {
      "out": {
        "other": 4
      },
      "score": 0.2
    },
    "www.gpscity.ca": {
      "out": {
        "other": 4
      },
      "score": 0.2
    },
    "www.photofriday.com": {
      "out": {
        "other": 4
      },
      "score": 0.2
    },
    "www.twitch.tv": {
      "out": {
        "other": 3
      },
      "score": 0.172
    },
    "www.cbsnews.com": {
      "out": {
        "other": 2
      },
      "score": 0.134
    },
    "strategis.ic.gc.ca": {
      "out": {
        "other": 2
      },
      "score": 0.134
    },
    "www.2brightsparks.com": {
      "out": {
        "other": 2
      },
      "score": 0.134
    },
    "groups.google.ca": {
      "out": {
        "other": 2
      },
      "score": 0.134
    },
    "brid.gy": {
      "in": {
        "other": 4
      },
      "score": 0.134
    },
    "performancing.com": {
      "out": {
        "other": 2
      },
      "score": 0.134
    },
    "infodoc.plover.net": {
      "out": {
        "other": 2
      },
      "score": 0.134
    },
    "www.ecommercetimes.com": {
      "out": {
        "other": 2
      },
      "score": 0.134
    },
    "rallypointhq.com": {
      "out": {
        "other": 1
      },
      "score": 0.0666
    },
    "www.sjgames.com": {
      "out": {
        "other": 1
      },
      "score": 0.0666
    },
    "www.timhortons.com": {
      "out": {
        "other": 1
      },
      "score": 0.0666
    },
    "www.webhostingtalk.com": {
      "out": {
        "other": 1
      },
      "score": 0.0666
    },
    "www.backupmax.com": {
      "out": {
        "other": 1
      },
      "score": 0.0666
    },
    "www.dagondesign.com": {
      "out": {
        "other": 1
      },
      "score": 0.0666
    },
    "radio.mundu.com": {
      "out": {
        "other": 1
      },
      "score": 0.0666
    },
    "bradgrier.photoshop.com": {
      "out": {
        "other": 1
      },
      "score": 0.0666
    },
    "stampinupchristmas.ca": {
      "out": {
        "other": 1
      },
      "score": 0.0666
    },
    "tessgleason.com": {
      "out": {
        "other": 1
      },
      "score": 0.0666
    },
    "us1.campaign-archive1.com": {
      "out": {
        "other": 1
      },
      "score": 0.0666
    },
    "micropersuasion.com": {
      "out": {
        "other": 1
      },
      "score": 0.0666
    },
    "www.hostedpropertymanagementsoftware.com": {
      "out": {
        "other": 1
      },
      "score": 0.0666
    },
    "www.istockphoto.com": {
      "out": {
        "other": 1
      },
      "score": 0.0666
    },
    "downloadsquad.com": {
      "out": {
        "other": 1
      },
      "score": 0.0666
    },
    "software.reviews-pc.co.uk": {
      "out": {
        "other": 1
      },
      "score": 0.0666
    },
    "kennebecbaskets.bassetthoundslife.com": {
      "out": {
        "other": 1
      },
      "score": 0.0666
    },
    "pbwiki.com": {
      "out": {
        "other": 1
      },
      "score": 0.0666
    },
    "basecamphq.com": {
      "out": {
        "other": 1
      },
      "score": 0.0666
    },
    "feedburner.google.com": {
      "out": {
        "other": 1
      },
      "score": 0.0666
    },
    "www.megatokyo.it": {
      "out": {
        "other": 1
      },
      "score": 0.0666
    },
    "mostlylisa.com": {
      "out": {
        "other": 1
      },
      "score": 0.0666
    },
    "pageflakes.com": {
      "out": {
        "other": 1
      },
      "score": 0.0666
    },
    "www.ozxodus.com": {
      "out": {
        "other": 1
      },
      "score": 0.0666
    },
    "hotmail.com": {
      "out": {
        "other": 1
      },
      "score": 0.0666
    },
    "www.mysteepedtea.com": {
      "out": {
        "other": 1
      },
      "score": 0.0666
    },
    "tamspalm.tamoggemon.com": {
      "out": {
        "other": 1
      },
      "score": 0.0666
    },
    "facebook.com/people": {
      "out": {
        "other": 1
      },
      "score": 0.0666
    },
    "StampinArts.ca": {
      "out": {
        "other": 1
      },
      "score": 0.0666
    },
    "wikitokyo.mt-talk.net": {
      "out": {
        "other": 1
      },
      "score": 0.0666
    },
    "fretsonfiresongs.blogspot.com": {
      "out": {
        "other": 1
      },
      "score": 0.0666
    },
    "www.bizops.ca": {
      "out": {
        "other": 1
      },
      "score": 0.0666
    },
    "www.mywebtronics.com": {
      "out": {
        "other": 1
      },
      "score": 0.0666
    },
    "twitter.com/saltydroid": {
      "out": {
        "other": 1
      },
      "score": 0.0666
    },
    "newsvine.com": {
      "out": {
        "other": 1
      },
      "score": 0.0666
    },
    "www.1src.com": {
      "out": {
        "other": 1
      },
      "score": 0.0666
    },
    "mysteepedtea.com": {
      "out": {
        "other": 1
      },
      "score": 0.0666
    },
    "www.burningthebacon.com": {
      "out": {
        "other": 1
      },
      "score": 0.0666
    },
    "twitter.com/chrisbrogan": {
      "out": {
        "other": 1
      },
      "score": 0.0666
    },
    "facebook.com/LifestyleTechnology": {
      "out": {
        "other": 1
      },
      "score": 0.0666
    },
    "starwarsshipsguide.blogspot.com": {
      "out": {
        "other": 1
      },
      "score": 0.0666
    },
    "www.aquariuscoaching.co.uk": {
      "out": {
        "other": 1
      },
      "score": 0.0666
    },
    "www.ea.com": {
      "out": {
        "other": 1
      },
      "score": 0.0666
    },
    "craigslist.org": {
      "out": {
        "other": 1
      },
      "score": 0.0666
    },
    "meebo.com": {
      "out": {
        "other": 1
      },
      "score": 0.0666
    },
    "www.xboxmediacenter.de": {
      "out": {
        "other": 1
      },
      "score": 0.0666
    },
    "last.fm": {
      "out": {
        "other": 1
      },
      "score": 0.0666
    },
    "sidejobtrack.com": {
      "out": {
        "other": 1
      },
      "score": 0.0666
    },
    "techlifeweb.com": {
      "in": {
        "other": 1
      },
      "score": 0
    },
    "descary.com": {
      "in": {
        "other": 1
      },
      "score": 0
    }
  }
}