{
  "domain": "blog.simonwood.info",
  "urls": [
    "http://blog.simonwood.info/"
  ],
  "names": [
    "Simon's Thought Development Oven – Half-baked ideas around learning and technology…",
    "Simon's Thought Development Oven"
  ],
  "descriptions": [
    "Half-baked ideas around learning and technology..."
  ],
  "pictures": [
    "https://s0.wp.com/i/blank.jpg"
  ],
  "hcard": {},
  "rel_mes": [],
  "crawl_start": "2017-04-28T02:15:56",
  "crawl_end": "2017-04-28T02:16:28",
  "num_pages": 21,
  "total_html_size": 591183,
  "servers": [
    "Apache",
    "WordPress"
  ],
  "mf2_classes": [
    "h-card",
    "h-feed",
    "h-as-mention",
    "h-entry"
  ],
  "tags": [
    "bridgy",
    "webmention",
    "WordPress"
  ],
  "endpoints": {
    "webmention": [
      "http://blog.simonwood.info/wp-json/webmention/1.0/endpoint"
    ]
  },
  "links_out": 441,
  "links_in": 2,
  "links": {
    "simonwood.info": {
      "out": {
        "other": 90
      },
      "score": 1
    },
    "plus.google.com/+SimonWood": {
      "out": {
        "other": 42
      },
      "score": 0.854
    },
    "youtube.com": {
      "out": {
        "other": 42
      },
      "score": 0.854
    },
    "facebook.com/mrsimonwood": {
      "out": {
        "other": 42
      },
      "score": 0.854
    },
    "twitter.com/mrsimonwood": {
      "out": {
        "other": 42
      },
      "score": 0.854
    },
    "flickr.com": {
      "out": {
        "other": 42
      },
      "score": 0.854
    },
    "uk.linkedin.com": {
      "out": {
        "other": 42
      },
      "score": 0.854
    },
    "wordpress.org": {
      "out": {
        "other": 21
      },
      "score": 0.721
    },
    "twitter.com/MrSimonWood": {
      "out": {
        "other": 15
      },
      "score": 0.655
    },
    "creativecommons.org": {
      "out": {
        "other": 5
      },
      "score": 0.443
    },
    "flic.kr": {
      "out": {
        "other": 3
      },
      "score": 0.345
    },
    "twitter.com/coursesites": {
      "out": {
        "other": 3
      },
      "score": 0.345
    },
    "twitter.com/11jin": {
      "out": {
        "other": 3
      },
      "score": 0.345
    },
    "twitter.com/Lawrie": {
      "out": {
        "other": 3
      },
      "score": 0.345
    },
    "twitter.com/jobadge": {
      "out": {
        "other": 2
      },
      "score": 0.268
    },
    "twitter.com/PJRayment": {
      "out": {
        "other": 2
      },
      "score": 0.268
    },
    "twitter.com/SoniaMaurer": {
      "out": {
        "other": 2
      },
      "score": 0.268
    },
    "twitter.com/caemmett": {
      "out": {
        "other": 2
      },
      "score": 0.268
    },
    "www.coursesites.com": {
      "out": {
        "other": 2
      },
      "score": 0.268
    },
    "twitter.com/AJCann": {
      "out": {
        "other": 2
      },
      "score": 0.268
    },
    "developmentoven.co.uk": {
      "out": {
        "other": 2
      },
      "score": 0.268
    },
    "www.jisc.ac.uk": {
      "out": {
        "other": 2
      },
      "score": 0.268
    },
    "twitter.com/karl_luke": {
      "out": {
        "other": 2
      },
      "score": 0.268
    },
    "www.walesdtc.ac.uk": {
      "out": {
        "other": 2
      },
      "score": 0.268
    },
    "twitter.com/andyfield": {
      "out": {
        "other": 2
      },
      "score": 0.268
    },
    "facebook.com/833470086689236": {
      "out": {
        "other": 2
      },
      "score": 0.268
    },
    "twitter.com/Blackboard": {
      "out": {
        "other": 2
      },
      "score": 0.268
    },
    "www.imsglobal.org": {
      "out": {
        "other": 1
      },
      "score": 0.134
    },
    "twitter.com/search": {
      "out": {
        "other": 1
      },
      "score": 0.134
    },
    "withknown.com": {
      "out": {
        "other": 1
      },
      "score": 0.134
    },
    "elesig.ning.com": {
      "out": {
        "other": 1
      },
      "score": 0.134
    },
    "www.instructure.com": {
      "out": {
        "other": 1
      },
      "score": 0.134
    },
    "www.blackboard.com": {
      "out": {
        "other": 1
      },
      "score": 0.134
    },
    "twitter.com/CEICardiffUniLT": {
      "out": {
        "other": 1
      },
      "score": 0.134
    },
    "www.lukew.com": {
      "out": {
        "other": 1
      },
      "score": 0.134
    },
    "twitter.com/dewiparry_LT": {
      "out": {
        "other": 1
      },
      "score": 0.134
    },
    "opencontent.org": {
      "out": {
        "other": 1
      },
      "score": 0.134
    },
    "umw.domains": {
      "out": {
        "other": 1
      },
      "score": 0.134
    },
    "twitter.com/JoeNicholls": {
      "out": {
        "other": 1
      },
      "score": 0.134
    },
    "littlestorping.co.uk": {
      "out": {
        "other": 1
      },
      "score": 0.134
    },
    "webncircle.wordpress.com": {
      "out": {
        "other": 1
      },
      "score": 0.134
    },
    "commons.wikimedia.org": {
      "out": {
        "other": 1
      },
      "score": 0.134
    },
    "twitter.com/chris_hall": {
      "out": {
        "other": 1
      },
      "score": 0.134
    },
    "www.jisclegal.ac.uk": {
      "out": {
        "other": 1
      },
      "score": 0.134
    },
    "indieweb.org": {
      "out": {
        "other": 1
      },
      "score": 0.134
    },
    "www.nationalstemcentre.org.uk": {
      "out": {
        "other": 1
      },
      "score": 0.134
    },
    "www.flickr.com": {
      "out": {
        "other": 1
      },
      "score": 0.134
    },
    "brid.gy": {
      "in": {
        "other": 1
      },
      "score": 0
    },
    "lawriephipps.co.uk": {
      "in": {
        "other": 1
      },
      "score": 0
    }
  }
}