{
  "domain": "blog.bossland-gmbh.com",
  "urls": [
    "http://blog.bossland-gmbh.com/"
  ],
  "names": [
    "Bossland GmbH"
  ],
  "descriptions": [
    "Leading company for automatization software, so called bots for MMORPG's"
  ],
  "pictures": [
    "https://www.bossland-gmbh.com/favicon.ico"
  ],
  "hcard": {},
  "rel_mes": [],
  "tags": [
    "bridgy"
  ],
  "endpoints": {},
  "crawl_start": "2017-05-19T22:48:45.471177",
  "crawl_end": "2017-05-19T22:48:45.471177",
  "links_out": 0,
  "links_in": 10,
  "links": {
    "brid.gy": {
      "in": {
        "other": 10
      },
      "score": 1
    }
  }
}