{
  "domain": "blog.indie.host",
  "urls": [
    "http://blog.indie.host/"
  ],
  "names": [
    "IndieHosters",
    "IndieHosters's Blog"
  ],
  "descriptions": [
    "News about IndieHosters network"
  ],
  "pictures": [
    "https://blog.indie.host/gfx/logos/logo_k.png"
  ],
  "hcard": {},
  "rel_mes": [],
  "crawl_start": "2017-04-28T02:15:54",
  "crawl_end": "2017-04-28T02:24:27",
  "num_pages": 722,
  "total_html_size": 19654007,
  "servers": [
    "nginx",
    "Known"
  ],
  "mf2_classes": [
    "h-event",
    "h-entry",
    "h-cite",
    "h-card"
  ],
  "tags": [
    "bridgy",
    "webmention",
    "micropub",
    "authorization",
    "token",
    "websub",
    "Known"
  ],
  "endpoints": {
    "webmention": [
      "https://blog.indie.host/webmention/"
    ],
    "micropub": [
      "https://blog.indie.host/micropub/endpoint"
    ],
    "authorization": [
      "https://blog.indie.host/indieauth/auth"
    ],
    "token": [
      "https://blog.indie.host/indieauth/token"
    ],
    "websub": [
      "https://withknown.superfeedr.com/"
    ]
  },
  "links_out": 9636,
  "links_in": 380,
  "links": {
    "github.com": {
      "out": {
        "other": 939
      },
      "score": 1
    },
    "withknown.com": {
      "out": {
        "other": 779
      },
      "score": 0.975
    },
    "indiehosters.net": {
      "out": {
        "other": 727
      },
      "score": 0.966
    },
    "twitter.com/jwildeboer": {
      "out": {
        "in-reply-to": 84,
        "other": 84
      },
      "score": 0.918
    },
    "www.ulule.com": {
      "out": {
        "other": 378
      },
      "score": 0.879
    },
    "indiewebcamp.com": {
      "out": {
        "other": 329
      },
      "score": 0.861
    },
    "twitter.com/IndieHosters": {
      "out": {
        "other": 318
      },
      "score": 0.857
    },
    "rocket.chat": {
      "out": {
        "other": 315
      },
      "score": 0.855
    },
    "www.linkedin.com": {
      "out": {
        "other": 261
      },
      "score": 0.830
    },
    "twitter.com/indiehosters": {
      "out": {
        "other": 257
      },
      "score": 0.828
    },
    "facebook.com/IndieHosters": {
      "out": {
        "other": 257
      },
      "score": 0.828
    },
    "microblog.pierre-o.fr": {
      "in": {
        "other": 256,
        "in-reply-to": 11
      },
      "out": {
        "other": 90
      },
      "score": 0.822
    },
    "libre.sh": {
      "out": {
        "other": 213
      },
      "score": 0.802
    },
    "cloud.indie.host": {
      "out": {
        "other": 175
      },
      "score": 0.777
    },
    "forum.indie.host": {
      "out": {
        "other": 170
      },
      "score": 0.773
    },
    "twitter.com/pierreozoux": {
      "out": {
        "other": 169
      },
      "score": 0.772
    },
    "facebook.com/10155246817495335": {
      "out": {
        "other": 160
      },
      "score": 0.765
    },
    "facebook.com/821708187873692": {
      "out": {
        "other": 156
      },
      "score": 0.761
    },
    "twitter.com/graffr_": {
      "out": {
        "in-reply-to": 25,
        "other": 25
      },
      "score": 0.756
    },
    "twitter.com/Andre0Ani": {
      "out": {
        "other": 114
      },
      "score": 0.720
    },
    "ihavesomethingtohi.de": {
      "out": {
        "other": 111
      },
      "score": 0.716
    },
    "www.meetup.com": {
      "out": {
        "other": 95
      },
      "score": 0.696
    },
    "raretrack.uk": {
      "in": {
        "in-reply-to": 36
      },
      "score": 0.688
    },
    "fosdem.org": {
      "out": {
        "other": 90
      },
      "score": 0.688
    },
    "andre-ani.fr": {
      "out": {
        "other": 85
      },
      "score": 0.682
    },
    "twitter.com/nextclouders": {
      "out": {
        "other": 84
      },
      "score": 0.679
    },
    "twitter.com/framasoft": {
      "out": {
        "in-reply-to": 9,
        "other": 34
      },
      "score": 0.671
    },
    "redecentralize.org": {
      "out": {
        "other": 69
      },
      "score": 0.654
    },
    "owncloud.org": {
      "out": {
        "other": 62
      },
      "score": 0.639
    },
    "sociocracy30.org": {
      "out": {
        "other": 58
      },
      "score": 0.630
    },
    "www.gnu.org": {
      "out": {
        "other": 58
      },
      "score": 0.630
    },
    "brid.gy": {
      "in": {
        "other": 19
      },
      "out": {
        "other": 46
      },
      "score": 0.625
    },
    "tempsdescommuns.org": {
      "out": {
        "other": 55
      },
      "score": 0.623
    },
    "jenairienacacher.fr": {
      "out": {
        "other": 55
      },
      "score": 0.623
    },
    "www.ted.com": {
      "out": {
        "other": 55
      },
      "score": 0.623
    },
    "blogs.mediapart.fr": {
      "out": {
        "other": 55
      },
      "score": 0.623
    },
    "venturebeat.com": {
      "out": {
        "other": 55
      },
      "score": 0.623
    },
    "superglue.it": {
      "out": {
        "other": 55
      },
      "score": 0.623
    },
    "donottrack-doc.com": {
      "out": {
        "other": 55
      },
      "score": 0.623
    },
    "twitter.com/lexoyo": {
      "out": {
        "other": 52
      },
      "score": 0.615
    },
    "hub.docker.com": {
      "out": {
        "other": 51
      },
      "score": 0.613
    },
    "oscedays.org": {
      "out": {
        "in-reply-to": 10
      },
      "score": 0.611
    },
    "www.raretrack.uk": {
      "out": {
        "other": 4
      },
      "in": {
        "in-reply-to": 17
      },
      "score": 0.601
    },
    "cozy.io": {
      "out": {
        "other": 45
      },
      "score": 0.597
    },
    "sandstorm.io": {
      "out": {
        "other": 43
      },
      "score": 0.590
    },
    "freedomboxfoundation.org": {
      "out": {
        "other": 43
      },
      "score": 0.590
    },
    "yunohost.org": {
      "out": {
        "other": 43
      },
      "score": 0.590
    },
    "www.rmendes.net": {
      "out": {
        "other": 31
      },
      "in": {
        "other": 3,
        "like-of": 5,
        "repost-of": 3
      },
      "score": 0.588
    },
    "nextcloud.com": {
      "out": {
        "other": 41
      },
      "score": 0.585
    },
    "www.fsf.org": {
      "out": {
        "other": 39
      },
      "score": 0.578
    },
    "www.w3.org": {
      "out": {
        "other": 37
      },
      "score": 0.570
    },
    "www.defectivebydesign.org": {
      "out": {
        "other": 37
      },
      "score": 0.570
    },
    "m6.ama.pt": {
      "out": {
        "other": 37
      },
      "score": 0.570
    },
    "ensinolivre.pt": {
      "out": {
        "other": 37
      },
      "score": 0.570
    },
    "drm-pt.info": {
      "out": {
        "other": 37
      },
      "score": 0.570
    },
    "ansol.org": {
      "out": {
        "other": 37
      },
      "score": 0.570
    },
    "www.indiegogo.com": {
      "out": {
        "other": 36
      },
      "score": 0.568
    },
    "degooglisons-internet.org": {
      "out": {
        "other": 36
      },
      "score": 0.568
    },
    "framablog.org": {
      "out": {
        "other": 32
      },
      "score": 0.552
    },
    "twitter.com/nsteinmetz": {
      "out": {
        "other": 29
      },
      "score": 0.538
    },
    "twitter.com/legocoder": {
      "out": {
        "other": 28
      },
      "score": 0.534
    },
    "twitter.com/javolmut": {
      "out": {
        "other": 28
      },
      "score": 0.534
    },
    "t.co": {
      "out": {
        "other": 28
      },
      "score": 0.534
    },
    "www.freedesktop.org": {
      "out": {
        "other": 26
      },
      "score": 0.524
    },
    "arkos.io": {
      "out": {
        "other": 26
      },
      "score": 0.524
    },
    "singchan.github.io": {
      "out": {
        "other": 26
      },
      "score": 0.524
    },
    "www.webmin.com": {
      "out": {
        "other": 26
      },
      "score": 0.524
    },
    "lexoyo.me": {
      "out": {
        "other": 26
      },
      "score": 0.524
    },
    "developers.google.com": {
      "out": {
        "other": 26
      },
      "score": 0.524
    },
    "twitter.com/fo0_": {
      "out": {
        "other": 25
      },
      "score": 0.519
    },
    "geekandpoke.typepad.com": {
      "out": {
        "other": 25
      },
      "score": 0.519
    },
    "blog.schiessle.org": {
      "out": {
        "other": 24
      },
      "score": 0.513
    },
    "twitter.com/_CerenIT": {
      "out": {
        "other": 23
      },
      "score": 0.508
    },
    "www.crowdsupply.com": {
      "out": {
        "other": 23
      },
      "score": 0.508
    },
    "piwik.org": {
      "out": {
        "other": 23
      },
      "score": 0.508
    },
    "twitter.com/RikMende": {
      "out": {
        "other": 22
      },
      "score": 0.501
    },
    "trovebox.com": {
      "out": {
        "other": 22
      },
      "score": 0.501
    },
    "mic.com": {
      "out": {
        "other": 21
      },
      "score": 0.496
    },
    "blog.jonasoberg.net": {
      "out": {
        "other": 21
      },
      "score": 0.496
    },
    "edrex.pdxhub.org": {
      "out": {
        "other": 20
      },
      "score": 0.489
    },
    "www.silexlabs.org": {
      "out": {
        "other": 20
      },
      "score": 0.489
    },
    "www.youtube.com": {
      "out": {
        "other": 19
      },
      "score": 0.483
    },
    "twitter.com/Nextclouders": {
      "out": {
        "other": 18
      },
      "score": 0.475
    },
    "twitter.com/almereyda": {
      "out": {
        "other": 18
      },
      "score": 0.475
    },
    "nlnet.nl": {
      "out": {
        "other": 18
      },
      "score": 0.475
    },
    "blogs.fsfe.org": {
      "out": {
        "other": 17
      },
      "score": 0.468
    },
    "www.peterbouda.eu": {
      "out": {
        "other": 17
      },
      "score": 0.468
    },
    "coreos.com": {
      "out": {
        "other": 17
      },
      "score": 0.468
    },
    "medium.com": {
      "out": {
        "other": 16
      },
      "score": 0.460
    },
    "twitter.com/TcitWorld": {
      "out": {
        "other": 16
      },
      "score": 0.460
    },
    "advocacy.mozilla.org": {
      "out": {
        "other": 14
      },
      "score": 0.442
    },
    "choosealicense.com": {
      "out": {
        "other": 14
      },
      "score": 0.442
    },
    "en.wikipedia.org": {
      "out": {
        "other": 14
      },
      "score": 0.442
    },
    "www.facebook.com": {
      "out": {
        "other": 14
      },
      "score": 0.442
    },
    "twitter.com/hypersea": {
      "out": {
        "other": 14
      },
      "score": 0.442
    },
    "camp.ouisharelabs.net": {
      "out": {
        "other": 13
      },
      "score": 0.432
    },
    "chat.indie.host": {
      "out": {
        "other": 13
      },
      "score": 0.432
    },
    "www.p2pvalue.eu": {
      "out": {
        "other": 13
      },
      "score": 0.432
    },
    "sendgrid.com": {
      "out": {
        "other": 13
      },
      "score": 0.432
    },
    "awards.ouishare.net": {
      "out": {
        "other": 13
      },
      "score": 0.432
    },
    "nicolas.steinmetz.fr": {
      "out": {
        "other": 12
      },
      "score": 0.422
    },
    "statuscode.ch": {
      "out": {
        "other": 12
      },
      "score": 0.422
    },
    "help.nextcloud.com": {
      "out": {
        "other": 12
      },
      "score": 0.422
    },
    "twitter.com/guidohoermann": {
      "out": {
        "other": 12
      },
      "score": 0.422
    },
    "indie.host": {
      "out": {
        "other": 12
      },
      "score": 0.422
    },
    "twitter.com/silexlabs": {
      "out": {
        "other": 12
      },
      "score": 0.422
    },
    "pierre-o.fr": {
      "out": {
        "other": 10
      },
      "score": 0.398
    },
    "twitter.com/4rtopal": {
      "out": {
        "other": 10
      },
      "score": 0.398
    },
    "framadrive.org": {
      "out": {
        "other": 10
      },
      "score": 0.398
    },
    "www.cerenit.fr": {
      "out": {
        "other": 10
      },
      "score": 0.398
    },
    "www.humancoders.com": {
      "out": {
        "other": 10
      },
      "score": 0.398
    },
    "twitter.com/gilhe": {
      "out": {
        "other": 10
      },
      "score": 0.398
    },
    "ozoux.net": {
      "out": {
        "other": 10
      },
      "score": 0.398
    },
    "tosdr.org": {
      "out": {
        "other": 10
      },
      "score": 0.398
    },
    "plus.google.com/events": {
      "out": {
        "other": 9
      },
      "score": 0.383
    },
    "twitter.com/elioqoshi": {
      "out": {
        "other": 9
      },
      "score": 0.383
    },
    "indieweb.org": {
      "in": {
        "other": 18
      },
      "score": 0.383
    },
    "www.jdll.org": {
      "out": {
        "other": 9
      },
      "score": 0.383
    },
    "www.linuxjournal.com": {
      "out": {
        "other": 9
      },
      "score": 0.383
    },
    "stripe.com": {
      "out": {
        "other": 9
      },
      "score": 0.383
    },
    "www.entreprises.coop": {
      "out": {
        "other": 9
      },
      "score": 0.383
    },
    "www.undernews.fr": {
      "out": {
        "other": 9
      },
      "score": 0.383
    },
    "handbook.enspiral.com": {
      "out": {
        "other": 9
      },
      "score": 0.383
    },
    "www.eventbrite.co.nz": {
      "out": {
        "other": 9
      },
      "score": 0.383
    },
    "twitter.com/pscoffoni": {
      "out": {
        "other": 9
      },
      "score": 0.383
    },
    "www.digital-insiders.com": {
      "out": {
        "other": 9
      },
      "score": 0.383
    },
    "2017.open.coop": {
      "out": {
        "other": 9
      },
      "score": 0.383
    },
    "facebook.com/837778689628421": {
      "out": {
        "other": 8
      },
      "score": 0.367
    },
    "indieit.com": {
      "out": {
        "other": 8
      },
      "score": 0.367
    },
    "twitter.com/jfducrot": {
      "out": {
        "other": 8
      },
      "score": 0.367
    },
    "twitter.com/MyCozyCloud": {
      "out": {
        "other": 7
      },
      "score": 0.350
    },
    "twitter.com/NuitDeboutRT": {
      "out": {
        "other": 7
      },
      "score": 0.350
    },
    "twitter.com/pyg": {
      "out": {
        "other": 7
      },
      "score": 0.350
    },
    "twitter.com/enricostano": {
      "out": {
        "other": 7
      },
      "score": 0.350
    },
    "twitter.com/ledouarec": {
      "out": {
        "other": 6
      },
      "score": 0.329
    },
    "www.whynotprod.com": {
      "out": {
        "other": 6
      },
      "score": 0.329
    },
    "www.silex.me": {
      "out": {
        "other": 6
      },
      "score": 0.329
    },
    "news.ycombinator.com": {
      "out": {
        "other": 6
      },
      "score": 0.329
    },
    "editor.silex.me": {
      "out": {
        "other": 6
      },
      "score": 0.329
    },
    "www.reddit.com": {
      "out": {
        "other": 6
      },
      "score": 0.329
    },
    "facebook.com/1043152555719266": {
      "out": {
        "other": 6
      },
      "score": 0.329
    },
    "tcit.fr": {
      "out": {
        "other": 6
      },
      "score": 0.329
    },
    "facebook.com/1076667052378970": {
      "out": {
        "other": 6
      },
      "score": 0.329
    },
    "twitter.com/coot_": {
      "out": {
        "other": 6
      },
      "score": 0.329
    },
    "blog.blackducksoftware.com": {
      "out": {
        "other": 5
      },
      "score": 0.305
    },
    "twitter.com/fkarlitschek": {
      "out": {
        "other": 5
      },
      "score": 0.305
    },
    "facebook.com/1147781958584135": {
      "out": {
        "other": 5
      },
      "score": 0.305
    },
    "twitter.com/GnuFreedom": {
      "out": {
        "other": 5
      },
      "score": 0.305
    },
    "twitter.com/UKGadgets": {
      "out": {
        "other": 5
      },
      "score": 0.305
    },
    "www.explainxkcd.com": {
      "out": {
        "other": 5
      },
      "score": 0.305
    },
    "elioqoshi.me": {
      "out": {
        "other": 5
      },
      "score": 0.305
    },
    "twitter.com/JbIPS": {
      "out": {
        "other": 5
      },
      "score": 0.305
    },
    "twitter.com/aldrikr": {
      "out": {
        "other": 5
      },
      "score": 0.305
    },
    "twitter.com/RtwtNuitDebout": {
      "out": {
        "other": 5
      },
      "score": 0.305
    },
    "about.gitlab.com": {
      "out": {
        "other": 5
      },
      "score": 0.305
    },
    "ura.al": {
      "out": {
        "other": 5
      },
      "score": 0.305
    },
    "twitter.com/paul_free14": {
      "out": {
        "other": 5
      },
      "score": 0.305
    },
    "saintsal.com": {
      "out": {
        "other": 5
      },
      "score": 0.305
    },
    "twitter.com/VirtualYopman": {
      "out": {
        "other": 5
      },
      "score": 0.305
    },
    "twitter.com/jancborchardt": {
      "out": {
        "other": 5
      },
      "score": 0.305
    },
    "www.faz.net": {
      "out": {
        "other": 5
      },
      "score": 0.305
    },
    "twitter.com/JSF_Legacy": {
      "out": {
        "other": 5
      },
      "score": 0.305
    },
    "www.mautic.org": {
      "out": {
        "other": 5
      },
      "score": 0.305
    },
    "git.indie.host": {
      "out": {
        "other": 5
      },
      "score": 0.305
    },
    "twitter.com/Pelissier_S": {
      "out": {
        "other": 5
      },
      "score": 0.305
    },
    "twitter.com/Ardeche_Libre": {
      "out": {
        "other": 5
      },
      "score": 0.305
    },
    "twitter.com/Toubiweb": {
      "out": {
        "other": 5
      },
      "score": 0.305
    },
    "twitter.com/spwrcat": {
      "out": {
        "other": 5
      },
      "score": 0.305
    },
    "twitter.com/qreviewproduct": {
      "out": {
        "other": 5
      },
      "score": 0.305
    },
    "www.bountysource.com": {
      "out": {
        "other": 5
      },
      "score": 0.305
    },
    "twitter.com/jospoortvliet": {
      "out": {
        "other": 5
      },
      "score": 0.305
    },
    "twitter.com/RocketChatApp": {
      "out": {
        "other": 5
      },
      "score": 0.305
    },
    "twitter.com/uracreative": {
      "out": {
        "other": 5
      },
      "score": 0.305
    },
    "iilab.org": {
      "out": {
        "other": 5
      },
      "score": 0.305
    },
    "meta.discourse.org": {
      "out": {
        "other": 5
      },
      "score": 0.305
    },
    "chat.indieweb.org": {
      "in": {
        "other": 10
      },
      "score": 0.305
    },
    "www.toolinux.com": {
      "out": {
        "other": 5
      },
      "score": 0.305
    },
    "dirtycow.ninja": {
      "out": {
        "other": 5
      },
      "score": 0.305
    },
    "twitter.com/thiagoalmeidasa": {
      "out": {
        "other": 5
      },
      "score": 0.305
    },
    "facebook.com/160449683978088": {
      "out": {
        "other": 5
      },
      "score": 0.305
    },
    "twitter.com/soniaglasberg": {
      "out": {
        "other": 5
      },
      "score": 0.305
    },
    "nicolas.le.douar.ec": {
      "out": {
        "other": 4
      },
      "score": 0.276
    },
    "tryingtobeawesome.com": {
      "out": {
        "other": 4
      },
      "score": 0.276
    },
    "facebook.com/10154551699793847": {
      "out": {
        "other": 4
      },
      "score": 0.276
    },
    "www.elioqoshi.me": {
      "out": {
        "other": 4
      },
      "score": 0.276
    },
    "twitter.com/me_coot": {
      "out": {
        "other": 4
      },
      "score": 0.276
    },
    "twitter.com/BETONBERNIE": {
      "out": {
        "other": 4
      },
      "score": 0.276
    },
    "facebook.com/10154761126557908": {
      "out": {
        "other": 4
      },
      "score": 0.276
    },
    "twitter.com/pfefferle": {
      "out": {
        "other": 4
      },
      "score": 0.276
    },
    "facebook.com/10208163133732171": {
      "out": {
        "other": 4
      },
      "score": 0.276
    },
    "facebook.com/1105465656192664": {
      "out": {
        "other": 4
      },
      "score": 0.276
    },
    "twitter.com/se7entime": {
      "out": {
        "other": 4
      },
      "score": 0.276
    },
    "stragu.github.io": {
      "out": {
        "other": 4
      },
      "score": 0.276
    },
    "facebook.com/522570294570691": {
      "out": {
        "other": 4
      },
      "score": 0.276
    },
    "twitter.com/fkooman": {
      "out": {
        "other": 4
      },
      "score": 0.276
    },
    "twitter.com/badgermind": {
      "out": {
        "other": 4
      },
      "score": 0.276
    },
    "twitter.com/ceubri": {
      "out": {
        "other": 3
      },
      "score": 0.237
    },
    "twitter.com/geek_output": {
      "out": {
        "other": 3
      },
      "score": 0.237
    },
    "twitter.com/proxbomb": {
      "out": {
        "other": 3
      },
      "score": 0.237
    },
    "twitter.com/OuiShareLabs": {
      "out": {
        "other": 3
      },
      "score": 0.237
    },
    "twitter.com/clochix": {
      "out": {
        "other": 3
      },
      "score": 0.237
    },
    "twitter.com/ownClouders": {
      "out": {
        "other": 3
      },
      "score": 0.237
    },
    "twitter.com/tdelvecchio": {
      "out": {
        "other": 3
      },
      "score": 0.237
    },
    "twitter.com/ReddBazaar": {
      "out": {
        "other": 3
      },
      "score": 0.237
    },
    "twitter.com/HwcBrussels": {
      "out": {
        "other": 3
      },
      "score": 0.237
    },
    "twitter.com/BourmeauPauline": {
      "out": {
        "other": 3
      },
      "score": 0.237
    },
    "twitter.com/MathieuCoste": {
      "out": {
        "other": 3
      },
      "score": 0.237
    },
    "twitter.com/Abhishek_PC": {
      "out": {
        "other": 3
      },
      "score": 0.237
    },
    "twitter.com/cstanhope": {
      "out": {
        "other": 3
      },
      "score": 0.237
    },
    "twitter.com/nicosomb": {
      "out": {
        "other": 3
      },
      "score": 0.237
    },
    "twitter.com/EmergentOrder": {
      "out": {
        "other": 3
      },
      "score": 0.237
    },
    "twitter.com/MonCherNum": {
      "out": {
        "other": 3
      },
      "score": 0.237
    },
    "twitter.com/rMdes_": {
      "out": {
        "other": 3
      },
      "score": 0.237
    },
    "twitter.com/Goofy_fr": {
      "out": {
        "other": 3
      },
      "score": 0.237
    },
    "twitter.com/klein_stephane": {
      "out": {
        "other": 3
      },
      "score": 0.237
    },
    "facebook.com/10152857336038740": {
      "out": {
        "other": 2
      },
      "score": 0.184
    },
    "monchernumerique.fr": {
      "out": {
        "other": 2
      },
      "score": 0.184
    },
    "twitter.com/BeattieColeLLC": {
      "out": {
        "other": 2
      },
      "score": 0.184
    },
    "twitter.com/msbrandymorgan": {
      "out": {
        "other": 2
      },
      "score": 0.184
    },
    "www.tuxed.net": {
      "out": {
        "other": 2
      },
      "score": 0.184
    },
    "stephane-klein.info": {
      "out": {
        "other": 2
      },
      "score": 0.184
    },
    "www.framasoft.org": {
      "out": {
        "other": 2
      },
      "score": 0.184
    },
    "facebook.com/1711880549135713": {
      "out": {
        "other": 2
      },
      "score": 0.184
    },
    "twitter.com/ametaireau": {
      "out": {
        "other": 2
      },
      "score": 0.184
    },
    "twitter.com/nonjiles": {
      "out": {
        "other": 2
      },
      "score": 0.184
    },
    "facebook.com/157366461329349": {
      "out": {
        "other": 2
      },
      "score": 0.184
    },
    "twitter.com/diogocsc": {
      "out": {
        "other": 2
      },
      "score": 0.184
    },
    "www.ura.design": {
      "out": {
        "other": 2
      },
      "score": 0.184
    },
    "facebook.com/10153355117497810": {
      "out": {
        "other": 2
      },
      "score": 0.184
    },
    "twitter.com/ProCrowdfunder": {
      "out": {
        "other": 2
      },
      "score": 0.184
    },
    "twitter.com/jackyalcine": {
      "out": {
        "other": 2
      },
      "score": 0.184
    },
    "twitter.com/raretrack": {
      "out": {
        "other": 2
      },
      "score": 0.184
    },
    "twitter.com/osbennn": {
      "out": {
        "other": 2
      },
      "score": 0.184
    },
    "twitter.com/edrex": {
      "out": {
        "other": 2
      },
      "score": 0.184
    },
    "facebook.com/10203770341487937": {
      "out": {
        "other": 2
      },
      "score": 0.184
    },
    "facebook.com/10205441952824619": {
      "out": {
        "other": 2
      },
      "score": 0.184
    },
    "facebook.com/10206250539323858": {
      "out": {
        "other": 2
      },
      "score": 0.184
    },
    "facebook.com/1620972734877023": {
      "out": {
        "other": 2
      },
      "score": 0.184
    },
    "twitter.com/adamroot": {
      "out": {
        "other": 2
      },
      "score": 0.184
    },
    "twitter.com/m0binaute": {
      "out": {
        "other": 2
      },
      "score": 0.184
    },
    "twitter.com/rsertelon": {
      "out": {
        "other": 2
      },
      "score": 0.184
    },
    "twitter.com": {
      "out": {
        "other": 2
      },
      "score": 0.184
    },
    "twitter.com/viastak": {
      "out": {
        "other": 2
      },
      "score": 0.184
    },
    "twitter.com/yurivyatkin": {
      "out": {
        "other": 2
      },
      "score": 0.184
    },
    "charles.stanho.pe": {
      "out": {
        "other": 2
      },
      "score": 0.184
    },
    "twitter.com/sn4rky": {
      "out": {
        "other": 2
      },
      "score": 0.184
    },
    "twitter.com/ronnicek": {
      "out": {
        "other": 2
      },
      "score": 0.184
    },
    "www.joaofernandes.me": {
      "out": {
        "other": 2
      },
      "score": 0.184
    },
    "reddbazaar.com": {
      "out": {
        "other": 2
      },
      "score": 0.184
    },
    "www.tickettailor.com": {
      "out": {
        "other": 2
      },
      "score": 0.184
    },
    "enricostano.github.io": {
      "out": {
        "other": 2
      },
      "score": 0.184
    },
    "facebook.com/572592529599271": {
      "out": {
        "other": 2
      },
      "score": 0.184
    },
    "facebook.com/570366263142746": {
      "out": {
        "other": 2
      },
      "score": 0.184
    },
    "karlitschek.de": {
      "out": {
        "other": 2
      },
      "score": 0.184
    },
    "twitter.com/piwik": {
      "out": {
        "other": 2
      },
      "score": 0.184
    },
    "facebook.com/10102928828615907": {
      "out": {
        "other": 2
      },
      "score": 0.184
    },
    "jancborchardt.net": {
      "out": {
        "other": 2
      },
      "score": 0.184
    },
    "labs.ouishare.net": {
      "out": {
        "other": 2
      },
      "score": 0.184
    },
    "twitter.com/iPresentapp": {
      "out": {
        "other": 2
      },
      "score": 0.184
    },
    "twitter.com/Ecksearoh": {
      "out": {
        "other": 2
      },
      "score": 0.184
    },
    "twitter.com/matthieuaubry": {
      "out": {
        "other": 2
      },
      "score": 0.184
    },
    "twitter.com/uraworks": {
      "out": {
        "other": 2
      },
      "score": 0.184
    },
    "facebook.com/10210642952094811": {
      "out": {
        "other": 2
      },
      "score": 0.184
    },
    "twitter.com/BoolKiRool": {
      "out": {
        "other": 2
      },
      "score": 0.184
    },
    "twitter.com/apicube": {
      "out": {
        "other": 2
      },
      "score": 0.184
    },
    "twitter.com/edtechdev": {
      "out": {
        "other": 2
      },
      "score": 0.184
    },
    "twitter.com/emjayess": {
      "out": {
        "other": 2
      },
      "score": 0.184
    },
    "clochix.net": {
      "out": {
        "other": 2
      },
      "score": 0.184
    },
    "twitter.com/Saalbuerger": {
      "out": {
        "other": 2
      },
      "score": 0.184
    },
    "twitter.com/cloudfleetio": {
      "out": {
        "other": 2
      },
      "score": 0.184
    },
    "twitter.com/DirkRuediger": {
      "out": {
        "other": 2
      },
      "score": 0.184
    },
    "twitter.com/SimonRobain": {
      "out": {
        "other": 2
      },
      "score": 0.184
    },
    "mossit.me": {
      "out": {
        "other": 2
      },
      "score": 0.184
    },
    "twitter.com/jonnywhite": {
      "out": {
        "other": 2
      },
      "score": 0.184
    },
    "livingfreeofmoney.wordpress.com": {
      "out": {
        "other": 2
      },
      "score": 0.184
    },
    "itsfoss.com": {
      "out": {
        "other": 2
      },
      "score": 0.184
    },
    "blog.jospoortvliet.com": {
      "out": {
        "other": 2
      },
      "score": 0.184
    },
    "twitter.com/jkphl": {
      "out": {
        "other": 2
      },
      "score": 0.184
    },
    "twitter.com/micmeister59": {
      "out": {
        "other": 2
      },
      "score": 0.184
    },
    "twitter.com/plv": {
      "out": {
        "other": 2
      },
      "score": 0.184
    },
    "facebook.com/10211999077431943": {
      "out": {
        "other": 2
      },
      "score": 0.184
    },
    "www.qualityreviewproduct.com": {
      "out": {
        "other": 2
      },
      "score": 0.184
    },
    "cheznous.coop": {
      "out": {
        "other": 2
      },
      "score": 0.184
    },
    "facebook.com/10203934297223345": {
      "out": {
        "other": 2
      },
      "score": 0.184
    },
    "twitter.com/rvdeijnde": {
      "out": {
        "other": 2
      },
      "score": 0.184
    },
    "fr.linkedin.com": {
      "out": {
        "other": 2
      },
      "score": 0.184
    },
    "twitter.com/jonatoni": {
      "out": {
        "other": 2
      },
      "score": 0.184
    },
    "twitter.com/ravouz": {
      "out": {
        "other": 2
      },
      "score": 0.184
    },
    "twitter.com/katuma_org": {
      "out": {
        "other": 2
      },
      "score": 0.184
    },
    "www.geekoutput.com": {
      "out": {
        "other": 2
      },
      "score": 0.184
    },
    "twitter.com/abrahamgibson": {
      "out": {
        "other": 2
      },
      "score": 0.184
    },
    "twitter.com/stefbj": {
      "out": {
        "other": 2
      },
      "score": 0.184
    },
    "twitter.com/wodumedia": {
      "out": {
        "other": 2
      },
      "score": 0.184
    },
    "twitter.com/davidak": {
      "out": {
        "other": 2
      },
      "score": 0.184
    },
    "www.vLAB.is": {
      "out": {
        "other": 2
      },
      "score": 0.184
    },
    "nicolas.loeuillet.org": {
      "out": {
        "other": 2
      },
      "score": 0.184
    },
    "www.babelzilla.org": {
      "out": {
        "other": 2
      },
      "score": 0.184
    },
    "twitter.com/tlongren": {
      "out": {
        "other": 2
      },
      "score": 0.184
    },
    "ownCloud.org": {
      "out": {
        "other": 2
      },
      "score": 0.184
    },
    "twitter.com/rmostz": {
      "out": {
        "other": 2
      },
      "score": 0.184
    },
    "twitter.com/ThiloKunzemann": {
      "out": {
        "other": 2
      },
      "score": 0.184
    },
    "hwc.brussels": {
      "out": {
        "other": 2
      },
      "score": 0.184
    },
    "www.ploxel.com": {
      "out": {
        "other": 2
      },
      "score": 0.184
    },
    "ardechelibre.org": {
      "out": {
        "other": 2
      },
      "score": 0.184
    },
    "twitter.com/Ploxel": {
      "out": {
        "other": 2
      },
      "score": 0.184
    },
    "twitter.com/berpj": {
      "out": {
        "other": 2
      },
      "score": 0.184
    },
    "www.openworx.nl": {
      "out": {
        "other": 2
      },
      "score": 0.184
    },
    "facebook.com/10153817676785677": {
      "out": {
        "other": 2
      },
      "score": 0.184
    },
    "twitter.com/DoubleMalt": {
      "out": {
        "other": 2
      },
      "score": 0.184
    },
    "twitter.com/jcohonner": {
      "out": {
        "other": 2
      },
      "score": 0.184
    },
    "twitter.com/keen_io": {
      "out": {
        "other": 2
      },
      "score": 0.184
    },
    "twitter.com/mgielissen": {
      "out": {
        "other": 2
      },
      "score": 0.184
    },
    "www.keepcalmanduseaproxy.com": {
      "out": {
        "other": 2
      },
      "score": 0.184
    },
    "127.0.0.1": {
      "out": {
        "other": 1
      },
      "score": 0.0919
    },
    "io.schiessle.org": {
      "in": {
        "other": 2
      },
      "score": 0.0919
    },
    "zeronet.classcoder.com": {
      "out": {
        "other": 1
      },
      "score": 0.0919
    },
    "www.diogocordeiro.pt": {
      "out": {
        "other": 1
      },
      "score": 0.0919
    }
  }
}