{
  "domain": "blog.wolftune.com",
  "urls": [
    "http://blog.wolftune.com/"
  ],
  "names": [
    "“Aaron Wolf | Music Lessons in Portland & Oregon City: Guitar, Music Science, and more",
    "Exploring music and life in the 21st century"
  ],
  "descriptions": [
    "A site about my music lessons, guitar, teaching, philosophy, music cognition, and Free Open Source Software, Free Culture, Creative Commons, and more",
    "Lesson information, student resources, philosophy, scholarship, and more from Portland music teacher Aaron Wolf"
  ],
  "pictures": [
    "http://blog.wolftune.com/favicon.ico"
  ],
  "hcard": {},
  "rel_mes": [
    "mailto:aaron@wolftune.com"
  ],
  "crawl_start": "2017-04-26T15:04:16",
  "crawl_end": "2017-05-07T06:36:30",
  "num_pages": 93,
  "total_html_size": 7010892,
  "servers": [
    "GSE"
  ],
  "mf2_classes": [
    "h-entry",
    "h-feed"
  ],
  "tags": [
    "relme",
    "IRC"
  ],
  "endpoints": {},
  "links_out": 7796,
  "links_in": 4,
  "links": {
    "javascript": {
      "out": {
        "other": 3533
      },
      "score": 1
    },
    "www.blogger.com": {
      "out": {
        "other": 1772
      },
      "score": 0.922
    },
    "&target=blog": {
      "out": {
        "other": 235
      },
      "score": 0.694
    },
    "&target=twitter": {
      "out": {
        "other": 235
      },
      "score": 0.694
    },
    "&target=pinterest": {
      "out": {
        "other": 235
      },
      "score": 0.694
    },
    "&target=email": {
      "out": {
        "other": 235
      },
      "score": 0.694
    },
    "&target=facebook": {
      "out": {
        "other": 235
      },
      "score": 0.694
    },
    "creativecommons.org": {
      "out": {
        "other": 209
      },
      "score": 0.682
    },
    "en.wikipedia.org": {
      "out": {
        "other": 134
      },
      "score": 0.631
    },
    "www.amazon.com": {
      "out": {
        "other": 103
      },
      "score": 0.602
    },
    "www.adfreeblog.org": {
      "out": {
        "other": 93
      },
      "score": 0.590
    },
    "wolftune.com": {
      "out": {
        "other": 93
      },
      "score": 0.590
    },
    "www.istockphoto.com": {
      "out": {
        "other": 93
      },
      "score": 0.590
    },
    "2.bp.blogspot.com": {
      "out": {
        "other": 41
      },
      "score": 0.498
    },
    "archive.org": {
      "out": {
        "other": 36
      },
      "score": 0.483
    },
    "wolftune.blogspot.com": {
      "out": {
        "other": 33
      },
      "score": 0.473
    },
    "snowdrift.coop": {
      "out": {
        "other": 31
      },
      "score": 0.466
    },
    "www.h-pi.com": {
      "out": {
        "other": 25
      },
      "score": 0.441
    },
    "draft.blogger.com": {
      "out": {
        "other": 20
      },
      "score": 0.416
    },
    "www.youtube.com": {
      "out": {
        "other": 16
      },
      "score": 0.392
    },
    "amzn": {
      "out": {
        "other": 12
      },
      "score": 0.359
    },
    "blog.ninapaley.com": {
      "out": {
        "other": 12
      },
      "score": 0.359
    },
    "1.bp.blogspot.com": {
      "out": {
        "other": 11
      },
      "score": 0.349
    },
    "ozmusic.com": {
      "out": {
        "other": 11
      },
      "score": 0.349
    },
    "soundcloud.com": {
      "out": {
        "other": 11
      },
      "score": 0.349
    },
    "www.musicmanumit.com": {
      "out": {
        "other": 10
      },
      "score": 0.339
    },
    "vimeo.com": {
      "out": {
        "other": 10
      },
      "score": 0.339
    },
    "musescore.org": {
      "out": {
        "other": 10
      },
      "score": 0.339
    },
    "en.wiktionary.org": {
      "out": {
        "other": 9
      },
      "score": 0.326
    },
    "www.archive.org": {
      "out": {
        "other": 9
      },
      "score": 0.326
    },
    "rynothebearded.com": {
      "out": {
        "other": 9
      },
      "score": 0.326
    },
    "eceserv0.ece.wisc.edu": {
      "out": {
        "other": 9
      },
      "score": 0.326
    },
    "philomel.com": {
      "out": {
        "other": 9
      },
      "score": 0.326
    },
    "beingmusicalbeinghuman.com": {
      "out": {
        "other": 8
      },
      "score": 0.313
    },
    "www.ted.com": {
      "out": {
        "other": 8
      },
      "score": 0.313
    },
    "www.gnu.org": {
      "out": {
        "other": 7
      },
      "score": 0.298
    },
    "seagl.org": {
      "out": {
        "other": 7
      },
      "score": 0.298
    },
    "3.bp.blogspot.com": {
      "out": {
        "other": 7
      },
      "score": 0.298
    },
    "www.barbershoptags.com": {
      "out": {
        "other": 7
      },
      "score": 0.298
    },
    "www.arrangersagainstcopyright.org": {
      "out": {
        "other": 5
      },
      "score": 0.260
    },
    "www.eff.org": {
      "out": {
        "other": 5
      },
      "score": 0.260
    },
    "4.bp.blogspot.com": {
      "out": {
        "other": 5
      },
      "score": 0.260
    },
    "www.wolftune.com": {
      "out": {
        "other": 5
      },
      "score": 0.260
    },
    "snowdrift.tilt.com": {
      "out": {
        "other": 4
      },
      "score": 0.235
    },
    "questioncopyright.org": {
      "out": {
        "other": 4
      },
      "score": 0.235
    },
    "audacity.sourceforge.net": {
      "out": {
        "other": 4
      },
      "score": 0.235
    },
    "web.audacityteam.org": {
      "out": {
        "other": 3
      },
      "score": 0.202
    },
    "www.aadl.org": {
      "out": {
        "other": 3
      },
      "score": 0.202
    },
    "www.defectivebydesign.org": {
      "out": {
        "other": 3
      },
      "score": 0.202
    },
    "www.reaper.fm": {
      "out": {
        "other": 3
      },
      "score": 0.202
    },
    "www.stick.com": {
      "out": {
        "other": 3
      },
      "score": 0.202
    },
    "plus.google.com/+AaronWolfguitarteacherOregonCity": {
      "out": {
        "other": 3
      },
      "score": 0.202
    },
    "amzn.to": {
      "out": {
        "other": 3
      },
      "score": 0.202
    },
    "www.videolan.org": {
      "out": {
        "other": 3
      },
      "score": 0.202
    },
    "kxstudio.sourceforge.net": {
      "out": {
        "other": 2
      },
      "score": 0.157
    },
    "www.hydrogen-music.org": {
      "out": {
        "other": 2
      },
      "score": 0.157
    },
    "www.ultimate-guitar.com": {
      "out": {
        "other": 2
      },
      "score": 0.157
    },
    "www.niallmoody.com": {
      "out": {
        "other": 2
      },
      "score": 0.157
    },
    "duckduckgo.com": {
      "out": {
        "other": 2
      },
      "score": 0.157
    },
    "sites.google.com": {
      "out": {
        "other": 2
      },
      "score": 0.157
    },
    "www.taskcoach.org": {
      "out": {
        "other": 2
      },
      "score": 0.157
    },
    "tuxguitar.herac.com.ar": {
      "out": {
        "other": 2
      },
      "score": 0.157
    },
    "www.thumbtack.com": {
      "out": {
        "other": 2
      },
      "score": 0.157
    },
    "wiki.linuxaudio.org": {
      "out": {
        "other": 2
      },
      "score": 0.157
    },
    "www.myriad-online.com": {
      "out": {
        "other": 2
      },
      "score": 0.157
    },
    "affiliates.mozilla.org": {
      "out": {
        "other": 2
      },
      "score": 0.157
    },
    "ariamaestosa.sourceforge.net": {
      "out": {
        "other": 2
      },
      "score": 0.157
    },
    "www.guitar-pro.com": {
      "out": {
        "other": 2
      },
      "score": 0.157
    },
    "www.singintune.org": {
      "out": {
        "other": 2
      },
      "score": 0.157
    },
    "secure.avangate.com": {
      "out": {
        "other": 2
      },
      "score": 0.157
    },
    "www.fsf.org": {
      "out": {
        "other": 2
      },
      "score": 0.157
    },
    "www.sonicvisualiser.org": {
      "out": {
        "other": 2
      },
      "score": 0.157
    },
    "ardour.org": {
      "out": {
        "other": 2
      },
      "score": 0.157
    },
    "www.bouncemetronome.com": {
      "out": {
        "other": 2
      },
      "score": 0.157
    },
    "addons.mozilla.org": {
      "out": {
        "other": 2
      },
      "score": 0.157
    },
    "gillesdegottex.github.io": {
      "out": {
        "other": 2
      },
      "score": 0.157
    },
    "offray.withknown.com": {
      "in": {
        "other": 4
      },
      "score": 0.157
    },
    "nootka.sourceforge.net": {
      "out": {
        "other": 2
      },
      "score": 0.157
    },
    "upload.wikimedia.org": {
      "out": {
        "other": 2
      },
      "score": 0.157
    },
    "facebook.com/wolftune-lessons": {
      "out": {
        "other": 1
      },
      "score": 0.0782
    },
    "stallman.org": {
      "out": {
        "other": 1
      },
      "score": 0.0782
    },
    "commons.wikimedia.org": {
      "out": {
        "other": 1
      },
      "score": 0.0782
    },
    "copy-me.org": {
      "out": {
        "other": 1
      },
      "score": 0.0782
    },
    "www.adbusters.org": {
      "out": {
        "other": 1
      },
      "score": 0.0782
    },
    "www.classicalguitarschool.net": {
      "out": {
        "other": 1
      },
      "score": 0.0782
    },
    "jackaudio.org": {
      "out": {
        "other": 1
      },
      "score": 0.0782
    },
    "penguintosh.com": {
      "out": {
        "other": 1
      },
      "score": 0.0782
    },
    "iridiumbrowser.de": {
      "out": {
        "other": 1
      },
      "score": 0.0782
    },
    "llcon.sourceforge.net": {
      "out": {
        "other": 1
      },
      "score": 0.0782
    },
    "alternativeto.net": {
      "out": {
        "other": 1
      },
      "score": 0.0782
    },
    "amzn.com": {
      "out": {
        "other": 1
      },
      "score": 0.0782
    },
    "www.blender.org": {
      "out": {
        "other": 1
      },
      "score": 0.0782
    },
    "www.libreoffice.org": {
      "out": {
        "other": 1
      },
      "score": 0.0782
    },
    "www.utexas.edu": {
      "out": {
        "other": 1
      },
      "score": 0.0782
    },
    "29a.ch": {
      "out": {
        "other": 1
      },
      "score": 0.0782
    },
    "musicalcognition.blogspot.com": {
      "out": {
        "other": 1
      },
      "score": 0.0782
    },
    "replicant.us": {
      "out": {
        "other": 1
      },
      "score": 0.0782
    },
    "www.gimp.org": {
      "out": {
        "other": 1
      },
      "score": 0.0782
    },
    "cnx.org": {
      "out": {
        "other": 1
      },
      "score": 0.0782
    },
    "www.split-notes.com": {
      "out": {
        "other": 1
      },
      "score": 0.0782
    },
    "composerssketchpad.com": {
      "out": {
        "other": 1
      },
      "score": 0.0782
    },
    "fix-macosx.com": {
      "out": {
        "other": 1
      },
      "score": 0.0782
    },
    "home.gna.org": {
      "out": {
        "other": 1
      },
      "score": 0.0782
    },
    "blog.vellumatlanta.com": {
      "out": {
        "other": 1
      },
      "score": 0.0782
    },
    "wiki.creativecommons.org": {
      "out": {
        "other": 1
      },
      "score": 0.0782
    },
    "www.xiph.org": {
      "out": {
        "other": 1
      },
      "score": 0.0782
    },
    "better.fyi": {
      "out": {
        "other": 1
      },
      "score": 0.0782
    },
    "meet.jit.si": {
      "out": {
        "other": 1
      },
      "score": 0.0782
    },
    "f-droid.org": {
      "out": {
        "other": 1
      },
      "score": 0.0782
    },
    "mixxx.org": {
      "out": {
        "other": 1
      },
      "score": 0.0782
    },
    "linuxpreloaded.com": {
      "out": {
        "other": 1
      },
      "score": 0.0782
    },
    "www.techradar.com": {
      "out": {
        "other": 1
      },
      "score": 0.0782
    },
    "youtu.be": {
      "out": {
        "other": 1
      },
      "score": 0.0782
    },
    "github.com": {
      "out": {
        "other": 1
      },
      "score": 0.0782
    },
    "ripremix.com": {
      "out": {
        "other": 1
      },
      "score": 0.0782
    },
    "supermegaultragroovy.com": {
      "out": {
        "other": 1
      },
      "score": 0.0782
    },
    "www.frescobaldi.org": {
      "out": {
        "other": 1
      },
      "score": 0.0782
    },
    "www.yelp.com": {
      "out": {
        "other": 1
      },
      "score": 0.0782
    },
    "www.denemo.org": {
      "out": {
        "other": 1
      },
      "score": 0.0782
    },
    "www.ubuntu.com": {
      "out": {
        "other": 1
      },
      "score": 0.0782
    },
    "inkscape.org": {
      "out": {
        "other": 1
      },
      "score": 0.0782
    },
    "www.delcamp.net": {
      "out": {
        "other": 1
      },
      "score": 0.0782
    },
    "arstechnica.com": {
      "out": {
        "other": 1
      },
      "score": 0.0782
    },
    "www.openshot.org": {
      "out": {
        "other": 1
      },
      "score": 0.0782
    },
    "www.openfontlibrary.org": {
      "out": {
        "other": 1
      },
      "score": 0.0782
    },
    "code.google.com": {
      "out": {
        "other": 1
      },
      "score": 0.0782
    },
    "www.aeaweb.org": {
      "out": {
        "other": 1
      },
      "score": 0.0782
    },
    "images-blogger-opensocial.googleusercontent.com": {
      "out": {
        "other": 1
      },
      "score": 0.0782
    },
    "infojustice.org": {
      "out": {
        "other": 1
      },
      "score": 0.0782
    },
    "everythingisaremix.info": {
      "out": {
        "other": 1
      },
      "score": 0.0782
    },
    "freemotionquilting.blogspot.com": {
      "out": {
        "other": 1
      },
      "score": 0.0782
    },
    "www.scribus.net": {
      "out": {
        "other": 1
      },
      "score": 0.0782
    },
    "www.teuton.org": {
      "out": {
        "other": 1
      },
      "score": 0.0782
    },
    "krita.org": {
      "out": {
        "other": 1
      },
      "score": 0.0782
    },
    "www.lenmus.org": {
      "out": {
        "other": 1
      },
      "score": 0.0782
    },
    "www.virtualbox.org": {
      "out": {
        "other": 1
      },
      "score": 0.0782
    },
    "libremusicproduction.com": {
      "out": {
        "other": 1
      },
      "score": 0.0782
    },
    "getgnulinux.org": {
      "out": {
        "other": 1
      },
      "score": 0.0782
    },
    "hochweber.ch": {
      "out": {
        "other": 1
      },
      "score": 0.0782
    },
    "papers.ssrn.com": {
      "out": {
        "other": 1
      },
      "score": 0.0782
    },
    "www.mutopiaproject.org": {
      "out": {
        "other": 1
      },
      "score": 0.0782
    },
    "fretsonfire.sourceforge.net": {
      "out": {
        "other": 1
      },
      "score": 0.0782
    },
    "torrentfreak.com": {
      "out": {
        "other": 1
      },
      "score": 0.0782
    },
    "www.rufuspollock.org": {
      "out": {
        "other": 1
      },
      "score": 0.0782
    },
    "www.creativecommons.org": {
      "out": {
        "other": 1
      },
      "score": 0.0782
    },
    "kdenlive.org": {
      "out": {
        "other": 1
      },
      "score": 0.0782
    },
    "www.hitsquad.com": {
      "out": {
        "other": 1
      },
      "score": 0.0782
    },
    "cf.hum.uva.nl": {
      "out": {
        "other": 1
      },
      "score": 0.0782
    },
    "donttrack.us": {
      "out": {
        "other": 1
      },
      "score": 0.0782
    },
    "imslp.org": {
      "out": {
        "other": 1
      },
      "score": 0.0782
    },
    "nilsgey.de": {
      "out": {
        "other": 1
      },
      "score": 0.0782
    },
    "prism-break.org": {
      "out": {
        "other": 1
      },
      "score": 0.0782
    },
    "stereopsis.com": {
      "out": {
        "other": 1
      },
      "score": 0.0782
    },
    "freedomdefined.org": {
      "out": {
        "other": 1
      },
      "score": 0.0782
    },
    "dontbubble.us": {
      "out": {
        "other": 1
      },
      "score": 0.0782
    },
    "justgetflux.com": {
      "out": {
        "other": 1
      },
      "score": 0.0782
    },
    "www.kompoz.com": {
      "out": {
        "other": 1
      },
      "score": 0.0782
    },
    "www.oup.com": {
      "out": {
        "other": 1
      },
      "score": 0.0782
    },
    "mypaint.org": {
      "out": {
        "other": 1
      },
      "score": 0.0782
    },
    "openclipart.org": {
      "out": {
        "other": 1
      },
      "score": 0.0782
    },
    "www.kvraudio.com": {
      "out": {
        "other": 1
      },
      "score": 0.0782
    },
    "www.nfb.ca": {
      "out": {
        "other": 1
      },
      "score": 0.0782
    },
    "www.techdirt.com": {
      "out": {
        "other": 1
      },
      "score": 0.0782
    },
    "www.anytune.us": {
      "out": {
        "other": 1
      },
      "score": 0.0782
    },
    "tommudd.co.uk": {
      "out": {
        "other": 1
      },
      "score": 0.0782
    },
    "evasi0n.com": {
      "out": {
        "other": 1
      },
      "score": 0.0782
    },
    "jonls.dk": {
      "out": {
        "other": 1
      },
      "score": 0.0782
    },
    "lilypond.org": {
      "out": {
        "other": 1
      },
      "score": 0.0782
    },
    "natron.fr": {
      "out": {
        "other": 1
      },
      "score": 0.0782
    },
    "remix.lessig.org": {
      "out": {
        "other": 1
      },
      "score": 0.0782
    },
    "www.vorbis.com": {
      "out": {
        "other": 1
      },
      "score": 0.0782
    },
    "free-culture.cc": {
      "out": {
        "other": 1
      },
      "score": 0.0782
    },
    "www.blanksheetmusic.net": {
      "out": {
        "other": 1
      },
      "score": 0.0782
    },
    "performous.org": {
      "out": {
        "other": 1
      },
      "score": 0.0782
    },
    "piorekf.org": {
      "out": {
        "other": 1
      },
      "score": 0.0782
    },
    "adfreeblog.org": {
      "out": {
        "other": 1
      },
      "score": 0.0782
    },
    "davesoldier.com": {
      "out": {
        "other": 1
      },
      "score": 0.0782
    },
    "www.tallkite.com": {
      "out": {
        "other": 1
      },
      "score": 0.0782
    },
    "www.technologyreview.com": {
      "out": {
        "other": 1
      },
      "score": 0.0782
    },
    "ultrastardx.sourceforge.net": {
      "out": {
        "other": 1
      },
      "score": 0.0782
    },
    "www.torontopubliclibrary.ca": {
      "out": {
        "other": 1
      },
      "score": 0.0782
    },
    "classicalguitardelcamp.com": {
      "out": {
        "other": 1
      },
      "score": 0.0782
    },
    "freesound.org": {
      "out": {
        "other": 1
      },
      "score": 0.0782
    },
    "rufuspollock.org": {
      "out": {
        "other": 1
      },
      "score": 0.0782
    },
    "www.linuxliveusb.com": {
      "out": {
        "other": 1
      },
      "score": 0.0782
    },
    "www.linuxmusicians.com": {
      "out": {
        "other": 1
      },
      "score": 0.0782
    },
    "www.solfege.org": {
      "out": {
        "other": 1
      },
      "score": 0.0782
    },
    "danariely.com": {
      "out": {
        "other": 1
      },
      "score": 0.0782
    }
  }
}