{
  "domain": "blok.tiyun.de",
  "urls": [
    "http://blok.tiyun.de/profile/kaputse",
    "https://twitter.com/kaputse"
  ],
  "names": [
    "kaputse",
    "kaputse's Known"
  ],
  "descriptions": [
    "Ich denke also bin ich dagegen."
  ],
  "pictures": [
    "http://blok.tiyun.de/file/edb5c59c64060ae50089377c47e96f86"
  ],
  "hcard": {
    "properties": {
      "name": [
        "kaputse"
      ],
      "note": [
        {
          "html": "",
          "value": ""
        }
      ],
      "photo": [
        "http://blok.tiyun.de/file/edb5c59c64060ae50089377c47e96f86"
      ],
      "profile": [
        "kaputse"
      ],
      "url": [
        "http://blok.tiyun.de/profile/kaputse",
        "http://blok.tiyun.de/profile/kaputse",
        "https://twitter.com/kaputse"
      ]
    },
    "type": [
      "h-card"
    ]
  },
  "rel_mes": [
    "https://twitter.com/kaputse"
  ],
  "crawl_start": "2017-04-28T02:16:08",
  "crawl_end": "2017-04-28T02:35:33",
  "num_pages": 1442,
  "total_html_size": 24558985,
  "servers": [
    "Apache (Debian)",
    "Known"
  ],
  "mf2_classes": [
    "h-geo",
    "h-entry",
    "h-cite",
    "h-card"
  ],
  "tags": [
    "relme",
    "bridgy",
    "webmention",
    "websub",
    "Known"
  ],
  "endpoints": {
    "webmention": [
      "http://blok.tiyun.de/webmention/"
    ],
    "websub": [
      "http://withknown.superfeedr.com/"
    ]
  },
  "links_out": 3949,
  "links_in": 11,
  "links": {
    "withknown.com": {
      "out": {
        "other": 1459
      },
      "score": 1
    },
    "twitter.com/kaputse": {
      "out": {
        "other": 907
      },
      "score": 0.940
    },
    "facebook.com/591240099": {
      "out": {
        "other": 228
      },
      "score": 0.767
    },
    "www.heise.de": {
      "out": {
        "other": 59
      },
      "score": 0.598
    },
    "hexdocs.pm": {
      "out": {
        "other": 37
      },
      "score": 0.539
    },
    "is.gd": {
      "out": {
        "other": 33
      },
      "score": 0.525
    },
    "blok.buecker-it.de": {
      "out": {
        "other": 29
      },
      "score": 0.509
    },
    "github.com": {
      "out": {
        "other": 23
      },
      "score": 0.480
    },
    "www.blogrebellen.de": {
      "out": {
        "other": 22
      },
      "score": 0.474
    },
    "www.nytimes.com": {
      "out": {
        "other": 22
      },
      "score": 0.474
    },
    "blog.tiyun.de": {
      "out": {
        "other": 21
      },
      "score": 0.469
    },
    "www.wireshark.org": {
      "out": {
        "other": 18
      },
      "score": 0.449
    },
    "martinfowler.com": {
      "out": {
        "other": 18
      },
      "score": 0.449
    },
    "hubble-resources.s3.amazonaws.com": {
      "out": {
        "other": 18
      },
      "score": 0.449
    },
    "superuser.com": {
      "out": {
        "other": 18
      },
      "score": 0.449
    },
    "de.wikipedia.org": {
      "out": {
        "other": 18
      },
      "score": 0.449
    },
    "www.cvision.com": {
      "out": {
        "other": 18
      },
      "score": 0.449
    },
    "www.rsaconference.com": {
      "out": {
        "other": 18
      },
      "score": 0.449
    },
    "vid.me": {
      "out": {
        "other": 18
      },
      "score": 0.449
    },
    "nmap.org": {
      "out": {
        "other": 18
      },
      "score": 0.449
    },
    "research.microsoft.com": {
      "out": {
        "other": 18
      },
      "score": 0.449
    },
    "www.nuvoton.com": {
      "out": {
        "other": 18
      },
      "score": 0.449
    },
    "linuxcommand.org": {
      "out": {
        "other": 18
      },
      "score": 0.449
    },
    "www.walkercoderanger.com": {
      "out": {
        "other": 18
      },
      "score": 0.449
    },
    "nodeapp.cvisionhk.com": {
      "out": {
        "other": 18
      },
      "score": 0.449
    },
    "slides.com": {
      "out": {
        "other": 18
      },
      "score": 0.449
    },
    "en.wikipedia.org": {
      "out": {
        "other": 18
      },
      "score": 0.449
    },
    "blog.fefe.de": {
      "out": {
        "other": 18
      },
      "score": 0.449
    },
    "pentestmonkey.net": {
      "out": {
        "other": 18
      },
      "score": 0.449
    },
    "developers.google.com": {
      "out": {
        "other": 18
      },
      "score": 0.449
    },
    "monitoreverywhere.com": {
      "out": {
        "other": 18
      },
      "score": 0.449
    },
    "www.junodownload.com": {
      "out": {
        "other": 17
      },
      "score": 0.442
    },
    "motherboard.vice.com": {
      "out": {
        "other": 17
      },
      "score": 0.442
    },
    "www.webupd8.org": {
      "out": {
        "other": 17
      },
      "score": 0.442
    },
    "elixirforum.com": {
      "out": {
        "other": 17
      },
      "score": 0.442
    },
    "s9y.org": {
      "out": {
        "other": 17
      },
      "score": 0.442
    },
    "www.tubbe.de": {
      "out": {
        "other": 17
      },
      "score": 0.442
    },
    "blog.codinghorror.com": {
      "out": {
        "other": 17
      },
      "score": 0.442
    },
    "erlang.org": {
      "out": {
        "other": 17
      },
      "score": 0.442
    },
    "www.blendfm.de": {
      "out": {
        "other": 17
      },
      "score": 0.442
    },
    "indiewebcamp.com": {
      "out": {
        "other": 17
      },
      "score": 0.442
    },
    "onfido.com": {
      "out": {
        "other": 14
      },
      "score": 0.417
    },
    "developer.olery.com": {
      "out": {
        "other": 14
      },
      "score": 0.417
    },
    "hackaday.com": {
      "out": {
        "other": 14
      },
      "score": 0.417
    },
    "mirror.selfnet.de": {
      "out": {
        "other": 14
      },
      "score": 0.417
    },
    "www.zdnet.com": {
      "out": {
        "other": 14
      },
      "score": 0.417
    },
    "flyer.viralnova.com": {
      "out": {
        "other": 14
      },
      "score": 0.417
    },
    "firstlook.org": {
      "out": {
        "other": 14
      },
      "score": 0.417
    },
    "gadgetopia.com": {
      "out": {
        "other": 13
      },
      "score": 0.409
    },
    "brid.gy": {
      "out": {
        "other": 9
      },
      "in": {
        "other": 8
      },
      "score": 0.409
    },
    "thisispaper.com": {
      "out": {
        "other": 13
      },
      "score": 0.409
    },
    "zcomm.org": {
      "out": {
        "other": 13
      },
      "score": 0.409
    },
    "www.washingtonpost.com": {
      "out": {
        "other": 13
      },
      "score": 0.409
    },
    "dotfiles.github.io": {
      "out": {
        "other": 13
      },
      "score": 0.409
    },
    "facebook.com/1166682806": {
      "out": {
        "other": 12
      },
      "score": 0.398
    },
    "twitter.com/BuzzFeedNews": {
      "out": {
        "other": 11
      },
      "score": 0.387
    },
    "facebook.com/volker.fleige": {
      "out": {
        "other": 10
      },
      "score": 0.376
    },
    "www.wiwo.de": {
      "out": {
        "other": 10
      },
      "score": 0.376
    },
    "facebook.com/10205501151585967": {
      "out": {
        "other": 10
      },
      "score": 0.376
    },
    "www.derwesten.de": {
      "out": {
        "other": 10
      },
      "score": 0.376
    },
    "www.countbayesie.com": {
      "out": {
        "other": 10
      },
      "score": 0.376
    },
    "www.omgubuntu.co.uk": {
      "out": {
        "other": 10
      },
      "score": 0.376
    },
    "vimcolors.com": {
      "out": {
        "other": 10
      },
      "score": 0.376
    },
    "www.defiantjs.com": {
      "out": {
        "other": 10
      },
      "score": 0.376
    },
    "www.digital-tunes.net": {
      "out": {
        "other": 10
      },
      "score": 0.376
    },
    "vod.c3voc.de": {
      "out": {
        "other": 9
      },
      "score": 0.362
    },
    "www.howtoforge.com": {
      "out": {
        "other": 9
      },
      "score": 0.362
    },
    "t.co": {
      "out": {
        "other": 9
      },
      "score": 0.362
    },
    "www.livinstudio.com": {
      "out": {
        "other": 9
      },
      "score": 0.362
    },
    "qr.ae": {
      "out": {
        "other": 9
      },
      "score": 0.362
    },
    "www.commitstrip.com": {
      "out": {
        "other": 9
      },
      "score": 0.362
    },
    "opiuo.bandcamp.com": {
      "out": {
        "other": 9
      },
      "score": 0.362
    },
    "www.scilogs.de": {
      "out": {
        "other": 9
      },
      "score": 0.362
    },
    "facebook.com/10204769008098434": {
      "out": {
        "other": 8
      },
      "score": 0.347
    },
    "facebook.com/1378125788": {
      "out": {
        "other": 8
      },
      "score": 0.347
    },
    "facebook.com/1634598631": {
      "out": {
        "other": 8
      },
      "score": 0.347
    },
    "twitter.com/enter_haken": {
      "out": {
        "other": 8
      },
      "score": 0.347
    },
    "facebook.com/916216685063617": {
      "out": {
        "other": 8
      },
      "score": 0.347
    },
    "facebook.com/10206000804644029": {
      "out": {
        "other": 6
      },
      "score": 0.311
    },
    "facebook.com/10204751315935218": {
      "out": {
        "other": 6
      },
      "score": 0.311
    },
    "facebook.com/10205808624803617": {
      "out": {
        "other": 6
      },
      "score": 0.311
    },
    "facebook.com/10152485842305882": {
      "out": {
        "other": 6
      },
      "score": 0.311
    },
    "twitter.com/bit0lith": {
      "out": {
        "other": 6
      },
      "score": 0.311
    },
    "www.theguardian.com": {
      "out": {
        "other": 5
      },
      "score": 0.288
    },
    "gallery.menelia.de": {
      "out": {
        "other": 5
      },
      "score": 0.288
    },
    "www.batland.de": {
      "out": {
        "other": 5
      },
      "score": 0.288
    },
    "www.gpsies.com": {
      "out": {
        "other": 5
      },
      "score": 0.288
    },
    "twitter.com/mrmiyagi99": {
      "out": {
        "other": 5
      },
      "score": 0.288
    },
    "facebook.com/10203515171540590": {
      "out": {
        "other": 4
      },
      "score": 0.261
    },
    "facebook.com/699925210124763": {
      "out": {
        "other": 4
      },
      "score": 0.261
    },
    "canadianclubregina.ca": {
      "out": {
        "other": 4
      },
      "score": 0.261
    },
    "facebook.com/10204538838163285": {
      "out": {
        "other": 4
      },
      "score": 0.261
    },
    "ymail.com": {
      "out": {
        "other": 4
      },
      "score": 0.261
    },
    "facebook.com/10205975944583612": {
      "out": {
        "other": 4
      },
      "score": 0.261
    },
    "Maypoleairfield.com": {
      "out": {
        "other": 4
      },
      "score": 0.261
    },
    "facebook.com/100000658235476": {
      "out": {
        "other": 4
      },
      "score": 0.261
    },
    "www.lullabot.com": {
      "out": {
        "other": 4
      },
      "score": 0.261
    },
    "ihome.com.co": {
      "out": {
        "other": 4
      },
      "score": 0.261
    },
    "facebook.com/10202525030486939": {
      "out": {
        "other": 4
      },
      "score": 0.261
    },
    "facebook.com/1003253450": {
      "out": {
        "other": 4
      },
      "score": 0.261
    },
    "facebook.com/10205037773918357": {
      "out": {
        "other": 4
      },
      "score": 0.261
    },
    "facebook.com/619668624828044": {
      "out": {
        "other": 4
      },
      "score": 0.261
    },
    "dianaurban.de": {
      "out": {
        "other": 4
      },
      "score": 0.261
    },
    "facebook.com/10152989965728459": {
      "out": {
        "other": 2
      },
      "score": 0.174
    },
    "facebook.com/844944258877617": {
      "out": {
        "other": 2
      },
      "score": 0.174
    },
    "facebook.com/10205574477990318": {
      "out": {
        "other": 2
      },
      "score": 0.174
    },
    "www.process-one.net": {
      "out": {
        "other": 2
      },
      "score": 0.174
    },
    "facebook.com/100003586605425": {
      "out": {
        "other": 2
      },
      "score": 0.174
    },
    "facebook.com/10203713484946260": {
      "out": {
        "other": 2
      },
      "score": 0.174
    },
    "twitter.com/TheMetaAgency": {
      "out": {
        "other": 2
      },
      "score": 0.174
    },
    "twitter.com/ruby_engineer": {
      "out": {
        "other": 2
      },
      "score": 0.174
    },
    "facebook.com/1072293926130260": {
      "out": {
        "other": 2
      },
      "score": 0.174
    },
    "twitter.com/jbolognino": {
      "out": {
        "other": 2
      },
      "score": 0.174
    },
    "facebook.com/865294603490633": {
      "out": {
        "other": 2
      },
      "score": 0.174
    },
    "facebook.com/904576319574301": {
      "out": {
        "other": 2
      },
      "score": 0.174
    },
    "facebook.com/100003218710893": {
      "out": {
        "other": 2
      },
      "score": 0.174
    },
    "facebook.com/1385854049": {
      "out": {
        "other": 2
      },
      "score": 0.174
    },
    "facebook.com/825317364206173": {
      "out": {
        "other": 2
      },
      "score": 0.174
    },
    "facebook.com/10152695449192462": {
      "out": {
        "other": 2
      },
      "score": 0.174
    },
    "facebook.com/932108716814439": {
      "out": {
        "other": 2
      },
      "score": 0.174
    },
    "facebook.com/100000258826432": {
      "out": {
        "other": 2
      },
      "score": 0.174
    },
    "facebook.com/10202176110683008": {
      "out": {
        "other": 2
      },
      "score": 0.174
    },
    "twitter.com/mickael": {
      "out": {
        "other": 2
      },
      "score": 0.174
    },
    "facebook.com/10205637763368482": {
      "out": {
        "other": 2
      },
      "score": 0.174
    },
    "facebook.com/100002071052639": {
      "out": {
        "other": 2
      },
      "score": 0.174
    },
    "facebook.com/622365881": {
      "out": {
        "other": 2
      },
      "score": 0.174
    },
    "facebook.com/631303786999169": {
      "out": {
        "other": 2
      },
      "score": 0.174
    },
    "facebook.com/100004075689398": {
      "out": {
        "other": 2
      },
      "score": 0.174
    },
    "facebook.com/849658131762471": {
      "out": {
        "other": 2
      },
      "score": 0.174
    },
    "facebook.com/1796257249": {
      "out": {
        "other": 2
      },
      "score": 0.174
    },
    "facebook.com/779569418788753": {
      "out": {
        "other": 2
      },
      "score": 0.174
    },
    "facebook.com/100001483787097": {
      "out": {
        "other": 2
      },
      "score": 0.174
    },
    "facebook.com/100000459587922": {
      "out": {
        "other": 2
      },
      "score": 0.174
    },
    "twitter.com/melodyy_07": {
      "out": {
        "other": 2
      },
      "score": 0.174
    },
    "www.amazon.de": {
      "out": {
        "other": 1
      },
      "score": 0.0868
    },
    "cdn.smosh.com": {
      "out": {
        "other": 1
      },
      "score": 0.0868
    },
    "indieweb.org": {
      "in": {
        "other": 2
      },
      "score": 0.0868
    },
    "mobil.stern.de": {
      "out": {
        "other": 1
      },
      "score": 0.0868
    },
    "www.artfire.com": {
      "out": {
        "other": 1
      },
      "score": 0.0868
    },
    "www.facebook.com": {
      "out": {
        "other": 1
      },
      "score": 0.0868
    },
    "chat.indieweb.org": {
      "in": {
        "other": 1
      },
      "score": 0
    }
  }
}