{
  "domain": "blue-herb-grinder.withknown.com",
  "urls": [
    "https://blue-herb-grinder.withknown.com/profile/flowers560",
    "http://hipwhorae.com/"
  ],
  "names": [
    "Shari Rae",
    "Blue Herb Grinder"
  ],
  "descriptions": [
    "I love all things blue.",
    "A social website powered by Known"
  ],
  "pictures": [
    "https://blue-herb-grinder.withknown.com/file/2bdcfe9f4d5d564799c09ca2a7d8646f/thumb.jpg"
  ],
  "hcard": {
    "properties": {
      "name": [
        "Shari Rae"
      ],
      "note": [
        {
          "html": "<div class=\"highlightedText\">\n<p>I love all things blue.</p>\n</div>",
          "value": "\nI love all things blue.\n"
        }
      ],
      "photo": [
        "https://blue-herb-grinder.withknown.com/file/2bdcfe9f4d5d564799c09ca2a7d8646f/thumb.jpg"
      ],
      "profile": [
        "Shari Rae"
      ],
      "url": [
        "https://blue-herb-grinder.withknown.com/profile/flowers560",
        "https://blue-herb-grinder.withknown.com/profile/flowers560",
        "http://hipwhorae.com/"
      ]
    },
    "type": [
      "h-card"
    ]
  },
  "rel_mes": [
    "http://hipwhorae.com/"
  ],
  "crawl_start": "2017-04-28T02:16:15",
  "crawl_end": "2017-04-28T02:16:24",
  "num_pages": 15,
  "total_html_size": 363948,
  "servers": [
    "Apache",
    "Known"
  ],
  "mf2_classes": [
    "h-card",
    "h-entry"
  ],
  "tags": [
    "relme",
    "bridgy",
    "webmention",
    "websub",
    "Known"
  ],
  "endpoints": {
    "webmention": [
      "https://blue-herb-grinder.withknown.com/webmention/"
    ],
    "websub": [
      "http://withknown.superfeedr.com/"
    ]
  },
  "links_out": 34,
  "links_in": 0,
  "links": {
    "withknown.com": {
      "out": {
        "other": 15
      },
      "score": 1
    },
    "hipwhorae.com": {
      "out": {
        "other": 9
      },
      "score": 0.85
    },
    "list.ly": {
      "out": {
        "other": 5
      },
      "score": 0.676
    },
    "amzn.to": {
      "out": {
        "other": 5
      },
      "score": 0.676
    }
  }
}