{
  "domain": "bmann.ca",
  "urls": [
    "http://bmann.ca/"
  ],
  "names": [
    "bmann"
  ],
  "descriptions": [
    "Experimenting with P2P web hosting with Dat and Beaker Browser. Visit dat://bmann.ca"
  ],
  "pictures": [],
  "hcard": {},
  "rel_mes": [],
  "crawl_start": "2017-04-28T02:16:27",
  "crawl_end": "2017-04-28T02:16:28",
  "num_pages": 2,
  "total_html_size": 9933,
  "servers": [
    "GitHub.com"
  ],
  "tags": [
    "bridgy"
  ],
  "endpoints": {},
  "links_out": 5,
  "links_in": 118,
  "links": {
    "stream.withknown.com": {
      "in": {
        "other": 20,
        "in-reply-to": 8
      },
      "score": 1
    },
    "pilch.me": {
      "in": {
        "other": 60
      },
      "score": 1
    },
    "werd.io": {
      "in": {
        "other": 10
      },
      "score": 0.562
    },
    "known.networkeffects.ca": {
      "in": {
        "other": 6
      },
      "score": 0.438
    },
    "github.com": {
      "out": {
        "other": 2
      },
      "score": 0.340
    },
    "indieweb.org": {
      "in": {
        "other": 4
      },
      "score": 0.340
    },
    "twitter.com/bmann": {
      "out": {
        "other": 2
      },
      "score": 0.340
    },
    "mixedpuppy.withknown.com": {
      "in": {
        "other": 4
      },
      "score": 0.340
    },
    "brid.gy": {
      "in": {
        "other": 3
      },
      "score": 0.269
    },
    "chat.indieweb.org": {
      "in": {
        "other": 2
      },
      "score": 0.169
    },
    "snarfed.org": {
      "in": {
        "like-of": 1
      },
      "score": 0.169
    },
    "beakerbrowser.com": {
      "out": {
        "other": 1
      },
      "score": 0.169
    }
  }
}