{
  "domain": "boffosockobooks.com",
  "urls": [
    "http://boffosockobooks.com",
    "http://boffosockobooks.com/"
  ],
  "names": [
    "Boffo Socko Books | Find your next great read",
    "Upcoming Releases",
    "Boffo Socko Books"
  ],
  "descriptions": [
    "Our imprints publish original fiction and nonfiction in all formats with the mission to entertain, educate, and inspire readers for generations.",
    "Amerikan Krazy by Henry James KornThe novel the shattered American psyche has been waiting for.To shoot or not to shoot?To make pressure cooker bombs, or not make pressure cooker bombs?To",
    "Publishing the best of fiction and non-fiction"
  ],
  "pictures": [
    "https://i2.wp.com/boffosockobooks.com/wp-content/uploads/2016/02/cropped-BSB-Star-Logo-512.png?fit=32%2C32",
    "https://i2.wp.com/boffosockobooks.com/wp-content/uploads/2016/02/cropped-BSB-Star-Logo-512.png?fit=192%2C192",
    "http://boffosockobooks.com/wp-content/uploads/2015/12/Amerikan-Krazy-Final.png",
    "http://boffosockobooks.com/wp-content/uploads/2015/12/boffo-socko-books-plate-300x200.jpg"
  ],
  "hcard": {
    "properties": {
      "email": [
        "mailto:chris@boffosocko.com"
      ],
      "name": [
        ""
      ],
      "photo": [
        ""
      ],
      "tel": [
        ""
      ],
      "uid": [
        "http://boffosockobooks.com"
      ],
      "url": [
        "http://boffosockobooks.com"
      ]
    },
    "type": [
      "h-card"
    ]
  },
  "rel_mes": [
    "tel:+13017510548",
    "mailto:info@boffosocko.com",
    "mailto:bulksales@boffosocko.com",
    "mailto:editor@boffosocko.com",
    "mailto:publicity@boffosocko.com",
    "http://boffosockobooks.com",
    "http://boffosocko.com/feed/",
    "https://www.facebook.com/boffosockobooks/",
    "https://twitter.com/BoffoSockoBooks",
    "https://plus.google.com/+ChrisAldrich1/posts",
    "https://www.linkedin.com/in/chrisaldrich",
    "https://www.goodreads.com/user/show/50265364-boffo-socko-books",
    "sms:+13107510548",
    "mailto:chris@boffosocko.com",
    "http://boffosockobooks.com/"
  ],
  "crawl_start": "2017-04-28T02:16:28",
  "crawl_end": "2017-04-28T02:27:43",
  "num_pages": 84,
  "total_html_size": 4072912,
  "servers": [
    "Apache",
    "WordPress"
  ],
  "mf2_classes": [
    "h-entry",
    "h-as-reply",
    "h-as-bookmark",
    "h-card",
    "h-feed",
    "h-as-article",
    "h-as-mention",
    "h-as-rsvp"
  ],
  "tags": [
    "relme",
    "bridgy",
    "webmention",
    "WordPress"
  ],
  "endpoints": {
    "webmention": [
      "http://boffosockobooks.com/?webmention=endpoint"
    ]
  },
  "links_out": 1489,
  "links_in": 953,
  "links": {
    "www.henryjameskorn.com": {
      "in": {
        "other": 678,
        "repost-of": 14
      },
      "out": {
        "other": 111,
        "in-reply-to": 11
      },
      "score": 1
    },
    "boffosocko.com": {
      "in": {
        "other": 149
      },
      "out": {
        "other": 222
      },
      "score": 0.918
    },
    "www.goodreads.com": {
      "out": {
        "other": 111
      },
      "score": 0.776
    },
    "facebook.com/499280046911530": {
      "out": {
        "other": 98
      },
      "score": 0.759
    },
    "facebook.com/boffosockobooks": {
      "out": {
        "other": 86
      },
      "score": 0.740
    },
    "twitter.com/boffosockobooks": {
      "out": {
        "other": 86
      },
      "score": 0.740
    },
    "www.instagram.com": {
      "out": {
        "other": 85
      },
      "score": 0.739
    },
    "plus.google.com/112033486470417790030": {
      "out": {
        "other": 85
      },
      "score": 0.739
    },
    "www.brid.gy": {
      "out": {
        "other": 84
      },
      "score": 0.736
    },
    "wordpress.com": {
      "out": {
        "other": 84
      },
      "score": 0.736
    },
    "wordpress.org": {
      "out": {
        "other": 84
      },
      "score": 0.736
    },
    "www.boffosockobooks.com": {
      "out": {
        "other": 71
      },
      "score": 0.713
    },
    "chevaliersbooks.com": {
      "out": {
        "other": 3,
        "in-reply-to": 11
      },
      "score": 0.682
    },
    "facebook.com/5410052": {
      "out": {
        "other": 56
      },
      "score": 0.678
    },
    "amzn.to": {
      "out": {
        "other": 29
      },
      "score": 0.583
    },
    "stream.boffosocko.com": {
      "out": {
        "other": 2
      },
      "in": {
        "other": 48
      },
      "score": 0.568
    },
    "www.amazon.com": {
      "out": {
        "other": 23
      },
      "score": 0.550
    },
    "underratedreads.com": {
      "out": {
        "other": 21
      },
      "score": 0.537
    },
    "indieweb.org": {
      "out": {
        "other": 19
      },
      "score": 0.523
    },
    "huffduffer.com": {
      "in": {
        "other": 36
      },
      "score": 0.514
    },
    "twitter.com/ChrisAldrich": {
      "out": {
        "other": 16
      },
      "score": 0.499
    },
    "brid.gy": {
      "in": {
        "other": 28
      },
      "score": 0.478
    },
    "facebook.com/1076934932326529": {
      "out": {
        "other": 11
      },
      "score": 0.444
    },
    "twitter.com/BoffoSockoBooks": {
      "out": {
        "other": 8
      },
      "score": 0.398
    },
    "brid-gy.appspot.com": {
      "out": {
        "other": 6
      },
      "score": 0.356
    },
    "www.bcspace.com": {
      "out": {
        "other": 6
      },
      "score": 0.356
    },
    "twitter.com/henryjameskorn": {
      "out": {
        "other": 5
      },
      "score": 0.330
    },
    "www.shelfari.com": {
      "out": {
        "other": 4
      },
      "score": 0.299
    },
    "i1.wp.com": {
      "out": {
        "other": 4
      },
      "score": 0.299
    },
    "tel": {
      "out": {
        "other": 4
      },
      "score": 0.299
    },
    "www.librarything.com": {
      "out": {
        "other": 4
      },
      "score": 0.299
    },
    "i2.wp.com": {
      "out": {
        "other": 4
      },
      "score": 0.299
    },
    "www.boffosocko.com": {
      "out": {
        "other": 3
      },
      "score": 0.257
    },
    "askaleader.com": {
      "out": {
        "other": 2
      },
      "score": 0.200
    },
    "twitter.com/Drama_Alert_Fam": {
      "out": {
        "other": 2
      },
      "score": 0.200
    },
    "twitter.com/OnThisDayPod": {
      "out": {
        "other": 2
      },
      "score": 0.200
    },
    "twitter.com/robertcatrini": {
      "out": {
        "other": 2
      },
      "score": 0.200
    },
    "twitter.com/1888center": {
      "out": {
        "other": 2
      },
      "score": 0.200
    },
    "www.lensdeli.com": {
      "out": {
        "other": 2
      },
      "score": 0.200
    },
    "twitter.com/LennysDeliLA": {
      "out": {
        "other": 2
      },
      "score": 0.200
    },
    "www.ocgp.org": {
      "out": {
        "other": 2
      },
      "score": 0.200
    },
    "Vimeo.com": {
      "out": {
        "other": 2
      },
      "score": 0.200
    },
    "i0.wp.com": {
      "out": {
        "other": 2
      },
      "score": 0.200
    },
    "www.FrankEntertainment.com": {
      "out": {
        "other": 1
      },
      "score": 0.0996
    },
    "www.powpac.org": {
      "out": {
        "other": 1
      },
      "score": 0.0996
    },
    "facebook.com/boffosocko": {
      "out": {
        "other": 1
      },
      "score": 0.0996
    },
    "plus.google.com/100644504605668411032": {
      "out": {
        "other": 1
      },
      "score": 0.0996
    },
    "kuci.org": {
      "out": {
        "other": 1
      },
      "score": 0.0996
    },
    "twitter.com/boffosocko": {
      "out": {
        "other": 1
      },
      "score": 0.0996
    },
    "subscribebyemail.com": {
      "out": {
        "other": 1
      },
      "score": 0.0996
    },
    "FrankEntertainment.com": {
      "out": {
        "other": 1
      },
      "score": 0.0996
    },
    "facebook.com/henryjameskorn": {
      "out": {
        "other": 1
      },
      "score": 0.0996
    },
    "www.kuci.org": {
      "out": {
        "other": 1
      },
      "score": 0.0996
    },
    "subscribeonandroid.com": {
      "out": {
        "other": 1
      },
      "score": 0.0996
    },
    "itunes.apple.com": {
      "out": {
        "other": 1
      },
      "score": 0.0996
    }
  }
}