{
  "domain": "boghop.com",
  "urls": [
    "http://boghop.com/"
  ],
  "names": [
    "JR's Notes | BogHop",
    "BogHop",
    "JR's Notes"
  ],
  "descriptions": [
    "Jr's Notes"
  ],
  "pictures": [
    "http://boghop.com/images/favicon.ico",
    "http://boghop.com/images/barney60.png"
  ],
  "hcard": {},
  "rel_mes": [
    "https://github.com/boghop"
  ],
  "crawl_start": "2017-05-11T20:23:24",
  "crawl_end": "2017-05-11T20:24:25",
  "num_pages": 78,
  "total_html_size": 1058800,
  "servers": [
    "AmazonS3",
    "Wren v"
  ],
  "mf2_classes": [
    "h-entry"
  ],
  "tags": [
    "relme",
    "webmention",
    "authorization"
  ],
  "endpoints": {
    "webmention": [
      "http://boghop.net/api/v1/webmentions"
    ],
    "authorization": [
      "https://indieauth.com/auth"
    ]
  },
  "links_out": 741,
  "links_in": 845,
  "links": {
    "jothut.com": {
      "out": {
        "other": 11
      },
      "in": {
        "other": 845
      },
      "score": 1
    },
    "news.ycombinator.com": {
      "out": {
        "other": 35
      },
      "score": 0.628
    },
    "mobile.twitter.com": {
      "out": {
        "other": 26
      },
      "score": 0.583
    },
    "www.webpagetest.org": {
      "out": {
        "other": 19
      },
      "score": 0.538
    },
    "toledotalk.com": {
      "out": {
        "other": 17
      },
      "score": 0.521
    },
    "www.sweetmarias.com": {
      "out": {
        "other": 16
      },
      "score": 0.513
    },
    "www.toledoblade.com": {
      "out": {
        "other": 16
      },
      "score": 0.513
    },
    "en.wikipedia.org": {
      "out": {
        "other": 14
      },
      "score": 0.492
    },
    "www.poynterdesign.org": {
      "out": {
        "other": 12
      },
      "score": 0.470
    },
    "www.zeldman.com": {
      "out": {
        "other": 12
      },
      "score": 0.470
    },
    "indieweb.org": {
      "out": {
        "other": 11
      },
      "score": 0.456
    },
    "medium.com": {
      "out": {
        "other": 11
      },
      "score": 0.456
    },
    "www.poynter.org": {
      "out": {
        "other": 9
      },
      "score": 0.427
    },
    "www.niemanlab.org": {
      "out": {
        "other": 9
      },
      "score": 0.427
    },
    "github.com": {
      "out": {
        "other": 8
      },
      "score": 0.409
    },
    "mattgemmell.com": {
      "out": {
        "other": 7
      },
      "score": 0.390
    },
    "ia.net": {
      "out": {
        "other": 6
      },
      "score": 0.366
    },
    "digiday.com": {
      "out": {
        "other": 6
      },
      "score": 0.366
    },
    "www.amazon.com": {
      "out": {
        "other": 5
      },
      "score": 0.340
    },
    "www.politico.com": {
      "out": {
        "other": 5
      },
      "score": 0.340
    },
    "developer.forecast.io": {
      "out": {
        "other": 5
      },
      "score": 0.340
    },
    "tantek.com": {
      "out": {
        "other": 5
      },
      "score": 0.340
    },
    "www.mbaybrew.com": {
      "out": {
        "other": 5
      },
      "score": 0.340
    },
    "www.theguardian.com": {
      "out": {
        "other": 5
      },
      "score": 0.340
    },
    "www.wired.com": {
      "out": {
        "other": 5
      },
      "score": 0.340
    },
    "www.theverge.com": {
      "out": {
        "other": 4
      },
      "score": 0.307
    },
    "toledoweather.info": {
      "out": {
        "other": 4
      },
      "score": 0.307
    },
    "justinjackson.ca": {
      "out": {
        "other": 4
      },
      "score": 0.307
    },
    "www.theatlantic.com": {
      "out": {
        "other": 3
      },
      "score": 0.264
    },
    "thin.npr.org": {
      "out": {
        "other": 3
      },
      "score": 0.264
    },
    "mediagazer.com": {
      "out": {
        "other": 3
      },
      "score": 0.264
    },
    "danluu.com": {
      "out": {
        "other": 3
      },
      "score": 0.264
    },
    "deathtobullshit.com": {
      "out": {
        "other": 3
      },
      "score": 0.264
    },
    "motherfuckingwebsite.com": {
      "out": {
        "other": 3
      },
      "score": 0.264
    },
    "geosurvey.ohiodnr.gov": {
      "out": {
        "other": 3
      },
      "score": 0.264
    },
    "adactio.com": {
      "out": {
        "other": 3
      },
      "score": 0.264
    },
    "smittenkitchen.com": {
      "out": {
        "other": 3
      },
      "score": 0.264
    },
    "mrmrs.io": {
      "out": {
        "other": 3
      },
      "score": 0.264
    },
    "www.baldurbjarnason.com": {
      "out": {
        "other": 3
      },
      "score": 0.264
    },
    "www.filamentgroup.com": {
      "out": {
        "other": 3
      },
      "score": 0.264
    },
    "eev.ee": {
      "out": {
        "other": 3
      },
      "score": 0.264
    },
    "backchannel.com": {
      "out": {
        "other": 3
      },
      "score": 0.264
    },
    "detroitbikes.com": {
      "out": {
        "other": 3
      },
      "score": 0.264
    },
    "alistapart.com": {
      "out": {
        "other": 3
      },
      "score": 0.264
    },
    "annarborchronicle.com": {
      "out": {
        "other": 3
      },
      "score": 0.264
    },
    "www.theinformation.com": {
      "out": {
        "other": 3
      },
      "score": 0.264
    },
    "byo.com": {
      "out": {
        "other": 3
      },
      "score": 0.264
    },
    "www.cjr.org": {
      "out": {
        "other": 3
      },
      "score": 0.264
    },
    "www.gutenberg.org": {
      "out": {
        "other": 3
      },
      "score": 0.264
    },
    "signalvnoise.com": {
      "out": {
        "other": 3
      },
      "score": 0.264
    },
    "www.toledotalk.com": {
      "out": {
        "other": 3
      },
      "score": 0.264
    },
    "garciamedia.com": {
      "out": {
        "other": 2
      },
      "score": 0.205
    },
    "twitter.com/hashtag": {
      "out": {
        "other": 2
      },
      "score": 0.205
    },
    "scripting.com": {
      "out": {
        "other": 2
      },
      "score": 0.205
    },
    "quirksmode.org": {
      "out": {
        "other": 2
      },
      "score": 0.205
    },
    "theoutline.com": {
      "out": {
        "other": 2
      },
      "score": 0.205
    },
    "vault.simplebits.com": {
      "out": {
        "other": 2
      },
      "score": 0.205
    },
    "www.rebeccablood.net": {
      "out": {
        "other": 2
      },
      "score": 0.205
    },
    "profootballtalk.nbcsports.com": {
      "out": {
        "other": 2
      },
      "score": 0.205
    },
    "www.rmendes.net": {
      "out": {
        "other": 2
      },
      "score": 0.205
    },
    "www.hearye.org": {
      "out": {
        "other": 2
      },
      "score": 0.205
    },
    "www.shelaghlewins.com": {
      "out": {
        "other": 2
      },
      "score": 0.205
    },
    "www.w3.org": {
      "out": {
        "other": 2
      },
      "score": 0.205
    },
    "niemanreports.org": {
      "out": {
        "other": 2
      },
      "score": 0.205
    },
    "www.valentinetheatre.com": {
      "out": {
        "other": 2
      },
      "score": 0.205
    },
    "gregorlove.com": {
      "out": {
        "other": 2
      },
      "score": 0.205
    },
    "qz.com": {
      "out": {
        "other": 2
      },
      "score": 0.205
    },
    "www.dnainfo.com": {
      "out": {
        "other": 2
      },
      "score": 0.205
    },
    "www.vitsoe.com": {
      "out": {
        "other": 2
      },
      "score": 0.205
    },
    "gothamist.com": {
      "out": {
        "other": 2
      },
      "score": 0.205
    },
    "localnewslab.org": {
      "out": {
        "other": 2
      },
      "score": 0.205
    },
    "brutalistwebsites.com": {
      "out": {
        "other": 2
      },
      "score": 0.205
    },
    "moxiesozo.com": {
      "out": {
        "other": 2
      },
      "score": 0.205
    },
    "daringfireball.net": {
      "out": {
        "other": 2
      },
      "score": 0.205
    },
    "stratechery.com": {
      "out": {
        "other": 2
      },
      "score": 0.205
    },
    "wren.soupmode.com": {
      "out": {
        "other": 2
      },
      "score": 0.205
    },
    "bit.ly": {
      "out": {
        "other": 2
      },
      "score": 0.205
    },
    "www.craftyneedleyarns.com": {
      "out": {
        "other": 2
      },
      "score": 0.205
    },
    "www.thetimes.co.uk": {
      "out": {
        "other": 2
      },
      "score": 0.205
    },
    "begriffs.com": {
      "out": {
        "other": 2
      },
      "score": 0.205
    },
    "facebook.com/Naturalfiberandyarncompany": {
      "out": {
        "other": 2
      },
      "score": 0.205
    },
    "www.spencerbrewery.com": {
      "out": {
        "other": 2
      },
      "score": 0.205
    },
    "mars.nasa.gov": {
      "out": {
        "other": 2
      },
      "score": 0.205
    },
    "www.sweetmariascoffee.com": {
      "out": {
        "other": 2
      },
      "score": 0.205
    },
    "www.huffingtonpost.com": {
      "out": {
        "other": 2
      },
      "score": 0.205
    },
    "studiozeldman.github.io": {
      "out": {
        "other": 2
      },
      "score": 0.205
    },
    "udink.org": {
      "out": {
        "other": 2
      },
      "score": 0.205
    },
    "archives.cjr.org": {
      "out": {
        "other": 2
      },
      "score": 0.205
    },
    "www.eenews.net": {
      "out": {
        "other": 2
      },
      "score": 0.205
    },
    "www.toledogarden.org": {
      "out": {
        "other": 2
      },
      "score": 0.205
    },
    "www.cjchilvers.com": {
      "out": {
        "other": 2
      },
      "score": 0.205
    },
    "www.teehanlax.com": {
      "out": {
        "other": 2
      },
      "score": 0.205
    },
    "idlewords.com": {
      "out": {
        "other": 2
      },
      "score": 0.205
    },
    "www.nytimes.com": {
      "out": {
        "other": 2
      },
      "score": 0.205
    },
    "graydon2.dreamwidth.org": {
      "out": {
        "other": 2
      },
      "score": 0.205
    },
    "medium.pjrvs.com": {
      "out": {
        "other": 2
      },
      "score": 0.205
    },
    "www.garciamedia.com": {
      "out": {
        "other": 2
      },
      "score": 0.205
    },
    "www.theneweuropean.co.uk": {
      "out": {
        "other": 2
      },
      "score": 0.205
    },
    "aaronparecki.com": {
      "out": {
        "other": 2
      },
      "score": 0.205
    },
    "www.espn.com": {
      "out": {
        "other": 2
      },
      "score": 0.205
    },
    "webpagetest.org": {
      "out": {
        "other": 2
      },
      "score": 0.205
    },
    "www.poilane.com": {
      "out": {
        "other": 2
      },
      "score": 0.205
    },
    "paulstamatiou.com": {
      "out": {
        "other": 1
      },
      "score": 0.102
    },
    "theincline.com": {
      "out": {
        "other": 1
      },
      "score": 0.102
    },
    "toledorep.org": {
      "out": {
        "other": 1
      },
      "score": 0.102
    },
    "www.bakewithzing.com": {
      "out": {
        "other": 1
      },
      "score": 0.102
    },
    "www.carrborocitizen.com": {
      "out": {
        "other": 1
      },
      "score": 0.102
    },
    "www.simplyjess.us": {
      "out": {
        "other": 1
      },
      "score": 0.102
    },
    "markmaynard.com": {
      "out": {
        "other": 1
      },
      "score": 0.102
    },
    "skippy.net": {
      "out": {
        "other": 1
      },
      "score": 0.102
    },
    "substack.net": {
      "out": {
        "other": 1
      },
      "score": 0.102
    },
    "theartscommission.org": {
      "out": {
        "other": 1
      },
      "score": 0.102
    },
    "tinyurl.com": {
      "out": {
        "other": 1
      },
      "score": 0.102
    },
    "www.chicagobusiness.com": {
      "out": {
        "other": 1
      },
      "score": 0.102
    },
    "www.cincyredbike.org": {
      "out": {
        "other": 1
      },
      "score": 0.102
    },
    "www.minnpost.com": {
      "out": {
        "other": 1
      },
      "score": 0.102
    },
    "annarborobserver.com": {
      "out": {
        "other": 1
      },
      "score": 0.102
    },
    "dblogit.com": {
      "out": {
        "other": 1
      },
      "score": 0.102
    },
    "incoherency.co.uk": {
      "out": {
        "other": 1
      },
      "score": 0.102
    },
    "pjnet.org": {
      "out": {
        "other": 1
      },
      "score": 0.102
    },
    "sandeep.shetty.in": {
      "out": {
        "other": 1
      },
      "score": 0.102
    },
    "jgthms.com": {
      "out": {
        "other": 1
      },
      "score": 0.102
    },
    "jvns.ca": {
      "out": {
        "other": 1
      },
      "score": 0.102
    },
    "lukasrosenstock.net": {
      "out": {
        "other": 1
      },
      "score": 0.102
    },
    "stallman.org": {
      "out": {
        "other": 1
      },
      "score": 0.102
    },
    "the-ken.com": {
      "out": {
        "other": 1
      },
      "score": 0.102
    },
    "twitter.com/Ryan_Wichman": {
      "out": {
        "other": 1
      },
      "score": 0.102
    },
    "www.decentralizedweb.net": {
      "out": {
        "other": 1
      },
      "score": 0.102
    },
    "www.motivateco.com": {
      "out": {
        "other": 1
      },
      "score": 0.102
    },
    "www.thedrum.com": {
      "out": {
        "other": 1
      },
      "score": 0.102
    },
    "www.youtube.com": {
      "out": {
        "other": 1
      },
      "score": 0.102
    },
    "davidjohnmead.com": {
      "out": {
        "other": 1
      },
      "score": 0.102
    },
    "dominictarr.com": {
      "out": {
        "other": 1
      },
      "score": 0.102
    },
    "motorcitymuckraker.com": {
      "out": {
        "other": 1
      },
      "score": 0.102
    },
    "redbirdarts.org": {
      "out": {
        "other": 1
      },
      "score": 0.102
    },
    "www.linkdayton.org": {
      "out": {
        "other": 1
      },
      "score": 0.102
    },
    "berkshirehathaway.com": {
      "out": {
        "other": 1
      },
      "score": 0.102
    },
    "blog.timrpeterson.com": {
      "out": {
        "other": 1
      },
      "score": 0.102
    },
    "theringer.com": {
      "out": {
        "other": 1
      },
      "score": 0.102
    },
    "www.buzzfeed.com": {
      "out": {
        "other": 1
      },
      "score": 0.102
    },
    "www.charlotteagenda.com": {
      "out": {
        "other": 1
      },
      "score": 0.102
    },
    "designshack.net": {
      "out": {
        "other": 1
      },
      "score": 0.102
    },
    "les-calepins-de-lapin.blogspot.com": {
      "out": {
        "other": 1
      },
      "score": 0.102
    },
    "twitter.com/mjenkins": {
      "out": {
        "other": 1
      },
      "score": 0.102
    },
    "viljamis.com": {
      "out": {
        "other": 1
      },
      "score": 0.102
    },
    "www.handmadetoledo.com": {
      "out": {
        "other": 1
      },
      "score": 0.102
    },
    "billypenn.com": {
      "out": {
        "other": 1
      },
      "score": 0.102
    },
    "c1.staticflickr.com": {
      "out": {
        "other": 1
      },
      "score": 0.102
    },
    "david.shanske.com": {
      "out": {
        "other": 1
      },
      "score": 0.102
    },
    "dcist.com": {
      "out": {
        "other": 1
      },
      "score": 0.102
    },
    "forecast.io": {
      "out": {
        "other": 1
      },
      "score": 0.102
    },
    "www.independent.co.uk": {
      "out": {
        "other": 1
      },
      "score": 0.102
    },
    "www.onemancrochet.com": {
      "out": {
        "other": 1
      },
      "score": 0.102
    },
    "ben.balter.com": {
      "out": {
        "other": 1
      },
      "score": 0.102
    },
    "eli.li": {
      "out": {
        "other": 1
      },
      "score": 0.102
    },
    "facebook.com/events": {
      "out": {
        "other": 1
      },
      "score": 0.102
    },
    "idrudgereport.com": {
      "out": {
        "other": 1
      },
      "score": 0.102
    },
    "montclairlocal.news": {
      "out": {
        "other": 1
      },
      "score": 0.102
    },
    "www.sitepoint.com": {
      "out": {
        "other": 1
      },
      "score": 0.102
    },
    "www.stormwerks.com": {
      "out": {
        "other": 1
      },
      "score": 0.102
    },
    "barryfrost.com": {
      "out": {
        "other": 1
      },
      "score": 0.102
    },
    "boffosocko.com": {
      "out": {
        "other": 1
      },
      "score": 0.102
    },
    "calumryan.com": {
      "out": {
        "other": 1
      },
      "score": 0.102
    },
    "facebook.com/painpoilane": {
      "out": {
        "other": 1
      },
      "score": 0.102
    },
    "jamesdempsey.net": {
      "out": {
        "other": 1
      },
      "score": 0.102
    },
    "www.foursides.ca": {
      "out": {
        "other": 1
      },
      "score": 0.102
    },
    "www.lionpublishers.com": {
      "out": {
        "other": 1
      },
      "score": 0.102
    },
    "benward.uk": {
      "out": {
        "other": 1
      },
      "score": 0.102
    },
    "blog.joemoreno.com": {
      "out": {
        "other": 1
      },
      "score": 0.102
    },
    "facebook.com/cityoftoledo": {
      "out": {
        "other": 1
      },
      "score": 0.102
    },
    "remysharp.com": {
      "out": {
        "other": 1
      },
      "score": 0.102
    },
    "austingardnersmith.me": {
      "out": {
        "other": 1
      },
      "score": 0.102
    },
    "curl.haxx.se": {
      "out": {
        "other": 1
      },
      "score": 0.102
    },
    "library.fora.tv": {
      "out": {
        "other": 1
      },
      "score": 0.102
    },
    "microformats.org": {
      "out": {
        "other": 1
      },
      "score": 0.102
    },
    "turkeyfootcreek.com": {
      "out": {
        "other": 1
      },
      "score": 0.102
    },
    "blog.vickiboykis.com": {
      "out": {
        "other": 1
      },
      "score": 0.102
    },
    "en.wikibooks.org": {
      "out": {
        "other": 1
      },
      "score": 0.102
    },
    "http": {
      "out": {
        "other": 1
      },
      "score": 0.102
    },
    "whatthefuckjusthappenedtoday.com": {
      "out": {
        "other": 1
      },
      "score": 0.102
    },
    "www.bcycle.com": {
      "out": {
        "other": 1
      },
      "score": 0.102
    },
    "www.ts4arts.org": {
      "out": {
        "other": 1
      },
      "score": 0.102
    },
    "brennannovak.com": {
      "out": {
        "other": 1
      },
      "score": 0.102
    },
    "crochetpatterns09.blogspot.com": {
      "out": {
        "other": 1
      },
      "score": 0.102
    },
    "facebook.com/GlassCityPedicabs": {
      "out": {
        "other": 1
      },
      "score": 0.102
    },
    "facebook.com/pages": {
      "out": {
        "other": 1
      },
      "score": 0.102
    },
    "herestomwiththeweather.com": {
      "out": {
        "other": 1
      },
      "score": 0.102
    },
    "nosidebar.com": {
      "out": {
        "other": 1
      },
      "score": 0.102
    },
    "snarfed.org": {
      "out": {
        "other": 1
      },
      "score": 0.102
    },
    "wiobyrne.com": {
      "out": {
        "other": 1
      },
      "score": 0.102
    },
    "www.tbray.org": {
      "out": {
        "other": 1
      },
      "score": 0.102
    },
    "theknittedhome.com": {
      "out": {
        "other": 1
      },
      "score": 0.102
    },
    "www.marco.org": {
      "out": {
        "other": 1
      },
      "score": 0.102
    },
    "cdevroe.com": {
      "out": {
        "other": 1
      },
      "score": 0.102
    },
    "twitter.com/richardpenner": {
      "out": {
        "other": 1
      },
      "score": 0.102
    },
    "worrydream.com": {
      "out": {
        "other": 1
      },
      "score": 0.102
    },
    "www.eadt.co.uk": {
      "out": {
        "other": 1
      },
      "score": 0.102
    },
    "www.etsy.com": {
      "out": {
        "other": 1
      },
      "score": 0.102
    },
    "www.washingtonpost.com": {
      "out": {
        "other": 1
      },
      "score": 0.102
    },
    "contrastchecker.com": {
      "out": {
        "other": 1
      },
      "score": 0.102
    },
    "mondaynote.com": {
      "out": {
        "other": 1
      },
      "score": 0.102
    },
    "snarkmarket.com": {
      "out": {
        "other": 1
      },
      "score": 0.102
    },
    "toledowinter.com": {
      "out": {
        "other": 1
      },
      "score": 0.102
    },
    "www.bbc.co.uk": {
      "out": {
        "other": 1
      },
      "score": 0.102
    },
    "www.google.com": {
      "out": {
        "other": 1
      },
      "score": 0.102
    },
    "akkartik.name": {
      "out": {
        "other": 1
      },
      "score": 0.102
    },
    "axios.com": {
      "out": {
        "other": 1
      },
      "score": 0.102
    },
    "cleverdevil.io": {
      "out": {
        "other": 1
      },
      "score": 0.102
    },
    "expeditionaryart.com": {
      "out": {
        "other": 1
      },
      "score": 0.102
    },
    "fuzzyslogic.com": {
      "out": {
        "other": 1
      },
      "score": 0.102
    },
    "lareviewofbooks.org": {
      "out": {
        "other": 1
      },
      "score": 0.102
    },
    "www.eff.org": {
      "out": {
        "other": 1
      },
      "score": 0.102
    },
    "www.indiehackers.com": {
      "out": {
        "other": 1
      },
      "score": 0.102
    },
    "chloeweil.com": {
      "out": {
        "other": 1
      },
      "score": 0.102
    },
    "hackernoon.com": {
      "out": {
        "other": 1
      },
      "score": 0.102
    },
    "longreads.com": {
      "out": {
        "other": 1
      },
      "score": 0.102
    },
    "metroparkstoledo.com": {
      "out": {
        "other": 1
      },
      "score": 0.102
    },
    "testcode.soupmode.com": {
      "out": {
        "other": 1
      },
      "score": 0.102
    },
    "typographyhandbook.com": {
      "out": {
        "other": 1
      },
      "score": 0.102
    },
    "webmention.rocks": {
      "out": {
        "other": 1
      },
      "score": 0.102
    },
    "werd.io": {
      "out": {
        "other": 1
      },
      "score": 0.102
    },
    "www.flickr.com": {
      "out": {
        "other": 1
      },
      "score": 0.102
    },
    "www.zingermans.com": {
      "out": {
        "other": 1
      },
      "score": 0.102
    },
    "24ways.org": {
      "out": {
        "other": 1
      },
      "score": 0.102
    },
    "stanfairbank.com": {
      "out": {
        "other": 1
      },
      "score": 0.102
    },
    "twitter.com/movingpicturetv": {
      "out": {
        "other": 1
      },
      "score": 0.102
    },
    "www.libbey.com": {
      "out": {
        "other": 1
      },
      "score": 0.102
    },
    "daniel.haxx.se": {
      "out": {
        "other": 1
      },
      "score": 0.102
    },
    "developmentseed.org": {
      "out": {
        "other": 1
      },
      "score": 0.102
    },
    "labs-origin.leaseweb.com": {
      "out": {
        "other": 1
      },
      "score": 0.102
    },
    "www.desparoz.com": {
      "out": {
        "other": 1
      },
      "score": 0.102
    },
    "cyclehop.com": {
      "out": {
        "other": 1
      },
      "score": 0.102
    },
    "toledoblade.typepad.com": {
      "out": {
        "other": 1
      },
      "score": 0.102
    },
    "twitter.com/zeldman": {
      "out": {
        "other": 1
      },
      "score": 0.102
    },
    "www.glasscitypedicabs.com": {
      "out": {
        "other": 1
      },
      "score": 0.102
    },
    "zavotski.com": {
      "out": {
        "other": 1
      },
      "score": 0.102
    },
    "allrecipes.com": {
      "out": {
        "other": 1
      },
      "score": 0.102
    },
    "baty.blog": {
      "out": {
        "other": 1
      },
      "score": 0.102
    },
    "forecast.weather.gov": {
      "out": {
        "other": 1
      },
      "score": 0.102
    },
    "meowni.ca": {
      "out": {
        "other": 1
      },
      "score": 0.102
    },
    "weeklysift.blogspot.com": {
      "out": {
        "other": 1
      },
      "score": 0.102
    },
    "www.al-habibmarket.com": {
      "out": {
        "other": 1
      },
      "score": 0.102
    },
    "www.lottejackson.com": {
      "out": {
        "other": 1
      },
      "score": 0.102
    },
    "www.modeldmedia.com": {
      "out": {
        "other": 1
      },
      "score": 0.102
    },
    "www.seinfeldscripts.com": {
      "out": {
        "other": 1
      },
      "score": 0.102
    },
    "www.jjude.com": {
      "out": {
        "other": 1
      },
      "score": 0.102
    },
    "www.the-dialogue.com": {
      "out": {
        "other": 1
      },
      "score": 0.102
    },
    "spiritedmedia.com": {
      "out": {
        "other": 1
      },
      "score": 0.102
    },
    "tosbourn.com": {
      "out": {
        "other": 1
      },
      "score": 0.102
    },
    "www.bloomberg.com": {
      "out": {
        "other": 1
      },
      "score": 0.102
    },
    "www.npr.org": {
      "out": {
        "other": 1
      },
      "score": 0.102
    },
    "www.propublica.org": {
      "out": {
        "other": 1
      },
      "score": 0.102
    },
    "contrastrebellion.com": {
      "out": {
        "other": 1
      },
      "score": 0.102
    },
    "evrenkiefer.com": {
      "out": {
        "other": 1
      },
      "score": 0.102
    },
    "www.dal.ca": {
      "out": {
        "other": 1
      },
      "score": 0.102
    },
    "bradfrost.com": {
      "out": {
        "other": 1
      },
      "score": 0.102
    },
    "dogada.org": {
      "out": {
        "other": 1
      },
      "score": 0.102
    },
    "shapeshed.com": {
      "out": {
        "other": 1
      },
      "score": 0.102
    },
    "wiki.c2.com": {
      "out": {
        "other": 1
      },
      "score": 0.102
    },
    "www.craigslist.org": {
      "out": {
        "other": 1
      },
      "score": 0.102
    },
    "www.geocaching.com": {
      "out": {
        "other": 1
      },
      "score": 0.102
    },
    "zwdqwr2p2xwkpbyv.onion": {
      "out": {
        "other": 1
      },
      "score": 0.102
    },
    "facebook.com/lailaiasianmart": {
      "out": {
        "other": 1
      },
      "score": 0.102
    },
    "www.holovaty.com": {
      "out": {
        "other": 1
      },
      "score": 0.102
    },
    "jacquesmattheij.com": {
      "out": {
        "other": 1
      },
      "score": 0.102
    },
    "sarasoueidan.com": {
      "out": {
        "other": 1
      },
      "score": 0.102
    },
    "theinformation.com": {
      "out": {
        "other": 1
      },
      "score": 0.102
    },
    "www.balloon-juice.com": {
      "out": {
        "other": 1
      },
      "score": 0.102
    },
    "chicagoist.com": {
      "out": {
        "other": 1
      },
      "score": 0.102
    },
    "indieberger.mediaberger.com": {
      "out": {
        "other": 1
      },
      "score": 0.102
    },
    "jonnybarnes.net": {
      "out": {
        "other": 1
      },
      "score": 0.102
    },
    "sfist.com": {
      "out": {
        "other": 1
      },
      "score": 0.102
    },
    "www.kill-the-newsletter.com": {
      "out": {
        "other": 1
      },
      "score": 0.102
    },
    "baty.net": {
      "out": {
        "other": 1
      },
      "score": 0.102
    },
    "breadtopia.com": {
      "out": {
        "other": 1
      },
      "score": 0.102
    },
    "codepen.io": {
      "out": {
        "other": 1
      },
      "score": 0.102
    },
    "codeword.xyz": {
      "out": {
        "other": 1
      },
      "score": 0.102
    },
    "memex.naughtons.org": {
      "out": {
        "other": 1
      },
      "score": 0.102
    },
    "thatemil.com": {
      "out": {
        "other": 1
      },
      "score": 0.102
    },
    "doriegreenspan.com": {
      "out": {
        "other": 1
      },
      "score": 0.102
    },
    "get-d.net": {
      "out": {
        "other": 1
      },
      "score": 0.102
    },
    "londonist.com": {
      "out": {
        "other": 1
      },
      "score": 0.102
    },
    "staltz.com": {
      "out": {
        "other": 1
      },
      "score": 0.102
    },
    "torontoist.com": {
      "out": {
        "other": 1
      },
      "score": 0.102
    },
    "waterpigs.co.uk": {
      "out": {
        "other": 1
      },
      "score": 0.102
    },
    "www.phoenixearthfoodco-op.com": {
      "out": {
        "other": 1
      },
      "score": 0.102
    },
    "www.wsj.com": {
      "out": {
        "other": 1
      },
      "score": 0.102
    },
    "500ish.com": {
      "out": {
        "other": 1
      },
      "score": 0.102
    },
    "accessites.org": {
      "out": {
        "other": 1
      },
      "score": 0.102
    },
    "apnews.com": {
      "out": {
        "other": 1
      },
      "score": 0.102
    },
    "baristanet.com": {
      "out": {
        "other": 1
      },
      "score": 0.102
    },
    "briangardner.com": {
      "out": {
        "other": 1
      },
      "score": 0.102
    },
    "joneisen.me": {
      "out": {
        "other": 1
      },
      "score": 0.102
    },
    "seblog.nl": {
      "out": {
        "other": 1
      },
      "score": 0.102
    },
    "sivers.org": {
      "out": {
        "other": 1
      },
      "score": 0.102
    },
    "thedragonflywoman.com": {
      "out": {
        "other": 1
      },
      "score": 0.102
    },
    "www.manton.org": {
      "out": {
        "other": 1
      },
      "score": 0.102
    },
    "www.quora.com": {
      "out": {
        "other": 1
      },
      "score": 0.102
    },
    "www.slownewsmovement.com": {
      "out": {
        "other": 1
      },
      "score": 0.102
    },
    "www.toledomkt.com": {
      "out": {
        "other": 1
      },
      "score": 0.102
    },
    "designforhackers.com": {
      "out": {
        "other": 1
      },
      "score": 0.102
    },
    "gopher.soupmode.com": {
      "out": {
        "other": 1
      },
      "score": 0.102
    },
    "web.archive.org": {
      "out": {
        "other": 1
      },
      "score": 0.102
    },
    "www.theannmag.com": {
      "out": {
        "other": 1
      },
      "score": 0.102
    },
    "bestmotherfucking.website": {
      "out": {
        "other": 1
      },
      "score": 0.102
    },
    "genevaoverholser.com": {
      "out": {
        "other": 1
      },
      "score": 0.102
    },
    "mediashift.org": {
      "out": {
        "other": 1
      },
      "score": 0.102
    },
    "web.mit.edu": {
      "out": {
        "other": 1
      },
      "score": 0.102
    },
    "willnorris.com": {
      "out": {
        "other": 1
      },
      "score": 0.102
    },
    "www.denverite.com": {
      "out": {
        "other": 1
      },
      "score": 0.102
    },
    "www.papascott.de": {
      "out": {
        "other": 1
      },
      "score": 0.102
    },
    "www.zavotski.com": {
      "out": {
        "other": 1
      },
      "score": 0.102
    },
    "arstechnica.co.uk": {
      "out": {
        "other": 1
      },
      "score": 0.102
    },
    "current.org": {
      "out": {
        "other": 1
      },
      "score": 0.102
    },
    "hapgood.us": {
      "out": {
        "other": 1
      },
      "score": 0.102
    },
    "www.barrymcgee.co.uk": {
      "out": {
        "other": 1
      },
      "score": 0.102
    },
    "www.cogobikeshare.com": {
      "out": {
        "other": 1
      },
      "score": 0.102
    },
    "www.ethanzuckerman.com": {
      "out": {
        "other": 1
      },
      "score": 0.102
    },
    "doubleloop.net": {
      "out": {
        "other": 1
      },
      "score": 0.102
    },
    "facebook.com/baycreekboutique": {
      "out": {
        "other": 1
      },
      "score": 0.102
    },
    "mediactive.com": {
      "out": {
        "other": 1
      },
      "score": 0.102
    },
    "whatdoesmysitecost.com": {
      "out": {
        "other": 1
      },
      "score": 0.102
    },
    "www.jeremycherfas.net": {
      "out": {
        "other": 1
      },
      "score": 0.102
    },
    "inessential.com": {
      "out": {
        "other": 1
      },
      "score": 0.102
    },
    "opensource-usability.blogspot.com": {
      "out": {
        "other": 1
      },
      "score": 0.102
    },
    "rempel.world": {
      "out": {
        "other": 1
      },
      "score": 0.102
    },
    "waxwing.soupmode.com": {
      "out": {
        "other": 1
      },
      "score": 0.102
    },
    "www.axios.com": {
      "out": {
        "other": 1
      },
      "score": 0.102
    },
    "erikrunyon.com": {
      "out": {
        "other": 1
      },
      "score": 0.102
    },
    "known.kevinmarks.com": {
      "out": {
        "other": 1
      },
      "score": 0.102
    },
    "leolaporte.com": {
      "out": {
        "other": 1
      },
      "score": 0.102
    },
    "scotthurff.com": {
      "out": {
        "other": 1
      },
      "score": 0.102
    },
    "uhbikes.com": {
      "out": {
        "other": 1
      },
      "score": 0.102
    },
    "www.revealnews.org": {
      "out": {
        "other": 1
      },
      "score": 0.102
    },
    "www.toledocraftsmansguild.org": {
      "out": {
        "other": 1
      },
      "score": 0.102
    },
    "decisiondeskhq.com": {
      "out": {
        "other": 1
      },
      "score": 0.102
    },
    "hisaac.net": {
      "out": {
        "other": 1
      },
      "score": 0.102
    },
    "jakearchibald.com": {
      "out": {
        "other": 1
      },
      "score": 0.102
    },
    "www.quirksmode.org": {
      "out": {
        "other": 1
      },
      "score": 0.102
    },
    "anomalily.net": {
      "out": {
        "other": 1
      },
      "score": 0.102
    },
    "bettermotherfuckingwebsite.com": {
      "out": {
        "other": 1
      },
      "score": 0.102
    },
    "birdday.org": {
      "out": {
        "other": 1
      },
      "score": 0.102
    },
    "jon.gold": {
      "out": {
        "other": 1
      },
      "score": 0.102
    },
    "mobiforge.com": {
      "out": {
        "other": 1
      },
      "score": 0.102
    },
    "shanghaiist.com": {
      "out": {
        "other": 1
      },
      "score": 0.102
    },
    "thenewtropic.com": {
      "out": {
        "other": 1
      },
      "score": 0.102
    },
    "toledo.craigslist.org": {
      "out": {
        "other": 1
      },
      "score": 0.102
    },
    "twitter.com/NWSCLE": {
      "out": {
        "other": 1
      },
      "score": 0.102
    },
    "www.accuweather.com": {
      "out": {
        "other": 1
      },
      "score": 0.102
    },
    "voxpelli.com": {
      "out": {
        "other": 1
      },
      "score": 0.102
    },
    "blog.chriszacharias.com": {
      "out": {
        "other": 1
      },
      "score": 0.102
    },
    "joi.ito.com": {
      "out": {
        "other": 1
      },
      "score": 0.102
    },
    "mashable.com": {
      "out": {
        "other": 1
      },
      "score": 0.102
    },
    "matthiasott.com": {
      "out": {
        "other": 1
      },
      "score": 0.102
    },
    "product.voxmedia.com": {
      "out": {
        "other": 1
      },
      "score": 0.102
    },
    "whoo.ps": {
      "out": {
        "other": 1
      },
      "score": 0.102
    },
    "www.detroityes.com": {
      "out": {
        "other": 1
      },
      "score": 0.102
    },
    "www.indivisibleguide.com": {
      "out": {
        "other": 1
      },
      "score": 0.102
    },
    "dangoldin.com": {
      "out": {
        "other": 1
      },
      "score": 0.102
    },
    "spencer-brewery.myshopify.com": {
      "out": {
        "other": 1
      },
      "score": 0.102
    },
    "www.cdixon.org": {
      "out": {
        "other": 1
      },
      "score": 0.102
    },
    "www.designernews.co": {
      "out": {
        "other": 1
      },
      "score": 0.102
    },
    "mikeyanderson.com": {
      "out": {
        "other": 1
      },
      "score": 0.102
    },
    "noahread.net": {
      "out": {
        "other": 1
      },
      "score": 0.102
    },
    "retout.co.uk": {
      "out": {
        "other": 1
      },
      "score": 0.102
    },
    "thelensnola.org": {
      "out": {
        "other": 1
      },
      "score": 0.102
    },
    "www.elcaminorealtoledo.com": {
      "out": {
        "other": 1
      },
      "score": 0.102
    },
    "www.journalism.org": {
      "out": {
        "other": 1
      },
      "score": 0.102
    },
    "www.opera.com": {
      "out": {
        "other": 1
      },
      "score": 0.102
    },
    "www.romneyridgefarm.com": {
      "out": {
        "other": 1
      },
      "score": 0.102
    },
    "whereby.us": {
      "out": {
        "other": 1
      },
      "score": 0.102
    },
    "www.voiceofsandiego.org": {
      "out": {
        "other": 1
      },
      "score": 0.102
    },
    "chicagoreporter.com": {
      "out": {
        "other": 1
      },
      "score": 0.102
    },
    "dangillmor.com": {
      "out": {
        "other": 1
      },
      "score": 0.102
    },
    "blogs.law.harvard.edu": {
      "out": {
        "other": 1
      },
      "score": 0.102
    },
    "caseorganic.com": {
      "out": {
        "other": 1
      },
      "score": 0.102
    },
    "glyph.twistedmatrix.com": {
      "out": {
        "other": 1
      },
      "score": 0.102
    },
    "laist.com": {
      "out": {
        "other": 1
      },
      "score": 0.102
    },
    "timkadlec.com": {
      "out": {
        "other": 1
      },
      "score": 0.102
    },
    "www.businessinsider.com": {
      "out": {
        "other": 1
      },
      "score": 0.102
    }
  }
}