{
  "domain": "borisschapira.com",
  "urls": [
    "https://borisschapira.com/"
  ],
  "names": [
    "Accueil · Boris Schapira",
    "Boris Schapira"
  ],
  "descriptions": [],
  "pictures": [
    "https://borisschapira.com/favicon-32x32.png?v=sdjfbf4",
    "https://borisschapira.com/favicon-16x16.png?v=sdjfbf4",
    "https://borisschapira.com/assets/images/category/default.png"
  ],
  "hcard": {},
  "rel_mes": [
    "https://github.com/borisschapira",
    "http://twitter.com/borisschapira",
    "https://framapiaf.org/@borisschapira",
    "https://www.facebook.com/boris.schapira",
    "http://linkedin.com/in/borisschapira",
    "http://flickr.com/borisschapira",
    "https://borisschapira.com/feed.xml",
    "mailto:contact%40borisschapira.com?subject=Page%20%22Accueil%22&body=url+%3D+/+%0D%0A%0D%0ABonjour%2C%0D%0A%0D%0A%7B%7B+N%27h%C3%A9sitez+pas+%C3%A0+prendre+quelques+minutes+pour+vous+pr%C3%A9senter+si+c%27est+votre+premier+envoi.+%7D%7D%0D%0A%0D%0A%E2%98%85%E2%98%85%E2%98%85%E2%98%85%E2%98%85%0D%0A%0D%0A%7B%7B+%C3%89crivez+ici+votre+message+%7D%7D%0D%0A%0D%0A%E2%98%85%E2%98%85%E2%98%85%E2%98%85%E2%98%85"
  ],
  "crawl_start": "2017-04-30T01:57:41",
  "crawl_end": "2017-04-30T02:06:40",
  "num_pages": 1010,
  "total_html_size": 29560047,
  "servers": [
    "Apache"
  ],
  "mf2_classes": [
    "h-entry"
  ],
  "tags": [
    "relme",
    "webmention.io",
    "webmention"
  ],
  "endpoints": {
    "webmention": [
      "https://webmention.io/borisschapira.com/webmention"
    ]
  },
  "links_out": 2031,
  "links_in": 26,
  "links": {
    "fr.wikipedia.org": {
      "out": {
        "other": 100
      },
      "score": 1
    },
    "en.wikipedia.org": {
      "out": {
        "other": 69
      },
      "score": 0.930
    },
    "www.microsoft.com": {
      "out": {
        "other": 50
      },
      "score": 0.870
    },
    "web.archive.org": {
      "out": {
        "other": 33
      },
      "score": 0.791
    },
    "msdn.microsoft.com": {
      "out": {
        "other": 31
      },
      "score": 0.779
    },
    "www.lemonde.fr": {
      "out": {
        "other": 31
      },
      "score": 0.779
    },
    "github.com": {
      "out": {
        "other": 27
      },
      "score": 0.753
    },
    "www.dailymotion.com": {
      "out": {
        "other": 25
      },
      "score": 0.738
    },
    "vimeo.com": {
      "out": {
        "other": 25
      },
      "score": 0.738
    },
    "blogs.msdn.com": {
      "out": {
        "other": 24
      },
      "score": 0.730
    },
    "www.clever-age.com": {
      "out": {
        "other": 23
      },
      "score": 0.723
    },
    "blog.clever-age.com": {
      "out": {
        "other": 23
      },
      "score": 0.723
    },
    "nexdotnet.nexeo.fr": {
      "out": {
        "other": 19
      },
      "score": 0.687
    },
    "sudweb.fr": {
      "out": {
        "other": 17
      },
      "score": 0.666
    },
    "www.lexpress.fr": {
      "out": {
        "other": 16
      },
      "score": 0.655
    },
    "tempsreel.nouvelobs.com": {
      "out": {
        "other": 15
      },
      "score": 0.642
    },
    "www.assemblee-nationale.fr": {
      "out": {
        "other": 14
      },
      "score": 0.628
    },
    "www.clubic.com": {
      "out": {
        "other": 14
      },
      "score": 0.628
    },
    "www.microsoftstudentpartners.com": {
      "out": {
        "other": 14
      },
      "score": 0.628
    },
    "www.authueil.org": {
      "out": {
        "other": 14
      },
      "score": 0.628
    },
    "www.youtube.com": {
      "out": {
        "other": 14
      },
      "score": 0.628
    },
    "t.co": {
      "out": {
        "other": 14
      },
      "score": 0.628
    },
    "blogs.developpeur.org": {
      "out": {
        "other": 14
      },
      "score": 0.628
    },
    "thenounproject.com": {
      "out": {
        "other": 13
      },
      "score": 0.615
    },
    "police.etc.over-blog.net": {
      "out": {
        "other": 13
      },
      "score": 0.615
    },
    "letrainde13h37.fr": {
      "out": {
        "other": 13
      },
      "score": 0.615
    },
    "www.hteumeuleu.fr": {
      "out": {
        "other": 13
      },
      "score": 0.615
    },
    "www.boitam.eu": {
      "out": {
        "other": 12
      },
      "score": 0.6
    },
    "www.google.fr": {
      "out": {
        "other": 12
      },
      "score": 0.6
    },
    "wordpress.org": {
      "out": {
        "other": 12
      },
      "score": 0.6
    },
    "www.lefigaro.fr": {
      "out": {
        "other": 11
      },
      "score": 0.583
    },
    "twitter.com/hashtag": {
      "out": {
        "other": 11
      },
      "score": 0.583
    },
    "www.amazon.fr": {
      "out": {
        "other": 10
      },
      "score": 0.566
    },
    "www.presse-citron.net": {
      "out": {
        "other": 10
      },
      "score": 0.566
    },
    "www.codeplex.com": {
      "out": {
        "other": 10
      },
      "score": 0.566
    },
    "www.teulliac.com": {
      "out": {
        "other": 10
      },
      "score": 0.566
    },
    "photosynth.net": {
      "out": {
        "other": 10
      },
      "score": 0.566
    },
    "heaven.fr": {
      "out": {
        "other": 10
      },
      "score": 0.566
    },
    "fake6tm.free.fr": {
      "out": {
        "other": 9
      },
      "score": 0.545
    },
    "www.cyprien.fr": {
      "out": {
        "other": 9
      },
      "score": 0.545
    },
    "delicious.com": {
      "out": {
        "other": 9
      },
      "score": 0.545
    },
    "www.hugedomains.com": {
      "out": {
        "other": 9
      },
      "score": 0.545
    },
    "medium.com": {
      "out": {
        "other": 9
      },
      "score": 0.545
    },
    "www.facebook.com": {
      "out": {
        "other": 8
      },
      "score": 0.523
    },
    "www.note2be.com": {
      "out": {
        "other": 8
      },
      "score": 0.523
    },
    "codeship.com": {
      "out": {
        "other": 8
      },
      "score": 0.523
    },
    "www.adobe.com": {
      "out": {
        "other": 8
      },
      "score": 0.523
    },
    "www.nexeo.fr": {
      "out": {
        "other": 8
      },
      "score": 0.523
    },
    "youtu.be": {
      "out": {
        "other": 8
      },
      "score": 0.523
    },
    "www.ldlc.com": {
      "out": {
        "other": 8
      },
      "score": 0.523
    },
    "www.laquadrature.net": {
      "out": {
        "other": 8
      },
      "score": 0.523
    },
    "login.live.com": {
      "out": {
        "other": 8
      },
      "score": 0.523
    },
    "fr.clever-age.com": {
      "out": {
        "other": 8
      },
      "score": 0.523
    },
    "www.geekmag.fr": {
      "out": {
        "other": 8
      },
      "score": 0.523
    },
    "standblog.org": {
      "in": {
        "other": 12
      },
      "out": {
        "other": 1
      },
      "score": 0.498
    },
    "nicolas-hoizey.com": {
      "out": {
        "other": 2
      },
      "in": {
        "other": 10
      },
      "score": 0.498
    },
    "www.framablog.org": {
      "out": {
        "other": 7
      },
      "score": 0.498
    },
    "www.suchablog.com": {
      "out": {
        "other": 7
      },
      "score": 0.498
    },
    "www.oezratty.net": {
      "out": {
        "other": 7
      },
      "score": 0.498
    },
    "www.pinnula.fr": {
      "out": {
        "other": 7
      },
      "score": 0.498
    },
    "www.paris-web.fr": {
      "out": {
        "other": 7
      },
      "score": 0.498
    },
    "richard.ying.fr": {
      "out": {
        "other": 7
      },
      "score": 0.498
    },
    "n.survol.fr": {
      "out": {
        "other": 7
      },
      "score": 0.498
    },
    "twitter.com/borisschapira": {
      "out": {
        "other": 6
      },
      "score": 0.468
    },
    "brandonlive.com": {
      "out": {
        "other": 6
      },
      "score": 0.468
    },
    "www.deezer.com": {
      "out": {
        "other": 6
      },
      "score": 0.468
    },
    "econoclaste.org.free.fr": {
      "out": {
        "other": 6
      },
      "score": 0.468
    },
    "minu.me": {
      "out": {
        "other": 6
      },
      "score": 0.468
    },
    "pisani.blog.lemonde.fr": {
      "out": {
        "other": 6
      },
      "score": 0.468
    },
    "fr.viadeo.com": {
      "out": {
        "other": 6
      },
      "score": 0.468
    },
    "romy.tetue.net": {
      "out": {
        "other": 6
      },
      "score": 0.468
    },
    "blog.lefigaro.fr": {
      "out": {
        "other": 6
      },
      "score": 0.468
    },
    "developer.mozilla.org": {
      "out": {
        "other": 6
      },
      "score": 0.468
    },
    "www.opera.com": {
      "out": {
        "other": 6
      },
      "score": 0.468
    },
    "www.brownbaglunch.fr": {
      "out": {
        "other": 6
      },
      "score": 0.468
    },
    "www.huffingtonpost.fr": {
      "out": {
        "other": 5
      },
      "score": 0.434
    },
    "developers.google.com": {
      "out": {
        "other": 5
      },
      "score": 0.434
    },
    "borisschapira.github.io": {
      "out": {
        "other": 5
      },
      "score": 0.434
    },
    "popfly.ms": {
      "out": {
        "other": 5
      },
      "score": 0.434
    },
    "korben.info": {
      "out": {
        "other": 5
      },
      "score": 0.434
    },
    "www.agoravox.fr": {
      "out": {
        "other": 5
      },
      "score": 0.434
    },
    "www.monster.fr": {
      "out": {
        "other": 5
      },
      "score": 0.434
    },
    "www.quaternum.net": {
      "out": {
        "other": 5
      },
      "score": 0.434
    },
    "www.fredcavazza.net": {
      "out": {
        "other": 5
      },
      "score": 0.434
    },
    "www.slate.fr": {
      "out": {
        "other": 5
      },
      "score": 0.434
    },
    "www.ted.com": {
      "out": {
        "other": 5
      },
      "score": 0.434
    },
    "lanyrd.com": {
      "out": {
        "other": 5
      },
      "score": 0.434
    },
    "www.liberation.fr": {
      "out": {
        "other": 5
      },
      "score": 0.434
    },
    "www.zdnet.fr": {
      "out": {
        "other": 5
      },
      "score": 0.434
    },
    "getbetterback.com": {
      "out": {
        "other": 5
      },
      "score": 0.434
    },
    "research.microsoft.com": {
      "out": {
        "other": 5
      },
      "score": 0.434
    },
    "www.dossierfamilial.com": {
      "out": {
        "other": 5
      },
      "score": 0.434
    },
    "marieguillaumet.com": {
      "out": {
        "other": 5
      },
      "score": 0.434
    },
    "www.niap-ccevs.org": {
      "out": {
        "other": 5
      },
      "score": 0.434
    },
    "www.flickr.com": {
      "out": {
        "other": 5
      },
      "score": 0.434
    },
    "ocw.mit.edu": {
      "out": {
        "other": 4
      },
      "score": 0.392
    },
    "www.lagrottedubarbu.com": {
      "out": {
        "other": 4
      },
      "score": 0.392
    },
    "www.rose-lesite.fr": {
      "out": {
        "other": 4
      },
      "score": 0.392
    },
    "www.viensvoirmontaf.fr": {
      "out": {
        "other": 4
      },
      "score": 0.392
    },
    "www.webpagetest.org": {
      "out": {
        "other": 4
      },
      "score": 0.392
    },
    "blog.opquast.com": {
      "out": {
        "other": 4
      },
      "score": 0.392
    },
    "blogs.mediapart.fr": {
      "out": {
        "other": 4
      },
      "score": 0.392
    },
    "support.laquadrature.net": {
      "out": {
        "other": 4
      },
      "score": 0.392
    },
    "symfony.com": {
      "out": {
        "other": 4
      },
      "score": 0.392
    },
    "support.microsoft.com": {
      "out": {
        "other": 4
      },
      "score": 0.392
    },
    "www.maxima.fr": {
      "out": {
        "other": 4
      },
      "score": 0.392
    },
    "www.sebastien-bourdais.com": {
      "out": {
        "other": 4
      },
      "score": 0.392
    },
    "crowdfavorite.com": {
      "out": {
        "other": 4
      },
      "score": 0.392
    },
    "nodejs.org": {
      "out": {
        "other": 4
      },
      "score": 0.392
    },
    "twitter.com/blipsofadoug": {
      "out": {
        "other": 4
      },
      "score": 0.392
    },
    "www.fernandclavero-photographe.fr": {
      "out": {
        "other": 4
      },
      "score": 0.392
    },
    "www.visualstudio.com": {
      "out": {
        "other": 4
      },
      "score": 0.392
    },
    "frednetick.fr": {
      "out": {
        "other": 4
      },
      "score": 0.392
    },
    "melweb.fr": {
      "out": {
        "other": 4
      },
      "score": 0.392
    },
    "www.tourisme.fr": {
      "out": {
        "other": 4
      },
      "score": 0.392
    },
    "madskristensen.net": {
      "out": {
        "other": 4
      },
      "score": 0.392
    },
    "nissone.com": {
      "out": {
        "other": 4
      },
      "score": 0.392
    },
    "www.ricochetasso.fr": {
      "out": {
        "other": 4
      },
      "score": 0.392
    },
    "secunia.com": {
      "out": {
        "other": 4
      },
      "score": 0.392
    },
    "www.codemasters.com": {
      "out": {
        "other": 4
      },
      "score": 0.392
    },
    "twitter.com/lsuply": {
      "out": {
        "other": 4
      },
      "score": 0.392
    },
    "www.bakchich.info": {
      "out": {
        "other": 4
      },
      "score": 0.392
    },
    "www.naturabuy.fr": {
      "out": {
        "other": 4
      },
      "score": 0.392
    },
    "fuuuccckkk.tumblr.com": {
      "out": {
        "other": 4
      },
      "score": 0.392
    },
    "blogs.technet.com": {
      "out": {
        "other": 4
      },
      "score": 0.392
    },
    "choain.fr": {
      "out": {
        "other": 4
      },
      "score": 0.392
    },
    "william-pottier.fr": {
      "out": {
        "other": 4
      },
      "score": 0.392
    },
    "eduscol.education.fr": {
      "out": {
        "other": 4
      },
      "score": 0.392
    },
    "www.salonmariagefete.com": {
      "out": {
        "other": 4
      },
      "score": 0.392
    },
    "creativecommons.org": {
      "out": {
        "other": 4
      },
      "score": 0.392
    },
    "joachimesque.com": {
      "out": {
        "other": 4
      },
      "score": 0.392
    },
    "correcteurs.blog.lemonde.fr": {
      "out": {
        "other": 4
      },
      "score": 0.392
    },
    "http": {
      "out": {
        "other": 4
      },
      "score": 0.392
    },
    "jchoain.free.fr": {
      "out": {
        "other": 4
      },
      "score": 0.392
    },
    "twitter.com/francoisz": {
      "out": {
        "other": 4
      },
      "score": 0.392
    },
    "twitter.com/hteumeuleu": {
      "out": {
        "other": 4
      },
      "score": 0.392
    },
    "edge.org": {
      "out": {
        "other": 4
      },
      "score": 0.392
    },
    "www.nameless.fr": {
      "out": {
        "other": 4
      },
      "score": 0.392
    },
    "www.vingthuitzerotrois.fr": {
      "out": {
        "other": 4
      },
      "score": 0.392
    },
    "bfmbusiness.bfmtv.com": {
      "out": {
        "other": 4
      },
      "score": 0.392
    },
    "livre.fnac.com": {
      "out": {
        "other": 4
      },
      "score": 0.392
    },
    "www.winterland.fr": {
      "out": {
        "other": 4
      },
      "score": 0.392
    },
    "blog.francetvinfo.fr": {
      "out": {
        "other": 4
      },
      "score": 0.392
    },
    "connect.microsoft.com": {
      "out": {
        "other": 4
      },
      "score": 0.392
    },
    "www.benjamingauthey.com": {
      "out": {
        "other": 4
      },
      "score": 0.392
    },
    "www.lesechos.fr": {
      "out": {
        "other": 4
      },
      "score": 0.392
    },
    "www.mozilla.org": {
      "out": {
        "other": 4
      },
      "score": 0.392
    },
    "www.gameone.net": {
      "out": {
        "other": 4
      },
      "score": 0.392
    },
    "girlzinweb.com": {
      "out": {
        "other": 4
      },
      "score": 0.392
    },
    "www.24joursdeweb.fr": {
      "out": {
        "other": 4
      },
      "score": 0.392
    },
    "www.onesque.net": {
      "out": {
        "other": 4
      },
      "score": 0.392
    },
    "twitter.com/jarodnet": {
      "out": {
        "other": 4
      },
      "score": 0.392
    },
    "www.blackberry-fr.com": {
      "out": {
        "other": 4
      },
      "score": 0.392
    },
    "www.robots.ox.ac.uk": {
      "out": {
        "other": 4
      },
      "score": 0.392
    },
    "windows.microsoft.com": {
      "out": {
        "other": 4
      },
      "score": 0.392
    },
    "www.guilhembertholet.com": {
      "out": {
        "other": 4
      },
      "score": 0.392
    },
    "www.travailleursduweb.com": {
      "out": {
        "other": 4
      },
      "score": 0.392
    },
    "www.investopedia.com": {
      "out": {
        "other": 4
      },
      "score": 0.392
    },
    "www.spvfrance.net": {
      "out": {
        "other": 4
      },
      "score": 0.392
    },
    "forum.humancoders.com": {
      "out": {
        "other": 4
      },
      "score": 0.392
    },
    "www.europe1.fr": {
      "out": {
        "other": 4
      },
      "score": 0.392
    },
    "www.redotheweb.com": {
      "out": {
        "other": 4
      },
      "score": 0.392
    },
    "blog.credit-immobilier-direct.fr": {
      "out": {
        "other": 4
      },
      "score": 0.392
    },
    "www.red-gate.com": {
      "out": {
        "other": 4
      },
      "score": 0.392
    },
    "cafecroissant.fr": {
      "out": {
        "other": 4
      },
      "score": 0.392
    },
    "www.esiee.fr": {
      "out": {
        "other": 4
      },
      "score": 0.392
    },
    "www.pauljorion.com": {
      "out": {
        "other": 4
      },
      "score": 0.392
    },
    "diveintohtml5.info": {
      "out": {
        "other": 4
      },
      "score": 0.392
    },
    "rudyonweb.net": {
      "out": {
        "other": 4
      },
      "score": 0.392
    },
    "techcrunch.com": {
      "out": {
        "other": 4
      },
      "score": 0.392
    },
    "tinyurl.com": {
      "out": {
        "other": 4
      },
      "score": 0.392
    },
    "www.eisti.fr": {
      "out": {
        "other": 4
      },
      "score": 0.392
    },
    "maps.google.fr": {
      "out": {
        "other": 3
      },
      "score": 0.338
    },
    "twitter.com/Nico3333fr": {
      "out": {
        "other": 3
      },
      "score": 0.338
    },
    "www.w3.org": {
      "out": {
        "other": 3
      },
      "score": 0.338
    },
    "www.lacuisinedelibellule.fr": {
      "out": {
        "other": 3
      },
      "score": 0.338
    },
    "www.nextinpact.com": {
      "out": {
        "other": 3
      },
      "score": 0.338
    },
    "esquisses.clochix.net": {
      "out": {
        "other": 3
      },
      "score": 0.338
    },
    "www.git-attitude.fr": {
      "out": {
        "other": 3
      },
      "score": 0.338
    },
    "www.quirksmode.org": {
      "out": {
        "other": 3
      },
      "score": 0.338
    },
    "darklg.me": {
      "out": {
        "other": 3
      },
      "score": 0.338
    },
    "www.unwomen.org": {
      "out": {
        "other": 3
      },
      "score": 0.338
    },
    "www.chromeextensions.org": {
      "out": {
        "other": 3
      },
      "score": 0.338
    },
    "sites.google.com": {
      "out": {
        "other": 3
      },
      "score": 0.338
    },
    "linqpad.net": {
      "out": {
        "other": 3
      },
      "score": 0.338
    },
    "analytics.blogspot.fr": {
      "out": {
        "other": 3
      },
      "score": 0.338
    },
    "www.madmoizelle.com": {
      "out": {
        "other": 3
      },
      "score": 0.338
    },
    "www.wikiwand.com": {
      "out": {
        "other": 3
      },
      "score": 0.338
    },
    "www.androidcentral.com": {
      "out": {
        "other": 3
      },
      "score": 0.338
    },
    "stanetdam.com": {
      "out": {
        "other": 3
      },
      "score": 0.338
    },
    "www.atlantico.fr": {
      "out": {
        "other": 3
      },
      "score": 0.338
    },
    "next.borisschapira.com": {
      "out": {
        "other": 2
      },
      "in": {
        "other": 2
      },
      "score": 0.338
    },
    "www.lepoint.fr": {
      "out": {
        "other": 3
      },
      "score": 0.338
    },
    "www.pumpipumpe.ch": {
      "out": {
        "other": 3
      },
      "score": 0.338
    },
    "flic.kr": {
      "out": {
        "other": 3
      },
      "score": 0.338
    },
    "authueil.org": {
      "out": {
        "other": 3
      },
      "score": 0.338
    },
    "vidberg.blog.lemonde.fr": {
      "out": {
        "other": 3
      },
      "score": 0.338
    },
    "www.legifrance.gouv.fr": {
      "out": {
        "other": 3
      },
      "score": 0.338
    },
    "www.la-grange.net": {
      "out": {
        "other": 3
      },
      "score": 0.338
    },
    "jsmanners.com": {
      "out": {
        "other": 3
      },
      "score": 0.338
    },
    "wilfriedwoivre.wordpress.com": {
      "out": {
        "other": 3
      },
      "score": 0.338
    },
    "www.maitre-eolas.fr": {
      "out": {
        "other": 3
      },
      "score": 0.338
    },
    "codereview.chromium.org": {
      "out": {
        "other": 3
      },
      "score": 0.338
    },
    "wiki.laquadrature.net": {
      "out": {
        "other": 3
      },
      "score": 0.338
    },
    "www.01net.com": {
      "out": {
        "other": 3
      },
      "score": 0.338
    },
    "www.ingesup.com": {
      "out": {
        "other": 3
      },
      "score": 0.338
    },
    "www.numerama.com": {
      "out": {
        "other": 3
      },
      "score": 0.338
    },
    "absurdo.lapin.org": {
      "out": {
        "other": 2
      },
      "score": 0.262
    },
    "www.gameloft.com": {
      "out": {
        "other": 2
      },
      "score": 0.262
    },
    "developer.windowsphone.com": {
      "out": {
        "other": 2
      },
      "score": 0.262
    },
    "www.browsersync.io": {
      "out": {
        "other": 2
      },
      "score": 0.262
    },
    "www.france3.fr": {
      "out": {
        "other": 2
      },
      "score": 0.262
    },
    "fr.news.yahoo.com": {
      "out": {
        "other": 2
      },
      "score": 0.262
    },
    "unodieuxconnard.com": {
      "out": {
        "other": 2
      },
      "score": 0.262
    },
    "instantclick.io": {
      "out": {
        "other": 2
      },
      "score": 0.262
    },
    "lesculottees.blog.lemonde.fr": {
      "out": {
        "other": 2
      },
      "score": 0.262
    },
    "www.insee.fr": {
      "out": {
        "other": 2
      },
      "score": 0.262
    },
    "www.jegoun.net": {
      "out": {
        "other": 2
      },
      "score": 0.262
    },
    "www.michele-delaunay.net": {
      "out": {
        "other": 2
      },
      "score": 0.262
    },
    "unclavesien.blogspot.com": {
      "out": {
        "other": 2
      },
      "score": 0.262
    },
    "www.netgear.com": {
      "out": {
        "other": 2
      },
      "score": 0.262
    },
    "bundler.io": {
      "out": {
        "other": 2
      },
      "score": 0.262
    },
    "www.asp.net": {
      "out": {
        "other": 2
      },
      "score": 0.262
    },
    "geek-festival.fr": {
      "out": {
        "other": 2
      },
      "score": 0.262
    },
    "www.inegalites.fr": {
      "out": {
        "other": 2
      },
      "score": 0.262
    },
    "www.hanselman.com": {
      "out": {
        "other": 2
      },
      "score": 0.262
    },
    "www.journaldemontreal.com": {
      "out": {
        "other": 2
      },
      "score": 0.262
    },
    "www.ladocumentationfrancaise.fr": {
      "out": {
        "other": 2
      },
      "score": 0.262
    },
    "www.mobilefilmfestival.fr": {
      "out": {
        "other": 2
      },
      "score": 0.262
    },
    "www.scientificamerican.com": {
      "out": {
        "other": 2
      },
      "score": 0.262
    },
    "lexpansion.lexpress.fr": {
      "out": {
        "other": 2
      },
      "score": 0.262
    },
    "press.uchicago.edu": {
      "out": {
        "other": 2
      },
      "score": 0.262
    },
    "www.alwaysdata.com": {
      "out": {
        "other": 2
      },
      "score": 0.262
    },
    "www.psyetgeek.com": {
      "out": {
        "other": 2
      },
      "score": 0.262
    },
    "www.zdnet.com": {
      "out": {
        "other": 2
      },
      "score": 0.262
    },
    "michaelbraude.blogspot.com": {
      "out": {
        "other": 2
      },
      "score": 0.262
    },
    "www.ulyces.co": {
      "out": {
        "other": 2
      },
      "score": 0.262
    },
    "notes.desbenoit.net": {
      "out": {
        "other": 2
      },
      "score": 0.262
    },
    "rue89.nouvelobs.com": {
      "out": {
        "other": 2
      },
      "score": 0.262
    },
    "superherossurledivan.blogspot.fr": {
      "out": {
        "other": 2
      },
      "score": 0.262
    },
    "www.smashingmagazine.com": {
      "out": {
        "other": 2
      },
      "score": 0.262
    },
    "leclairon.tv": {
      "out": {
        "other": 2
      },
      "score": 0.262
    },
    "media.giphy.com": {
      "out": {
        "other": 2
      },
      "score": 0.262
    },
    "www.strategie.gouv.fr": {
      "out": {
        "other": 2
      },
      "score": 0.262
    },
    "www.toam.fr": {
      "out": {
        "other": 2
      },
      "score": 0.262
    },
    "en3mots.com": {
      "out": {
        "other": 2
      },
      "score": 0.262
    },
    "www.viper007bond.com": {
      "out": {
        "other": 2
      },
      "score": 0.262
    },
    "alistapart.com": {
      "out": {
        "other": 2
      },
      "score": 0.262
    },
    "blog.algolia.com": {
      "out": {
        "other": 2
      },
      "score": 0.262
    },
    "blog.monolecte.fr": {
      "out": {
        "other": 2
      },
      "score": 0.262
    },
    "technet.microsoft.com": {
      "out": {
        "other": 2
      },
      "score": 0.262
    },
    "www.ecvdigital.fr": {
      "out": {
        "other": 2
      },
      "score": 0.262
    },
    "www.linformaticien.com": {
      "out": {
        "other": 2
      },
      "score": 0.262
    },
    "lavoiedelepee.blogspot.fr": {
      "out": {
        "other": 2
      },
      "score": 0.262
    },
    "nvbn.github.io": {
      "out": {
        "other": 2
      },
      "score": 0.262
    },
    "www.lesinrocks.com": {
      "out": {
        "other": 2
      },
      "score": 0.262
    },
    "interactive.unwomen.org": {
      "out": {
        "other": 2
      },
      "score": 0.262
    },
    "ajclarkson.co.uk": {
      "out": {
        "other": 2
      },
      "score": 0.262
    },
    "www.glazman.org": {
      "out": {
        "other": 2
      },
      "score": 0.262
    },
    "blog.codinghorror.com": {
      "out": {
        "other": 2
      },
      "score": 0.262
    },
    "rspec.info": {
      "out": {
        "other": 2
      },
      "score": 0.262
    },
    "update.microsoft.com": {
      "out": {
        "other": 2
      },
      "score": 0.262
    },
    "blog.temesis.com": {
      "out": {
        "other": 2
      },
      "score": 0.262
    },
    "twitter.com/Histony1": {
      "out": {
        "other": 2
      },
      "score": 0.262
    },
    "wikileaks.org": {
      "out": {
        "other": 2
      },
      "score": 0.262
    },
    "www.20minutes.fr": {
      "out": {
        "other": 2
      },
      "score": 0.262
    },
    "berjon.com": {
      "out": {
        "other": 2
      },
      "score": 0.262
    },
    "magazine.ouishare.net": {
      "out": {
        "other": 2
      },
      "score": 0.262
    },
    "www.challenges.fr": {
      "out": {
        "other": 2
      },
      "score": 0.262
    },
    "www.francetvinfo.fr": {
      "out": {
        "other": 2
      },
      "score": 0.262
    },
    "www.growingwiththeweb.com": {
      "out": {
        "other": 2
      },
      "score": 0.262
    },
    "www.bnpparibas.com": {
      "out": {
        "other": 2
      },
      "score": 0.262
    },
    "twitter.github.io": {
      "out": {
        "other": 2
      },
      "score": 0.262
    },
    "www.sylvaindurand.org": {
      "out": {
        "other": 2
      },
      "score": 0.262
    },
    "www.vinzblog.com": {
      "out": {
        "other": 2
      },
      "score": 0.262
    },
    "momentjs.com": {
      "out": {
        "other": 2
      },
      "score": 0.262
    },
    "www.mirionmalle.com": {
      "out": {
        "other": 2
      },
      "score": 0.262
    },
    "www.nicolas-hoffmann.net": {
      "out": {
        "other": 2
      },
      "score": 0.262
    },
    "www.wemoms.com": {
      "out": {
        "other": 2
      },
      "score": 0.262
    },
    "blogs.codes-sources.com": {
      "out": {
        "other": 2
      },
      "score": 0.262
    },
    "www.amazon.com": {
      "out": {
        "other": 2
      },
      "score": 0.262
    },
    "www.lamarseillaise.fr": {
      "out": {
        "other": 2
      },
      "score": 0.262
    },
    "facebook.com/notes": {
      "out": {
        "other": 2
      },
      "score": 0.262
    },
    "gist.github.com": {
      "out": {
        "other": 2
      },
      "score": 0.262
    },
    "lifeinmuenchen.blogspot.com": {
      "out": {
        "other": 2
      },
      "score": 0.262
    },
    "jekyllrb.com": {
      "out": {
        "other": 2
      },
      "score": 0.262
    },
    "certified.opquast.com": {
      "out": {
        "other": 2
      },
      "score": 0.262
    },
    "olivier.godechot.free.fr": {
      "out": {
        "other": 2
      },
      "score": 0.262
    },
    "openclassrooms.com": {
      "out": {
        "other": 2
      },
      "score": 0.262
    },
    "www.irmatime.com": {
      "out": {
        "other": 2
      },
      "score": 0.262
    },
    "www.ldh-france.org": {
      "out": {
        "other": 2
      },
      "score": 0.262
    },
    "www.senscritique.com": {
      "out": {
        "other": 2
      },
      "score": 0.262
    },
    "lespriviliegiesparlent.blogspot.com": {
      "out": {
        "other": 2
      },
      "score": 0.262
    },
    "plugins.trac.wordpress.org": {
      "out": {
        "other": 2
      },
      "score": 0.262
    },
    "www.education.gouv.fr": {
      "out": {
        "other": 2
      },
      "score": 0.262
    },
    "gulpjs.com": {
      "out": {
        "other": 2
      },
      "score": 0.262
    },
    "www.cerna.ensmp.fr": {
      "out": {
        "other": 2
      },
      "score": 0.262
    },
    "www.controverses-minesparistech-4.fr": {
      "out": {
        "other": 2
      },
      "score": 0.262
    },
    "www.google.com": {
      "out": {
        "other": 2
      },
      "score": 0.262
    },
    "www.algolia.com": {
      "out": {
        "other": 2
      },
      "score": 0.262
    },
    "jquery.com": {
      "out": {
        "other": 2
      },
      "score": 0.262
    },
    "myaccount.nytimes.com": {
      "out": {
        "other": 2
      },
      "score": 0.262
    },
    "www.filamentgroup.com": {
      "out": {
        "other": 2
      },
      "score": 0.262
    },
    "www.senat.fr": {
      "out": {
        "other": 2
      },
      "score": 0.262
    },
    "bibliobs.nouvelobs.com": {
      "out": {
        "other": 2
      },
      "score": 0.262
    },
    "www.generation-nt.com": {
      "out": {
        "other": 2
      },
      "score": 0.262
    },
    "amis.cityspeaker.fr": {
      "out": {
        "other": 2
      },
      "score": 0.262
    },
    "www.koreus.com": {
      "out": {
        "other": 2
      },
      "score": 0.262
    },
    "www.usine-digitale.fr": {
      "out": {
        "other": 2
      },
      "score": 0.262
    },
    "www.nosdeputes.fr": {
      "out": {
        "other": 2
      },
      "score": 0.262
    },
    "www.papacube.com": {
      "out": {
        "other": 2
      },
      "score": 0.262
    },
    "benjamin.talmard.com": {
      "out": {
        "other": 1
      },
      "score": 0.131
    },
    "fr.answers.yahoo.com": {
      "out": {
        "other": 1
      },
      "score": 0.131
    },
    "us12.campaign-archive2.com": {
      "out": {
        "other": 1
      },
      "score": 0.131
    },
    "www.theinquirer.fr": {
      "out": {
        "other": 1
      },
      "score": 0.131
    },
    "gasteroprod.com": {
      "out": {
        "other": 1
      },
      "score": 0.131
    },
    "mobile.lemonde.fr": {
      "out": {
        "other": 1
      },
      "score": 0.131
    },
    "www.cbanque.com": {
      "out": {
        "other": 1
      },
      "score": 0.131
    },
    "www.faire-simple.gouv.fr": {
      "out": {
        "other": 1
      },
      "score": 0.131
    },
    "fredcavazza.net": {
      "out": {
        "other": 1
      },
      "score": 0.131
    },
    "silverlight.dlservice.microsoft.com": {
      "out": {
        "other": 1
      },
      "score": 0.131
    },
    "toobordo.net": {
      "out": {
        "other": 1
      },
      "score": 0.131
    },
    "www.wired.co.uk": {
      "out": {
        "other": 1
      },
      "score": 0.131
    },
    "delinquance.blog.lemonde.fr": {
      "out": {
        "other": 1
      },
      "score": 0.131
    },
    "ilspy.net": {
      "out": {
        "other": 1
      },
      "score": 0.131
    },
    "office.developpez.com": {
      "out": {
        "other": 1
      },
      "score": 0.131
    },
    "twitter.com/Ravana": {
      "out": {
        "other": 1
      },
      "score": 0.131
    },
    "www.imaginecup.com": {
      "out": {
        "other": 1
      },
      "score": 0.131
    },
    "sourceforge.net": {
      "out": {
        "other": 1
      },
      "score": 0.131
    },
    "twitter.com/opquast": {
      "out": {
        "other": 1
      },
      "score": 0.131
    },
    "lmsi.net": {
      "out": {
        "other": 1
      },
      "score": 0.131
    },
    "ses.ens-lyon.fr": {
      "out": {
        "other": 1
      },
      "score": 0.131
    },
    "www.cevipof.com": {
      "out": {
        "other": 1
      },
      "score": 0.131
    },
    "www.xbrl.org": {
      "out": {
        "other": 1
      },
      "score": 0.131
    },
    "briankardell.wordpress.com": {
      "out": {
        "other": 1
      },
      "score": 0.131
    },
    "time.com": {
      "out": {
        "other": 1
      },
      "score": 0.131
    },
    "www.arte.tv": {
      "out": {
        "other": 1
      },
      "score": 0.131
    },
    "www.happyflu.com": {
      "out": {
        "other": 1
      },
      "score": 0.131
    },
    "gonzague.me": {
      "out": {
        "other": 1
      },
      "score": 0.131
    },
    "twitter.com/tsad": {
      "out": {
        "other": 1
      },
      "score": 0.131
    },
    "www.bastamag.net": {
      "out": {
        "other": 1
      },
      "score": 0.131
    },
    "www.diigo.com": {
      "out": {
        "other": 1
      },
      "score": 0.131
    },
    "www.pragma-soft.com": {
      "out": {
        "other": 1
      },
      "score": 0.131
    },
    "www.toreador.fr": {
      "out": {
        "other": 1
      },
      "score": 0.131
    },
    "newrelic.com": {
      "out": {
        "other": 1
      },
      "score": 0.131
    },
    "www.commitstrip.com": {
      "out": {
        "other": 1
      },
      "score": 0.131
    },
    "www.frenchtech.co": {
      "out": {
        "other": 1
      },
      "score": 0.131
    },
    "medias.lemonde.fr": {
      "out": {
        "other": 1
      },
      "score": 0.131
    },
    "sebsauvage.net": {
      "out": {
        "other": 1
      },
      "score": 0.131
    },
    "www.blackhat.com": {
      "out": {
        "other": 1
      },
      "score": 0.131
    },
    "www.kensington.com": {
      "out": {
        "other": 1
      },
      "score": 0.131
    },
    "www.rothschild.com": {
      "out": {
        "other": 1
      },
      "score": 0.131
    },
    "www.withings.com": {
      "out": {
        "other": 1
      },
      "score": 0.131
    },
    "sunlightfoundation.com": {
      "out": {
        "other": 1
      },
      "score": 0.131
    },
    "twitpic.com": {
      "out": {
        "other": 1
      },
      "score": 0.131
    },
    "twitter.com/robinberjon": {
      "out": {
        "other": 1
      },
      "score": 0.131
    },
    "twitter.com/sindresorhus": {
      "out": {
        "other": 1
      },
      "score": 0.131
    },
    "webmaker.org": {
      "out": {
        "other": 1
      },
      "score": 0.131
    },
    "www.capital.fr": {
      "out": {
        "other": 1
      },
      "score": 0.131
    },
    "www.theguardian.com": {
      "out": {
        "other": 1
      },
      "score": 0.131
    },
    "37signals.com": {
      "out": {
        "other": 1
      },
      "score": 0.131
    },
    "www.isai.fr": {
      "out": {
        "other": 1
      },
      "score": 0.131
    },
    "www.unificationfrance.com": {
      "out": {
        "other": 1
      },
      "score": 0.131
    },
    "www.wikio.fr": {
      "out": {
        "other": 1
      },
      "score": 0.131
    },
    "www.zone-numerique.com": {
      "out": {
        "other": 1
      },
      "score": 0.131
    },
    "brunch.io": {
      "out": {
        "other": 1
      },
      "score": 0.131
    },
    "lab.hakim.se": {
      "out": {
        "other": 1
      },
      "score": 0.131
    },
    "office-tourisme-melisey.fr": {
      "out": {
        "other": 1
      },
      "score": 0.131
    },
    "www.faqs.org": {
      "out": {
        "other": 1
      },
      "score": 0.131
    },
    "www.wikipedia.fr": {
      "out": {
        "other": 1
      },
      "score": 0.131
    },
    "poedit.net": {
      "out": {
        "other": 1
      },
      "score": 0.131
    },
    "twitter.com/Francisdelo": {
      "out": {
        "other": 1
      },
      "score": 0.131
    },
    "twitter.com/charliekirk11": {
      "out": {
        "other": 1
      },
      "score": 0.131
    },
    "www.edesign.fr": {
      "out": {
        "other": 1
      },
      "score": 0.131
    },
    "www.photodropper.com": {
      "out": {
        "other": 1
      },
      "score": 0.131
    },
    "httparchive.org": {
      "out": {
        "other": 1
      },
      "score": 0.131
    },
    "www.clairefontaine.com": {
      "out": {
        "other": 1
      },
      "score": 0.131
    },
    "archives-lepost.huffingtonpost.fr": {
      "out": {
        "other": 1
      },
      "score": 0.131
    },
    "edgard.fdn.fr": {
      "out": {
        "other": 1
      },
      "score": 0.131
    },
    "leplus.nouvelobs.com": {
      "out": {
        "other": 1
      },
      "score": 0.131
    },
    "micka39.info": {
      "out": {
        "other": 1
      },
      "score": 0.131
    },
    "presse.parti-socialiste.fr": {
      "out": {
        "other": 1
      },
      "score": 0.131
    },
    "www.itespresso.fr": {
      "out": {
        "other": 1
      },
      "score": 0.131
    },
    "www.quest.com": {
      "out": {
        "other": 1
      },
      "score": 0.131
    },
    "www.unaf.fr": {
      "out": {
        "other": 1
      },
      "score": 0.131
    },
    "estcequecestencoreletatdurgence.fr": {
      "out": {
        "other": 1
      },
      "score": 0.131
    },
    "forum.cozy.io": {
      "out": {
        "other": 1
      },
      "score": 0.131
    },
    "twitter.com/sheerun": {
      "out": {
        "other": 1
      },
      "score": 0.131
    },
    "www.compuware.com": {
      "out": {
        "other": 1
      },
      "score": 0.131
    },
    "www.franceculture.fr": {
      "out": {
        "other": 1
      },
      "score": 0.131
    },
    "www.lognormal.com": {
      "out": {
        "other": 1
      },
      "score": 0.131
    },
    "blog.madd0.com": {
      "out": {
        "other": 1
      },
      "score": 0.131
    },
    "drhorrible.com": {
      "out": {
        "other": 1
      },
      "score": 0.131
    },
    "experience-supinfo.blogspot.com": {
      "out": {
        "other": 1
      },
      "score": 0.131
    },
    "issuu.com": {
      "out": {
        "other": 1
      },
      "score": 0.131
    },
    "ploum.net": {
      "out": {
        "other": 1
      },
      "score": 0.131
    },
    "recherche.lesechos.fr": {
      "out": {
        "other": 1
      },
      "score": 0.131
    },
    "twitter.com/xfrison": {
      "out": {
        "other": 1
      },
      "score": 0.131
    },
    "www.allocine.fr": {
      "out": {
        "other": 1
      },
      "score": 0.131
    },
    "www.leblogfinance.com": {
      "out": {
        "other": 1
      },
      "score": 0.131
    },
    "www.pwc.com": {
      "out": {
        "other": 1
      },
      "score": 0.131
    },
    "www.telerama.fr": {
      "out": {
        "other": 1
      },
      "score": 0.131
    },
    "bugs.php.net": {
      "out": {
        "other": 1
      },
      "score": 0.131
    },
    "emerica.developpez.com": {
      "out": {
        "other": 1
      },
      "score": 0.131
    },
    "jen-airienadireetalors.20minutes-blogs.fr": {
      "out": {
        "other": 1
      },
      "score": 0.131
    },
    "lavventura.blog.lemonde.fr": {
      "out": {
        "other": 1
      },
      "score": 0.131
    },
    "projetcrocodiles.tumblr.com": {
      "out": {
        "other": 1
      },
      "score": 0.131
    },
    "twitter.com/MozillaUX": {
      "out": {
        "other": 1
      },
      "score": 0.131
    },
    "www.cinqgusdansungarage.org": {
      "out": {
        "other": 1
      },
      "score": 0.131
    },
    "www.papotiche.fr": {
      "out": {
        "other": 1
      },
      "score": 0.131
    },
    "getpocket.com": {
      "out": {
        "other": 1
      },
      "score": 0.131
    },
    "twitter.com/partisocialiste": {
      "out": {
        "other": 1
      },
      "score": 0.131
    },
    "visualstudiogallery.msdn.microsoft.com": {
      "out": {
        "other": 1
      },
      "score": 0.131
    },
    "www.banque-france.fr": {
      "out": {
        "other": 1
      },
      "score": 0.131
    },
    "twitter.com/BFMTV": {
      "out": {
        "other": 1
      },
      "score": 0.131
    },
    "www.cetic.be": {
      "out": {
        "other": 1
      },
      "score": 0.131
    },
    "fr.slideshare.net": {
      "out": {
        "other": 1
      },
      "score": 0.131
    },
    "l1consolable.bandcamp.com": {
      "out": {
        "other": 1
      },
      "score": 0.131
    },
    "stevesouders.com": {
      "out": {
        "other": 1
      },
      "score": 0.131
    },
    "tomasz.janczuk.org": {
      "out": {
        "other": 1
      },
      "score": 0.131
    },
    "twitter.com/jccambadelis": {
      "out": {
        "other": 1
      },
      "score": 0.131
    },
    "twitter.com/leJDD": {
      "out": {
        "other": 1
      },
      "score": 0.131
    },
    "wp-hive.com": {
      "out": {
        "other": 1
      },
      "score": 0.131
    },
    "www.agefi.fr": {
      "out": {
        "other": 1
      },
      "score": 0.131
    },
    "www.whisperies.com": {
      "out": {
        "other": 1
      },
      "score": 0.131
    },
    "ifttt.com": {
      "out": {
        "other": 1
      },
      "score": 0.131
    },
    "nameless.fr": {
      "out": {
        "other": 1
      },
      "score": 0.131
    },
    "twitter.com": {
      "out": {
        "other": 1
      },
      "score": 0.131
    },
    "twitter.com/ElieSl": {
      "out": {
        "other": 1
      },
      "score": 0.131
    },
    "www.jide.fr": {
      "out": {
        "other": 1
      },
      "score": 0.131
    },
    "www.robmiles.com": {
      "out": {
        "other": 1
      },
      "score": 0.131
    },
    "www2.assemblee-nationale.fr": {
      "out": {
        "other": 1
      },
      "score": 0.131
    },
    "777socrate.blogspot.com": {
      "out": {
        "other": 1
      },
      "score": 0.131
    },
    "dev.w3.org": {
      "out": {
        "other": 1
      },
      "score": 0.131
    },
    "twitter.com/bismatoj": {
      "out": {
        "other": 1
      },
      "score": 0.131
    },
    "widget.criteo.com": {
      "out": {
        "other": 1
      },
      "score": 0.131
    },
    "www.accessolutions.fr": {
      "out": {
        "other": 1
      },
      "score": 0.131
    },
    "www.appcelerator.com": {
      "out": {
        "other": 1
      },
      "score": 0.131
    },
    "www.capitaine-commerce.com": {
      "out": {
        "other": 1
      },
      "score": 0.131
    },
    "mydevice.io": {
      "out": {
        "other": 1
      },
      "score": 0.131
    },
    "pinboard.in": {
      "out": {
        "other": 1
      },
      "score": 0.131
    },
    "sysadmin.it-landscape.info": {
      "out": {
        "other": 1
      },
      "score": 0.131
    },
    "tools.pingdom.com": {
      "out": {
        "other": 1
      },
      "score": 0.131
    },
    "www.e-naxos.com": {
      "out": {
        "other": 1
      },
      "score": 0.131
    },
    "www.linkedin.com": {
      "out": {
        "other": 1
      },
      "score": 0.131
    },
    "checklists.opquast.com": {
      "out": {
        "other": 1
      },
      "score": 0.131
    },
    "slides.com": {
      "out": {
        "other": 1
      },
      "score": 0.131
    },
    "spectacleapp.com": {
      "out": {
        "other": 1
      },
      "score": 0.131
    },
    "www.aspectgeek.com": {
      "out": {
        "other": 1
      },
      "score": 0.131
    },
    "xbrl.sec.gov": {
      "out": {
        "other": 1
      },
      "score": 0.131
    },
    "fr.linkedin.com": {
      "out": {
        "other": 1
      },
      "score": 0.131
    },
    "rauchg.com": {
      "out": {
        "other": 1
      },
      "score": 0.131
    },
    "resilientwebdesign.com": {
      "out": {
        "other": 1
      },
      "score": 0.131
    },
    "shop.lego.com": {
      "out": {
        "other": 1
      },
      "score": 0.131
    },
    "soup.madd0.com": {
      "out": {
        "other": 1
      },
      "score": 0.131
    },
    "twitter.com/Maitre_Eolas": {
      "out": {
        "other": 1
      },
      "score": 0.131
    },
    "aaronparecki.com": {
      "in": {
        "other": 2
      },
      "score": 0.131
    },
    "frenchweb.fr": {
      "out": {
        "other": 1
      },
      "score": 0.131
    },
    "www.blog-territorial.fr": {
      "out": {
        "other": 1
      },
      "score": 0.131
    },
    "www.europarl.europa.eu": {
      "out": {
        "other": 1
      },
      "score": 0.131
    },
    "www.heforshe.org": {
      "out": {
        "other": 1
      },
      "score": 0.131
    },
    "www.terredagile.com": {
      "out": {
        "other": 1
      },
      "score": 0.131
    },
    "2007-2012.nosdeputes.fr": {
      "out": {
        "other": 1
      },
      "score": 0.131
    },
    "desencyclopedie.wikia.com": {
      "out": {
        "other": 1
      },
      "score": 0.131
    },
    "entreprise2.wordpress.com": {
      "out": {
        "other": 1
      },
      "score": 0.131
    },
    "twitter.com/JosephK_Frama": {
      "out": {
        "other": 1
      },
      "score": 0.131
    },
    "wiki.openoffice.org": {
      "out": {
        "other": 1
      },
      "score": 0.131
    },
    "www.gameblog.fr": {
      "out": {
        "other": 1
      },
      "score": 0.131
    },
    "www.jamesbowman.me": {
      "out": {
        "other": 1
      },
      "score": 0.131
    },
    "www.mercialfred.com": {
      "out": {
        "other": 1
      },
      "score": 0.131
    },
    "www.placegrenet.fr": {
      "out": {
        "other": 1
      },
      "score": 0.131
    },
    "zzz.rezo.net": {
      "out": {
        "other": 1
      },
      "score": 0.131
    },
    "cecile-habran.be": {
      "out": {
        "other": 1
      },
      "score": 0.131
    },
    "microsofttouch.fr": {
      "out": {
        "other": 1
      },
      "score": 0.131
    },
    "twitter.com/itele": {
      "out": {
        "other": 1
      },
      "score": 0.131
    },
    "www.actustar.com": {
      "out": {
        "other": 1
      },
      "score": 0.131
    },
    "www.blogdesk.org": {
      "out": {
        "other": 1
      },
      "score": 0.131
    },
    "www.frazer.biz": {
      "out": {
        "other": 1
      },
      "score": 0.131
    },
    "www.interieur.gouv.fr": {
      "out": {
        "other": 1
      },
      "score": 0.131
    },
    "www.servicedesigntools.org": {
      "out": {
        "other": 1
      },
      "score": 0.131
    },
    "uneheuredepeine.blogspot.com": {
      "out": {
        "other": 1
      },
      "score": 0.131
    },
    "www.antagoniste.net": {
      "out": {
        "other": 1
      },
      "score": 0.131
    },
    "www.gartner.com": {
      "out": {
        "other": 1
      },
      "score": 0.131
    },
    "www.humanite.fr": {
      "out": {
        "other": 1
      },
      "score": 0.131
    },
    "www.leparisien.fr": {
      "out": {
        "other": 1
      },
      "score": 0.131
    },
    "www.macg.co": {
      "out": {
        "other": 1
      },
      "score": 0.131
    },
    "lesquestionscomposent.fr": {
      "out": {
        "other": 1
      },
      "score": 0.131
    },
    "skydrive.live.com": {
      "out": {
        "other": 1
      },
      "score": 0.131
    },
    "twitter.com/LaSauvageJaune": {
      "out": {
        "other": 1
      },
      "score": 0.131
    },
    "twitter.com/renaud_epstein": {
      "out": {
        "other": 1
      },
      "score": 0.131
    },
    "www.cinemotions.com": {
      "out": {
        "other": 1
      },
      "score": 0.131
    },
    "www.demotivateur.fr": {
      "out": {
        "other": 1
      },
      "score": 0.131
    },
    "www.nordeclair.fr": {
      "out": {
        "other": 1
      },
      "score": 0.131
    },
    "yeoman.io": {
      "out": {
        "other": 1
      },
      "score": 0.131
    },
    "code.msdn.microsoft.com": {
      "out": {
        "other": 1
      },
      "score": 0.131
    },
    "jaffiche.fr": {
      "out": {
        "other": 1
      },
      "score": 0.131
    },
    "leanstack.com": {
      "out": {
        "other": 1
      },
      "score": 0.131
    },
    "twitter.com/AlPakinoo": {
      "out": {
        "other": 1
      },
      "score": 0.131
    },
    "twitter.com/edasfr": {
      "out": {
        "other": 1
      },
      "score": 0.131
    },
    "www.albin-michel.fr": {
      "out": {
        "other": 1
      },
      "score": 0.131
    },
    "blogs.adobe.com": {
      "out": {
        "other": 1
      },
      "score": 0.131
    },
    "librelist.com": {
      "out": {
        "other": 1
      },
      "score": 0.131
    },
    "thefullstack.xyz": {
      "out": {
        "other": 1
      },
      "score": 0.131
    },
    "www.zabasearch.com": {
      "out": {
        "other": 1
      },
      "score": 0.131
    },
    "www.bdx.io": {
      "out": {
        "other": 1
      },
      "score": 0.131
    },
    "www.lavoixdunord.fr": {
      "out": {
        "other": 1
      },
      "score": 0.131
    },
    "www.lejdd.fr": {
      "out": {
        "other": 1
      },
      "score": 0.131
    },
    "bugbrother.blog.lemonde.fr": {
      "out": {
        "other": 1
      },
      "score": 0.131
    },
    "twitter.com/rik24d": {
      "out": {
        "other": 1
      },
      "score": 0.131
    },
    "weblogs.asp.net": {
      "out": {
        "other": 1
      },
      "score": 0.131
    },
    "www.atelierdufuturpapa.com": {
      "out": {
        "other": 1
      },
      "score": 0.131
    },
    "docs.vagrantup.com": {
      "out": {
        "other": 1
      },
      "score": 0.131
    },
    "technosailor.com": {
      "out": {
        "other": 1
      },
      "score": 0.131
    },
    "www.slideshare.net": {
      "out": {
        "other": 1
      },
      "score": 0.131
    },
    "chocolatey.org": {
      "out": {
        "other": 1
      },
      "score": 0.131
    },
    "consocollaborative.com": {
      "out": {
        "other": 1
      },
      "score": 0.131
    },
    "www.lesgeeks.net": {
      "out": {
        "other": 1
      },
      "score": 0.131
    },
    "catpointzero.com": {
      "out": {
        "other": 1
      },
      "score": 0.131
    },
    "rue89bordeaux.com": {
      "out": {
        "other": 1
      },
      "score": 0.131
    },
    "www.faculty.idc.ac.il": {
      "out": {
        "other": 1
      },
      "score": 0.131
    },
    "www.france2.fr": {
      "out": {
        "other": 1
      },
      "score": 0.131
    },
    "www.jetbrains.com": {
      "out": {
        "other": 1
      },
      "score": 0.131
    },
    "www.renaissancenumerique.org": {
      "out": {
        "other": 1
      },
      "score": 0.131
    },
    "www.the-drone.com": {
      "out": {
        "other": 1
      },
      "score": 0.131
    },
    "psychologik.blogspot.fr": {
      "out": {
        "other": 1
      },
      "score": 0.131
    },
    "twitter.com/f_philippot": {
      "out": {
        "other": 1
      },
      "score": 0.131
    },
    "twitter.com/terryzim": {
      "out": {
        "other": 1
      },
      "score": 0.131
    },
    "www.culture.gouv.fr": {
      "out": {
        "other": 1
      },
      "score": 0.131
    },
    "xebialabs.com": {
      "out": {
        "other": 1
      },
      "score": 0.131
    },
    "codes-sources.commentcamarche.net": {
      "out": {
        "other": 1
      },
      "score": 0.131
    },
    "desktop.github.com": {
      "out": {
        "other": 1
      },
      "score": 0.131
    },
    "mvp.microsoft.com": {
      "out": {
        "other": 1
      },
      "score": 0.131
    },
    "news.microsoft.com": {
      "out": {
        "other": 1
      },
      "score": 0.131
    },
    "owni.fr": {
      "out": {
        "other": 1
      },
      "score": 0.131
    },
    "www.actes-sud.fr": {
      "out": {
        "other": 1
      },
      "score": 0.131
    },
    "www.typescriptlang.org": {
      "out": {
        "other": 1
      },
      "score": 0.131
    },
    "www.wptmonitor.org": {
      "out": {
        "other": 1
      },
      "score": 0.131
    },
    "bugzilla.mozilla.org": {
      "out": {
        "other": 1
      },
      "score": 0.131
    },
    "developer.yahoo.com": {
      "out": {
        "other": 1
      },
      "score": 0.131
    },
    "vosdroits.service-public.fr": {
      "out": {
        "other": 1
      },
      "score": 0.131
    },
    "insentient.net": {
      "out": {
        "other": 1
      },
      "score": 0.131
    },
    "kindofnormal.com": {
      "out": {
        "other": 1
      },
      "score": 0.131
    },
    "schema.org": {
      "out": {
        "other": 1
      },
      "score": 0.131
    },
    "twitter.com/FN_officiel": {
      "out": {
        "other": 1
      },
      "score": 0.131
    },
    "www.docker.com": {
      "out": {
        "other": 1
      },
      "score": 0.131
    },
    "codeload.github.com": {
      "out": {
        "other": 1
      },
      "score": 0.131
    },
    "dev.freshsite.pl": {
      "out": {
        "other": 1
      },
      "score": 0.131
    },
    "frank.taillandier.me": {
      "out": {
        "other": 1
      },
      "score": 0.131
    },
    "javascript": {
      "out": {
        "other": 1
      },
      "score": 0.131
    },
    "login.microsoftonline.com": {
      "out": {
        "other": 1
      },
      "score": 0.131
    },
    "nicolas.biri.name": {
      "out": {
        "other": 1
      },
      "score": 0.131
    },
    "theme.co": {
      "out": {
        "other": 1
      },
      "score": 0.131
    },
    "thimble.webmaker.org": {
      "out": {
        "other": 1
      },
      "score": 0.131
    },
    "www.safer-networking.org": {
      "out": {
        "other": 1
      },
      "score": 0.131
    },
    "www.spotify.com": {
      "out": {
        "other": 1
      },
      "score": 0.131
    },
    "brew.sh": {
      "out": {
        "other": 1
      },
      "score": 0.131
    },
    "ron.infirmier.free.fr": {
      "out": {
        "other": 1
      },
      "score": 0.131
    },
    "twitter.com/_MonsieurQ_": {
      "out": {
        "other": 1
      },
      "score": 0.131
    },
    "twitter.com/juliensalingue": {
      "out": {
        "other": 1
      },
      "score": 0.131
    },
    "www.danielmoth.com": {
      "out": {
        "other": 1
      },
      "score": 0.131
    },
    "www.blog-formation-entreprise.fr": {
      "out": {
        "other": 1
      },
      "score": 0.131
    },
    "www.fenetreeurope.com": {
      "out": {
        "other": 1
      },
      "score": 0.131
    },
    "cestlagene.com": {
      "out": {
        "other": 1
      },
      "score": 0.131
    },
    "evernote.com": {
      "out": {
        "other": 1
      },
      "score": 0.131
    },
    "twitter.com/iamtzi": {
      "out": {
        "other": 1
      },
      "score": 0.131
    },
    "www.editions-eyrolles.com": {
      "out": {
        "other": 1
      },
      "score": 0.131
    },
    "www.kopikol.net": {
      "out": {
        "other": 1
      },
      "score": 0.131
    },
    "www.microsoftstore.com": {
      "out": {
        "other": 1
      },
      "score": 0.131
    },
    "www.newscientist.com": {
      "out": {
        "other": 1
      },
      "score": 0.131
    },
    "www.thierryrousseau.net": {
      "out": {
        "other": 1
      },
      "score": 0.131
    }
  }
}