{
  "domain": "borregoruido.ca",
  "urls": [
    "http://borregoruido.ca/profile/brian",
    "http://abject/ca"
  ],
  "names": [
    "Brian",
    "borrego ruido"
  ],
  "descriptions": [
    "Abjecter",
    "A social website powered by Known"
  ],
  "pictures": [
    "http://borregoruido.ca/file/78b3dce7756115085fe61b53c9f496de/thumb.gif"
  ],
  "hcard": {
    "properties": {
      "name": [
        "Brian"
      ],
      "note": [
        {
          "html": "<div class=\"highlightedText\">\n<p>Abjecter</p>\n</div>",
          "value": "\nAbjecter\n"
        }
      ],
      "photo": [
        "http://borregoruido.ca/file/78b3dce7756115085fe61b53c9f496de/thumb.gif"
      ],
      "profile": [
        "Brian"
      ],
      "url": [
        "http://borregoruido.ca/profile/brian",
        "http://borregoruido.ca/profile/brian",
        "http://abject/ca"
      ]
    },
    "type": [
      "h-card"
    ]
  },
  "rel_mes": [
    "http://abject/ca"
  ],
  "crawl_start": "2017-04-28T02:16:41",
  "crawl_end": "2017-04-28T02:16:54",
  "num_pages": 17,
  "total_html_size": 378445,
  "servers": [
    "Apache",
    "Known"
  ],
  "mf2_classes": [
    "h-entry",
    "h-card"
  ],
  "tags": [
    "relme",
    "bridgy",
    "webmention",
    "websub",
    "Known"
  ],
  "endpoints": {
    "webmention": [
      "http://borregoruido.ca/webmention/"
    ],
    "websub": [
      "https://withknown.superfeedr.com/"
    ]
  },
  "links_out": 130,
  "links_in": 4,
  "links": {
    "moreorlessbunk.net": {
      "out": {
        "in-reply-to": 5
      },
      "score": 1
    },
    "www.markdrechsler.com": {
      "out": {
        "in-reply-to": 5
      },
      "score": 1
    },
    "withknown.com": {
      "out": {
        "other": 17
      },
      "score": 0.903
    },
    "www.youtube.com": {
      "out": {
        "other": 16
      },
      "score": 0.887
    },
    "known.followersoftheapocalyp.se": {
      "out": {
        "other": 4
      },
      "in": {
        "in-reply-to": 4
      },
      "score": 0.852
    },
    "www.cbc.ca": {
      "out": {
        "other": 10
      },
      "score": 0.767
    },
    "www.theglobeandmail.com": {
      "out": {
        "other": 10
      },
      "score": 0.767
    },
    "mfeldstein.com": {
      "out": {
        "other": 10
      },
      "score": 0.767
    },
    "abject": {
      "out": {
        "other": 8
      },
      "score": 0.708
    },
    "etug.ca": {
      "out": {
        "other": 5
      },
      "score": 0.588
    },
    "www.theweek.co.uk": {
      "out": {
        "other": 5
      },
      "score": 0.588
    },
    "www.vice.com": {
      "out": {
        "other": 5
      },
      "score": 0.588
    },
    "globalnews.ca": {
      "out": {
        "other": 5
      },
      "score": 0.588
    },
    "www.thestar.com": {
      "out": {
        "other": 5
      },
      "score": 0.588
    },
    "www.macleans.ca": {
      "out": {
        "other": 5
      },
      "score": 0.588
    },
    "www.npr.org": {
      "out": {
        "other": 5
      },
      "score": 0.588
    },
    "twitter.com/agyorke": {
      "out": {
        "other": 3
      },
      "score": 0.458
    },
    "twitter.com/_LambChop1": {
      "out": {
        "other": 3
      },
      "score": 0.458
    },
    "www.dexterthedogster.wordpress.com": {
      "out": {
        "other": 2
      },
      "score": 0.355
    },
    "allangyorke.com": {
      "out": {
        "other": 2
      },
      "score": 0.355
    }
  }
}