{
  "domain": "bowen.withknown.com",
  "urls": [
    "https://withknown.com/"
  ],
  "names": [
    "Known: social publishing for groups and individuals"
  ],
  "descriptions": [
    "Publish blog posts, photos and media to your own site, and syndicate it to your social networks. Keep everything on your own site."
  ],
  "pictures": [
    "https://withknown.com/img/Circle-K_Yel_rounded.png",
    "https://withknown.com/img/home/hero-desk.jpg"
  ],
  "hcard": {},
  "rel_mes": [],
  "tags": [
    "bridgy"
  ],
  "endpoints": {},
  "crawl_start": "2017-05-19T22:51:17.335833",
  "crawl_end": "2017-05-19T22:51:17.335833",
  "links_out": 0,
  "links_in": 0,
  "links": {}
}