{
  "domain": "bradfitz.com",
  "urls": [
    "http://bradfitz.com/"
  ],
  "names": [
    "Brad Fitzpatrick [bradfitz.com]"
  ],
  "descriptions": [],
  "pictures": [],
  "hcard": {},
  "rel_mes": [
    "http://emailtoid.net/i/?mbox_hash=4caa1d6f6203d21705a00a7aca86203e82a9cf7a",
    "http://emailtoid.net/i/?mbox_hash=3561c8f6b0817eb919d5be4dc146f8fa1e1ad6d1",
    "aim:bradfitzpatrick",
    "http://www.google.com/reader/shared/02657711923930466872",
    "http://www.google.com/profiles/bradfitz",
    "http://www.google.com/s2/profiles/115863474911002159675",
    "http://profiles.yahoo.com/brad.fitz",
    "https://www.amazon.com/gp/pdp/profile/A37AO372T3VFJ6/102-7089831-8815313",
    "http://del.icio.us/bradfitzpatrick/",
    "http://www.youtube.com/profile?user=bradfitztube",
    "http://www.zooomr.com/photos/bradfitz",
    "http://www.meetup.com/members/65/",
    "http://www.orkut.com/Profile.aspx?uid=16485267568938375728",
    "http://picpix.com/brad/",
    "http://bradfitz.jaiku.com/",
    "http://bradfitz.vox.com/",
    "http://www.yelp.com/user_details?userid=oBWvYxHrbjVHZGRu17VG2g",
    "http://digg.com/users/bradfitzpatrick",
    "http://www.ohloh.net/accounts/7333",
    "http://www.dopplr.com/traveller/bradfitz",
    "http://www.dodgeball.com/user?uid=54155",
    "http://myspace.com/bradfitz",
    "http://pownce.com/bradfitz/",
    "http://www.flickr.com/photos/15738836@N00/",
    "https://plus.google.com/115863474911002159675",
    "http://twitter.com/bradfitz",
    "http://picasaweb.google.com/bradley.j.fitzpatrick/",
    "http://www.facebook.com/bradfitz",
    "http://reddit.com/user/bradfitz/",
    "http://brad.livejournal.com/",
    "http://www.linkedin.com/in/bradfitz",
    "https://github.com/bradfitz",
    "http://code.google.com/u/bradfitz/",
    "http://search.cpan.org/~bradfitz/"
  ],
  "crawl_start": "2017-06-09T17:34:14",
  "crawl_end": "2017-06-09T17:34:14",
  "num_pages": 1,
  "total_html_size": 7390,
  "servers": [],
  "tags": [
    "relme"
  ],
  "endpoints": {},
  "links_out": 30,
  "links_in": 234,
  "links": {
    "adactio.com": {
      "in": {
        "bookmark-of": 53,
        "other": 52
      },
      "score": 1
    },
    "notiz.blog": {
      "in": {
        "other": 24
      },
      "score": 0.628
    },
    "jothut.com": {
      "in": {
        "other": 17
      },
      "score": 0.559
    },
    "identitywoman.net": {
      "in": {
        "other": 17
      },
      "score": 0.559
    },
    "indieweb.org": {
      "in": {
        "other": 16
      },
      "score": 0.547
    },
    "vanderwal.net": {
      "in": {
        "other": 9
      },
      "score": 0.435
    },
    "meyerweb.com": {
      "in": {
        "other": 9
      },
      "score": 0.435
    },
    "code.google.com": {
      "out": {
        "other": 4
      },
      "score": 0.411
    },
    "chat.indieweb.org": {
      "in": {
        "other": 7
      },
      "score": 0.385
    },
    "www.wordyard.com": {
      "in": {
        "other": 5
      },
      "score": 0.318
    },
    "www.downes.ca": {
      "in": {
        "other": 4
      },
      "score": 0.275
    },
    "upon2020.com": {
      "in": {
        "other": 3
      },
      "score": 0.217
    },
    "developer.android.com": {
      "out": {
        "other": 1
      },
      "score": 0.137
    },
    "brad.livejournal.com": {
      "out": {
        "other": 1
      },
      "score": 0.137
    },
    "memcached.org": {
      "out": {
        "other": 1
      },
      "score": 0.137
    },
    "search.cpan.org": {
      "out": {
        "other": 1
      },
      "score": 0.137
    },
    "gearman.org": {
      "out": {
        "other": 1
      },
      "score": 0.137
    },
    "reddit.com": {
      "out": {
        "other": 1
      },
      "score": 0.137
    },
    "plus.google.com/115863474911002159675": {
      "out": {
        "other": 1
      },
      "score": 0.137
    },
    "camlistore.org": {
      "out": {
        "other": 1
      },
      "score": 0.137
    },
    "known.kevinmarks.com": {
      "in": {
        "other": 2
      },
      "score": 0.137
    },
    "facebook.com/bradfitz": {
      "out": {
        "other": 1
      },
      "score": 0.137
    },
    "picasaweb.google.com": {
      "out": {
        "other": 1
      },
      "score": 0.137
    },
    "www.danga.com": {
      "out": {
        "other": 1
      },
      "score": 0.137
    },
    "en.wikipedia.org": {
      "out": {
        "other": 1
      },
      "score": 0.137
    },
    "www.android.com": {
      "out": {
        "other": 1
      },
      "score": 0.137
    },
    "www.google.com": {
      "out": {
        "other": 1
      },
      "score": 0.137
    },
    "twitter.com/bradfitz": {
      "out": {
        "other": 1
      },
      "score": 0.137
    },
    "golang.org": {
      "out": {
        "other": 1
      },
      "score": 0.137
    },
    "www.onebigfluke.com": {
      "in": {
        "other": 2
      },
      "score": 0.137
    },
    "lifestreamblog.com": {
      "in": {
        "other": 2
      },
      "score": 0.137
    },
    "www.livejournal.com": {
      "out": {
        "other": 1
      },
      "score": 0.137
    },
    "markos.gaivo.net": {
      "in": {
        "other": 2
      },
      "score": 0.137
    },
    "www.fitzpat.com": {
      "out": {
        "other": 1
      },
      "score": 0.137
    },
    "tantek.com": {
      "in": {
        "other": 2
      },
      "score": 0.137
    },
    "www.linkedin.com": {
      "out": {
        "other": 1
      },
      "score": 0.137
    },
    "github.com": {
      "out": {
        "other": 1
      },
      "score": 0.137
    },
    "plus.google.com/u": {
      "out": {
        "other": 1
      },
      "score": 0.137
    },
    "openid.net": {
      "out": {
        "other": 1
      },
      "score": 0.137
    },
    "danga.com": {
      "out": {
        "other": 1
      },
      "score": 0.137
    },
    "plus.google.com/116969159384245484847": {
      "out": {
        "other": 1
      },
      "score": 0.137
    },
    "www.sixapart.com": {
      "out": {
        "other": 1
      },
      "score": 0.137
    },
    "sup.ru": {
      "out": {
        "other": 1
      },
      "score": 0.137
    },
    "scripting.com": {
      "in": {
        "other": 2
      },
      "score": 0.137
    },
    "willnorris.com": {
      "in": {
        "other": 1
      },
      "score": 0
    },
    "glennjones.net": {
      "in": {
        "other": 1
      },
      "score": 0
    },
    "www.ogok.de": {
      "in": {
        "other": 1
      },
      "score": 0
    },
    "snarfed.org": {
      "in": {
        "other": 1
      },
      "score": 0
    },
    "mediajunkie.com": {
      "in": {
        "other": 1
      },
      "score": 0
    },
    "pauljacobson.me": {
      "in": {
        "other": 1
      },
      "score": 0
    }
  }
}