{
  "domain": "brad.hinson.pedago.gy",
  "urls": [
    "http://brad.hinson.pedago.gy/"
  ],
  "names": [
    "Index of /"
  ],
  "descriptions": [],
  "pictures": [],
  "hcard": {},
  "rel_mes": [],
  "crawl_start": "2017-04-28T02:17:09",
  "crawl_end": "2017-04-28T02:17:09",
  "num_pages": 2,
  "total_html_size": 685,
  "servers": [
    "Apache"
  ],
  "tags": [
    "bridgy"
  ],
  "endpoints": {},
  "links_out": 7,
  "links_in": 3,
  "links": {
    "brid.gy": {
      "in": {
        "other": 3
      },
      "score": 1
    },
    "monkey.gif": {
      "out": {
        "other": 1
      },
      "score": 0.63
    },
    "robot.gif": {
      "out": {
        "other": 1
      },
      "score": 0.63
    },
    "rotate": {
      "out": {
        "other": 1
      },
      "score": 0.63
    },
    "panda.gif": {
      "out": {
        "other": 1
      },
      "score": 0.63
    },
    "rotate.php": {
      "out": {
        "other": 1
      },
      "score": 0.63
    },
    "cgi-bin": {
      "out": {
        "other": 1
      },
      "score": 0.63
    },
    "rocket.gif": {
      "out": {
        "other": 1
      },
      "score": 0.63
    }
  }
}