{
  "domain": "bradmckay.withknown.com",
  "urls": [
    "https://bradmckay.withknown.com/profile/bradmckay",
    "http://500px.com/BradMcKay",
    "https://twitter.com/_BradMcKay_"
  ],
  "names": [
    "Brad McKay"
  ],
  "descriptions": [
    "Father of 2, Photographer, life long Bruins fan and hockey lover.\nFavourite teams that you might see something about here:\nHockey\nNHL - Boston Bruins\nAHL - Providence Bruins\nOHL - London Knights\nFootball\nCeltic\nNewcastle United\nCanadian Football\nHamilton Tiger-Cats\nNational Football League\nNew England Patriots\nAussie Rules Football\nRichmond Tigers\nBaseball\nToronto Blue Jays",
    "Bloggy Blog and the Stuffs!"
  ],
  "pictures": [
    "https://bradmckay.withknown.com/file/f7cb9730052ada768eb0e8eeef354547/thumb.jpg"
  ],
  "hcard": {
    "properties": {
      "name": [
        "Brad McKay"
      ],
      "note": [
        {
          "html": "<div class=\"highlightedText\">\n<p>Father of 2, Photographer, life long Bruins fan and hockey lover.</p>\n<p>Favourite teams that you might see something about here:</p>\n<ul>Hockey\n<li>NHL - <a href=\"https://twitter.com/NHLBruins\" target=\"_new\">Boston Bruins</a>\n</li><li>AHL - <a href=\"https://twitter.com/AHLBruins\" target=\"_new\">Providence Bruins</a>\n</li><li>OHL - <a href=\"https://twitter.com/GoLondonKnights\" target=\"_new\">London Knights</a>\n</li></ul><ul>Football\n<li><a href=\"https://twitter.com/CelticFC\" target=\"_new\">Celtic</a>\n</li><li><a href=\"https://twitter.com/NUFC\" target=\"_new\">Newcastle United</a>\n</li></ul><ul>Canadian Football\n<li><a href=\"https://twitter.com/TiCats\" target=\"_new\">Hamilton Tiger-Cats</a>\n</li></ul><ul>National Football League\n<li><a href=\"https://twitter.com/patriots\" target=\"_new\">New England Patriots</a>\n</li></ul><ul>Aussie Rules Football\n<li><a href=\"https://twitter.com/Richmond_FC\" target=\"_new\">Richmond Tigers</a>\n</li></ul><ul>Baseball\n<li><a href=\"https://twitter.com/BlueJays\" target=\"_new\">Toronto Blue Jays</a>\n</li></ul></div>",
          "value": "\nFather of 2, Photographer, life long Bruins fan and hockey lover.\nFavourite teams that you might see something about here:\nHockey\nNHL - Boston Bruins\nAHL - Providence Bruins\nOHL - London Knights\nFootball\nCeltic\nNewcastle United\nCanadian Football\nHamilton Tiger-Cats\nNational Football League\nNew England Patriots\nAussie Rules Football\nRichmond Tigers\nBaseball\nToronto Blue Jays\n"
        }
      ],
      "photo": [
        "https://bradmckay.withknown.com/file/f7cb9730052ada768eb0e8eeef354547/thumb.jpg"
      ],
      "profile": [
        "Brad McKay"
      ],
      "url": [
        "https://bradmckay.withknown.com/profile/bradmckay",
        "https://bradmckay.withknown.com/profile/bradmckay",
        "http://500px.com/BradMcKay",
        "https://twitter.com/_BradMcKay_"
      ]
    },
    "type": [
      "h-card"
    ]
  },
  "rel_mes": [
    "http://500px.com/BradMcKay",
    "https://twitter.com/_BradMcKay_"
  ],
  "crawl_start": "2017-04-28T02:17:11",
  "crawl_end": "2017-04-28T02:17:17",
  "num_pages": 14,
  "total_html_size": 238534,
  "servers": [
    "Apache",
    "Known"
  ],
  "mf2_classes": [
    "h-card"
  ],
  "tags": [
    "relme",
    "bridgy",
    "webmention",
    "websub",
    "Known"
  ],
  "endpoints": {
    "webmention": [
      "https://bradmckay.withknown.com/webmention/"
    ],
    "websub": [
      "http://withknown.superfeedr.com/"
    ]
  },
  "links_out": 146,
  "links_in": 2,
  "links": {
    "withknown.com": {
      "out": {
        "other": 14
      },
      "score": 1
    },
    "twitter.com/BlueJays": {
      "out": {
        "other": 12
      },
      "score": 0.955
    },
    "500px.com": {
      "out": {
        "other": 12
      },
      "score": 0.955
    },
    "twitter.com/NHLBruins": {
      "out": {
        "other": 12
      },
      "score": 0.955
    },
    "twitter.com/_BradMcKay_": {
      "out": {
        "other": 12
      },
      "score": 0.955
    },
    "twitter.com/CelticFC": {
      "out": {
        "other": 12
      },
      "score": 0.955
    },
    "twitter.com/patriots": {
      "out": {
        "other": 12
      },
      "score": 0.955
    },
    "twitter.com/GoLondonKnights": {
      "out": {
        "other": 12
      },
      "score": 0.955
    },
    "twitter.com/AHLBruins": {
      "out": {
        "other": 12
      },
      "score": 0.955
    },
    "twitter.com/TiCats": {
      "out": {
        "other": 12
      },
      "score": 0.955
    },
    "twitter.com/Richmond_FC": {
      "out": {
        "other": 12
      },
      "score": 0.955
    },
    "twitter.com/NUFC": {
      "out": {
        "other": 12
      },
      "score": 0.955
    },
    "brid.gy": {
      "in": {
        "other": 2
      },
      "score": 0.208
    }
  }
}