{
  "domain": "brandonvandegrift.com",
  "urls": [
    "http://brandonvandegrift.com/"
  ],
  "names": [
    "brandonvandegrift.com"
  ],
  "descriptions": [],
  "pictures": [],
  "hcard": {},
  "rel_mes": [
    "https://www.linkedin.com/pub/brandon-vandegrift/19/bab/412",
    "https://github.com/bmv437",
    "https://twitter.com/bmv437",
    "http://mixcloud.com/dayrift"
  ],
  "crawl_start": "2017-06-09T17:34:14",
  "crawl_end": "2017-06-09T17:34:14",
  "num_pages": 1,
  "total_html_size": 2055,
  "servers": [
    "Apache (Ubuntu)"
  ],
  "tags": [
    "relme"
  ],
  "endpoints": {},
  "links_out": 4,
  "links_in": 0,
  "links": {
    "mixcloud.com": {
      "out": {
        "other": 1
      },
      "score": 1
    },
    "twitter.com/bmv437": {
      "out": {
        "other": 1
      },
      "score": 1
    },
    "www.linkedin.com": {
      "out": {
        "other": 1
      },
      "score": 1
    },
    "github.com": {
      "out": {
        "other": 1
      },
      "score": 1
    }
  }
}