{
  "domain": "brandon.bayer.ws",
  "urls": [
    "https://brandon.bayer.ws",
    "https://brandon.bayer.ws/"
  ],
  "names": [
    "Brandon Bayer",
    "Brandon Bayer - The Digital Homestead of Brandon Scott Bayer"
  ],
  "descriptions": [
    "I am Brandon Bayer. I am passionate about following Jesus, crafting software, and flying airplanes. I write what I learn in order to retain it and to hone my writing skills."
  ],
  "pictures": [
    "https://secure.gravatar.com/avatar/fbb65292f78adbab7237d2ae7b68e2dc?s=256&r=g",
    "https://brandon.bayer.ws/wp-content/uploads/2015/03/bb-profile2-550c9943v1_site_icon-32x32.png",
    "https://brandon.bayer.ws/wp-content/uploads/2015/03/bb-profile2-550c9943v1_site_icon-256x256.png"
  ],
  "hcard": {
    "properties": {
      "name": [
        "Brandon Bayer"
      ],
      "photo": [
        "https://secure.gravatar.com/avatar/fbb65292f78adbab7237d2ae7b68e2dc?s=256&r=g"
      ],
      "url": [
        "https://brandon.bayer.ws"
      ]
    },
    "type": [
      "h-card"
    ]
  },
  "rel_mes": [
    "https://github.com/flybayer",
    "https://twitter.com/flybayer",
    "https://instagram.com/flybayer/",
    "https://brandon.bayer.ws"
  ],
  "crawl_start": "2017-06-09T17:33:40",
  "crawl_end": "2017-06-10T05:44:23",
  "num_pages": 29,
  "total_html_size": 962704,
  "servers": [
    "nginx (Ubuntu)",
    "WordPress"
  ],
  "mf2_classes": [
    "h-entry",
    "h-as-page",
    "h-card",
    "h-feed",
    "h-as-article"
  ],
  "tags": [
    "relme",
    "WordPress"
  ],
  "endpoints": {},
  "links_out": 307,
  "links_in": 0,
  "links": {
    "facebook.com": {
      "out": {
        "other": 37
      },
      "score": 1
    },
    "github.com": {
      "out": {
        "other": 30
      },
      "score": 0.951
    },
    "twitter.com/flybayer": {
      "out": {
        "other": 30
      },
      "score": 0.951
    },
    "instagram.com": {
      "out": {
        "other": 29
      },
      "score": 0.944
    },
    "m.do.co": {
      "out": {
        "other": 29
      },
      "score": 0.944
    },
    "www.linkedin.com": {
      "out": {
        "other": 29
      },
      "score": 0.944
    },
    "boz.com": {
      "out": {
        "other": 6
      },
      "score": 0.577
    },
    "bayer.ws": {
      "out": {
        "other": 6
      },
      "score": 0.577
    },
    "www.bloc.io": {
      "out": {
        "other": 6
      },
      "score": 0.577
    },
    "signalvnoise.com": {
      "out": {
        "other": 4
      },
      "score": 0.484
    },
    "facebook.com/10207585575782928": {
      "out": {
        "other": 4
      },
      "score": 0.484
    },
    "ahkscript.org": {
      "out": {
        "other": 4
      },
      "score": 0.484
    },
    "chimera.labs.oreilly.com": {
      "out": {
        "other": 4
      },
      "score": 0.484
    },
    "www.onebigfluke.com": {
      "out": {
        "other": 3
      },
      "score": 0.416
    },
    "www.shubhro.com": {
      "out": {
        "other": 3
      },
      "score": 0.416
    },
    "facebook.com/10205226719535811": {
      "out": {
        "other": 3
      },
      "score": 0.416
    },
    "facebook.com/10205435035257686": {
      "out": {
        "other": 3
      },
      "score": 0.416
    },
    "facebook.com/852324004874684": {
      "out": {
        "other": 3
      },
      "score": 0.416
    },
    "www.instagram.com": {
      "out": {
        "other": 3
      },
      "score": 0.416
    },
    "facebook.com/1648591305418459": {
      "out": {
        "other": 2
      },
      "score": 0.323
    },
    "taskthresher.bayer.ws": {
      "out": {
        "other": 2
      },
      "score": 0.323
    },
    "facebook.com/1690712187824972": {
      "out": {
        "other": 2
      },
      "score": 0.323
    },
    "facebook.com/495463747289198": {
      "out": {
        "other": 2
      },
      "score": 0.323
    },
    "facebook.com/10204839628021435": {
      "out": {
        "other": 2
      },
      "score": 0.323
    },
    "facebook.com/1493425697646387": {
      "out": {
        "other": 2
      },
      "score": 0.323
    },
    "facebook.com/892444177515306": {
      "out": {
        "other": 2
      },
      "score": 0.323
    },
    "youtu.be": {
      "out": {
        "other": 2
      },
      "score": 0.323
    },
    "en.wikipedia.org": {
      "out": {
        "other": 2
      },
      "score": 0.323
    },
    "facebook.com/531162087052139": {
      "out": {
        "other": 1
      },
      "score": 0.161
    },
    "facebook.com/10101492818526896": {
      "out": {
        "other": 1
      },
      "score": 0.161
    },
    "ethanschoonover.com": {
      "out": {
        "other": 1
      },
      "score": 0.161
    },
    "gist.githubusercontent.com": {
      "out": {
        "other": 1
      },
      "score": 0.161
    },
    "facebook.com/864266566990828": {
      "out": {
        "other": 1
      },
      "score": 0.161
    },
    "www.mozilla.org": {
      "out": {
        "other": 1
      },
      "score": 0.161
    },
    "facebook.com/1465321120464738": {
      "out": {
        "other": 1
      },
      "score": 0.161
    },
    "facebook.com/849239695197445": {
      "out": {
        "other": 1
      },
      "score": 0.161
    },
    "gettingreal.37signals.com": {
      "out": {
        "other": 1
      },
      "score": 0.161
    },
    "facebook.com/910362335678763": {
      "out": {
        "other": 1
      },
      "score": 0.161
    },
    "www.railstutorial.org": {
      "out": {
        "other": 1
      },
      "score": 0.161
    },
    "www.youtube.com": {
      "out": {
        "other": 1
      },
      "score": 0.161
    },
    "facebook.com/10153583882241132": {
      "out": {
        "other": 1
      },
      "score": 0.161
    },
    "foundation.zurb.com": {
      "out": {
        "other": 1
      },
      "score": 0.161
    },
    "facebook.com/1050915181615556": {
      "out": {
        "other": 1
      },
      "score": 0.161
    },
    "facebook.com/1191147764234082": {
      "out": {
        "other": 1
      },
      "score": 0.161
    },
    "goinswriter.com": {
      "out": {
        "other": 1
      },
      "score": 0.161
    },
    "facebook.com/1619536631643432": {
      "out": {
        "other": 1
      },
      "score": 0.161
    },
    "104.131.106.5": {
      "out": {
        "other": 1
      },
      "score": 0.161
    },
    "facebook.com/826379527479406": {
      "out": {
        "other": 1
      },
      "score": 0.161
    },
    "bloccit.bayer.ws": {
      "out": {
        "other": 1
      },
      "score": 0.161
    },
    "cloud.github.com": {
      "out": {
        "other": 1
      },
      "score": 0.161
    },
    "www.paulgraham.com": {
      "out": {
        "other": 1
      },
      "score": 0.161
    },
    "www.trimble.com": {
      "out": {
        "other": 1
      },
      "score": 0.161
    },
    "facebook.com/10153206816997897": {
      "out": {
        "other": 1
      },
      "score": 0.161
    },
    "sites.google.com": {
      "out": {
        "other": 1
      },
      "score": 0.161
    },
    "www.bible.com": {
      "out": {
        "other": 1
      },
      "score": 0.161
    },
    "bootstrappingdesign.com": {
      "out": {
        "other": 1
      },
      "score": 0.161
    },
    "facebook.com/10208090837734440": {
      "out": {
        "other": 1
      },
      "score": 0.161
    },
    "news.ycombinator.com": {
      "out": {
        "other": 1
      },
      "score": 0.161
    },
    "facebook.com/10205055536340492": {
      "out": {
        "other": 1
      },
      "score": 0.161
    },
    "www.codecademy.com": {
      "out": {
        "other": 1
      },
      "score": 0.161
    },
    "facebook.com/10205286563469780": {
      "out": {
        "other": 1
      },
      "score": 0.161
    },
    "facebook.com/1498817053772277": {
      "out": {
        "other": 1
      },
      "score": 0.161
    },
    "facebook.com/184578921874230": {
      "out": {
        "other": 1
      },
      "score": 0.161
    },
    "facebook.com/10153652113134738": {
      "out": {
        "other": 1
      },
      "score": 0.161
    },
    "facebook.com/10204300085413747": {
      "out": {
        "other": 1
      },
      "score": 0.161
    },
    "facebook.com/10207500415171084": {
      "out": {
        "other": 1
      },
      "score": 0.161
    },
    "www.folklore.org": {
      "out": {
        "other": 1
      },
      "score": 0.161
    },
    "facebook.com/1504981993155856": {
      "out": {
        "other": 1
      },
      "score": 0.161
    },
    "facebook.com/802195173226286": {
      "out": {
        "other": 1
      },
      "score": 0.161
    },
    "robinwinslow.co.uk": {
      "out": {
        "other": 1
      },
      "score": 0.161
    },
    "facebook.com/10203395968339200": {
      "out": {
        "other": 1
      },
      "score": 0.161
    },
    "facebook.com/1155002154516152": {
      "out": {
        "other": 1
      },
      "score": 0.161
    },
    "facebook.com/10207150471622265": {
      "out": {
        "other": 1
      },
      "score": 0.161
    },
    "www.businessinsider.com": {
      "out": {
        "other": 1
      },
      "score": 0.161
    },
    "facebook.com/10206849279984266": {
      "out": {
        "other": 1
      },
      "score": 0.161
    },
    "facebook.com/405050849665320": {
      "out": {
        "other": 1
      },
      "score": 0.161
    },
    "facebook.com/905422179494319": {
      "out": {
        "other": 1
      },
      "score": 0.161
    },
    "facebook.com/10206696245276610": {
      "out": {
        "other": 1
      },
      "score": 0.161
    },
    "tryruby.org": {
      "out": {
        "other": 1
      },
      "score": 0.161
    },
    "facebook.com/10205398870239452": {
      "out": {
        "other": 1
      },
      "score": 0.161
    },
    "www.multitech.com": {
      "out": {
        "other": 1
      },
      "score": 0.161
    }
  }
}