{
  "domain": "breitband.withknown.com",
  "urls": [
    "https://breitband.withknown.com/profile/jodl",
    "http://europe.telekom.com/netz-blog"
  ],
  "names": [
    "Dr. Markus Jodl",
    "Breitband"
  ],
  "descriptions": [
    "1998 durfte ich als Volontär beim Marketingmagazin \"werben & verkaufen\" die Seite \"Multimedial\" betreuen. Damals eine Exoten-Rubrik. Später habe ich bei Bertelsmann und RTL geholfen, erste Intranets für Mitarbeiter hochzuziehen.Für die T-Mobile habe ich ab 2002 in der bayerischen Tiefebene um jeden Mobilfunkmasten gekämpft. Heute kommuniziere ich gemeinsam mit einem Team den bundesweiten Aus- und Umbau von Festnetz und Mobilfunk bei der Deutschen Telekom.Die Themen Internet, Mobilfunk, Konvergenz, digitaler Wandel & Co. begleiten mich also schon mein ganzes Berufsleben - und faszinieren mich. Was ich hier schreibe, stellt vor allem meine eigene Meinung dar.",
    "A social website powered by Known"
  ],
  "pictures": [
    "https://breitband.withknown.com/file/a2d394cf5fddde274e36da1cc9388328/thumb.jpg"
  ],
  "hcard": {
    "properties": {
      "name": [
        "Dr. Markus Jodl"
      ],
      "note": [
        {
          "html": "<div class=\"highlightedText\">\n<p>1998 durfte ich als Volontär beim Marketingmagazin \"werben &amp; verkaufen\" die Seite \"Multimedial\" betreuen. Damals eine Exoten-Rubrik. Später habe ich bei Bertelsmann und RTL geholfen, erste Intranets für Mitarbeiter hochzuziehen.<br/>Für die T-Mobile habe ich ab 2002 in der bayerischen Tiefebene um jeden Mobilfunkmasten gekämpft. Heute kommuniziere ich gemeinsam mit einem Team den bundesweiten Aus- und Umbau von Festnetz und Mobilfunk bei der Deutschen Telekom.<br/>Die Themen Internet, Mobilfunk, Konvergenz, digitaler Wandel &amp; Co. begleiten mich also schon mein ganzes Berufsleben - und faszinieren mich. Was ich hier schreibe, stellt vor allem meine eigene Meinung dar.</p>\n</div>",
          "value": "\n1998 durfte ich als Volontär beim Marketingmagazin \"werben & verkaufen\" die Seite \"Multimedial\" betreuen. Damals eine Exoten-Rubrik. Später habe ich bei Bertelsmann und RTL geholfen, erste Intranets für Mitarbeiter hochzuziehen.Für die T-Mobile habe ich ab 2002 in der bayerischen Tiefebene um jeden Mobilfunkmasten gekämpft. Heute kommuniziere ich gemeinsam mit einem Team den bundesweiten Aus- und Umbau von Festnetz und Mobilfunk bei der Deutschen Telekom.Die Themen Internet, Mobilfunk, Konvergenz, digitaler Wandel & Co. begleiten mich also schon mein ganzes Berufsleben - und faszinieren mich. Was ich hier schreibe, stellt vor allem meine eigene Meinung dar.\n"
        }
      ],
      "photo": [
        "https://breitband.withknown.com/file/a2d394cf5fddde274e36da1cc9388328/thumb.jpg"
      ],
      "profile": [
        "Dr. Markus Jodl"
      ],
      "url": [
        "https://breitband.withknown.com/profile/jodl",
        "https://breitband.withknown.com/profile/jodl",
        "http://europe.telekom.com/netz-blog"
      ]
    },
    "type": [
      "h-card"
    ]
  },
  "rel_mes": [
    "http://europe.telekom.com/netz-blog"
  ],
  "crawl_start": "2017-04-28T02:17:27",
  "crawl_end": "2017-04-28T02:18:31",
  "num_pages": 126,
  "total_html_size": 2516121,
  "servers": [
    "Apache",
    "Known"
  ],
  "mf2_classes": [
    "h-card",
    "h-entry"
  ],
  "tags": [
    "relme",
    "bridgy",
    "webmention",
    "websub",
    "Known"
  ],
  "endpoints": {
    "webmention": [
      "https://breitband.withknown.com/webmention/"
    ],
    "websub": [
      "http://withknown.superfeedr.com/"
    ]
  },
  "links_out": 215,
  "links_in": 2,
  "links": {
    "europe.telekom.com": {
      "out": {
        "other": 117
      },
      "score": 1
    },
    "www.socialmediaexaminer.com": {
      "out": {
        "other": 20
      },
      "score": 0.676
    },
    "www.jeffbullas.com": {
      "out": {
        "other": 20
      },
      "score": 0.676
    },
    "bit.ly": {
      "out": {
        "other": 20
      },
      "score": 0.676
    },
    "digiday.com": {
      "out": {
        "other": 16
      },
      "score": 0.636
    },
    "twitter.com/Jodl": {
      "out": {
        "other": 6
      },
      "score": 0.454
    },
    "observer.com": {
      "out": {
        "other": 5
      },
      "score": 0.421
    },
    "twitter.com/schindera": {
      "out": {
        "other": 5
      },
      "score": 0.421
    },
    "twitter.com/LousyPennies": {
      "out": {
        "other": 2
      },
      "score": 0.255
    },
    "twitter.com/ThorstenKorinth": {
      "out": {
        "other": 2
      },
      "score": 0.255
    },
    "twitter.com/R0BR7": {
      "out": {
        "other": 2
      },
      "score": 0.255
    },
    "brid.gy": {
      "in": {
        "other": 2
      },
      "score": 0.127
    }
  }
}