{
  "domain": "brennannovak.com",
  "urls": [
    "https://brennannovak.com/",
    "https://twitter.com/brennannovak",
    "https://github.com/bnvk"
  ],
  "names": [
    "Brennan Novak"
  ],
  "descriptions": [
    "Hi. I am Brennan Novak. I work on things that \nsupport transparency, accountability, decentralization, privacy, security,\nsustainability, design, and environmentalism such as Transparency Toolkit, Open Source Design, and Qubes OS. Previously I co-founded Mailpile. I specialize in UI / UX design and front-end engineering but am enjoying more sys-admin things. I\nalso like the #IndieWeb.",
    "Willkommen to Brennan Novaks website"
  ],
  "pictures": [
    "https://brennannovak.com/images/Me_Train_Tracks_200.jpg"
  ],
  "hcard": {
    "properties": {
      "family-name": [
        "Novak"
      ],
      "given-name": [
        "Brennan"
      ],
      "job-title": [
        "co-founded",
        "UI / UX design",
        "front-end engineering",
        "sys-admin"
      ],
      "key": [
        "https://brennannovak.com/keys/brennan-novak.asc"
      ],
      "name": [
        "Brennan Novak"
      ],
      "note": [
        "Hi. I am Brennan Novak. I work on things that \nsupport transparency, accountability, decentralization, privacy, security,\nsustainability, design, and environmentalism such as Transparency Toolkit, Open Source Design, and Qubes OS. Previously I co-founded Mailpile. I specialize in UI / UX design and front-end engineering but am enjoying more sys-admin things. I\nalso like the #IndieWeb."
      ],
      "url": [
        "https://brennannovak.com/",
        "https://twitter.com/brennannovak",
        "https://github.com/bnvk"
      ]
    },
    "type": [
      "h-card"
    ]
  },
  "rel_mes": [
    "https://brennannovak.com/",
    "https://twitter.com/brennannovak",
    "https://github.com/bnvk"
  ],
  "crawl_start": "2017-04-23T23:13:34",
  "crawl_end": "2017-04-23T23:13:49",
  "num_pages": 20,
  "total_html_size": 187944,
  "servers": [
    "nginx"
  ],
  "mf2_classes": [
    "h-card"
  ],
  "tags": [
    "relme",
    "bridgy",
    "elder",
    "IRC",
    "webmention.io"
  ],
  "endpoints": {},
  "links_out": 286,
  "links_in": 3053,
  "links": {
    "jothut.com": {
      "in": {
        "other": 1715
      },
      "score": 1
    },
    "indieweb.org": {
      "in": {
        "other": 459
      },
      "out": {
        "other": 19
      },
      "score": 0.834
    },
    "waterpigs.co.uk": {
      "in": {
        "other": 396
      },
      "score": 0.803
    },
    "chat.indieweb.org": {
      "in": {
        "other": 191
      },
      "score": 0.705
    },
    "known.kylewm.com": {
      "in": {
        "other": 24,
        "in-reply-to": 24
      },
      "score": 0.667
    },
    "aaronparecki.com": {
      "in": {
        "other": 85,
        "in-reply-to": 7,
        "like-of": 7
      },
      "score": 0.658
    },
    "kylewm.com": {
      "in": {
        "in-reply-to": 4,
        "bookmark-of": 4,
        "other": 19,
        "like-of": 6
      },
      "score": 0.548
    },
    "github.com": {
      "out": {
        "other": 25
      },
      "score": 0.525
    },
    "mailpile.is": {
      "out": {
        "other": 24
      },
      "score": 0.519
    },
    "transparencytoolkit.org": {
      "out": {
        "other": 23
      },
      "score": 0.514
    },
    "twitter.com/brennannovak": {
      "out": {
        "other": 22
      },
      "score": 0.507
    },
    "qubes-os.org": {
      "out": {
        "other": 22
      },
      "score": 0.507
    },
    "opensourcedesign.net": {
      "out": {
        "other": 22
      },
      "score": 0.507
    },
    "snarfed.org": {
      "in": {
        "in-reply-to": 4,
        "like-of": 9,
        "other": 4
      },
      "score": 0.502
    },
    "en.wikipedia.org": {
      "out": {
        "other": 19
      },
      "score": 0.489
    },
    "werd.io": {
      "in": {
        "other": 35
      },
      "score": 0.478
    },
    "mapkyca.com": {
      "in": {
        "in-reply-to": 5
      },
      "score": 0.432
    },
    "stream.lowfill.org": {
      "in": {
        "other": 21
      },
      "score": 0.408
    },
    "brid.gy": {
      "in": {
        "other": 19
      },
      "score": 0.395
    },
    "vimeo.com": {
      "out": {
        "other": 8
      },
      "score": 0.372
    },
    "www.youtube.com": {
      "out": {
        "other": 4
      },
      "score": 0.279
    },
    "indiewebcamp.com": {
      "out": {
        "other": 4
      },
      "score": 0.279
    },
    "www.zeit.de": {
      "out": {
        "other": 2
      },
      "score": 0.187
    },
    "techonomy.com": {
      "out": {
        "other": 2
      },
      "score": 0.187
    },
    "emoo.me": {
      "out": {
        "other": 2
      },
      "score": 0.187
    },
    "facebook.com/me": {
      "out": {
        "other": 2
      },
      "score": 0.187
    },
    "www.civicapps.org": {
      "out": {
        "other": 2
      },
      "score": 0.187
    },
    "www.reallifesuperheroes.com": {
      "out": {
        "other": 2
      },
      "score": 0.187
    },
    "redecentralize.org": {
      "out": {
        "other": 2
      },
      "score": 0.187
    },
    "internet.org": {
      "out": {
        "other": 2
      },
      "score": 0.187
    },
    "irc": {
      "out": {
        "other": 2
      },
      "score": 0.187
    },
    "www.state.gov": {
      "out": {
        "other": 2
      },
      "score": 0.187
    },
    "www.reddit.com": {
      "out": {
        "other": 2
      },
      "score": 0.187
    },
    "social-igniter.com": {
      "out": {
        "other": 2
      },
      "score": 0.187
    },
    "twitter.com/ioerror": {
      "out": {
        "other": 2
      },
      "score": 0.187
    },
    "events.ccc.de": {
      "out": {
        "other": 2
      },
      "score": 0.187
    },
    "caseorganic.com": {
      "in": {
        "other": 4
      },
      "score": 0.187
    },
    "facebook.com/settings": {
      "out": {
        "other": 2
      },
      "score": 0.187
    },
    "www.kevin-marks.com": {
      "in": {
        "other": 3
      },
      "score": 0.148
    },
    "www.kevinmarks.com": {
      "in": {
        "other": 3
      },
      "score": 0.148
    },
    "jancborchardt.net": {
      "out": {
        "other": 1
      },
      "score": 0.0930
    },
    "www.forbes.com": {
      "out": {
        "other": 1
      },
      "score": 0.0930
    },
    "www.loomio.org": {
      "out": {
        "other": 1
      },
      "score": 0.0930
    },
    "www.sterling.coffee": {
      "out": {
        "other": 1
      },
      "score": 0.0930
    },
    "www.ted.com": {
      "out": {
        "other": 1
      },
      "score": 0.0930
    },
    "sks-keyservers.net": {
      "out": {
        "other": 1
      },
      "score": 0.0930
    },
    "archive.fo": {
      "out": {
        "other": 1
      },
      "score": 0.0930
    },
    "charliehilton.us": {
      "out": {
        "other": 1
      },
      "score": 0.0930
    },
    "linkedin.com": {
      "out": {
        "other": 1
      },
      "score": 0.0930
    },
    "facebook.com/brennannovak": {
      "out": {
        "other": 1
      },
      "score": 0.0930
    },
    "yooouuutuuube.com": {
      "out": {
        "other": 1
      },
      "score": 0.0930
    },
    "quantifiedself.com": {
      "out": {
        "other": 1
      },
      "score": 0.0930
    },
    "www.handsacrossthesand.com": {
      "out": {
        "other": 1
      },
      "score": 0.0930
    },
    "blog.tropo.com": {
      "out": {
        "other": 1
      },
      "score": 0.0930
    },
    "www.whitehouse.gov": {
      "out": {
        "other": 1
      },
      "score": 0.0930
    },
    "bubbaschopshop.com": {
      "out": {
        "other": 1
      },
      "score": 0.0930
    },
    "getlittlebird.com": {
      "out": {
        "other": 1
      },
      "score": 0.0930
    },
    "p3k.io": {
      "out": {
        "other": 1
      },
      "score": 0.0930
    },
    "projects.latimes.com": {
      "out": {
        "other": 1
      },
      "score": 0.0930
    },
    "jabber.systemli.org": {
      "out": {
        "other": 1
      },
      "score": 0.0930
    },
    "shiromarieke.github.io": {
      "out": {
        "other": 1
      },
      "score": 0.0930
    },
    "www.brocku.ca": {
      "out": {
        "other": 1
      },
      "score": 0.0930
    },
    "yashalevine.com": {
      "out": {
        "other": 1
      },
      "score": 0.0930
    },
    "tantek.com": {
      "in": {
        "other": 2
      },
      "score": 0.0930
    },
    "instragram.com": {
      "out": {
        "other": 1
      },
      "score": 0.0930
    },
    "www.dailylife.com.au": {
      "out": {
        "other": 1
      },
      "score": 0.0930
    },
    "www.thedittybops.com": {
      "out": {
        "other": 1
      },
      "score": 0.0930
    },
    "gariety.xxx": {
      "out": {
        "other": 1
      },
      "score": 0.0930
    },
    "www.resetthenet.org": {
      "out": {
        "other": 1
      },
      "score": 0.0930
    },
    "shidash.com": {
      "out": {
        "other": 1
      },
      "score": 0.0930
    },
    "www.ehealthafrica.org": {
      "out": {
        "other": 1
      },
      "score": 0.0930
    },
    "www.nytimes.com": {
      "out": {
        "other": 1
      },
      "score": 0.0930
    },
    "itunes.apple.com": {
      "out": {
        "other": 1
      },
      "score": 0.0930
    },
    "letsfreckle.com": {
      "out": {
        "other": 1
      },
      "score": 0.0930
    },
    "www.potlatchpresents.com": {
      "out": {
        "other": 1
      },
      "score": 0.0930
    },
    "citizensof.com": {
      "out": {
        "other": 1
      },
      "score": 0.0930
    },
    "simon.vansintjan.net": {
      "out": {
        "other": 1
      },
      "score": 0.0930
    },
    "www.promojam.com": {
      "out": {
        "other": 1
      },
      "score": 0.0930
    },
    "alpha.app.net": {
      "out": {
        "other": 1
      },
      "score": 0.0930
    },
    "digitalfreedom.io": {
      "out": {
        "other": 1
      },
      "score": 0.0930
    },
    "www.portlandonline.com": {
      "out": {
        "other": 1
      },
      "score": 0.0930
    },
    "maxogden.com": {
      "out": {
        "other": 1
      },
      "score": 0.0930
    },
    "5gyres.org": {
      "out": {
        "other": 1
      },
      "score": 0.0930
    },
    "stfrankielee.bandcamp.com": {
      "out": {
        "other": 1
      },
      "score": 0.0930
    },
    "www.businessinsider.com": {
      "out": {
        "other": 1
      },
      "score": 0.0930
    },
    "www.imdb.com": {
      "out": {
        "other": 1
      },
      "score": 0.0930
    },
    "blog.patternsinthevoid.net": {
      "out": {
        "other": 1
      },
      "score": 0.0930
    },
    "torproject.org": {
      "out": {
        "other": 1
      },
      "score": 0.0930
    },
    "news.ycombinator.com": {
      "out": {
        "other": 1
      },
      "score": 0.0930
    },
    "stream.withknown.com": {
      "in": {
        "other": 2
      },
      "score": 0.0930
    },
    "dontsave.com": {
      "out": {
        "other": 1
      },
      "score": 0.0930
    },
    "awesome.good.is": {
      "out": {
        "other": 1
      },
      "score": 0.0930
    },
    "www.urgentevoke.com": {
      "out": {
        "other": 1
      },
      "score": 0.0930
    },
    "medium.com": {
      "out": {
        "other": 1
      },
      "score": 0.0930
    },
    "twitter.com/isislovecruft": {
      "out": {
        "other": 1
      },
      "score": 0.0930
    },
    "cryptoparty.in": {
      "out": {
        "other": 1
      },
      "score": 0.0930
    },
    "youtu.be": {
      "out": {
        "other": 1
      },
      "score": 0.0930
    },
    "jabber.ccc.de": {
      "out": {
        "other": 1
      },
      "score": 0.0930
    },
    "www.disabled-world.com": {
      "out": {
        "other": 1
      },
      "score": 0.0930
    },
    "pando.com": {
      "out": {
        "other": 1
      },
      "score": 0.0930
    },
    "blog.invisiblethings.org": {
      "out": {
        "other": 1
      },
      "score": 0.0930
    },
    "nex.sx": {
      "out": {
        "other": 1
      },
      "score": 0.0930
    },
    "withknown.com": {
      "out": {
        "other": 1
      },
      "score": 0.0930
    },
    "www.oculusvr.com": {
      "out": {
        "other": 1
      },
      "score": 0.0930
    },
    "janemcgonigal.com": {
      "out": {
        "other": 1
      },
      "score": 0.0930
    },
    "www.amazon.com": {
      "out": {
        "other": 1
      },
      "score": 0.0930
    },
    "boghop.com": {
      "in": {
        "other": 1
      },
      "score": 0
    }
  }
}