{
  "domain": "brettglisson.withknown.com",
  "urls": [
    "https://brettglisson.withknown.com/profile/cranky73",
    "http://google.com/+brettglisson",
    "http://facebook.com/brett.glisson",
    "http://twitter.com/brettglisson"
  ],
  "names": [
    "Brett Glisson",
    "My Addled Brain"
  ],
  "descriptions": [
    "Your princess is in another, lesser used video game trope.",
    "It's just this website, you know?"
  ],
  "pictures": [
    "https://brettglisson.withknown.com/file/7c45a5b7259a2f5399db9015aadaebdf/thumb.jpg",
    "https://brettglisson.withknown.com/gfx/logos/logo_k.png"
  ],
  "hcard": {
    "properties": {
      "name": [
        "Brett Glisson"
      ],
      "note": [
        {
          "html": "<div class=\"highlightedText\">\n<p>Your princess is in another, lesser used video game trope.</p>\n</div>",
          "value": "\nYour princess is in another, lesser used video game trope.\n"
        }
      ],
      "photo": [
        "https://brettglisson.withknown.com/file/7c45a5b7259a2f5399db9015aadaebdf/thumb.jpg"
      ],
      "profile": [
        "Brett Glisson"
      ],
      "url": [
        "https://brettglisson.withknown.com/profile/cranky73",
        "https://brettglisson.withknown.com/profile/cranky73",
        "http://google.com/+brettglisson",
        "http://facebook.com/brett.glisson",
        "http://twitter.com/brettglisson"
      ]
    },
    "type": [
      "h-card"
    ]
  },
  "rel_mes": [
    "http://google.com/+brettglisson",
    "http://facebook.com/brett.glisson",
    "http://twitter.com/brettglisson"
  ],
  "crawl_start": "2017-04-28T02:18:32",
  "crawl_end": "2017-04-28T02:19:48",
  "num_pages": 83,
  "total_html_size": 2015791,
  "servers": [
    "Apache",
    "Known"
  ],
  "mf2_classes": [
    "h-card",
    "h-entry"
  ],
  "tags": [
    "relme",
    "bridgy",
    "webmention",
    "micropub",
    "authorization",
    "token",
    "websub",
    "Known"
  ],
  "endpoints": {
    "webmention": [
      "https://brettglisson.withknown.com/webmention/"
    ],
    "micropub": [
      "https://brettglisson.withknown.com/micropub/endpoint"
    ],
    "authorization": [
      "https://brettglisson.withknown.com/indieauth/auth"
    ],
    "token": [
      "https://brettglisson.withknown.com/indieauth/token"
    ],
    "websub": [
      "http://withknown.superfeedr.com/"
    ]
  },
  "links_out": 289,
  "links_in": 4,
  "links": {
    "twitter.com/brettglisson": {
      "out": {
        "other": 62
      },
      "score": 1
    },
    "facebook.com/brett.glisson": {
      "out": {
        "other": 60
      },
      "score": 0.994
    },
    "google.com": {
      "out": {
        "other": 60
      },
      "score": 0.994
    },
    "facebook.com/694638266": {
      "out": {
        "other": 50
      },
      "score": 0.956
    },
    "www.youtube.com": {
      "out": {
        "other": 9
      },
      "score": 0.600
    },
    "facebook.com/1576299768": {
      "out": {
        "other": 6
      },
      "score": 0.515
    },
    "twitter.com/Kentholio": {
      "out": {
        "other": 4
      },
      "score": 0.432
    },
    "facebook.com/1150317086": {
      "out": {
        "other": 4
      },
      "score": 0.432
    },
    "facebook.com/1290075807": {
      "out": {
        "other": 4
      },
      "score": 0.432
    },
    "twitter.com/thegax": {
      "out": {
        "other": 4
      },
      "score": 0.432
    },
    "facebook.com/1068868064": {
      "out": {
        "other": 2
      },
      "score": 0.288
    },
    "facebook.com/565284506": {
      "out": {
        "other": 2
      },
      "score": 0.288
    },
    "twitter.com/TouficAttieh": {
      "out": {
        "other": 2
      },
      "score": 0.288
    },
    "facebook.com/100000976666254": {
      "out": {
        "other": 2
      },
      "score": 0.288
    },
    "facebook.com/22925601": {
      "out": {
        "other": 2
      },
      "score": 0.288
    },
    "facebook.com/727499084": {
      "out": {
        "other": 2
      },
      "score": 0.288
    },
    "facebook.com/522103105": {
      "out": {
        "other": 2
      },
      "score": 0.288
    },
    "facebook.com/1073757178": {
      "out": {
        "other": 2
      },
      "score": 0.288
    },
    "brid.gy": {
      "in": {
        "other": 4
      },
      "score": 0.288
    },
    "facebook.com/1811637359": {
      "out": {
        "other": 2
      },
      "score": 0.288
    },
    "facebook.com/1500085297": {
      "out": {
        "other": 2
      },
      "score": 0.288
    },
    "facebook.com/774209391": {
      "out": {
        "other": 2
      },
      "score": 0.288
    },
    "facebook.com/100000127674365": {
      "out": {
        "other": 2
      },
      "score": 0.288
    },
    "facebook.com/100000763264217": {
      "out": {
        "other": 2
      },
      "score": 0.288
    }
  }
}