{
  "domain": "bret.io",
  "urls": [
    "http://bret.io/"
  ],
  "names": [
    "Bret Comnes"
  ],
  "descriptions": [],
  "pictures": [],
  "hcard": {},
  "rel_mes": [],
  "tags": [
    "bridgy",
    "elder",
    "IRC",
    "webmention.io"
  ],
  "endpoints": {},
  "crawl_start": "2017-05-19T22:51:35.621429",
  "crawl_end": "2017-05-19T22:51:35.621429",
  "links_out": 0,
  "links_in": 2756,
  "links": {
    "indieweb.org": {
      "in": {
        "other": 1141
      },
      "score": 1
    },
    "werd.io": {
      "in": {
        "in-reply-to": 46,
        "other": 573
      },
      "score": 0.950
    },
    "chat.indieweb.org": {
      "in": {
        "other": 517
      },
      "score": 0.888
    },
    "known.kylewm.com": {
      "in": {
        "other": 32,
        "in-reply-to": 60
      },
      "score": 0.825
    },
    "aaronparecki.com": {
      "in": {
        "in-reply-to": 24,
        "bookmark-of": 16,
        "other": 102
      },
      "score": 0.787
    },
    "kylewm.com": {
      "in": {
        "like-of": 20,
        "in-reply-to": 10,
        "other": 51,
        "bookmark-of": 8
      },
      "score": 0.719
    },
    "waterpigs.co.uk": {
      "in": {
        "other": 36
      },
      "score": 0.509
    },
    "brid.gy": {
      "in": {
        "other": 23
      },
      "score": 0.446
    },
    "notenoughneon.com": {
      "in": {
        "other": 4,
        "in-reply-to": 2
      },
      "score": 0.375
    },
    "andysylvester.com": {
      "in": {
        "other": 14
      },
      "score": 0.375
    },
    "rhiaro.co.uk": {
      "in": {
        "other": 13
      },
      "score": 0.364
    },
    "news.indieweb.org": {
      "in": {
        "other": 12
      },
      "score": 0.352
    },
    "ben.thatmustbe.me": {
      "in": {
        "in-reply-to": 2,
        "other": 1
      },
      "score": 0.341
    },
    "caseorganic.com": {
      "in": {
        "other": 11
      },
      "score": 0.341
    },
    "snarfed.org": {
      "in": {
        "in-reply-to": 1,
        "other": 4
      },
      "score": 0.312
    },
    "tantek.com": {
      "in": {
        "other": 7
      },
      "score": 0.277
    },
    "acegiak.net": {
      "in": {
        "other": 4
      },
      "score": 0.197
    },
    "known.kevinmarks.com": {
      "in": {
        "other": 4
      },
      "score": 0.197
    },
    "www.kevinmarks.com": {
      "in": {
        "other": 3
      },
      "score": 0.156
    },
    "www.kevin-marks.com": {
      "in": {
        "other": 3
      },
      "score": 0.156
    },
    "www.aaron-gustafson.com": {
      "in": {
        "other": 2
      },
      "score": 0.0984
    },
    "gregorlove.com": {
      "in": {
        "other": 2
      },
      "score": 0.0984
    },
    "atomicules.co.uk": {
      "in": {
        "other": 2
      },
      "score": 0.0984
    },
    "veganstraightedge.com": {
      "in": {
        "other": 2
      },
      "score": 0.0984
    },
    "hello.idno.co": {
      "in": {
        "other": 2
      },
      "score": 0.0984
    },
    "www.bret.io": {
      "in": {
        "other": 1
      },
      "score": 0
    },
    "eric.pdxhub.org": {
      "in": {
        "other": 1
      },
      "score": 0
    }
  }
}