{
  "domain": "brianflagg.com",
  "urls": [
    "http://brianflagg.com/"
  ],
  "names": [
    "title"
  ],
  "descriptions": [],
  "pictures": [],
  "hcard": {},
  "rel_mes": [
    "https://twitter.com/bflagg",
    "https://plus.google.com/+brianflagg-private"
  ],
  "crawl_start": "2017-06-09T17:34:15",
  "crawl_end": "2017-06-09T17:34:16",
  "num_pages": 2,
  "total_html_size": 2863,
  "servers": [
    "Apache (Ubuntu)"
  ],
  "tags": [
    "relme"
  ],
  "endpoints": {},
  "links_out": 6,
  "links_in": 3,
  "links": {
    "en.wikipedia.org": {
      "out": {
        "other": 2
      },
      "score": 1
    },
    "plus.google.com/+brianflagg-private": {
      "out": {
        "other": 1
      },
      "score": 0.499
    },
    "youtu.be": {
      "out": {
        "other": 1
      },
      "score": 0.499
    },
    "theflaggs.org": {
      "out": {
        "other": 1
      },
      "score": 0.499
    },
    "twitter.com/bflagg": {
      "out": {
        "other": 1
      },
      "score": 0.499
    },
    "indieweb.org": {
      "in": {
        "other": 2
      },
      "score": 0.499
    },
    "chat.indieweb.org": {
      "in": {
        "other": 1
      },
      "score": 0
    }
  }
}