{
  "domain": "brian.behlendorf.com",
  "urls": [
    "http://brian.behlendorf.com/"
  ],
  "names": [
    "Brian Behlendorf"
  ],
  "descriptions": [],
  "pictures": [],
  "hcard": {},
  "rel_mes": [
    "https://twitter.com/brianbehlendorf"
  ],
  "crawl_start": "2017-06-09T17:34:15",
  "crawl_end": "2017-06-09T17:34:15",
  "num_pages": 1,
  "total_html_size": 1502,
  "servers": [
    "Apache (FreeBSD) OpenSSLk"
  ],
  "tags": [
    "relme"
  ],
  "endpoints": {},
  "links_out": 15,
  "links_in": 23,
  "links": {
    "www.kevin-marks.com": {
      "in": {
        "other": 7
      },
      "score": 1
    },
    "www.kevinmarks.com": {
      "in": {
        "other": 7
      },
      "score": 1
    },
    "indieweb.org": {
      "in": {
        "other": 6
      },
      "score": 0.918
    },
    "tantek.com": {
      "in": {
        "other": 2
      },
      "score": 0.355
    },
    "www.collab.net": {
      "out": {
        "other": 1
      },
      "score": 0.355
    },
    "www.oreilly.com": {
      "out": {
        "other": 1
      },
      "score": 0.355
    },
    "twitter.com/brianbehlendorf": {
      "out": {
        "other": 1
      },
      "score": 0.355
    },
    "www.sfraves.org": {
      "out": {
        "other": 1
      },
      "score": 0.355
    },
    "www.organic.com": {
      "out": {
        "other": 1
      },
      "score": 0.355
    },
    "www.google.com": {
      "out": {
        "other": 1
      },
      "score": 0.355
    },
    "www.opensource.org": {
      "out": {
        "other": 1
      },
      "score": 0.355
    },
    "www.burningman.com": {
      "out": {
        "other": 1
      },
      "score": 0.355
    },
    "www.morrmusic.com": {
      "out": {
        "other": 1
      },
      "score": 0.355
    },
    "www.apache.org": {
      "out": {
        "other": 1
      },
      "score": 0.355
    },
    "www.wired.com": {
      "out": {
        "other": 1
      },
      "score": 0.355
    },
    "www.hyperreal.org": {
      "out": {
        "other": 1
      },
      "score": 0.355
    },
    "www.mozillafoundation.org": {
      "out": {
        "other": 1
      },
      "score": 0.355
    },
    "www.berkeley.edu": {
      "out": {
        "other": 1
      },
      "score": 0.355
    },
    "hyperreal.org": {
      "out": {
        "other": 1
      },
      "score": 0.355
    },
    "chat.indieweb.org": {
      "in": {
        "other": 1
      },
      "score": 0
    }
  }
}