{
  "domain": "brightcontrast.com",
  "urls": [
    "http://brightcontrast.com/"
  ],
  "names": [
    "Bright/Contrast"
  ],
  "descriptions": [],
  "pictures": [
    "http://brightcontrast.com/images/favicon.ico"
  ],
  "hcard": {},
  "rel_mes": [],
  "crawl_start": "2017-06-10T05:43:51",
  "crawl_end": "2017-06-10T05:43:51",
  "num_pages": 1,
  "total_html_size": 7172,
  "servers": [
    "Apache"
  ],
  "tags": [],
  "endpoints": {},
  "links_out": 7,
  "links_in": 8,
  "links": {
    "werd.io": {
      "in": {
        "other": 6
      },
      "score": 1
    },
    "www.medium.com": {
      "out": {
        "other": 1
      },
      "score": 0.387
    },
    "stream.withknown.com": {
      "in": {
        "other": 2
      },
      "score": 0.387
    },
    "twitter.com/BrightContrasts": {
      "out": {
        "other": 1
      },
      "score": 0.387
    },
    "circopt.com": {
      "out": {
        "other": 1
      },
      "score": 0.387
    },
    "porterapp.com": {
      "out": {
        "other": 1
      },
      "score": 0.387
    },
    "blog.brightcontrast.com": {
      "out": {
        "other": 1
      },
      "score": 0.387
    },
    "www.linkedin.com": {
      "out": {
        "other": 1
      },
      "score": 0.387
    },
    "instagram.com": {
      "out": {
        "other": 1
      },
      "score": 0.387
    }
  }
}