{
  "domain": "brittney.craftycorvid.com",
  "urls": [
    "https://brittney.craftycorvid.com",
    "https://www.craftycorvid.com/author/brittney/"
  ],
  "names": [
    "Brittney Walsh",
    "Brittney Walsh - Page 1 - Crafty Corvid",
    "Crafty Corvid"
  ],
  "descriptions": [
    "Crafter. Bookworm. Aspiring hedge-witch."
  ],
  "pictures": [
    "https://www.craftycorvid.com/content/images/2016/12/IMG_20160727_215435.jpg",
    "https://www.craftycorvid.com/favicon.ico"
  ],
  "hcard": {
    "properties": {
      "name": [
        "Brittney Walsh"
      ],
      "note": [
        "Crafter. Bookworm. Aspiring hedge-witch."
      ],
      "photo": [
        "https://www.craftycorvid.com/content/images/2016/12/IMG_20160727_215435.jpg"
      ],
      "url": [
        "https://brittney.craftycorvid.com"
      ]
    },
    "type": [
      "h-card"
    ]
  },
  "rel_mes": [
    "https://brittney.craftycorvid.com"
  ],
  "tags": [
    "relme",
    "IWS2017"
  ],
  "endpoints": {},
  "crawl_start": "2017-06-11T14:38:47.052835",
  "crawl_end": "2017-06-11T14:38:47.052835",
  "links_out": 0,
  "links_in": 3,
  "links": {
    "www.craftycorvid.com": {
      "in": {
        "other": 3
      },
      "score": 1
    }
  }
}