{
  "domain": "brixen.io",
  "urls": [
    "http://brixen.io/"
  ],
  "names": [
    "def euler(x); cos(x) + i*sin(x); end"
  ],
  "descriptions": [
    "This is the def euler(x); cos(x) + i*sin(x); end blog"
  ],
  "pictures": [],
  "hcard": {},
  "rel_mes": [
    "https://twitter.com/brixen",
    "https://github.com/brixen"
  ],
  "crawl_start": "2017-06-09T17:34:16",
  "crawl_end": "2017-06-09T17:35:22",
  "num_pages": 81,
  "total_html_size": 769917,
  "servers": [
    "GitHub.com",
    "Jekyll"
  ],
  "tags": [
    "relme"
  ],
  "endpoints": {},
  "links_out": 874,
  "links_in": 0,
  "links": {
    "rubini.us": {
      "out": {
        "other": 106
      },
      "score": 1
    },
    "rubyspec.org": {
      "out": {
        "other": 106
      },
      "score": 1
    },
    "github.com": {
      "out": {
        "other": 103
      },
      "score": 0.994
    },
    "jekyllrb.com": {
      "out": {
        "other": 81
      },
      "score": 0.950
    },
    "ananasblau.com": {
      "out": {
        "other": 81
      },
      "score": 0.950
    },
    "twitter.com/brixen": {
      "out": {
        "other": 81
      },
      "score": 0.950
    },
    "www.planetargon.com": {
      "out": {
        "other": 16
      },
      "score": 0.647
    },
    "www.robbyonrails.com": {
      "out": {
        "other": 16
      },
      "score": 0.647
    },
    "blog.brightredglow.com": {
      "out": {
        "other": 15
      },
      "score": 0.634
    },
    "blog.fallingsnow.net": {
      "out": {
        "other": 12
      },
      "score": 0.593
    },
    "opensourcebridge.org": {
      "out": {
        "other": 10
      },
      "score": 0.560
    },
    "www.webvisionsevent.com": {
      "out": {
        "other": 10
      },
      "score": 0.560
    },
    "rspec.rubyforge.org": {
      "out": {
        "other": 10
      },
      "score": 0.560
    },
    "en.wikipedia.org": {
      "out": {
        "other": 9
      },
      "score": 0.539
    },
    "engineyard.com": {
      "out": {
        "other": 7
      },
      "score": 0.493
    },
    "mechanismalley.com": {
      "out": {
        "other": 6
      },
      "score": 0.463
    },
    "www.amazon.com": {
      "out": {
        "other": 5
      },
      "score": 0.429
    },
    "jruby.codehaus.org": {
      "out": {
        "other": 5
      },
      "score": 0.429
    },
    "speakerdeck.com": {
      "out": {
        "other": 4
      },
      "score": 0.388
    },
    "http": {
      "out": {
        "other": 4
      },
      "score": 0.388
    },
    "www.jvoorhis.com": {
      "out": {
        "other": 4
      },
      "score": 0.388
    },
    "bugs.ruby-lang.org": {
      "out": {
        "other": 4
      },
      "score": 0.388
    },
    "www.quantact.com": {
      "out": {
        "other": 4
      },
      "score": 0.388
    },
    "ruby-lang.org": {
      "out": {
        "other": 4
      },
      "score": 0.388
    },
    "needmoredesigns.com": {
      "out": {
        "other": 3
      },
      "score": 0.334
    },
    "rspec.info": {
      "out": {
        "other": 3
      },
      "score": 0.334
    },
    "www.jvoorhis.org": {
      "out": {
        "other": 3
      },
      "score": 0.334
    },
    "jooto.com": {
      "out": {
        "other": 3
      },
      "score": 0.334
    },
    "metaclass.org": {
      "out": {
        "other": 3
      },
      "score": 0.334
    },
    "rubyurl.com": {
      "out": {
        "other": 3
      },
      "score": 0.334
    },
    "en.oreilly.com": {
      "out": {
        "other": 3
      },
      "score": 0.334
    },
    "del.icio.us": {
      "out": {
        "other": 3
      },
      "score": 0.334
    },
    "www.ironruby.net": {
      "out": {
        "other": 3
      },
      "score": 0.334
    },
    "headius.blogspot.com": {
      "out": {
        "other": 3
      },
      "score": 0.334
    },
    "behavior-driven.org": {
      "out": {
        "other": 2
      },
      "score": 0.259
    },
    "confreaks.com": {
      "out": {
        "other": 2
      },
      "score": 0.259
    },
    "www.modrails.com": {
      "out": {
        "other": 2
      },
      "score": 0.259
    },
    "developers.google.com": {
      "out": {
        "other": 2
      },
      "score": 0.259
    },
    "www.confreaks.com": {
      "out": {
        "other": 2
      },
      "score": 0.259
    },
    "codeconf.com": {
      "out": {
        "other": 2
      },
      "score": 0.259
    },
    "blogs.msdn.com": {
      "out": {
        "other": 2
      },
      "score": 0.259
    },
    "design.rubyspec.org": {
      "out": {
        "other": 2
      },
      "score": 0.259
    },
    "clojure.org": {
      "out": {
        "other": 2
      },
      "score": 0.259
    },
    "mongrel.rubyforge.org": {
      "out": {
        "other": 2
      },
      "score": 0.259
    },
    "groups.google.com": {
      "out": {
        "other": 2
      },
      "score": 0.259
    },
    "svn.ruby-lang.org": {
      "out": {
        "other": 2
      },
      "score": 0.259
    },
    "octopod.info": {
      "out": {
        "other": 2
      },
      "score": 0.259
    },
    "robbyonrails.com": {
      "out": {
        "other": 2
      },
      "score": 0.259
    },
    "pastie.org": {
      "out": {
        "other": 2
      },
      "score": 0.259
    },
    "learnboost.github.com": {
      "out": {
        "other": 2
      },
      "score": 0.259
    },
    "git.rubini.us": {
      "out": {
        "other": 2
      },
      "score": 0.259
    },
    "martin.ankerl.org": {
      "out": {
        "other": 2
      },
      "score": 0.259
    },
    "www.powells.com": {
      "out": {
        "other": 2
      },
      "score": 0.259
    },
    "llvm.org": {
      "out": {
        "other": 2
      },
      "score": 0.259
    },
    "ruby.gemstone.com": {
      "out": {
        "other": 2
      },
      "score": 0.259
    },
    "www.pluitsolutions.com": {
      "out": {
        "other": 2
      },
      "score": 0.259
    },
    "ola-bini.blogspot.com": {
      "out": {
        "other": 1
      },
      "score": 0.129
    },
    "www.omnigroup.com": {
      "out": {
        "other": 1
      },
      "score": 0.129
    },
    "www.testdriven.com": {
      "out": {
        "other": 1
      },
      "score": 0.129
    },
    "blog.scribestudio.com": {
      "out": {
        "other": 1
      },
      "score": 0.129
    },
    "code.macournoyer.com": {
      "out": {
        "other": 1
      },
      "score": 0.129
    },
    "conferences.oreillynet.com": {
      "out": {
        "other": 1
      },
      "score": 0.129
    },
    "www.ulb.ac.be": {
      "out": {
        "other": 1
      },
      "score": 0.129
    },
    "www2.dpi.qld.gov.au": {
      "out": {
        "other": 1
      },
      "score": 0.129
    },
    "david.goodlad.ca": {
      "out": {
        "other": 1
      },
      "score": 0.129
    },
    "www.tbray.org": {
      "out": {
        "other": 1
      },
      "score": 0.129
    },
    "www.rsportscars.com": {
      "out": {
        "other": 1
      },
      "score": 0.129
    },
    "blogs.pragprog.com": {
      "out": {
        "other": 1
      },
      "score": 0.129
    },
    "mattelder.org": {
      "out": {
        "other": 1
      },
      "score": 0.129
    },
    "quantact.com": {
      "out": {
        "other": 1
      },
      "score": 0.129
    },
    "ruby-design.pbwiki.com": {
      "out": {
        "other": 1
      },
      "score": 0.129
    },
    "webkit.org": {
      "out": {
        "other": 1
      },
      "score": 0.129
    },
    "www.agilemanifesto.org": {
      "out": {
        "other": 1
      },
      "score": 0.129
    },
    "www.codinghorror.com": {
      "out": {
        "other": 1
      },
      "score": 0.129
    },
    "www.flickr.com": {
      "out": {
        "other": 1
      },
      "score": 0.129
    },
    "blog.lavalamp.ca": {
      "out": {
        "other": 1
      },
      "score": 0.129
    },
    "jruby.sourceforge.net": {
      "out": {
        "other": 1
      },
      "score": 0.129
    },
    "www.youtube.com": {
      "out": {
        "other": 1
      },
      "score": 0.129
    },
    "www.rushlimbaugh.com": {
      "out": {
        "other": 1
      },
      "score": 0.129
    },
    "blip.tv": {
      "out": {
        "other": 1
      },
      "score": 0.129
    },
    "maps.google.com": {
      "out": {
        "other": 1
      },
      "score": 0.129
    },
    "pdxruby.org": {
      "out": {
        "other": 1
      },
      "score": 0.129
    },
    "www.anthropologie.com": {
      "out": {
        "other": 1
      },
      "score": 0.129
    },
    "www.toolshed.com": {
      "out": {
        "other": 1
      },
      "score": 0.129
    },
    "atdot.net": {
      "out": {
        "other": 1
      },
      "score": 0.129
    },
    "ibrasten.com": {
      "out": {
        "other": 1
      },
      "score": 0.129
    },
    "steve-yegge.blogspot.com": {
      "out": {
        "other": 1
      },
      "score": 0.129
    },
    "blog.segment7.net": {
      "out": {
        "other": 1
      },
      "score": 0.129
    },
    "kirindave.tumblr.com": {
      "out": {
        "other": 1
      },
      "score": 0.129
    },
    "www.mozart-oz.org": {
      "out": {
        "other": 1
      },
      "score": 0.129
    },
    "rubinius.lighthouseapp.com": {
      "out": {
        "other": 1
      },
      "score": 0.129
    },
    "www.textdrive.com": {
      "out": {
        "other": 1
      },
      "score": 0.129
    },
    "railsexpress.de": {
      "out": {
        "other": 1
      },
      "score": 0.129
    },
    "api.rubyonrails.com": {
      "out": {
        "other": 1
      },
      "score": 0.129
    },
    "aquamacs.org": {
      "out": {
        "other": 1
      },
      "score": 0.129
    },
    "google.com": {
      "out": {
        "other": 1
      },
      "score": 0.129
    },
    "www.rubycentral.org": {
      "out": {
        "other": 1
      },
      "score": 0.129
    },
    "www.ubuntu.com": {
      "out": {
        "other": 1
      },
      "score": 0.129
    },
    "on-ruby.blogspot.com": {
      "out": {
        "other": 1
      },
      "score": 0.129
    },
    "www.dialogue-driven.org": {
      "out": {
        "other": 1
      },
      "score": 0.129
    },
    "moonbase.rydia.net": {
      "out": {
        "other": 1
      },
      "score": 0.129
    },
    "brainspl.at": {
      "out": {
        "other": 1
      },
      "score": 0.129
    },
    "ruby.macosforge.org": {
      "out": {
        "other": 1
      },
      "score": 0.129
    },
    "mephistoblog.com": {
      "out": {
        "other": 1
      },
      "score": 0.129
    },
    "www.info.ucl.ac.be": {
      "out": {
        "other": 1
      },
      "score": 0.129
    },
    "www.reddit.com": {
      "out": {
        "other": 1
      },
      "score": 0.129
    },
    "blog.davidchelimsky.net": {
      "out": {
        "other": 1
      },
      "score": 0.129
    },
    "jesusphreak.infogami.com": {
      "out": {
        "other": 1
      },
      "score": 0.129
    },
    "www.skibowl.com": {
      "out": {
        "other": 1
      },
      "score": 0.129
    },
    "outside-thoughts.octopod.info": {
      "out": {
        "other": 1
      },
      "score": 0.129
    },
    "www.allisbe.com": {
      "out": {
        "other": 1
      },
      "score": 0.129
    },
    "www.pbell.com": {
      "out": {
        "other": 1
      },
      "score": 0.129
    },
    "encytemedia.com": {
      "out": {
        "other": 1
      },
      "score": 0.129
    },
    "www.iolanguage.com": {
      "out": {
        "other": 1
      },
      "score": 0.129
    },
    "www.rubyonrails.com": {
      "out": {
        "other": 1
      },
      "score": 0.129
    },
    "antoniocangiano.com": {
      "out": {
        "other": 1
      },
      "score": 0.129
    },
    "www.explorethepearl.com": {
      "out": {
        "other": 1
      },
      "score": 0.129
    },
    "blog.headius.com": {
      "out": {
        "other": 1
      },
      "score": 0.129
    },
    "rubyforge.org": {
      "out": {
        "other": 1
      },
      "score": 0.129
    },
    "www.skihood.com": {
      "out": {
        "other": 1
      },
      "score": 0.129
    },
    "www.stopdropandrew.com": {
      "out": {
        "other": 1
      },
      "score": 0.129
    },
    "blog.zenspider.com": {
      "out": {
        "other": 1
      },
      "score": 0.129
    },
    "book.realworldhaskell.org": {
      "out": {
        "other": 1
      },
      "score": 0.129
    },
    "haskell.org": {
      "out": {
        "other": 1
      },
      "score": 0.129
    },
    "peat.wordpress.com": {
      "out": {
        "other": 1
      },
      "score": 0.129
    },
    "nginx.net": {
      "out": {
        "other": 1
      },
      "score": 0.129
    },
    "www.cs.queensu.ca": {
      "out": {
        "other": 1
      },
      "score": 0.129
    },
    "blog.engineyard.com": {
      "out": {
        "other": 1
      },
      "score": 0.129
    },
    "joshknowles.com": {
      "out": {
        "other": 1
      },
      "score": 0.129
    },
    "www.lexus.com.hk": {
      "out": {
        "other": 1
      },
      "score": 0.129
    },
    "www.newsfirerss.com": {
      "out": {
        "other": 1
      },
      "score": 0.129
    },
    "jimonwebgames.com": {
      "out": {
        "other": 1
      },
      "score": 0.129
    },
    "www.lightsoutproduction.com": {
      "out": {
        "other": 1
      },
      "score": 0.129
    },
    "www.atdot.net": {
      "out": {
        "other": 1
      },
      "score": 0.129
    },
    "www.xensource.com": {
      "out": {
        "other": 1
      },
      "score": 0.129
    },
    "www.behavior-driven.org": {
      "out": {
        "other": 1
      },
      "score": 0.129
    },
    "www.mth.pdx.edu": {
      "out": {
        "other": 1
      },
      "score": 0.129
    },
    "svn.codehaus.org": {
      "out": {
        "other": 1
      },
      "score": 0.129
    },
    "blog.jasonwatkins.net": {
      "out": {
        "other": 1
      },
      "score": 0.129
    },
    "peat.org": {
      "out": {
        "other": 1
      },
      "score": 0.129
    },
    "www.sun.com": {
      "out": {
        "other": 1
      },
      "score": 0.129
    },
    "www.martinfowler.com": {
      "out": {
        "other": 1
      },
      "score": 0.129
    },
    "redhanded.hobix.com": {
      "out": {
        "other": 1
      },
      "score": 0.129
    },
    "www.factorcode.org": {
      "out": {
        "other": 1
      },
      "score": 0.129
    },
    "agilemanifesto.org": {
      "out": {
        "other": 1
      },
      "score": 0.129
    },
    "dialogue-driven.org": {
      "out": {
        "other": 1
      },
      "score": 0.129
    },
    "en.wikiquote.org": {
      "out": {
        "other": 1
      },
      "score": 0.129
    },
    "oscamp.org": {
      "out": {
        "other": 1
      },
      "score": 0.129
    },
    "www.rashmisinha.com": {
      "out": {
        "other": 1
      },
      "score": 0.129
    },
    "factorcode.org": {
      "out": {
        "other": 1
      },
      "score": 0.129
    },
    "journal.kittensoft.org": {
      "out": {
        "other": 1
      },
      "score": 0.129
    },
    "www.badgerism.com": {
      "out": {
        "other": 1
      },
      "score": 0.129
    },
    "pdxfoscon.org": {
      "out": {
        "other": 1
      },
      "score": 0.129
    }
  }
}