{
  "domain": "brntn.me",
  "urls": [
    "http://brntn.me/"
  ],
  "names": [
    "Brenton Cleeland - Web Developer"
  ],
  "descriptions": [
    "Brenton Cleeland is a web developer based in Melbourne, Australia."
  ],
  "pictures": [],
  "hcard": {},
  "rel_mes": [
    "https://github.com/sesh",
    "https://twitter.com/sesh"
  ],
  "crawl_start": "2017-06-09T17:34:18",
  "crawl_end": "2017-06-09T17:34:19",
  "num_pages": 2,
  "total_html_size": 5606,
  "servers": [
    "gunicorn"
  ],
  "tags": [
    "relme"
  ],
  "endpoints": {},
  "links_out": 26,
  "links_in": 0,
  "links": {
    "github.com": {
      "out": {
        "other": 6
      },
      "score": 1
    },
    "twitter.com/sesh": {
      "out": {
        "other": 2
      },
      "score": 0.560
    },
    "basehtml.xyz": {
      "out": {
        "other": 2
      },
      "score": 0.560
    },
    "briefly.brntn.me": {
      "out": {
        "other": 1
      },
      "score": 0.279
    },
    "vdx.one": {
      "out": {
        "other": 1
      },
      "score": 0.279
    },
    "darter.brntn.me": {
      "out": {
        "other": 1
      },
      "score": 0.279
    },
    "instagram.com": {
      "out": {
        "other": 1
      },
      "score": 0.279
    },
    "linkedin.com": {
      "out": {
        "other": 1
      },
      "score": 0.279
    },
    "timebar.brntn.me": {
      "out": {
        "other": 1
      },
      "score": 0.279
    },
    "angesbrain.party": {
      "out": {
        "other": 1
      },
      "score": 0.279
    },
    "hn500.brntn.me": {
      "out": {
        "other": 1
      },
      "score": 0.279
    },
    "news.brntn.me": {
      "out": {
        "other": 1
      },
      "score": 0.279
    },
    "keybase.io": {
      "out": {
        "other": 1
      },
      "score": 0.279
    },
    "starred.common.io": {
      "out": {
        "other": 1
      },
      "score": 0.279
    },
    "commoncode.com.au": {
      "out": {
        "other": 1
      },
      "score": 0.279
    },
    "delta.brntn.me": {
      "out": {
        "other": 1
      },
      "score": 0.279
    },
    "www.norules.bigcartel.com": {
      "out": {
        "other": 1
      },
      "score": 0.279
    },
    "meetup.com": {
      "out": {
        "other": 1
      },
      "score": 0.279
    },
    "expires.brntn.me": {
      "out": {
        "other": 1
      },
      "score": 0.279
    }
  }
}