{
  "domain": "brokt.net",
  "urls": [
    "http://brokt.net/"
  ],
  "names": [
    " b r o k t  [ d o t ]  n e t"
  ],
  "descriptions": [
    "The Photography & Music of Colin Hough Trapp"
  ],
  "pictures": [],
  "hcard": {},
  "rel_mes": [],
  "crawl_start": "2017-04-28T02:18:48",
  "crawl_end": "2017-04-28T02:24:03",
  "num_pages": 68,
  "total_html_size": 1408080,
  "servers": [
    "nginx",
    "WordPress"
  ],
  "mf2_classes": [
    "h-entry",
    "h-as-image",
    "h-card",
    "h-feed",
    "h-as-article",
    "h-as-audio"
  ],
  "tags": [
    "bridgy",
    "webmention",
    "WordPress"
  ],
  "endpoints": {
    "webmention": [
      "http://brokt.net/newsfeed/?webmention=endpoint"
    ]
  },
  "links_out": 79,
  "links_in": 0,
  "links": {
    "twitter.com/broktdotnet": {
      "out": {
        "other": 24
      },
      "score": 1
    },
    "en.wikipedia.org": {
      "out": {
        "other": 14
      },
      "score": 0.860
    },
    "index.html": {
      "out": {
        "other": 10
      },
      "score": 0.775
    },
    "Image": {
      "out": {
        "other": 10
      },
      "score": 0.775
    },
    "Sound": {
      "out": {
        "other": 4
      },
      "score": 0.537
    },
    "sound.html": {
      "out": {
        "other": 2
      },
      "score": 0.359
    },
    "twitter.com/Theremina": {
      "out": {
        "other": 2
      },
      "score": 0.359
    },
    "pastprojects": {
      "out": {
        "other": 2
      },
      "score": 0.359
    },
    "twitter.com/sherielweldon": {
      "out": {
        "other": 2
      },
      "score": 0.359
    },
    "contact.html": {
      "out": {
        "other": 2
      },
      "score": 0.359
    },
    "twitter.com/thorharris666": {
      "out": {
        "other": 2
      },
      "score": 0.359
    },
    "image.html": {
      "out": {
        "other": 2
      },
      "score": 0.359
    },
    "nigredo-info.html": {
      "out": {
        "other": 1
      },
      "score": 0.179
    },
    "kalisivasati-info.html": {
      "out": {
        "other": 1
      },
      "score": 0.179
    },
    "kalisivasati.html": {
      "out": {
        "other": 1
      },
      "score": 0.179
    }
  }
}