{
  "domain": "brucewang.net",
  "urls": [
    "http://brucewang.net/"
  ],
  "names": [
    "Bruce Wang - Simple, Love, Courage"
  ],
  "descriptions": [],
  "pictures": [
    "http://brucewang.net/favicon.ico"
  ],
  "hcard": {},
  "rel_mes": [],
  "crawl_start": "2017-04-23T23:13:38",
  "crawl_end": "2017-04-23T23:21:10",
  "num_pages": 506,
  "total_html_size": 3152276,
  "servers": [
    "cloudflare-nginx"
  ],
  "tags": [
    "IRC"
  ],
  "endpoints": {},
  "links_out": 4392,
  "links_in": 30,
  "links": {
    "del.icio.us": {
      "out": {
        "other": 1201
      },
      "score": 1
    },
    "twitter.com/number5": {
      "out": {
        "other": 594
      },
      "score": 0.910
    },
    "pages": {
      "out": {
        "other": 158
      },
      "score": 0.740
    },
    "disqus.com": {
      "out": {
        "other": 142
      },
      "score": 0.726
    },
    "alexking.org": {
      "out": {
        "other": 134
      },
      "score": 0.719
    },
    "hotmail.com": {
      "out": {
        "other": 70
      },
      "score": 0.635
    },
    "tinyurl.com": {
      "out": {
        "other": 43
      },
      "score": 0.572
    },
    "yahoo.com": {
      "out": {
        "other": 39
      },
      "score": 0.560
    },
    "twitter.com/hdcola": {
      "out": {
        "other": 30
      },
      "score": 0.526
    },
    "www.movabletype.org": {
      "out": {
        "other": 28
      },
      "score": 0.518
    },
    "twitter.com/foxmachia": {
      "out": {
        "other": 26
      },
      "score": 0.508
    },
    "www.isaacmao.com": {
      "out": {
        "other": 24
      },
      "score": 0.497
    },
    "twitter.com/num |\n|                                      | ber5": {
      "out": {
        "other": 23
      },
      "score": 0.492
    },
    "twitter.com/POPOEVER": {
      "out": {
        "other": 22
      },
      "score": 0.486
    },
    "technorati.com": {
      "out": {
        "other": 21
      },
      "score": 0.481
    },
    "diveintomark.org": {
      "out": {
        "other": 20
      },
      "score": 0.474
    },
    "www.flickr.com": {
      "out": {
        "other": 20
      },
      "score": 0.474
    },
    "gmail.com": {
      "out": {
        "other": 18
      },
      "score": 0.460
    },
    "www.douban.com": {
      "out": {
        "other": 18
      },
      "score": 0.460
    },
    "twitter.com/thecarol": {
      "out": {
        "other": 16
      },
      "score": 0.446
    },
    "twitter.com/flypig": {
      "out": {
        "other": 15
      },
      "score": 0.437
    },
    "wordpress.org": {
      "out": {
        "other": 14
      },
      "score": 0.428
    },
    "www.google.com": {
      "out": {
        "other": 14
      },
      "score": 0.428
    },
    "www.cnblog.org": {
      "out": {
        "other": 14
      },
      "score": 0.428
    },
    "twitter.com/isaac": {
      "out": {
        "other": 13
      },
      "score": 0.419
    },
    "matrix.foresee.cn": {
      "out": {
        "other": 11
      },
      "score": 0.397
    },
    "www.microsoft.com": {
      "out": {
        "other": 11
      },
      "score": 0.397
    },
    "slashdot.org": {
      "out": {
        "other": 10
      },
      "score": 0.386
    },
    "openid.net": {
      "out": {
        "other": 10
      },
      "score": 0.386
    },
    "www.topku.com": {
      "out": {
        "other": 10
      },
      "score": 0.386
    },
    "indieweb.org": {
      "in": {
        "other": 20
      },
      "score": 0.386
    },
    "twitter.com/shizhao": {
      "out": {
        "other": 10
      },
      "score": 0.386
    },
    "www.bayden.com": {
      "out": {
        "other": 9
      },
      "score": 0.371
    },
    "www.intertwingly.net": {
      "out": {
        "other": 9
      },
      "score": 0.371
    },
    "aol.com": {
      "out": {
        "other": 9
      },
      "score": 0.371
    },
    "datastrategy.org": {
      "out": {
        "other": 9
      },
      "score": 0.371
    },
    "www.mozilla.org": {
      "out": {
        "other": 9
      },
      "score": 0.371
    },
    "www.squirrelmail.org": {
      "out": {
        "other": 9
      },
      "score": 0.371
    },
    "blogs.51.net": {
      "out": {
        "other": 9
      },
      "score": 0.371
    },
    "code.google.com": {
      "out": {
        "other": 8
      },
      "score": 0.356
    },
    "www.blogger.com": {
      "out": {
        "other": 8
      },
      "score": 0.356
    },
    "twitter.com/delphij": {
      "out": {
        "other": 8
      },
      "score": 0.356
    },
    "twitter.com/yongxinge": {
      "out": {
        "other": 8
      },
      "score": 0.356
    },
    "www.uuzone.com": {
      "out": {
        "other": 8
      },
      "score": 0.356
    },
    "bitworking.org": {
      "out": {
        "other": 8
      },
      "score": 0.356
    },
    "blog.cnblog.org": {
      "out": {
        "other": 7
      },
      "score": 0.339
    },
    "twitter.com/webleon": {
      "out": {
        "other": 7
      },
      "score": 0.339
    },
    "www.python.org": {
      "out": {
        "other": 7
      },
      "score": 0.339
    },
    "software.ericsink.com": {
      "out": {
        "other": 7
      },
      "score": 0.339
    },
    "home.wangjianshuo.com": {
      "out": {
        "other": 7
      },
      "score": 0.339
    },
    "www.datastrategy.org": {
      "out": {
        "other": 6
      },
      "score": 0.319
    },
    "groups.yahoo.com": {
      "out": {
        "other": 6
      },
      "score": 0.319
    },
    "www.joelonsoftware.com": {
      "out": {
        "other": 6
      },
      "score": 0.319
    },
    "time-tripper.com": {
      "out": {
        "other": 6
      },
      "score": 0.319
    },
    "126.com": {
      "out": {
        "other": 6
      },
      "score": 0.319
    },
    "blog.elixus.org": {
      "out": {
        "other": 6
      },
      "score": 0.319
    },
    "johnvey.com": {
      "out": {
        "other": 6
      },
      "score": 0.319
    },
    "rss.modim.cn": {
      "out": {
        "other": 6
      },
      "score": 0.319
    },
    "www.jayallen.org": {
      "out": {
        "other": 6
      },
      "score": 0.319
    },
    "foxgross.51.net": {
      "out": {
        "other": 6
      },
      "score": 0.319
    },
    "twistedmatrix.com": {
      "out": {
        "other": 6
      },
      "score": 0.319
    },
    "home.yole.ru": {
      "out": {
        "other": 6
      },
      "score": 0.319
    },
    "ion.gluch.org.mx": {
      "out": {
        "other": 6
      },
      "score": 0.319
    },
    "www.langreiter.com": {
      "out": {
        "other": 6
      },
      "score": 0.319
    },
    "drupal.org": {
      "out": {
        "other": 6
      },
      "score": 0.319
    },
    "www.livejournal.com": {
      "out": {
        "other": 6
      },
      "score": 0.319
    },
    "pythonology.org": {
      "out": {
        "other": 6
      },
      "score": 0.319
    },
    "dotnetjunkies.com": {
      "out": {
        "other": 6
      },
      "score": 0.319
    },
    "www.inter7.com": {
      "out": {
        "other": 6
      },
      "score": 0.319
    },
    "www-106.ibm.com": {
      "out": {
        "other": 6
      },
      "score": 0.319
    },
    "www.codeproject.com": {
      "out": {
        "other": 6
      },
      "score": 0.319
    },
    "sebsauvage.net": {
      "out": {
        "other": 6
      },
      "score": 0.319
    },
    "www.wired.com": {
      "out": {
        "other": 6
      },
      "score": 0.319
    },
    "twitter.com/zheng": {
      "out": {
        "other": 6
      },
      "score": 0.319
    },
    "news.google.com": {
      "out": {
        "other": 6
      },
      "score": 0.319
    },
    "blog.online-edu.org": {
      "out": {
        "other": 6
      },
      "score": 0.319
    },
    "mtbook.net": {
      "out": {
        "other": 6
      },
      "score": 0.319
    },
    "www.klogs.org": {
      "out": {
        "other": 6
      },
      "score": 0.319
    },
    "aspn.activestate.com": {
      "out": {
        "other": 6
      },
      "score": 0.319
    },
    "ipython.scipy.org": {
      "out": {
        "other": 5
      },
      "score": 0.296
    },
    "msn.com": {
      "out": {
        "other": 5
      },
      "score": 0.296
    },
    "blogbuddy.sourceforge.net": {
      "out": {
        "other": 5
      },
      "score": 0.296
    },
    "21cn.com": {
      "out": {
        "other": 5
      },
      "score": 0.296
    },
    "asmile.bizbeez.com": {
      "out": {
        "other": 5
      },
      "score": 0.296
    },
    "adblockplus.org": {
      "out": {
        "other": 5
      },
      "score": 0.296
    },
    "www.blurty.com": {
      "out": {
        "other": 5
      },
      "score": 0.296
    },
    "twitter.com/myhat123": {
      "out": {
        "other": 4
      },
      "score": 0.267
    },
    "www.dreamhost.com": {
      "out": {
        "other": 4
      },
      "score": 0.267
    },
    "www.scim-im.org": {
      "out": {
        "other": 4
      },
      "score": 0.267
    },
    "twitter.com/doubleaf": {
      "out": {
        "other": 4
      },
      "score": 0.267
    },
    "roachfiend.com": {
      "out": {
        "other": 4
      },
      "score": 0.267
    },
    "www.366tian.com": {
      "out": {
        "other": 4
      },
      "score": 0.267
    },
    "wiki.codemongers.com": {
      "out": {
        "other": 4
      },
      "score": 0.267
    },
    "bbspot.com": {
      "out": {
        "other": 4
      },
      "score": 0.267
    },
    "twitter.com/tsalon": {
      "out": {
        "other": 4
      },
      "score": 0.267
    },
    "foxyproxy.mozdev.org": {
      "out": {
        "other": 4
      },
      "score": 0.267
    },
    "www.useit.com": {
      "out": {
        "other": 4
      },
      "score": 0.267
    },
    "bendi.google.com": {
      "out": {
        "other": 4
      },
      "score": 0.267
    },
    "forum.xda-developers.com": {
      "out": {
        "other": 4
      },
      "score": 0.267
    },
    "twitter.com/yining": {
      "out": {
        "other": 4
      },
      "score": 0.267
    },
    "www.zuola.com": {
      "out": {
        "other": 4
      },
      "score": 0.267
    },
    "christina.bizbeez.com": {
      "out": {
        "other": 4
      },
      "score": 0.267
    },
    "twitter.com/ruanji": {
      "out": {
        "other": 4
      },
      "score": 0.267
    },
    "twitter.com/kenworker": {
      "out": {
        "other": 4
      },
      "score": 0.267
    },
    "blog.douban.com": {
      "out": {
        "other": 4
      },
      "score": 0.267
    },
    "twitter.com/Tangos": {
      "out": {
        "other": 4
      },
      "score": 0.267
    },
    "plod.popoever.com": {
      "out": {
        "other": 4
      },
      "score": 0.267
    },
    "radio.weblogs.com": {
      "out": {
        "other": 4
      },
      "score": 0.267
    },
    "twitter.com/mountain": {
      "out": {
        "other": 4
      },
      "score": 0.267
    },
    "twitter.com/tinyfool": {
      "out": {
        "other": 4
      },
      "score": 0.267
    },
    "twitter.com/zendragon": {
      "out": {
        "other": 4
      },
      "score": 0.267
    },
    "encyclopedia.thefreedictionary.com": {
      "out": {
        "other": 4
      },
      "score": 0.267
    },
    "twitter.com/im": {
      "out": {
        "other": 4
      },
      "score": 0.267
    },
    "twitter.com/lvxinxin": {
      "out": {
        "other": 4
      },
      "score": 0.267
    },
    "www.ratcliffeblog.com": {
      "out": {
        "other": 4
      },
      "score": 0.267
    },
    "twitter.com/scavin": {
      "out": {
        "other": 4
      },
      "score": 0.267
    },
    "www.chinesepython.org": {
      "out": {
        "other": 4
      },
      "score": 0.267
    },
    "twitter.com/Glif": {
      "out": {
        "other": 4
      },
      "score": 0.267
    },
    "twitter.com/dannyyu": {
      "out": {
        "other": 4
      },
      "score": 0.267
    },
    "chat.indieweb.org": {
      "in": {
        "other": 8
      },
      "score": 0.267
    },
    "ditu.baidu.com": {
      "out": {
        "other": 4
      },
      "score": 0.267
    },
    "twitter.com/herock": {
      "out": {
        "other": 4
      },
      "score": 0.267
    },
    "twitter.com/chouti": {
      "out": {
        "other": 4
      },
      "score": 0.267
    },
    "news.ft.com": {
      "out": {
        "other": 4
      },
      "score": 0.267
    },
    "twitter.com/masn": {
      "out": {
        "other": 4
      },
      "score": 0.267
    },
    "zh.wikipedia.org": {
      "out": {
        "other": 4
      },
      "score": 0.267
    },
    "family.mblogger.cn": {
      "out": {
        "other": 4
      },
      "score": 0.267
    },
    "www.nephee.net": {
      "out": {
        "other": 4
      },
      "score": 0.267
    },
    "163.com": {
      "out": {
        "other": 4
      },
      "score": 0.267
    },
    "twitter.com/vista": {
      "out": {
        "other": 4
      },
      "score": 0.267
    },
    "twitter.com/zoomq": {
      "out": {
        "other": 4
      },
      "score": 0.267
    },
    "hobix.com": {
      "out": {
        "other": 3
      },
      "score": 0.230
    },
    "twitter.com/tzangms": {
      "out": {
        "other": 3
      },
      "score": 0.230
    },
    "www.adelux.fr": {
      "out": {
        "other": 3
      },
      "score": 0.230
    },
    "www.plaxo.com": {
      "out": {
        "other": 3
      },
      "score": 0.230
    },
    "colorstudy.com": {
      "out": {
        "other": 3
      },
      "score": 0.230
    },
    "www.chip-china.com": {
      "out": {
        "other": 3
      },
      "score": 0.230
    },
    "www.se.rit.edu": {
      "out": {
        "other": 3
      },
      "score": 0.230
    },
    "home.cwru.edu": {
      "out": {
        "other": 3
      },
      "score": 0.230
    },
    "www.onlamp.com": {
      "out": {
        "other": 3
      },
      "score": 0.230
    },
    "pragmatron.org": {
      "out": {
        "other": 3
      },
      "score": 0.230
    },
    "radio.userland.com": {
      "out": {
        "other": 3
      },
      "score": 0.230
    },
    "www.squarefree.com": {
      "out": {
        "other": 3
      },
      "score": 0.230
    },
    "www.vim.org": {
      "out": {
        "other": 3
      },
      "score": 0.230
    },
    "www.well.com": {
      "out": {
        "other": 3
      },
      "score": 0.230
    },
    "english.blog-city.com": {
      "out": {
        "other": 3
      },
      "score": 0.230
    },
    "members.shaw.ca": {
      "out": {
        "other": 3
      },
      "score": 0.230
    },
    "toulouse.amber.org": {
      "out": {
        "other": 3
      },
      "score": 0.230
    },
    "www.djangoproject.com": {
      "out": {
        "other": 3
      },
      "score": 0.230
    },
    "www.faqs.org": {
      "out": {
        "other": 3
      },
      "score": 0.230
    },
    "dkbza.org": {
      "out": {
        "other": 3
      },
      "score": 0.230
    },
    "odbtp.sourceforge.net": {
      "out": {
        "other": 3
      },
      "score": 0.230
    },
    "sbcglobal.net": {
      "out": {
        "other": 3
      },
      "score": 0.230
    },
    "sippey.com": {
      "out": {
        "other": 3
      },
      "score": 0.230
    },
    "www.aimlesswords.com": {
      "out": {
        "other": 3
      },
      "score": 0.230
    },
    "www.marktaw.com": {
      "out": {
        "other": 3
      },
      "score": 0.230
    },
    "clankiller.com": {
      "out": {
        "other": 3
      },
      "score": 0.230
    },
    "fe4.gz.163.com": {
      "out": {
        "other": 3
      },
      "score": 0.230
    },
    "mithrandr.moria.org": {
      "out": {
        "other": 3
      },
      "score": 0.230
    },
    "userjs.org": {
      "out": {
        "other": 3
      },
      "score": 0.230
    },
    "www.igda.org": {
      "out": {
        "other": 3
      },
      "score": 0.230
    },
    "www.safer-networking.org": {
      "out": {
        "other": 3
      },
      "score": 0.230
    },
    "www.cweblogs.com": {
      "out": {
        "other": 3
      },
      "score": 0.230
    },
    "www.guerrillakm.org": {
      "out": {
        "other": 3
      },
      "score": 0.230
    },
    "www.gzci.com.cn": {
      "out": {
        "other": 3
      },
      "score": 0.230
    },
    "msdn.microsoft.com": {
      "out": {
        "other": 3
      },
      "score": 0.230
    },
    "vim.sf.net": {
      "out": {
        "other": 3
      },
      "score": 0.230
    },
    "www.bloglong.com": {
      "out": {
        "other": 3
      },
      "score": 0.230
    },
    "www.freeroleplay.org": {
      "out": {
        "other": 3
      },
      "score": 0.230
    },
    "www.xfront.com": {
      "out": {
        "other": 3
      },
      "score": 0.230
    },
    "www.dreamfabric.com": {
      "out": {
        "other": 3
      },
      "score": 0.230
    },
    "www.softwaresafety.net": {
      "out": {
        "other": 3
      },
      "score": 0.230
    },
    "cthedot.de": {
      "out": {
        "other": 3
      },
      "score": 0.230
    },
    "jaybe.org": {
      "out": {
        "other": 3
      },
      "score": 0.230
    },
    "www.controlchaos.com": {
      "out": {
        "other": 3
      },
      "score": 0.230
    },
    "www.mentalized.net": {
      "out": {
        "other": 3
      },
      "score": 0.230
    },
    "update.mozilla.org": {
      "out": {
        "other": 3
      },
      "score": 0.230
    },
    "web.tickle.com": {
      "out": {
        "other": 3
      },
      "score": 0.230
    },
    "www.kernelthread.com": {
      "out": {
        "other": 3
      },
      "score": 0.230
    },
    "www.nmt.edu": {
      "out": {
        "other": 3
      },
      "score": 0.230
    },
    "www.rebol.com": {
      "out": {
        "other": 3
      },
      "score": 0.230
    },
    "today.java.net": {
      "out": {
        "other": 3
      },
      "score": 0.230
    },
    "www.brandvista.com": {
      "out": {
        "other": 3
      },
      "score": 0.230
    },
    "www.gradman.com": {
      "out": {
        "other": 3
      },
      "score": 0.230
    },
    "www.javaranch.com": {
      "out": {
        "other": 3
      },
      "score": 0.230
    },
    "www.thenoodleincident.com": {
      "out": {
        "other": 3
      },
      "score": 0.230
    },
    "blog.joycode.com": {
      "out": {
        "other": 3
      },
      "score": 0.230
    },
    "brandvista.blogspot.com": {
      "out": {
        "other": 3
      },
      "score": 0.230
    },
    "jayasoft.org": {
      "out": {
        "other": 3
      },
      "score": 0.230
    },
    "www.advogato.org": {
      "out": {
        "other": 3
      },
      "score": 0.230
    },
    "www.imediaconnection.com": {
      "out": {
        "other": 3
      },
      "score": 0.230
    },
    "www.prescod.net": {
      "out": {
        "other": 3
      },
      "score": 0.230
    },
    "gmail.google.com": {
      "out": {
        "other": 3
      },
      "score": 0.230
    },
    "www.artima.com": {
      "out": {
        "other": 3
      },
      "score": 0.230
    },
    "pluralsight.com": {
      "out": {
        "other": 3
      },
      "score": 0.230
    },
    "www-igm.univ-mlv.fr": {
      "out": {
        "other": 3
      },
      "score": 0.230
    },
    "www.crankycoder.com": {
      "out": {
        "other": 3
      },
      "score": 0.230
    },
    "www.ilrt.bris.ac.uk": {
      "out": {
        "other": 3
      },
      "score": 0.230
    },
    "www.onjava.com": {
      "out": {
        "other": 3
      },
      "score": 0.230
    },
    "www.search-marketing.info": {
      "out": {
        "other": 3
      },
      "score": 0.230
    },
    "zhongwen.ft.com": {
      "out": {
        "other": 3
      },
      "score": 0.230
    },
    "wiki.osafoundation.org": {
      "out": {
        "other": 3
      },
      "score": 0.230
    },
    "www.freenode.net": {
      "out": {
        "other": 3
      },
      "score": 0.230
    },
    "www.gentoo.org": {
      "out": {
        "other": 3
      },
      "score": 0.230
    },
    "www.itmanagersjournal.com": {
      "out": {
        "other": 3
      },
      "score": 0.230
    },
    "www.myelin.co.nz": {
      "out": {
        "other": 3
      },
      "score": 0.230
    },
    "www.sleepycat.com": {
      "out": {
        "other": 3
      },
      "score": 0.230
    },
    "www.svpal.org": {
      "out": {
        "other": 3
      },
      "score": 0.230
    },
    "ali.as": {
      "out": {
        "other": 3
      },
      "score": 0.230
    },
    "richard.jones.name": {
      "out": {
        "other": 3
      },
      "score": 0.230
    },
    "textism.com": {
      "out": {
        "other": 3
      },
      "score": 0.230
    },
    "tmda.net": {
      "out": {
        "other": 3
      },
      "score": 0.230
    },
    "verizon.net": {
      "out": {
        "other": 3
      },
      "score": 0.230
    },
    "www.levien.com": {
      "out": {
        "other": 3
      },
      "score": 0.230
    },
    "eberhard-lutz.bei.t-online.de": {
      "out": {
        "other": 3
      },
      "score": 0.230
    },
    "www.tallent.us": {
      "out": {
        "other": 3
      },
      "score": 0.230
    },
    "www.ypsolog.com": {
      "out": {
        "other": 3
      },
      "score": 0.230
    },
    "cgiirc.sourceforge.net": {
      "out": {
        "other": 3
      },
      "score": 0.230
    },
    "www.einval.com": {
      "out": {
        "other": 3
      },
      "score": 0.230
    },
    "www.gmailwiki.com": {
      "out": {
        "other": 3
      },
      "score": 0.230
    },
    "www.thedjbway.org": {
      "out": {
        "other": 3
      },
      "score": 0.230
    },
    "mindprod.com": {
      "out": {
        "other": 3
      },
      "score": 0.230
    },
    "www.twistedmatrix.com": {
      "out": {
        "other": 3
      },
      "score": 0.230
    },
    "blogBuddy.sf.net": {
      "out": {
        "other": 3
      },
      "score": 0.230
    },
    "doc.lld.dk": {
      "out": {
        "other": 3
      },
      "score": 0.230
    },
    "jpbrown.i8.com": {
      "out": {
        "other": 3
      },
      "score": 0.230
    },
    "particletree.com": {
      "out": {
        "other": 3
      },
      "score": 0.230
    },
    "blogs.linux.ie": {
      "out": {
        "other": 3
      },
      "score": 0.230
    },
    "selenium.thoughtworks.com": {
      "out": {
        "other": 3
      },
      "score": 0.230
    },
    "www.easycomp.org": {
      "out": {
        "other": 3
      },
      "score": 0.230
    },
    "www.sysprog.net": {
      "out": {
        "other": 3
      },
      "score": 0.230
    },
    "hci.ethz.ch": {
      "out": {
        "other": 3
      },
      "score": 0.230
    },
    "irc.freenode.net": {
      "out": {
        "other": 3
      },
      "score": 0.230
    },
    "librenix.com": {
      "out": {
        "other": 3
      },
      "score": 0.230
    },
    "wiki.elixus.org": {
      "out": {
        "other": 3
      },
      "score": 0.230
    },
    "www.amazon.com": {
      "out": {
        "other": 3
      },
      "score": 0.230
    },
    "www.blogcn.com": {
      "out": {
        "other": 3
      },
      "score": 0.230
    },
    "www.meetup.com": {
      "out": {
        "other": 3
      },
      "score": 0.230
    },
    "wiki.woodpecker.org.cn": {
      "out": {
        "other": 3
      },
      "score": 0.230
    },
    "www.miranda-im.org": {
      "out": {
        "other": 3
      },
      "score": 0.230
    },
    "www.weciti.com": {
      "out": {
        "other": 3
      },
      "score": 0.230
    },
    "bradchoate.com": {
      "out": {
        "other": 3
      },
      "score": 0.230
    },
    "enthusiasm.cozy.org": {
      "out": {
        "other": 3
      },
      "score": 0.230
    },
    "fisheye.thecortex.net": {
      "out": {
        "other": 3
      },
      "score": 0.230
    },
    "newyork.craigslist.org": {
      "out": {
        "other": 3
      },
      "score": 0.230
    },
    "www.cmsmatrix.org": {
      "out": {
        "other": 3
      },
      "score": 0.230
    },
    "www.sloganizer.net": {
      "out": {
        "other": 3
      },
      "score": 0.230
    },
    "blog.beebware.co.uk": {
      "out": {
        "other": 3
      },
      "score": 0.230
    },
    "www.andilinks.com": {
      "out": {
        "other": 3
      },
      "score": 0.230
    },
    "www.phoenixtv.com": {
      "out": {
        "other": 3
      },
      "score": 0.230
    },
    "blogbus.com": {
      "out": {
        "other": 3
      },
      "score": 0.230
    },
    "cs.usfca.edu": {
      "out": {
        "other": 3
      },
      "score": 0.230
    },
    "jedi.z6i.org": {
      "out": {
        "other": 3
      },
      "score": 0.230
    },
    "portal.eatonweb.com": {
      "out": {
        "other": 3
      },
      "score": 0.230
    },
    "www.boxesandarrows.com": {
      "out": {
        "other": 3
      },
      "score": 0.230
    },
    "www.mysql.com": {
      "out": {
        "other": 3
      },
      "score": 0.230
    },
    "cr.yp.to": {
      "out": {
        "other": 3
      },
      "score": 0.230
    },
    "www.digital-web.com": {
      "out": {
        "other": 3
      },
      "score": 0.230
    },
    "www.holovaty.com": {
      "out": {
        "other": 3
      },
      "score": 0.230
    },
    "www.hometoharlem.com": {
      "out": {
        "other": 3
      },
      "score": 0.230
    },
    "www.hydrairc.com": {
      "out": {
        "other": 3
      },
      "score": 0.230
    },
    "www.nightmare.com": {
      "out": {
        "other": 3
      },
      "score": 0.230
    },
    "www.opensourcecms.com": {
      "out": {
        "other": 3
      },
      "score": 0.230
    },
    "foresee.com.cn": {
      "out": {
        "other": 3
      },
      "score": 0.230
    },
    "isnoop.net": {
      "out": {
        "other": 3
      },
      "score": 0.230
    },
    "www.aypwip.org": {
      "out": {
        "other": 3
      },
      "score": 0.230
    },
    "www.catb.org": {
      "out": {
        "other": 3
      },
      "score": 0.230
    },
    "www.doblin.com": {
      "out": {
        "other": 3
      },
      "score": 0.230
    },
    "addons.mozilla.org": {
      "out": {
        "other": 3
      },
      "score": 0.230
    },
    "hwebbjr.typepad.com": {
      "out": {
        "other": 3
      },
      "score": 0.230
    },
    "popfile.sourceforge.net": {
      "out": {
        "other": 3
      },
      "score": 0.230
    },
    "www.methodize.org": {
      "out": {
        "other": 3
      },
      "score": 0.230
    },
    "www.oxymoronical.com": {
      "out": {
        "other": 3
      },
      "score": 0.230
    },
    "www.neuroinf.de": {
      "out": {
        "other": 3
      },
      "score": 0.230
    },
    "www.thefreedictionary.com": {
      "out": {
        "other": 3
      },
      "score": 0.230
    },
    "moodle.org": {
      "out": {
        "other": 3
      },
      "score": 0.230
    },
    "www.metawerx.net": {
      "out": {
        "other": 3
      },
      "score": 0.230
    },
    "www.axentric.com": {
      "out": {
        "other": 3
      },
      "score": 0.230
    },
    "www.mindretrieve.net": {
      "out": {
        "other": 3
      },
      "score": 0.230
    },
    "the.taoofmac.com": {
      "out": {
        "other": 3
      },
      "score": 0.230
    },
    "trimpath.com": {
      "out": {
        "other": 3
      },
      "score": 0.230
    },
    "www.chiark.greenend.org.uk": {
      "out": {
        "other": 3
      },
      "score": 0.230
    },
    "www.joshkaufman.net": {
      "out": {
        "other": 3
      },
      "score": 0.230
    },
    "www.mirc.com": {
      "out": {
        "other": 3
      },
      "score": 0.230
    },
    "www.thecoolhunter.net": {
      "out": {
        "other": 3
      },
      "score": 0.230
    },
    "jnn.dev.java.net": {
      "out": {
        "other": 3
      },
      "score": 0.230
    },
    "pasta.cantbedone.org": {
      "out": {
        "other": 3
      },
      "score": 0.230
    },
    "www.cnn.com": {
      "out": {
        "other": 3
      },
      "score": 0.230
    },
    "www.foxsdesign.com": {
      "out": {
        "other": 3
      },
      "score": 0.230
    },
    "www.amk.ca": {
      "out": {
        "other": 3
      },
      "score": 0.230
    },
    "www.crummy.com": {
      "out": {
        "other": 3
      },
      "score": 0.230
    },
    "www.shupp.org": {
      "out": {
        "other": 3
      },
      "score": 0.230
    },
    "www.textism.com": {
      "out": {
        "other": 3
      },
      "score": 0.230
    },
    "www.ferryhalim.com": {
      "out": {
        "other": 3
      },
      "score": 0.230
    },
    "pathological.sourceforge.net": {
      "out": {
        "other": 3
      },
      "score": 0.230
    },
    "veen.com": {
      "out": {
        "other": 3
      },
      "score": 0.230
    },
    "www.intranetjournal.com": {
      "out": {
        "other": 3
      },
      "score": 0.230
    },
    "www.linuxjournal.com": {
      "out": {
        "other": 3
      },
      "score": 0.230
    },
    "www.rexx.com": {
      "out": {
        "other": 3
      },
      "score": 0.230
    },
    "www.space.com": {
      "out": {
        "other": 3
      },
      "score": 0.230
    },
    "insom.me.uk": {
      "out": {
        "other": 3
      },
      "score": 0.230
    },
    "wikitravel.org": {
      "out": {
        "other": 3
      },
      "score": 0.230
    },
    "www.exit66.com": {
      "out": {
        "other": 3
      },
      "score": 0.230
    },
    "www.qca.cn": {
      "out": {
        "other": 3
      },
      "score": 0.230
    },
    "ootips.org": {
      "out": {
        "other": 3
      },
      "score": 0.230
    },
    "www.teledyn.com": {
      "out": {
        "other": 3
      },
      "score": 0.230
    },
    "www.yourhtmlsource.com": {
      "out": {
        "other": 3
      },
      "score": 0.230
    },
    "squirrelmail.org": {
      "out": {
        "other": 3
      },
      "score": 0.230
    },
    "lunar.anet.net.tw": {
      "out": {
        "other": 3
      },
      "score": 0.230
    },
    "pinvoke.net": {
      "out": {
        "other": 3
      },
      "score": 0.230
    },
    "www.headshift.com": {
      "out": {
        "other": 3
      },
      "score": 0.230
    },
    "www.shuku.net": {
      "out": {
        "other": 3
      },
      "score": 0.230
    },
    "www.xml.com": {
      "out": {
        "other": 3
      },
      "score": 0.230
    },
    "css.maxdesign.com.au": {
      "out": {
        "other": 3
      },
      "score": 0.230
    },
    "interconnected.org": {
      "out": {
        "other": 3
      },
      "score": 0.230
    },
    "meyerweb.com": {
      "out": {
        "other": 3
      },
      "score": 0.230
    },
    "dag.wieers.com": {
      "out": {
        "other": 3
      },
      "score": 0.230
    },
    "douweosinga.com": {
      "out": {
        "other": 3
      },
      "score": 0.230
    },
    "www.delphibbs.com": {
      "out": {
        "other": 3
      },
      "score": 0.230
    },
    "www.mplode.com": {
      "out": {
        "other": 3
      },
      "score": 0.230
    },
    "www.sysinternals.com": {
      "out": {
        "other": 3
      },
      "score": 0.230
    },
    "www.techsupportalert.com": {
      "out": {
        "other": 3
      },
      "score": 0.230
    },
    "jabber.au.edu": {
      "out": {
        "other": 3
      },
      "score": 0.230
    },
    "www.blogosphere.us": {
      "out": {
        "other": 3
      },
      "score": 0.230
    },
    "bluestyle.blog-city.com": {
      "out": {
        "other": 3
      },
      "score": 0.230
    },
    "shared.snapgrid.com": {
      "out": {
        "other": 3
      },
      "score": 0.230
    },
    "www.allconsuming.net": {
      "out": {
        "other": 3
      },
      "score": 0.230
    },
    "blog.timetide.net": {
      "out": {
        "other": 3
      },
      "score": 0.230
    },
    "freemind.sourceforge.net": {
      "out": {
        "other": 3
      },
      "score": 0.230
    },
    "twitter.com/tz |\n| png": {
      "out": {
        "other": 3
      },
      "score": 0.230
    },
    "www.atomintersoft.com": {
      "out": {
        "other": 3
      },
      "score": 0.230
    },
    "www.object-arts.com": {
      "out": {
        "other": 3
      },
      "score": 0.230
    },
    "www.precisejava.com": {
      "out": {
        "other": 3
      },
      "score": 0.230
    },
    "www.welie.com": {
      "out": {
        "other": 3
      },
      "score": 0.230
    },
    "homail.com": {
      "out": {
        "other": 2
      },
      "score": 0.179
    },
    "meta-time.com": {
      "out": {
        "other": 2
      },
      "score": 0.179
    },
    "openid.phpbb.cc": {
      "out": {
        "other": 2
      },
      "score": 0.179
    },
    "synergy2.sourceforge.net": {
      "out": {
        "other": 2
      },
      "score": 0.179
    },
    "www.37signals.com": {
      "out": {
        "other": 2
      },
      "score": 0.179
    },
    "www.boosman.com": {
      "out": {
        "other": 2
      },
      "score": 0.179
    },
    "www.longfocus.com": {
      "out": {
        "other": 2
      },
      "score": 0.179
    },
    "twitter.com/aleksoft": {
      "out": {
        "other": 2
      },
      "score": 0.179
    },
    "twitter.com/alouz": {
      "out": {
        "other": 2
      },
      "score": 0.179
    },
    "twitter.com/doubleleaf": {
      "out": {
        "other": 2
      },
      "score": 0.179
    },
    "web2wptheme.com": {
      "out": {
        "other": 2
      },
      "score": 0.179
    },
    "www.elearnspace.org": {
      "out": {
        "other": 2
      },
      "score": 0.179
    },
    "www.oreillynet.com": {
      "out": {
        "other": 2
      },
      "score": 0.179
    },
    "www.philringnalda.com": {
      "out": {
        "other": 2
      },
      "score": 0.179
    },
    "sourceforge.net": {
      "out": {
        "other": 2
      },
      "score": 0.179
    },
    "www.oc.org": {
      "out": {
        "other": 2
      },
      "score": 0.179
    },
    "juno.com": {
      "out": {
        "other": 2
      },
      "score": 0.179
    },
    "twitter.com/superacid": {
      "out": {
        "other": 2
      },
      "score": 0.179
    },
    "ffmpeg.mplayerhq.hu": {
      "out": {
        "other": 2
      },
      "score": 0.179
    },
    "miranda-icq.sourceforge.net": {
      "out": {
        "other": 2
      },
      "score": 0.179
    },
    "simpleisgood.org": {
      "out": {
        "other": 2
      },
      "score": 0.179
    },
    "twitter.com/tinyau": {
      "out": {
        "other": 2
      },
      "score": 0.179
    },
    "www.orgnet.com": {
      "out": {
        "other": 2
      },
      "score": 0.179
    },
    "www.putty.nl": {
      "out": {
        "other": 2
      },
      "score": 0.179
    },
    "addneditcookies.mozdev.org": {
      "out": {
        "other": 2
      },
      "score": 0.179
    },
    "blog.modim.cn": {
      "out": {
        "other": 2
      },
      "score": 0.179
    },
    "twitter.com/ |\n| png": {
      "out": {
        "other": 2
      },
      "score": 0.179
    },
    "mac.com": {
      "out": {
        "other": 2
      },
      "score": 0.179
    },
    "sial.org": {
      "out": {
        "other": 2
      },
      "score": 0.179
    },
    "twitter.com/nephee": {
      "out": {
        "other": 2
      },
      "score": 0.179
    },
    "www.yole.ru": {
      "out": {
        "other": 2
      },
      "score": 0.179
    },
    "bbs.blueidea.com": {
      "out": {
        "other": 2
      },
      "score": 0.179
    },
    "netmesh.org": {
      "out": {
        "other": 2
      },
      "score": 0.179
    },
    "vocab.pub.getty.edu": {
      "out": {
        "other": 2
      },
      "score": 0.179
    },
    "www.highrisehq.com": {
      "out": {
        "other": 2
      },
      "score": 0.179
    },
    "www.launchy.net": {
      "out": {
        "other": 2
      },
      "score": 0.179
    },
    "www.twitter.com |\n| png": {
      "out": {
        "other": 2
      },
      "score": 0.179
    },
    "drupalcampshanghai.org": {
      "out": {
        "other": 2
      },
      "score": 0.179
    },
    "lukearno.com": {
      "out": {
        "other": 2
      },
      "score": 0.179
    },
    "tmp.garyr.net": {
      "out": {
        "other": 2
      },
      "score": 0.179
    },
    "www.blueidea.com": {
      "out": {
        "other": 2
      },
      "score": 0.179
    },
    "www.footbig.com": {
      "out": {
        "other": 2
      },
      "score": 0.179
    },
    "xuerchen.com": {
      "out": {
        "other": 2
      },
      "score": 0.179
    },
    "twitter.com/aluoz": {
      "out": {
        "other": 2
      },
      "score": 0.179
    },
    "code.cactuswax.net": {
      "out": {
        "other": 2
      },
      "score": 0.179
    },
    "wiki.splitbrain.org": {
      "out": {
        "other": 2
      },
      "score": 0.179
    },
    "www.ruihehang.com": {
      "out": {
        "other": 2
      },
      "score": 0.179
    },
    "twitter.com/Jimsang": {
      "out": {
        "other": 2
      },
      "score": 0.179
    },
    "twitter.com/dreamwords": {
      "out": {
        "other": 2
      },
      "score": 0.179
    },
    "willnorris.com": {
      "out": {
        "other": 2
      },
      "score": 0.179
    },
    "www.donews.net": {
      "out": {
        "other": 2
      },
      "score": 0.179
    },
    "www.sesawe.net": {
      "out": {
        "other": 2
      },
      "score": 0.179
    },
    "blog.vista.tw": {
      "out": {
        "other": 2
      },
      "score": 0.179
    },
    "bgbg.blogspot.com": {
      "out": {
        "other": 2
      },
      "score": 0.179
    },
    "metamark.net": {
      "out": {
        "other": 2
      },
      "score": 0.179
    },
    "userstyles.org": {
      "out": {
        "other": 2
      },
      "score": 0.179
    },
    "jiblog.jiruan.net": {
      "out": {
        "other": 2
      },
      "score": 0.179
    },
    "twitter.com/alexsoft": {
      "out": {
        "other": 2
      },
      "score": 0.179
    },
    "www.geocities.com": {
      "out": {
        "other": 2
      },
      "score": 0.179
    },
    "software.twotoasts.de": {
      "out": {
        "other": 2
      },
      "score": 0.179
    },
    "story.news.yahoo.com": {
      "out": {
        "other": 2
      },
      "score": 0.179
    },
    "forum.slicehost.com": {
      "out": {
        "other": 2
      },
      "score": 0.179
    },
    "rogers.com": {
      "out": {
        "other": 2
      },
      "score": 0.179
    },
    "scriptingnews.userland.com": {
      "out": {
        "other": 2
      },
      "score": 0.179
    },
    "twitter.com/QienKuen": {
      "out": {
        "other": 2
      },
      "score": 0.179
    },
    "twitter.com/popoever": {
      "out": {
        "other": 2
      },
      "score": 0.179
    },
    "www.8box.com": {
      "out": {
        "other": 2
      },
      "score": 0.179
    },
    "www.opera.com": {
      "out": {
        "other": 2
      },
      "score": 0.179
    },
    "radar.oreilly.com": {
      "out": {
        "other": 2
      },
      "score": 0.179
    },
    "shipit.ubuntu.com": {
      "out": {
        "other": 2
      },
      "score": 0.179
    },
    "earthlink.net": {
      "out": {
        "other": 2
      },
      "score": 0.179
    },
    "http": {
      "out": {
        "other": 2
      },
      "score": 0.179
    },
    "twitter.com/quanmengli": {
      "out": {
        "other": 2
      },
      "score": 0.179
    },
    "www.openldap.com": {
      "out": {
        "other": 2
      },
      "score": 0.179
    },
    "www.osafoundation.org": {
      "out": {
        "other": 2
      },
      "score": 0.179
    },
    "yahoo.co.uk": {
      "out": {
        "other": 2
      },
      "score": 0.179
    },
    "linuxmafia.com": {
      "out": {
        "other": 2
      },
      "score": 0.179
    },
    "rss.com.com": {
      "out": {
        "other": 2
      },
      "score": 0.179
    },
    "www.cutemenuproject.com": {
      "out": {
        "other": 2
      },
      "score": 0.179
    },
    "twitter.com/ahbei": {
      "out": {
        "other": 2
      },
      "score": 0.179
    },
    "twitter.com/piggybox": {
      "out": {
        "other": 2
      },
      "score": 0.179
    },
    "woooh.com": {
      "out": {
        "other": 2
      },
      "score": 0.179
    },
    "www.appinn.com": {
      "out": {
        "other": 2
      },
      "score": 0.179
    },
    "www.sitemeter.com": {
      "out": {
        "other": 2
      },
      "score": 0.179
    },
    "tools.rosinstrument.com": {
      "out": {
        "other": 2
      },
      "score": 0.179
    },
    "twitter.com/lonsonlo": {
      "out": {
        "other": 2
      },
      "score": 0.179
    },
    "www.yobo.com,": {
      "out": {
        "other": 2
      },
      "score": 0.179
    },
    "moin.sourceforge.net": {
      "out": {
        "other": 2
      },
      "score": 0.179
    },
    "searchjob.chinahr.com": {
      "out": {
        "other": 2
      },
      "score": 0.179
    },
    "www.longtail.com": {
      "out": {
        "other": 2
      },
      "score": 0.179
    },
    "www.china.org.cn": {
      "out": {
        "other": 2
      },
      "score": 0.179
    },
    "www.skype.com": {
      "out": {
        "other": 2
      },
      "score": 0.179
    },
    "support.microsoft.com": {
      "out": {
        "other": 2
      },
      "score": 0.179
    },
    "xrl.us": {
      "out": {
        "other": 2
      },
      "score": 0.179
    },
    "docs.google.com": {
      "out": {
        "other": 2
      },
      "score": 0.179
    },
    "filehippo.com": {
      "out": {
        "other": 2
      },
      "score": 0.179
    },
    "twitter.com/sidekickick": {
      "out": {
        "other": 2
      },
      "score": 0.179
    },
    "www.othermedia.com": {
      "out": {
        "other": 2
      },
      "score": 0.179
    },
    "www.socialbrain.org": {
      "out": {
        "other": 2
      },
      "score": 0.179
    },
    "yupoo.com": {
      "out": {
        "other": 2
      },
      "score": 0.179
    },
    "www.cnbloggercon.org": {
      "out": {
        "other": 2
      },
      "score": 0.179
    },
    "www.haloscan.com": {
      "out": {
        "other": 2
      },
      "score": 0.179
    },
    "www.techcrunch.com": {
      "out": {
        "other": 2
      },
      "score": 0.179
    },
    "blog.seehaha.com": {
      "out": {
        "other": 2
      },
      "score": 0.179
    },
    "picasaweb.google.com": {
      "out": {
        "other": 2
      },
      "score": 0.179
    },
    "www.aaronsw.com": {
      "out": {
        "other": 2
      },
      "score": 0.179
    },
    "git.or.cz": {
      "out": {
        "other": 2
      },
      "score": 0.179
    },
    "www.quzhai.com": {
      "out": {
        "other": 2
      },
      "score": 0.179
    },
    "paul.caffeinatedbliss.com": {
      "out": {
        "other": 2
      },
      "score": 0.179
    },
    "twitter.com/cnbloggercon": {
      "out": {
        "other": 2
      },
      "score": 0.179
    },
    "www.simpleisgood.org": {
      "out": {
        "other": 2
      },
      "score": 0.179
    },
    "amb.vis.ne.jp": {
      "out": {
        "other": 2
      },
      "score": 0.179
    },
    "chrispederick.com": {
      "out": {
        "other": 2
      },
      "score": 0.179
    },
    "getfirebug.com": {
      "out": {
        "other": 2
      },
      "score": 0.179
    },
    "livid.cn": {
      "out": {
        "other": 2
      },
      "score": 0.179
    },
    "twitter.com/KaurJmeb": {
      "out": {
        "other": 2
      },
      "score": 0.179
    },
    "weblog.infoworld.com": {
      "out": {
        "other": 2
      },
      "score": 0.179
    },
    "wiki.dreamhost.com": {
      "out": {
        "other": 2
      },
      "score": 0.179
    },
    "www.icebin.net": {
      "out": {
        "other": 2
      },
      "score": 0.179
    },
    "www.sqlalchemy.org": {
      "out": {
        "other": 2
      },
      "score": 0.179
    },
    "www.time.com": {
      "out": {
        "other": 2
      },
      "score": 0.179
    },
    "www.compkarori.com": {
      "out": {
        "other": 2
      },
      "score": 0.179
    },
    "www.fivesight.com": {
      "out": {
        "other": 2
      },
      "score": 0.179
    },
    "yahoo.com.cn": {
      "out": {
        "other": 2
      },
      "score": 0.179
    },
    "www.kid-templating.org": {
      "out": {
        "other": 2
      },
      "score": 0.179
    },
    "37signal.com": {
      "out": {
        "other": 2
      },
      "score": 0.179
    },
    "google.blogspot.com": {
      "out": {
        "other": 2
      },
      "score": 0.179
    },
    "twitter.com/m |\n| png": {
      "out": {
        "other": 2
      },
      "score": 0.179
    },
    "www.anothr.com": {
      "out": {
        "other": 2
      },
      "score": 0.179
    },
    "www.macports.org": {
      "out": {
        "other": 2
      },
      "score": 0.179
    },
    "www.pycs.net": {
      "out": {
        "other": 2
      },
      "score": 0.179
    },
    "twitter.com/erning": {
      "out": {
        "other": 2
      },
      "score": 0.179
    },
    "twitter.com/makzhou": {
      "out": {
        "other": 2
      },
      "score": 0.179
    },
    "www.noscope.com": {
      "out": {
        "other": 2
      },
      "score": 0.179
    },
    "www.openidenabled.com": {
      "out": {
        "other": 2
      },
      "score": 0.179
    },
    "blog.verselogic.net": {
      "out": {
        "other": 2
      },
      "score": 0.179
    },
    "ritz.163.net": {
      "out": {
        "other": 2
      },
      "score": 0.179
    },
    "www.gnu.org": {
      "out": {
        "other": 2
      },
      "score": 0.179
    },
    "www.linuxsir.org": {
      "out": {
        "other": 2
      },
      "score": 0.179
    },
    "twitter.com/limodou": {
      "out": {
        "other": 2
      },
      "score": 0.179
    },
    "twitter.com/marchliu": {
      "out": {
        "other": 2
      },
      "score": 0.179
    },
    "www.royalshi.com": {
      "out": {
        "other": 2
      },
      "score": 0.179
    },
    "asg.web.cmu.edu": {
      "out": {
        "other": 2
      },
      "score": 0.179
    },
    "www.versiontracker.com": {
      "out": {
        "other": 2
      },
      "score": 0.179
    },
    "in.comengo.net": {
      "out": {
        "other": 2
      },
      "score": 0.179
    },
    "www.splitbrain.org": {
      "out": {
        "other": 2
      },
      "score": 0.179
    },
    "www.yining.org": {
      "out": {
        "other": 2
      },
      "score": 0.179
    },
    "noscript.net": {
      "out": {
        "other": 2
      },
      "score": 0.179
    },
    "pypi.python.org": {
      "out": {
        "other": 2
      },
      "score": 0.179
    },
    "www.todou.com": {
      "out": {
        "other": 2
      },
      "score": 0.179
    },
    "www.yupoo.com": {
      "out": {
        "other": 2
      },
      "score": 0.179
    },
    "twitter.com/lonsolo": {
      "out": {
        "other": 2
      },
      "score": 0.179
    },
    "www.hackdiary.com": {
      "out": {
        "other": 2
      },
      "score": 0.179
    },
    "blogs.salon.com": {
      "out": {
        "other": 2
      },
      "score": 0.179
    },
    "googleblog.blogspot.com": {
      "out": {
        "other": 2
      },
      "score": 0.179
    },
    "www.thisislondon.com": {
      "out": {
        "other": 2
      },
      "score": 0.179
    },
    "www.wsgi.org": {
      "out": {
        "other": 2
      },
      "score": 0.179
    },
    "twitter.com/NanYang": {
      "out": {
        "other": 2
      },
      "score": 0.179
    },
    "www.mrtech.com": {
      "out": {
        "other": 2
      },
      "score": 0.179
    },
    "twitter.com/home": {
      "out": {
        "other": 2
      },
      "score": 0.179
    },
    "twitter.com/robinwang": {
      "out": {
        "other": 2
      },
      "score": 0.179
    },
    "www.flashget.com": {
      "out": {
        "other": 2
      },
      "score": 0.179
    },
    "Boob.com": {
      "out": {
        "other": 1
      },
      "score": 0.0891
    },
    "india.com": {
      "out": {
        "other": 1
      },
      "score": 0.0891
    },
    "metrokc.gov": {
      "out": {
        "other": 1
      },
      "score": 0.0891
    },
    "city.fi": {
      "out": {
        "other": 1
      },
      "score": 0.0891
    },
    "mail.com": {
      "out": {
        "other": 1
      },
      "score": 0.0891
    },
    "plato.com": {
      "out": {
        "other": 1
      },
      "score": 0.0891
    },
    "ringmind.com": {
      "out": {
        "other": 1
      },
      "score": 0.0891
    },
    "titi.com": {
      "out": {
        "other": 1
      },
      "score": 0.0891
    },
    "twitter.com/CatChen": {
      "out": {
        "other": 1
      },
      "score": 0.0891
    },
    "www.gtdgmail.com": {
      "out": {
        "other": 1
      },
      "score": 0.0891
    },
    "www.iosart.com": {
      "out": {
        "other": 1
      },
      "score": 0.0891
    },
    "hotpop.com": {
      "out": {
        "other": 1
      },
      "score": 0.0891
    },
    "www.chedong.com": {
      "out": {
        "other": 1
      },
      "score": 0.0891
    },
    "twitter.com/mijia": {
      "out": {
        "other": 1
      },
      "score": 0.0891
    },
    "flashgot.net": {
      "out": {
        "other": 1
      },
      "score": 0.0891
    },
    "in.gr": {
      "out": {
        "other": 1
      },
      "score": 0.0891
    },
    "lamcmurtry.com": {
      "out": {
        "other": 1
      },
      "score": 0.0891
    },
    "netzero.net": {
      "out": {
        "other": 1
      },
      "score": 0.0891
    },
    "yahoo.it": {
      "out": {
        "other": 1
      },
      "score": 0.0891
    },
    "delicious.mozdev.org": {
      "out": {
        "other": 1
      },
      "score": 0.0891
    },
    "idproxy.net": {
      "out": {
        "other": 1
      },
      "score": 0.0891
    },
    "iname.com": {
      "out": {
        "other": 1
      },
      "score": 0.0891
    },
    "metnet.edu": {
      "out": {
        "other": 1
      },
      "score": 0.0891
    },
    "notmail.com": {
      "out": {
        "other": 1
      },
      "score": 0.0891
    },
    "yandex.ru": {
      "out": {
        "other": 1
      },
      "score": 0.0891
    },
    "twitter.com/awflasher": {
      "out": {
        "other": 1
      },
      "score": 0.0891
    },
    "beer.com": {
      "out": {
        "other": 1
      },
      "score": 0.0891
    },
    "hku.hk": {
      "out": {
        "other": 1
      },
      "score": 0.0891
    },
    "io.brucewang.net": {
      "out": {
        "other": 1
      },
      "score": 0.0891
    },
    "pcao.pima.gov": {
      "out": {
        "other": 1
      },
      "score": 0.0891
    },
    "south.com": {
      "out": {
        "other": 1
      },
      "score": 0.0891
    },
    "twitter.com/chia |\n| png": {
      "out": {
        "other": 1
      },
      "score": 0.0891
    },
    "twitter.com/chiao": {
      "out": {
        "other": 1
      },
      "score": 0.0891
    },
    "morphis.eu.org": {
      "out": {
        "other": 1
      },
      "score": 0.0891
    },
    "twitter.com/nu |\n|                                      | mber5": {
      "out": {
        "other": 1
      },
      "score": 0.0891
    },
    "yahoo.ca": {
      "out": {
        "other": 1
      },
      "score": 0.0891
    },
    "yahoo.com.hk": {
      "out": {
        "other": 1
      },
      "score": 0.0891
    },
    "piki.org": {
      "out": {
        "other": 1
      },
      "score": 0.0891
    },
    "student.estg.ipleiria.pt": {
      "out": {
        "other": 1
      },
      "score": 0.0891
    },
    "www.epigoon.com": {
      "out": {
        "other": 1
      },
      "score": 0.0891
    },
    "flickr.com": {
      "out": {
        "other": 1
      },
      "score": 0.0891
    },
    "inspire.net.nz": {
      "out": {
        "other": 1
      },
      "score": 0.0891
    },
    "news.163.com": {
      "out": {
        "other": 1
      },
      "score": 0.0891
    },
    "631.com": {
      "out": {
        "other": 1
      },
      "score": 0.0891
    },
    "creativecommons.org": {
      "out": {
        "other": 1
      },
      "score": 0.0891
    },
    "ntlworld.com": {
      "out": {
        "other": 1
      },
      "score": 0.0891
    },
    "www.borngeek.com": {
      "out": {
        "other": 1
      },
      "score": 0.0891
    },
    "azertyskin.free.fr": {
      "out": {
        "other": 1
      },
      "score": 0.0891
    },
    "webdesigns.ms11.net": {
      "out": {
        "other": 1
      },
      "score": 0.0891
    },
    "www.kevinfreitas.net": {
      "out": {
        "other": 1
      },
      "score": 0.0891
    },
    "www.pdfdownload.org": {
      "out": {
        "other": 1
      },
      "score": 0.0891
    },
    "washcoll.edu": {
      "out": {
        "other": 1
      },
      "score": 0.0891
    },
    "rediff.com": {
      "out": {
        "other": 1
      },
      "score": 0.0891
    },
    "www.cnblogs.com": {
      "out": {
        "other": 1
      },
      "score": 0.0891
    },
    "www.informatik.uni-oldenburg.de": {
      "out": {
        "other": 1
      },
      "score": 0.0891
    },
    "bellsouth.net": {
      "out": {
        "other": 1
      },
      "score": 0.0891
    },
    "cal.edu": {
      "out": {
        "other": 1
      },
      "score": 0.0891
    },
    "www.cloudflare.com": {
      "out": {
        "other": 1
      },
      "score": 0.0891
    },
    "twitter.com/Ca |\n|                                      | tChen": {
      "out": {
        "other": 1
      },
      "score": 0.0891
    },
    "wmlbrowser.mozdev.org": {
      "out": {
        "other": 1
      },
      "score": 0.0891
    },
    "hkjhk.com": {
      "out": {
        "other": 1
      },
      "score": 0.0891
    },
    "indiana.edu": {
      "out": {
        "other": 1
      },
      "score": 0.0891
    },
    "spamgourmet.com": {
      "out": {
        "other": 1
      },
      "score": 0.0891
    },
    "twitter.com/fly |\n| png": {
      "out": {
        "other": 1
      },
      "score": 0.0891
    },
    "wherever.com": {
      "out": {
        "other": 1
      },
      "score": 0.0891
    },
    "jennifermadden.com": {
      "out": {
        "other": 1
      },
      "score": 0.0891
    },
    "xmsg.com": {
      "out": {
        "other": 1
      },
      "score": 0.0891
    },
    "yahoodot.com": {
      "out": {
        "other": 1
      },
      "score": 0.0891
    },
    "homtail.com": {
      "out": {
        "other": 1
      },
      "score": 0.0891
    },
    "skrewu.com": {
      "out": {
        "other": 1
      },
      "score": 0.0891
    },
    "twitter.com/babechloe": {
      "out": {
        "other": 1
      },
      "score": 0.0891
    },
    "ietab.mozdev.org": {
      "out": {
        "other": 1
      },
      "score": 0.0891
    },
    "pearlcrescent.com": {
      "out": {
        "other": 1
      },
      "score": 0.0891
    },
    "postmark.net": {
      "out": {
        "other": 1
      },
      "score": 0.0891
    },
    "felipe.wordpress.com": {
      "out": {
        "other": 1
      },
      "score": 0.0891
    },
    "hohn.co": {
      "out": {
        "other": 1
      },
      "score": 0.0891
    },
    "seasons.blogone.net": {
      "out": {
        "other": 1
      },
      "score": 0.0891
    },
    "siriux.net": {
      "out": {
        "other": 1
      },
      "score": 0.0891
    },
    "web.archive.org": {
      "out": {
        "other": 1
      },
      "score": 0.0891
    },
    "aur.archlinux.org": {
      "out": {
        "other": 1
      },
      "score": 0.0891
    },
    "host.com": {
      "out": {
        "other": 1
      },
      "score": 0.0891
    },
    "totallyok.com": {
      "out": {
        "other": 1
      },
      "score": 0.0891
    },
    "YAHOO.COM": {
      "out": {
        "other": 1
      },
      "score": 0.0891
    },
    "geourl.org": {
      "out": {
        "other": 1
      },
      "score": 0.0891
    },
    "greenerpastures.com": {
      "out": {
        "other": 1
      },
      "score": 0.0891
    },
    "mchsi.com": {
      "out": {
        "other": 1
      },
      "score": 0.0891
    },
    "mustangs.com": {
      "out": {
        "other": 1
      },
      "score": 0.0891
    },
    "MOSSY.COM": {
      "out": {
        "other": 1
      },
      "score": 0.0891
    },
    "signature.mozdev.org": {
      "out": {
        "other": 1
      },
      "score": 0.0891
    },
    "tylerknight.com": {
      "out": {
        "other": 1
      },
      "score": 0.0891
    },
    "developer.yahoo.com": {
      "out": {
        "other": 1
      },
      "score": 0.0891
    },
    "heybeauty.com": {
      "out": {
        "other": 1
      },
      "score": 0.0891
    },
    "twitter.com/bi |\n| png": {
      "out": {
        "other": 1
      },
      "score": 0.0891
    },
    "www.getfirebug.com": {
      "out": {
        "other": 1
      },
      "score": 0.0891
    },
    "tickle.com": {
      "out": {
        "other": 1
      },
      "score": 0.0891
    },
    "wiki.mozilla.org": {
      "out": {
        "other": 1
      },
      "score": 0.0891
    },
    "www.joehewitt.com": {
      "out": {
        "other": 1
      },
      "score": 0.0891
    },
    "yahoo.co.in": {
      "out": {
        "other": 1
      },
      "score": 0.0891
    },
    "NOSPAM.com": {
      "out": {
        "other": 1
      },
      "score": 0.0891
    },
    "downthemall.net": {
      "out": {
        "other": 1
      },
      "score": 0.0891
    },
    "twitter.com/miji |\n| png": {
      "out": {
        "other": 1
      },
      "score": 0.0891
    },
    "www.milowski.com": {
      "out": {
        "other": 1
      },
      "score": 0.0891
    },
    "livehttpheaders.mozdev.org": {
      "out": {
        "other": 1
      },
      "score": 0.0891
    },
    "reddit.com": {
      "out": {
        "other": 1
      },
      "score": 0.0891
    },
    "safeco.com": {
      "out": {
        "other": 1
      },
      "score": 0.0891
    },
    "talk21.com": {
      "out": {
        "other": 1
      },
      "score": 0.0891
    },
    "northerninsider.com": {
      "out": {
        "other": 1
      },
      "score": 0.0891
    },
    "speedbump.ws": {
      "out": {
        "other": 1
      },
      "score": 0.0891
    },
    "therightdjs.com": {
      "out": {
        "other": 1
      },
      "score": 0.0891
    },
    "www.charamel.ca": {
      "out": {
        "other": 1
      },
      "score": 0.0891
    },
    "www.twitter ...<": {
      "out": {
        "other": 1
      },
      "score": 0.0891
    },
    "cox.net": {
      "out": {
        "other": 1
      },
      "score": 0.0891
    },
    "despammed.com": {
      "out": {
        "other": 1
      },
      "score": 0.0891
    },
    "mindspring.com": {
      "out": {
        "other": 1
      },
      "score": 0.0891
    },
    "woeijoaj.com": {
      "out": {
        "other": 1
      },
      "score": 0.0891
    },
    "www.janodvarko.cz": {
      "out": {
        "other": 1
      },
      "score": 0.0891
    },
    "delicious.com": {
      "out": {
        "other": 1
      },
      "score": 0.0891
    },
    "www.blogmanno.com": {
      "out": {
        "other": 1
      },
      "score": 0.0891
    },
    "www.rememberthemilk.com": {
      "out": {
        "other": 1
      },
      "score": 0.0891
    },
    "bit.ly": {
      "out": {
        "other": 1
      },
      "score": 0.0891
    },
    "ginatrapani.org": {
      "out": {
        "other": 1
      },
      "score": 0.0891
    },
    "supereva.it": {
      "out": {
        "other": 1
      },
      "score": 0.0891
    },
    "douban.com": {
      "out": {
        "other": 1
      },
      "score": 0.0891
    },
    "english-38360643731.spampoison.com": {
      "out": {
        "other": 1
      },
      "score": 0.0891
    },
    "trac-hacks.org": {
      "out": {
        "other": 1
      },
      "score": 0.0891
    },
    "dsl.pipex.com": {
      "out": {
        "other": 1
      },
      "score": 0.0891
    },
    "hzbook.com": {
      "out": {
        "other": 1
      },
      "score": 0.0891
    },
    "www.openqa.org": {
      "out": {
        "other": 1
      },
      "score": 0.0891
    },
    "nymo.us": {
      "out": {
        "other": 1
      },
      "score": 0.0891
    },
    "brucewang.net |\n|                                      |": {
      "out": {
        "other": 1
      },
      "score": 0.0891
    },
    "forecastfox.mozdev.org": {
      "out": {
        "other": 1
      },
      "score": 0.0891
    },
    "www.bloglines.com": {
      "out": {
        "other": 1
      },
      "score": 0.0891
    },
    "yahoo.es": {
      "out": {
        "other": 1
      },
      "score": 0.0891
    },
    "www.pixelperfectplugin.com": {
      "out": {
        "other": 1
      },
      "score": 0.0891
    },
    "anon.net": {
      "out": {
        "other": 1
      },
      "score": 0.0891
    },
    "yorku.ca": {
      "out": {
        "other": 1
      },
      "score": 0.0891
    },
    "www.toolshed.com": {
      "out": {
        "other": 1
      },
      "score": 0.0891
    },
    "onemain.com": {
      "out": {
        "other": 1
      },
      "score": 0.0891
    },
    "twitter.com/billdng": {
      "out": {
        "other": 1
      },
      "score": 0.0891
    },
    "www.firephp.org": {
      "out": {
        "other": 1
      },
      "score": 0.0891
    },
    "HOTMAIL.COM": {
      "out": {
        "other": 1
      },
      "score": 0.0891
    },
    "greasemonkey.mozdev.org": {
      "out": {
        "other": 1
      },
      "score": 0.0891
    },
    "czechmate.f-m.fm": {
      "out": {
        "other": 1
      },
      "score": 0.0891
    },
    "neb.rr.com": {
      "out": {
        "other": 1
      },
      "score": 0.0891
    },
    "psualum.com": {
      "out": {
        "other": 1
      },
      "score": 0.0891
    },
    "www.greasespot.net": {
      "out": {
        "other": 1
      },
      "score": 0.0891
    },
    "isaacmao.com": {
      "in": {
        "other": 2
      },
      "score": 0.0891
    },
    "eftel.net.au": {
      "out": {
        "other": 1
      },
      "score": 0.0891
    },
    "nbnet.nb.ca": {
      "out": {
        "other": 1
      },
      "score": 0.0891
    },
    "www.webether.com": {
      "out": {
        "other": 1
      },
      "score": 0.0891
    }
  }
}