{
  "domain": "brynnevans.com",
  "urls": [
    "http://brynnevans.com/about"
  ],
  "names": [
    "Brynn Evans",
    "About Brynn - Brynn Evans"
  ],
  "descriptions": [
    "Brynn is an user experience designer at Google, 7th-generation Californian, and Stanford alum. Follow her on twitter at @brynn.\r\n"
  ],
  "pictures": [
    "http://media.virbcdn.com/cdn_images/crop_48x48/b2/default_site_icon.png"
  ],
  "hcard": {},
  "rel_mes": [],
  "crawl_start": "2017-06-09T17:34:19",
  "crawl_end": "2017-06-09T17:38:52",
  "num_pages": 321,
  "total_html_size": 11661741,
  "servers": [
    "Virb <3's You!"
  ],
  "tags": [],
  "endpoints": {},
  "links_out": 3545,
  "links_in": 8,
  "links": {
    "twitter.com/brynn": {
      "out": {
        "other": 326
      },
      "score": 1
    },
    "www.linkedin.com": {
      "out": {
        "other": 322
      },
      "score": 0.998
    },
    "facebook.com/brynnevans": {
      "out": {
        "other": 320
      },
      "score": 0.997
    },
    "instagram.com": {
      "out": {
        "other": 320
      },
      "score": 0.997
    },
    "www.slideshare.net": {
      "out": {
        "other": 67
      },
      "score": 0.756
    },
    "ma.gnolia.com": {
      "out": {
        "other": 64
      },
      "score": 0.748
    },
    "www.diigo.com": {
      "out": {
        "other": 64
      },
      "score": 0.748
    },
    "www.readwriteweb.com": {
      "out": {
        "other": 48
      },
      "score": 0.704
    },
    "www.flickr.com": {
      "out": {
        "other": 48
      },
      "score": 0.704
    },
    "vimeo.com": {
      "out": {
        "other": 47
      },
      "score": 0.701
    },
    "www.amazon.com": {
      "out": {
        "other": 34
      },
      "score": 0.651
    },
    "factoryjoe.com": {
      "out": {
        "other": 26
      },
      "score": 0.610
    },
    "twitter.com": {
      "out": {
        "other": 26
      },
      "score": 0.610
    },
    "tagcrowd.com": {
      "out": {
        "other": 24
      },
      "score": 0.597
    },
    "www.theonion.com": {
      "out": {
        "other": 22
      },
      "score": 0.583
    },
    "www.codinghorror.com": {
      "out": {
        "other": 22
      },
      "score": 0.583
    },
    "dsc.discovery.com": {
      "out": {
        "other": 22
      },
      "score": 0.583
    },
    "boltpeters.com": {
      "out": {
        "other": 21
      },
      "score": 0.577
    },
    "www.scribd.com": {
      "out": {
        "other": 20
      },
      "score": 0.569
    },
    "infosthetics.com": {
      "out": {
        "other": 20
      },
      "score": 0.569
    },
    "www.washingtonpost.com": {
      "out": {
        "other": 20
      },
      "score": 0.569
    },
    "www.hit-builder.com": {
      "out": {
        "other": 18
      },
      "score": 0.552
    },
    "peer-see.com": {
      "out": {
        "other": 18
      },
      "score": 0.552
    },
    "make3d.stanford.edu": {
      "out": {
        "other": 18
      },
      "score": 0.552
    },
    "www.publicsentiment.net": {
      "out": {
        "other": 16
      },
      "score": 0.535
    },
    "en.wikipedia.org": {
      "out": {
        "other": 16
      },
      "score": 0.535
    },
    "www.nytimes.com": {
      "out": {
        "other": 16
      },
      "score": 0.535
    },
    "news-service.stanford.edu": {
      "out": {
        "other": 14
      },
      "score": 0.514
    },
    "books.infotoday.com": {
      "out": {
        "other": 14
      },
      "score": 0.514
    },
    "schedule.sxsw.com": {
      "out": {
        "other": 14
      },
      "score": 0.514
    },
    "scribd.com": {
      "out": {
        "other": 12
      },
      "score": 0.491
    },
    "twitter.com/newhighscore": {
      "out": {
        "other": 12
      },
      "score": 0.491
    },
    "www.sfgate.com": {
      "out": {
        "other": 12
      },
      "score": 0.491
    },
    "tibetantailor.com": {
      "out": {
        "other": 12
      },
      "score": 0.491
    },
    "theoverlap.org": {
      "out": {
        "other": 12
      },
      "score": 0.491
    },
    "vark.com": {
      "out": {
        "other": 12
      },
      "score": 0.491
    },
    "googleblog.blogspot.com": {
      "out": {
        "other": 12
      },
      "score": 0.491
    },
    "www-users.cs.umn.edu": {
      "out": {
        "other": 12
      },
      "score": 0.491
    },
    "asc-parc.blogspot.com": {
      "out": {
        "other": 11
      },
      "score": 0.477
    },
    "bit.ly": {
      "out": {
        "other": 11
      },
      "score": 0.477
    },
    "sxsw.com": {
      "out": {
        "other": 10
      },
      "score": 0.463
    },
    "www.techcrunch.com": {
      "out": {
        "other": 10
      },
      "score": 0.463
    },
    "hci.ucsd.edu": {
      "out": {
        "other": 10
      },
      "score": 0.463
    },
    "s3.jeremybanks.ca": {
      "out": {
        "other": 10
      },
      "score": 0.463
    },
    "www.myfarmsf.com": {
      "out": {
        "other": 10
      },
      "score": 0.463
    },
    "thebetacup.com": {
      "out": {
        "other": 10
      },
      "score": 0.463
    },
    "friendfeed.com": {
      "out": {
        "other": 10
      },
      "score": 0.463
    },
    "gostanford.cstv.com": {
      "out": {
        "other": 10
      },
      "score": 0.463
    },
    "www.google.com": {
      "out": {
        "other": 9
      },
      "score": 0.446
    },
    "dl.dropboxusercontent.com": {
      "out": {
        "other": 9
      },
      "score": 0.446
    },
    "sketchcamp.com": {
      "out": {
        "other": 9
      },
      "score": 0.446
    },
    "www.vimeo.com": {
      "out": {
        "other": 9
      },
      "score": 0.446
    },
    "tr.im": {
      "out": {
        "other": 8
      },
      "score": 0.427
    },
    "mentor.sxsw.com": {
      "out": {
        "other": 8
      },
      "score": 0.427
    },
    "www.signonsandiego.com": {
      "out": {
        "other": 8
      },
      "score": 0.427
    },
    "designcaffeine.com": {
      "out": {
        "other": 8
      },
      "score": 0.427
    },
    "drawcamp.net": {
      "out": {
        "other": 8
      },
      "score": 0.427
    },
    "twitter.com/fred_beecher": {
      "out": {
        "other": 8
      },
      "score": 0.427
    },
    "oneriot.com": {
      "out": {
        "other": 8
      },
      "score": 0.427
    },
    "www.news.com": {
      "out": {
        "other": 8
      },
      "score": 0.427
    },
    "gravity7.com": {
      "out": {
        "other": 8
      },
      "score": 0.427
    },
    "web.mac.com": {
      "out": {
        "other": 8
      },
      "score": 0.427
    },
    "socialsear.ch": {
      "out": {
        "other": 8
      },
      "score": 0.427
    },
    "radiussf.com": {
      "out": {
        "other": 8
      },
      "score": 0.427
    },
    "edchi.blogspot.com": {
      "out": {
        "other": 8
      },
      "score": 0.427
    },
    "twitter.com/russu": {
      "out": {
        "other": 8
      },
      "score": 0.427
    },
    "gmail.com": {
      "out": {
        "other": 8
      },
      "score": 0.427
    },
    "twitter.com/ixdiego": {
      "out": {
        "other": 8
      },
      "score": 0.427
    },
    "storiesoveracuppa.blogspot.com": {
      "out": {
        "other": 6
      },
      "score": 0.383
    },
    "www.reboot.dk": {
      "out": {
        "other": 6
      },
      "score": 0.383
    },
    "mymilemarker.com": {
      "out": {
        "other": 6
      },
      "score": 0.383
    },
    "snowedin.net": {
      "out": {
        "other": 6
      },
      "score": 0.383
    },
    "squareup.com": {
      "out": {
        "other": 6
      },
      "score": 0.383
    },
    "www.cambridge.org": {
      "out": {
        "other": 6
      },
      "score": 0.383
    },
    "panelpicker.sxsw.com": {
      "out": {
        "other": 6
      },
      "score": 0.383
    },
    "maps.google.com": {
      "out": {
        "other": 6
      },
      "score": 0.383
    },
    "www.chi2008.org": {
      "out": {
        "other": 6
      },
      "score": 0.383
    },
    "www.phdcomics.com": {
      "out": {
        "other": 6
      },
      "score": 0.383
    },
    "hotstudio.com": {
      "out": {
        "other": 6
      },
      "score": 0.383
    },
    "womenagainstsarahpalin.blogspot.com": {
      "out": {
        "other": 6
      },
      "score": 0.383
    },
    "www.gogamestorm.com": {
      "out": {
        "other": 6
      },
      "score": 0.383
    },
    "www.jovoto.com": {
      "out": {
        "other": 6
      },
      "score": 0.383
    },
    "http": {
      "out": {
        "other": 6
      },
      "score": 0.383
    },
    "chrismessina.me": {
      "out": {
        "other": 6
      },
      "score": 0.383
    },
    "semanticfoundry.com": {
      "out": {
        "other": 6
      },
      "score": 0.383
    },
    "unstructure.org": {
      "out": {
        "other": 6
      },
      "score": 0.383
    },
    "portal.acm.org": {
      "out": {
        "other": 6
      },
      "score": 0.383
    },
    "www.eia.doe.gov": {
      "out": {
        "other": 6
      },
      "score": 0.383
    },
    "www.sustainablechi.org": {
      "out": {
        "other": 6
      },
      "score": 0.383
    },
    "www.economist.com": {
      "out": {
        "other": 6
      },
      "score": 0.383
    },
    "www.baychi.org": {
      "out": {
        "other": 5
      },
      "score": 0.355
    },
    "flavors.me": {
      "out": {
        "other": 5
      },
      "score": 0.355
    },
    "www.youtube.com": {
      "out": {
        "other": 5
      },
      "score": 0.355
    },
    "www.econtentmag.com": {
      "out": {
        "other": 5
      },
      "score": 0.355
    },
    "www.arcticstartup.com": {
      "out": {
        "other": 5
      },
      "score": 0.355
    },
    "intelleto.com": {
      "out": {
        "other": 4
      },
      "score": 0.321
    },
    "modcloth.com": {
      "out": {
        "other": 4
      },
      "score": 0.321
    },
    "ux4good.com": {
      "out": {
        "other": 4
      },
      "score": 0.321
    },
    "behind-the-enemy-lines.blogspot.com": {
      "out": {
        "other": 4
      },
      "score": 0.321
    },
    "www.firstmonday.org": {
      "out": {
        "other": 4
      },
      "score": 0.321
    },
    "www.msnbc.msn.com": {
      "out": {
        "other": 4
      },
      "score": 0.321
    },
    "www.thebetacup.com": {
      "out": {
        "other": 4
      },
      "score": 0.321
    },
    "www.connectbeam.com": {
      "out": {
        "other": 4
      },
      "score": 0.321
    },
    "www.usatoday.com": {
      "out": {
        "other": 4
      },
      "score": 0.321
    },
    "moourl.com": {
      "out": {
        "other": 4
      },
      "score": 0.321
    },
    "autodesk.com": {
      "out": {
        "other": 4
      },
      "score": 0.321
    },
    "myfarmsf.com": {
      "out": {
        "other": 4
      },
      "score": 0.321
    },
    "singly.com": {
      "out": {
        "other": 4
      },
      "score": 0.321
    },
    "www.designcaffeine.com": {
      "out": {
        "other": 4
      },
      "score": 0.321
    },
    "www.powerset.com": {
      "out": {
        "other": 4
      },
      "score": 0.321
    },
    "www.zengestrom.com": {
      "out": {
        "other": 4
      },
      "score": 0.321
    },
    "hci.stanford.edu": {
      "out": {
        "other": 4
      },
      "score": 0.321
    },
    "publicsentiment.net": {
      "out": {
        "other": 4
      },
      "score": 0.321
    },
    "www.uie.com": {
      "out": {
        "other": 4
      },
      "score": 0.321
    },
    "www.gaylecurtis.com": {
      "out": {
        "other": 4
      },
      "score": 0.321
    },
    "www.popularmechanics.com": {
      "out": {
        "other": 4
      },
      "score": 0.321
    },
    "www.teehanlax.com": {
      "out": {
        "other": 4
      },
      "score": 0.321
    },
    "twitter.com/tobyd": {
      "out": {
        "other": 4
      },
      "score": 0.321
    },
    "www.bing.com": {
      "out": {
        "other": 4
      },
      "score": 0.321
    },
    "blip.tv": {
      "out": {
        "other": 4
      },
      "score": 0.321
    },
    "intenseminimalism.com": {
      "out": {
        "other": 4
      },
      "score": 0.321
    },
    "www.ux4good.com": {
      "out": {
        "other": 4
      },
      "score": 0.321
    },
    "www.usabilityworks.net": {
      "out": {
        "other": 4
      },
      "score": 0.321
    },
    "dariakempka.com": {
      "out": {
        "other": 4
      },
      "score": 0.321
    },
    "joshdamon.tumblr.com": {
      "out": {
        "other": 4
      },
      "score": 0.321
    },
    "www.herecomeseverybody.org": {
      "out": {
        "other": 4
      },
      "score": 0.321
    },
    "vectormagic.stanford.edu": {
      "out": {
        "other": 4
      },
      "score": 0.321
    },
    "parc.com": {
      "out": {
        "other": 4
      },
      "score": 0.321
    },
    "www.cra-w.org": {
      "out": {
        "other": 4
      },
      "score": 0.321
    },
    "zengestrom.com": {
      "out": {
        "other": 4
      },
      "score": 0.321
    },
    "twitter.com/ShaunaN": {
      "out": {
        "other": 4
      },
      "score": 0.321
    },
    "jess3.com": {
      "out": {
        "other": 4
      },
      "score": 0.321
    },
    "www.ixda.org": {
      "out": {
        "other": 4
      },
      "score": 0.321
    },
    "search.twitter.com": {
      "out": {
        "other": 4
      },
      "score": 0.321
    },
    "twitter.com/unstructure": {
      "out": {
        "other": 4
      },
      "score": 0.321
    },
    "www.kaboodle.com": {
      "out": {
        "other": 4
      },
      "score": 0.321
    },
    "www.kennislink.nl": {
      "out": {
        "other": 4
      },
      "score": 0.321
    },
    "blogoscoped.com": {
      "out": {
        "other": 4
      },
      "score": 0.321
    },
    "www.ideo.com": {
      "out": {
        "other": 4
      },
      "score": 0.321
    },
    "developer.yahoo.net": {
      "out": {
        "other": 4
      },
      "score": 0.321
    },
    "www.fivethirtyeight.com": {
      "out": {
        "other": 4
      },
      "score": 0.321
    },
    "cogsci.ucsd.edu": {
      "out": {
        "other": 4
      },
      "score": 0.321
    },
    "flickr.com": {
      "out": {
        "other": 4
      },
      "score": 0.321
    },
    "chi2009.org": {
      "out": {
        "other": 4
      },
      "score": 0.321
    },
    "www.biomotionlab.ca": {
      "out": {
        "other": 4
      },
      "score": 0.321
    },
    "www.drberez.com": {
      "out": {
        "other": 4
      },
      "score": 0.321
    },
    "2010.iasummit.org": {
      "out": {
        "other": 4
      },
      "score": 0.321
    },
    "uxmag.com": {
      "out": {
        "other": 4
      },
      "score": 0.321
    },
    "twitter.com/ACoulton": {
      "out": {
        "other": 4
      },
      "score": 0.321
    },
    "www.russianvisa.org": {
      "out": {
        "other": 4
      },
      "score": 0.321
    },
    "www.sciencemag.org": {
      "out": {
        "other": 4
      },
      "score": 0.321
    },
    "answers.yahoo.com": {
      "out": {
        "other": 4
      },
      "score": 0.321
    },
    "revolv.in": {
      "out": {
        "other": 4
      },
      "score": 0.321
    },
    "adiraval.wordpress.com": {
      "out": {
        "other": 4
      },
      "score": 0.321
    },
    "bmevans.wufoo.com": {
      "out": {
        "other": 4
      },
      "score": 0.321
    },
    "www.dswillis.com": {
      "out": {
        "other": 4
      },
      "score": 0.321
    },
    "www.thisnext.com": {
      "out": {
        "other": 4
      },
      "score": 0.321
    },
    "nettamarshall.com": {
      "out": {
        "other": 4
      },
      "score": 0.321
    },
    "www.cs.berkeley.edu": {
      "out": {
        "other": 4
      },
      "score": 0.321
    },
    "www.xihalife.com": {
      "out": {
        "other": 4
      },
      "score": 0.321
    },
    "research.microsoft.com": {
      "out": {
        "other": 4
      },
      "score": 0.321
    },
    "nform.ca": {
      "out": {
        "other": 4
      },
      "score": 0.321
    },
    "twitter.com/MitchMcKamey": {
      "out": {
        "other": 4
      },
      "score": 0.321
    },
    "uithread.blogspot.com": {
      "out": {
        "other": 4
      },
      "score": 0.321
    },
    "auth.sxsw.com": {
      "out": {
        "other": 4
      },
      "score": 0.321
    },
    "twitter.com/mccasal": {
      "out": {
        "other": 4
      },
      "score": 0.321
    },
    "www.thinkoutsidein.com": {
      "out": {
        "other": 4
      },
      "score": 0.321
    },
    "dmrussell.googlepages.com": {
      "out": {
        "other": 4
      },
      "score": 0.321
    },
    "www.ssireview.org": {
      "out": {
        "other": 4
      },
      "score": 0.321
    },
    "www.cscw2008.org": {
      "out": {
        "other": 4
      },
      "score": 0.321
    },
    "rosenfeldmedia.com": {
      "out": {
        "other": 4
      },
      "score": 0.321
    },
    "uie.com": {
      "out": {
        "other": 4
      },
      "score": 0.321
    },
    "www.kathrynstorm.com": {
      "out": {
        "other": 4
      },
      "score": 0.321
    },
    "www.time.com": {
      "out": {
        "other": 4
      },
      "score": 0.321
    },
    "groups.google.com": {
      "out": {
        "other": 4
      },
      "score": 0.321
    },
    "my.sxsw.com": {
      "out": {
        "other": 4
      },
      "score": 0.321
    },
    "whowantstobe.co.uk": {
      "out": {
        "other": 4
      },
      "score": 0.321
    },
    "www.stanford.edu": {
      "out": {
        "other": 4
      },
      "score": 0.321
    },
    "indieweb.org": {
      "in": {
        "other": 6
      },
      "score": 0.276
    },
    "sites.google.com": {
      "out": {
        "other": 3
      },
      "score": 0.276
    },
    "videolectures.net": {
      "out": {
        "other": 3
      },
      "score": 0.276
    },
    "dl.dropbox.com": {
      "out": {
        "other": 2
      },
      "score": 0.215
    },
    "online.wsj.com": {
      "out": {
        "other": 2
      },
      "score": 0.215
    },
    "twitter.com/prindlescott": {
      "out": {
        "other": 2
      },
      "score": 0.215
    },
    "www.austinchronicle.com": {
      "out": {
        "other": 2
      },
      "score": 0.215
    },
    "www.kpbs.org": {
      "out": {
        "other": 2
      },
      "score": 0.215
    },
    "www.runtoshop.com": {
      "out": {
        "other": 2
      },
      "score": 0.215
    },
    "www.twine.com": {
      "out": {
        "other": 2
      },
      "score": 0.215
    },
    "www.skansen.se": {
      "out": {
        "other": 2
      },
      "score": 0.215
    },
    "www.web2summit.com": {
      "out": {
        "other": 2
      },
      "score": 0.215
    },
    "dlib.ukoln.ac.uk": {
      "out": {
        "other": 2
      },
      "score": 0.215
    },
    "dubfuture.blogspot.com": {
      "out": {
        "other": 2
      },
      "score": 0.215
    },
    "getsatisfaction.com": {
      "out": {
        "other": 2
      },
      "score": 0.215
    },
    "hci.rwth-aachen.de": {
      "out": {
        "other": 2
      },
      "score": 0.215
    },
    "people.csail.mit.edu": {
      "out": {
        "other": 2
      },
      "score": 0.215
    },
    "www.auto1688.com": {
      "out": {
        "other": 2
      },
      "score": 0.215
    },
    "www.louisgray.com": {
      "out": {
        "other": 2
      },
      "score": 0.215
    },
    "www.oneriot.com": {
      "out": {
        "other": 2
      },
      "score": 0.215
    },
    "www.searchviews.com": {
      "out": {
        "other": 2
      },
      "score": 0.215
    },
    "www.wordle.net": {
      "out": {
        "other": 2
      },
      "score": 0.215
    },
    "amazon.com": {
      "out": {
        "other": 2
      },
      "score": 0.215
    },
    "mikerobert.me": {
      "out": {
        "other": 2
      },
      "score": 0.215
    },
    "muxlim.com": {
      "out": {
        "other": 2
      },
      "score": 0.215
    },
    "renotahoe.about.com": {
      "out": {
        "other": 2
      },
      "score": 0.215
    },
    "tonto.eia.doe.gov": {
      "out": {
        "other": 2
      },
      "score": 0.215
    },
    "twitter.com/mrscoggin": {
      "out": {
        "other": 2
      },
      "score": 0.215
    },
    "www.bayareaveg.org": {
      "out": {
        "other": 2
      },
      "score": 0.215
    },
    "www.icwsm.org": {
      "out": {
        "other": 2
      },
      "score": 0.215
    },
    "www.measuringusability.com": {
      "out": {
        "other": 2
      },
      "score": 0.215
    },
    "www.pcworld.com": {
      "out": {
        "other": 2
      },
      "score": 0.215
    },
    "www.rapleaf.com": {
      "out": {
        "other": 2
      },
      "score": 0.215
    },
    "www.surveymonkey.com": {
      "out": {
        "other": 2
      },
      "score": 0.215
    },
    "www.thenetworkthinker.com": {
      "out": {
        "other": 2
      },
      "score": 0.215
    },
    "www.web-savvy-marketing.com": {
      "out": {
        "other": 2
      },
      "score": 0.215
    },
    "designmind.frogdesign.com": {
      "out": {
        "other": 2
      },
      "score": 0.215
    },
    "dotherightthing.com": {
      "out": {
        "other": 2
      },
      "score": 0.215
    },
    "mahalo.com": {
      "out": {
        "other": 2
      },
      "score": 0.215
    },
    "quora.com": {
      "out": {
        "other": 2
      },
      "score": 0.215
    },
    "twitter.com/DennisSchleiche": {
      "out": {
        "other": 2
      },
      "score": 0.215
    },
    "twitter.com/cydharrell": {
      "out": {
        "other": 2
      },
      "score": 0.215
    },
    "twitter.com/sloane": {
      "out": {
        "other": 2
      },
      "score": 0.215
    },
    "www.enterprisesearchsummit.com": {
      "out": {
        "other": 2
      },
      "score": 0.215
    },
    "tantek.com": {
      "out": {
        "other": 2
      },
      "score": 0.215
    },
    "twitter.com/callsignbentley": {
      "out": {
        "other": 2
      },
      "score": 0.215
    },
    "www.aamulehti.fi": {
      "out": {
        "other": 2
      },
      "score": 0.215
    },
    "www.coventry.ac.uk": {
      "out": {
        "other": 2
      },
      "score": 0.215
    },
    "www.productwiki.com": {
      "out": {
        "other": 2
      },
      "score": 0.215
    },
    "www.ramgad.com": {
      "out": {
        "other": 2
      },
      "score": 0.215
    },
    "www.shinywhitebox.com": {
      "out": {
        "other": 2
      },
      "score": 0.215
    },
    "www.yo-talo.com": {
      "out": {
        "other": 2
      },
      "score": 0.215
    },
    "neuro.med.harvard.edu": {
      "out": {
        "other": 2
      },
      "score": 0.215
    },
    "www.24hourfitness.com": {
      "out": {
        "other": 2
      },
      "score": 0.215
    },
    "www.epassportphoto.com": {
      "out": {
        "other": 2
      },
      "score": 0.215
    },
    "banksimple.com": {
      "out": {
        "other": 2
      },
      "score": 0.215
    },
    "betalabs.nokia.com": {
      "out": {
        "other": 2
      },
      "score": 0.215
    },
    "floobs.com": {
      "out": {
        "other": 2
      },
      "score": 0.215
    },
    "twitter.com/kristenyt": {
      "out": {
        "other": 2
      },
      "score": 0.215
    },
    "www.lemonde.fr": {
      "out": {
        "other": 2
      },
      "score": 0.215
    },
    "www.old-town-stockholm.com": {
      "out": {
        "other": 2
      },
      "score": 0.215
    },
    "www.ted.com": {
      "out": {
        "other": 2
      },
      "score": 0.215
    },
    "www.treehugger.com": {
      "out": {
        "other": 2
      },
      "score": 0.215
    },
    "blog.semanticfoundry.com": {
      "out": {
        "other": 2
      },
      "score": 0.215
    },
    "cscw2008.org": {
      "out": {
        "other": 2
      },
      "score": 0.215
    },
    "money.cnn.com": {
      "out": {
        "other": 2
      },
      "score": 0.215
    },
    "starwreck.com": {
      "out": {
        "other": 2
      },
      "score": 0.215
    },
    "ucsdnews.ucsd.edu": {
      "out": {
        "other": 2
      },
      "score": 0.215
    },
    "www.cogenz.com": {
      "out": {
        "other": 2
      },
      "score": 0.215
    },
    "www.digg.com": {
      "out": {
        "other": 2
      },
      "score": 0.215
    },
    "www.parks.ca.gov": {
      "out": {
        "other": 2
      },
      "score": 0.215
    },
    "www.russianembassy.org": {
      "out": {
        "other": 2
      },
      "score": 0.215
    },
    "www.worldmapper.org": {
      "out": {
        "other": 2
      },
      "score": 0.215
    },
    "www.zefrank.com": {
      "out": {
        "other": 2
      },
      "score": 0.215
    },
    "adaptivepath.com": {
      "out": {
        "other": 2
      },
      "score": 0.215
    },
    "blog.oddhead.com": {
      "out": {
        "other": 2
      },
      "score": 0.215
    },
    "bluebottlecoffee.net": {
      "out": {
        "other": 2
      },
      "score": 0.215
    },
    "citeseerx.ist.psu.edu": {
      "out": {
        "other": 2
      },
      "score": 0.215
    },
    "siliconflorist.com": {
      "out": {
        "other": 2
      },
      "score": 0.215
    },
    "twitter.com/chrismevans": {
      "out": {
        "other": 2
      },
      "score": 0.215
    },
    "www.alfredapp.com": {
      "out": {
        "other": 2
      },
      "score": 0.215
    },
    "www.bewiseranch.com": {
      "out": {
        "other": 2
      },
      "score": 0.215
    },
    "www.universitiesaustralia.edu.au": {
      "out": {
        "other": 2
      },
      "score": 0.215
    },
    "digg.com": {
      "out": {
        "other": 2
      },
      "score": 0.215
    },
    "ethnio.com": {
      "out": {
        "other": 2
      },
      "score": 0.215
    },
    "twitter.com/myfarmsf": {
      "out": {
        "other": 2
      },
      "score": 0.215
    },
    "workshops.socialnetworkanalysis.info": {
      "out": {
        "other": 2
      },
      "score": 0.215
    },
    "www.alevin.com": {
      "out": {
        "other": 2
      },
      "score": 0.215
    },
    "www.citra-solv.com": {
      "out": {
        "other": 2
      },
      "score": 0.215
    },
    "gobyairship.com": {
      "out": {
        "other": 2
      },
      "score": 0.215
    },
    "sanjaykairam.com": {
      "out": {
        "other": 2
      },
      "score": 0.215
    },
    "ventilla.posterous.com": {
      "out": {
        "other": 2
      },
      "score": 0.215
    },
    "www.sycamoresprings.com": {
      "out": {
        "other": 2
      },
      "score": 0.215
    },
    "www.thedailyshow.com": {
      "out": {
        "other": 2
      },
      "score": 0.215
    },
    "adage.com": {
      "out": {
        "other": 2
      },
      "score": 0.215
    },
    "bhc3.wordpress.com": {
      "out": {
        "other": 2
      },
      "score": 0.215
    },
    "blogs.hbr.org": {
      "out": {
        "other": 2
      },
      "score": 0.215
    },
    "socialthing.com": {
      "out": {
        "other": 2
      },
      "score": 0.215
    },
    "www.pewinternet.org": {
      "out": {
        "other": 2
      },
      "score": 0.215
    },
    "www.sigir.org": {
      "out": {
        "other": 2
      },
      "score": 0.215
    },
    "cas.msu.edu": {
      "out": {
        "other": 2
      },
      "score": 0.215
    },
    "google.com": {
      "out": {
        "other": 2
      },
      "score": 0.215
    },
    "nickd.org": {
      "out": {
        "other": 2
      },
      "score": 0.215
    },
    "plum.com": {
      "out": {
        "other": 2
      },
      "score": 0.215
    },
    "twitter.com/csnyder": {
      "out": {
        "other": 2
      },
      "score": 0.215
    },
    "www.folksonomy.org": {
      "out": {
        "other": 2
      },
      "score": 0.215
    },
    "www.kaivong.com": {
      "out": {
        "other": 2
      },
      "score": 0.215
    },
    "www.klauskhotel.com": {
      "out": {
        "other": 2
      },
      "score": 0.215
    },
    "www.schmoker.org": {
      "out": {
        "other": 2
      },
      "score": 0.215
    },
    "bingtweets.com": {
      "out": {
        "other": 2
      },
      "score": 0.215
    },
    "exphone.org": {
      "out": {
        "other": 2
      },
      "score": 0.215
    },
    "news.cnet.com": {
      "out": {
        "other": 2
      },
      "score": 0.215
    },
    "travel.state.gov": {
      "out": {
        "other": 2
      },
      "score": 0.215
    },
    "vidoop.com": {
      "out": {
        "other": 2
      },
      "score": 0.215
    },
    "www.lifehack.org": {
      "out": {
        "other": 2
      },
      "score": 0.215
    },
    "arxiv.org": {
      "out": {
        "other": 2
      },
      "score": 0.215
    },
    "pberg.com": {
      "out": {
        "other": 2
      },
      "score": 0.215
    },
    "thormuller.com": {
      "out": {
        "other": 2
      },
      "score": 0.215
    },
    "twitter.com/PatriciaMejia": {
      "out": {
        "other": 2
      },
      "score": 0.215
    },
    "twitter.com/Rotkapchen": {
      "out": {
        "other": 2
      },
      "score": 0.215
    },
    "www.adweek.com": {
      "out": {
        "other": 2
      },
      "score": 0.215
    },
    "www.fabnit.com": {
      "out": {
        "other": 2
      },
      "score": 0.215
    },
    "www.gao.gov": {
      "out": {
        "other": 2
      },
      "score": 0.215
    },
    "www.invenier.nl": {
      "out": {
        "other": 2
      },
      "score": 0.215
    },
    "www.sandiegolacrosseclub.com": {
      "out": {
        "other": 2
      },
      "score": 0.215
    },
    "www.statesman.com": {
      "out": {
        "other": 2
      },
      "score": 0.215
    },
    "www.tripit.com": {
      "out": {
        "other": 2
      },
      "score": 0.215
    },
    "alteregozi.com": {
      "out": {
        "other": 2
      },
      "score": 0.215
    },
    "deborahschultz.com": {
      "out": {
        "other": 2
      },
      "score": 0.215
    },
    "edchi.net": {
      "out": {
        "other": 2
      },
      "score": 0.215
    },
    "kpbs.org": {
      "out": {
        "other": 2
      },
      "score": 0.215
    },
    "sciencenow.sciencemag.org": {
      "out": {
        "other": 2
      },
      "score": 0.215
    },
    "tummelvision.tv": {
      "out": {
        "other": 2
      },
      "score": 0.215
    },
    "women.acm.org": {
      "out": {
        "other": 2
      },
      "score": 0.215
    },
    "wufoo.com": {
      "out": {
        "other": 2
      },
      "score": 0.215
    },
    "www.micropersuasion.com": {
      "out": {
        "other": 2
      },
      "score": 0.215
    },
    "www.parc.com": {
      "out": {
        "other": 2
      },
      "score": 0.215
    },
    "www.vasamuseet.se": {
      "out": {
        "other": 2
      },
      "score": 0.215
    },
    "change.gov": {
      "out": {
        "other": 2
      },
      "score": 0.215
    },
    "illtags.com": {
      "out": {
        "other": 2
      },
      "score": 0.215
    },
    "mashable.com": {
      "out": {
        "other": 2
      },
      "score": 0.215
    },
    "socialwebhelsinki.eventbrite.com": {
      "out": {
        "other": 2
      },
      "score": 0.215
    },
    "www.oil-price.net": {
      "out": {
        "other": 2
      },
      "score": 0.215
    },
    "www.scu.edu": {
      "out": {
        "other": 2
      },
      "score": 0.215
    },
    "cadence.cc": {
      "out": {
        "other": 2
      },
      "score": 0.215
    },
    "healthmonth.com": {
      "out": {
        "other": 2
      },
      "score": 0.215
    },
    "twitter.com/factoryjoe": {
      "out": {
        "other": 2
      },
      "score": 0.215
    },
    "urbanairship.com": {
      "out": {
        "other": 2
      },
      "score": 0.215
    },
    "writerep.house.gov": {
      "out": {
        "other": 2
      },
      "score": 0.215
    },
    "blog.topix.com": {
      "out": {
        "other": 2
      },
      "score": 0.215
    },
    "my.barackobama.com": {
      "out": {
        "other": 2
      },
      "score": 0.215
    },
    "sos.state.nv.us": {
      "out": {
        "other": 2
      },
      "score": 0.215
    },
    "twitter.com/samanthastarmer": {
      "out": {
        "other": 2
      },
      "score": 0.215
    },
    "www.core77.com": {
      "out": {
        "other": 2
      },
      "score": 0.215
    },
    "www.theage.com.au": {
      "out": {
        "other": 2
      },
      "score": 0.215
    },
    "www.uxmag.com": {
      "out": {
        "other": 2
      },
      "score": 0.215
    },
    "evterpa.co.uk": {
      "out": {
        "other": 2
      },
      "score": 0.215
    },
    "hunch.com": {
      "out": {
        "other": 2
      },
      "score": 0.215
    },
    "searchengineland.com": {
      "out": {
        "other": 2
      },
      "score": 0.215
    },
    "twitter.com/davegillis": {
      "out": {
        "other": 2
      },
      "score": 0.215
    },
    "www.lri.fr": {
      "out": {
        "other": 2
      },
      "score": 0.215
    },
    "www.ordcamp.com": {
      "out": {
        "other": 2
      },
      "score": 0.215
    },
    "2011.iasummit.org": {
      "out": {
        "other": 2
      },
      "score": 0.215
    },
    "rouxbe.com": {
      "out": {
        "other": 2
      },
      "score": 0.215
    },
    "www.icastic.com": {
      "out": {
        "other": 2
      },
      "score": 0.215
    },
    "www.meangene.com": {
      "out": {
        "other": 2
      },
      "score": 0.215
    },
    "www.pileus.net": {
      "out": {
        "other": 2
      },
      "score": 0.215
    },
    "www.rosenfeldmedia.com": {
      "out": {
        "other": 2
      },
      "score": 0.215
    },
    "dennisschleicher.com": {
      "out": {
        "other": 2
      },
      "score": 0.215
    },
    "friends.imagini.net": {
      "out": {
        "other": 2
      },
      "score": 0.215
    },
    "graphics8.nytimes.com": {
      "out": {
        "other": 2
      },
      "score": 0.215
    },
    "kristasanders.com": {
      "out": {
        "other": 2
      },
      "score": 0.215
    },
    "tinyurl.com": {
      "out": {
        "other": 2
      },
      "score": 0.215
    },
    "tomsshoes.com": {
      "out": {
        "other": 2
      },
      "score": 0.215
    },
    "twitter.com/jani_penttinen": {
      "out": {
        "other": 2
      },
      "score": 0.215
    },
    "www.pickensplan.com": {
      "out": {
        "other": 2
      },
      "score": 0.215
    },
    "www.guardian.co.uk": {
      "out": {
        "other": 2
      },
      "score": 0.215
    },
    "www.hearstcastle.org": {
      "out": {
        "other": 2
      },
      "score": 0.215
    },
    "www.matthewckeller.com": {
      "out": {
        "other": 2
      },
      "score": 0.215
    },
    "www.mediapost.com": {
      "out": {
        "other": 2
      },
      "score": 0.215
    },
    "www.netflixprize.com": {
      "out": {
        "other": 2
      },
      "score": 0.215
    },
    "delicious.com": {
      "out": {
        "other": 2
      },
      "score": 0.215
    },
    "facebook.com/runtoshop.fan": {
      "out": {
        "other": 2
      },
      "score": 0.215
    },
    "ieeexplore.ieee.org": {
      "out": {
        "other": 2
      },
      "score": 0.215
    },
    "inventors.about.com": {
      "out": {
        "other": 2
      },
      "score": 0.215
    },
    "www.msu.edu": {
      "out": {
        "other": 2
      },
      "score": 0.215
    },
    "www.networkweaving.com": {
      "out": {
        "other": 2
      },
      "score": 0.215
    },
    "about.me": {
      "out": {
        "other": 2
      },
      "score": 0.215
    },
    "heathergold.com": {
      "out": {
        "other": 2
      },
      "score": 0.215
    },
    "www.allfacebook.com": {
      "out": {
        "other": 2
      },
      "score": 0.215
    },
    "www.chi2010.org": {
      "out": {
        "other": 2
      },
      "score": 0.215
    },
    "www.getcloudlet.com": {
      "out": {
        "other": 2
      },
      "score": 0.215
    },
    "www.jingproject.com": {
      "out": {
        "other": 2
      },
      "score": 0.215
    },
    "blog.guykawasaki.com": {
      "out": {
        "other": 2
      },
      "score": 0.215
    },
    "cydharrell.com": {
      "out": {
        "other": 2
      },
      "score": 0.215
    },
    "shine.yahoo.com": {
      "out": {
        "other": 2
      },
      "score": 0.215
    },
    "www.gemilo.com": {
      "out": {
        "other": 2
      },
      "score": 0.215
    },
    "www.hrc.org": {
      "out": {
        "other": 2
      },
      "score": 0.215
    },
    "www.zdnet.com": {
      "out": {
        "other": 2
      },
      "score": 0.215
    },
    "bewiseranch.com": {
      "out": {
        "other": 2
      },
      "score": 0.215
    },
    "onebigman.com": {
      "out": {
        "other": 2
      },
      "score": 0.215
    },
    "www.floozyspeak.com": {
      "out": {
        "other": 2
      },
      "score": 0.215
    },
    "www.haifa.ibm.com": {
      "out": {
        "other": 2
      },
      "score": 0.215
    },
    "www.brianoberkirch.com": {
      "out": {
        "other": 2
      },
      "score": 0.215
    },
    "www.dnv.com": {
      "out": {
        "other": 2
      },
      "score": 0.215
    },
    "www.fluidinfo.com": {
      "out": {
        "other": 2
      },
      "score": 0.215
    },
    "www.mindtrek.org": {
      "out": {
        "other": 2
      },
      "score": 0.215
    },
    "www.sanjaykairam.com": {
      "out": {
        "other": 2
      },
      "score": 0.215
    },
    "barcamp.org": {
      "out": {
        "other": 2
      },
      "score": 0.215
    },
    "blog.mccartie.com": {
      "out": {
        "other": 2
      },
      "score": 0.215
    },
    "firstmonday.org": {
      "out": {
        "other": 2
      },
      "score": 0.215
    },
    "itunes.apple.com": {
      "out": {
        "other": 2
      },
      "score": 0.215
    },
    "laxmagazine.cstv.com": {
      "out": {
        "other": 2
      },
      "score": 0.215
    },
    "farm4.static.flickr.com": {
      "out": {
        "other": 2
      },
      "score": 0.215
    },
    "mturk.com": {
      "out": {
        "other": 2
      },
      "score": 0.215
    },
    "pastie.org": {
      "out": {
        "other": 2
      },
      "score": 0.215
    },
    "workshops.fxpal.com": {
      "out": {
        "other": 2
      },
      "score": 0.215
    },
    "www.research.att.com": {
      "out": {
        "other": 2
      },
      "score": 0.215
    },
    "runtoshop.com": {
      "out": {
        "other": 2
      },
      "score": 0.215
    },
    "www.delver.com": {
      "out": {
        "other": 2
      },
      "score": 0.215
    },
    "www.finnfacts.com": {
      "out": {
        "other": 2
      },
      "score": 0.215
    },
    "www.house.gov": {
      "out": {
        "other": 2
      },
      "score": 0.215
    },
    "www.hss.caltech.edu": {
      "out": {
        "other": 2
      },
      "score": 0.215
    },
    "www.metafilter.com": {
      "out": {
        "other": 2
      },
      "score": 0.215
    },
    "www.smartgolf.fi": {
      "out": {
        "other": 2
      },
      "score": 0.215
    },
    "www.theplaymob.com": {
      "out": {
        "other": 2
      },
      "score": 0.215
    },
    "www2.parc.com": {
      "out": {
        "other": 2
      },
      "score": 0.215
    },
    "thesemblog.com": {
      "out": {
        "other": 2
      },
      "score": 0.215
    },
    "www.demola.fi": {
      "out": {
        "other": 2
      },
      "score": 0.215
    },
    "firstread.msnbc.msn.com": {
      "out": {
        "other": 2
      },
      "score": 0.215
    },
    "mxconference.com": {
      "out": {
        "other": 2
      },
      "score": 0.215
    },
    "thinkature.com": {
      "out": {
        "other": 2
      },
      "score": 0.215
    },
    "twitter.com/juliehamwood": {
      "out": {
        "other": 2
      },
      "score": 0.215
    },
    "twitter.com/mvermut": {
      "out": {
        "other": 2
      },
      "score": 0.215
    },
    "www.acehotel.com": {
      "out": {
        "other": 2
      },
      "score": 0.215
    },
    "www.kaplusa.com": {
      "out": {
        "other": 2
      },
      "score": 0.215
    },
    "chacha.com": {
      "out": {
        "other": 2
      },
      "score": 0.215
    },
    "fastwonderblog.com": {
      "out": {
        "other": 2
      },
      "score": 0.215
    },
    "news.bbc.co.uk": {
      "out": {
        "other": 2
      },
      "score": 0.215
    },
    "palblog.fxpal.com": {
      "out": {
        "other": 2
      },
      "score": 0.215
    },
    "www.idiophile.com": {
      "out": {
        "other": 2
      },
      "score": 0.215
    },
    "www.worldofhummingbirds.com": {
      "out": {
        "other": 2
      },
      "score": 0.215
    },
    "blog.vark.com": {
      "out": {
        "other": 2
      },
      "score": 0.215
    },
    "designforservice.wordpress.com": {
      "out": {
        "other": 2
      },
      "score": 0.215
    },
    "fi.google.com": {
      "out": {
        "other": 2
      },
      "score": 0.215
    },
    "searchenginewatch.com": {
      "out": {
        "other": 2
      },
      "score": 0.215
    },
    "timesunion.com": {
      "out": {
        "other": 2
      },
      "score": 0.215
    },
    "twitter.com/communigration": {
      "out": {
        "other": 2
      },
      "score": 0.215
    },
    "www.commoncraft.com": {
      "out": {
        "other": 2
      },
      "score": 0.215
    },
    "www.hitwise.com": {
      "out": {
        "other": 2
      },
      "score": 0.215
    },
    "www.iphonedevcamp.org": {
      "out": {
        "other": 2
      },
      "score": 0.215
    },
    "www.mbr-pwrc.usgs.gov": {
      "out": {
        "other": 2
      },
      "score": 0.215
    },
    "ebiquity.umbc.edu": {
      "out": {
        "other": 2
      },
      "score": 0.215
    },
    "epeus.blogspot.com": {
      "out": {
        "other": 2
      },
      "score": 0.215
    },
    "gowalla.com": {
      "out": {
        "other": 2
      },
      "score": 0.215
    },
    "requester.mturk.com": {
      "out": {
        "other": 2
      },
      "score": 0.215
    },
    "twitter.com/bmevans": {
      "out": {
        "other": 2
      },
      "score": 0.215
    },
    "delver.com": {
      "out": {
        "other": 2
      },
      "score": 0.215
    },
    "lifestream.fm": {
      "out": {
        "other": 2
      },
      "score": 0.215
    },
    "market-ticker.denninger.net": {
      "out": {
        "other": 2
      },
      "score": 0.215
    },
    "www.billtancer.com": {
      "out": {
        "other": 2
      },
      "score": 0.215
    },
    "blog.oneriot.com": {
      "out": {
        "other": 2
      },
      "score": 0.215
    },
    "tunein.com": {
      "out": {
        "other": 2
      },
      "score": 0.215
    },
    "www.nrdc.org": {
      "out": {
        "other": 2
      },
      "score": 0.215
    },
    "www.theextraordinaries.org": {
      "out": {
        "other": 2
      },
      "score": 0.215
    },
    "www.vanderwal.net": {
      "out": {
        "other": 2
      },
      "score": 0.215
    },
    "www.web-strategist.com": {
      "out": {
        "other": 2
      },
      "score": 0.215
    },
    "blog.michaelleis.com": {
      "out": {
        "other": 2
      },
      "score": 0.215
    },
    "qik.com": {
      "out": {
        "other": 2
      },
      "score": 0.215
    },
    "sxdsalon.org": {
      "out": {
        "other": 2
      },
      "score": 0.215
    },
    "tonytula.com": {
      "out": {
        "other": 2
      },
      "score": 0.215
    },
    "www.eatwell.com": {
      "out": {
        "other": 2
      },
      "score": 0.215
    },
    "www.happyhousewivesclub.com": {
      "out": {
        "other": 2
      },
      "score": 0.215
    },
    "www.noonprop8.com": {
      "out": {
        "other": 2
      },
      "score": 0.215
    },
    "www.telegraph-office.com": {
      "out": {
        "other": 2
      },
      "score": 0.215
    },
    "www.uic.edu": {
      "out": {
        "other": 2
      },
      "score": 0.215
    },
    "www.alandsbanken.fi": {
      "out": {
        "other": 2
      },
      "score": 0.215
    },
    "chi2008.org": {
      "out": {
        "other": 2
      },
      "score": 0.215
    },
    "lighterfootstep.com": {
      "out": {
        "other": 2
      },
      "score": 0.215
    },
    "socialcomputing.ucsb.edu": {
      "out": {
        "other": 2
      },
      "score": 0.215
    },
    "www.telegraph.co.uk": {
      "out": {
        "other": 2
      },
      "score": 0.215
    },
    "blog.louisgray.com": {
      "out": {
        "other": 2
      },
      "score": 0.215
    },
    "twitter.com/iphone360": {
      "out": {
        "other": 2
      },
      "score": 0.215
    },
    "www.damninteresting.com": {
      "out": {
        "other": 2
      },
      "score": 0.215
    },
    "www.ethnio.com": {
      "out": {
        "other": 2
      },
      "score": 0.215
    },
    "www.ncssm.edu": {
      "out": {
        "other": 2
      },
      "score": 0.215
    },
    "www.newyorker.com": {
      "out": {
        "other": 2
      },
      "score": 0.215
    },
    "www.roughtype.com": {
      "out": {
        "other": 2
      },
      "score": 0.215
    },
    "www.varasoftware.com": {
      "out": {
        "other": 2
      },
      "score": 0.215
    },
    "blog.sxdsalon.org": {
      "out": {
        "other": 2
      },
      "score": 0.215
    },
    "psychclassics.yorku.ca": {
      "out": {
        "other": 2
      },
      "score": 0.215
    },
    "twitter.com/ehaaramo": {
      "out": {
        "other": 2
      },
      "score": 0.215
    },
    "www.barackobama.com": {
      "out": {
        "other": 2
      },
      "score": 0.215
    },
    "www.mturk.com": {
      "out": {
        "other": 2
      },
      "score": 0.215
    },
    "lewisshepherd.wordpress.com": {
      "out": {
        "other": 2
      },
      "score": 0.215
    },
    "twitter.com/joycevanaalten": {
      "out": {
        "other": 2
      },
      "score": 0.215
    },
    "www.lifewithalacrity.com": {
      "out": {
        "other": 2
      },
      "score": 0.215
    },
    "tweetstats.com": {
      "out": {
        "other": 2
      },
      "score": 0.215
    },
    "www.knowledgeedge.org": {
      "out": {
        "other": 2
      },
      "score": 0.215
    },
    "www.new.facebook.com": {
      "out": {
        "other": 2
      },
      "score": 0.215
    },
    "www.prnewswire.com": {
      "out": {
        "other": 2
      },
      "score": 0.215
    },
    "www.qitera.com": {
      "out": {
        "other": 2
      },
      "score": 0.215
    },
    "twitter.com/dkimerling": {
      "out": {
        "other": 2
      },
      "score": 0.215
    },
    "wikidashboard.parc.com": {
      "out": {
        "other": 2
      },
      "score": 0.215
    },
    "www.ball-it.com": {
      "out": {
        "other": 2
      },
      "score": 0.215
    },
    "www.webpronews.com": {
      "out": {
        "other": 2
      },
      "score": 0.215
    },
    "aigasf.org": {
      "out": {
        "other": 2
      },
      "score": 0.215
    },
    "blog.vidoop.com": {
      "out": {
        "other": 2
      },
      "score": 0.215
    },
    "books.google.com": {
      "out": {
        "other": 2
      },
      "score": 0.215
    },
    "e15.media.mit.edu": {
      "out": {
        "other": 2
      },
      "score": 0.215
    },
    "www.davegrayinfo.com": {
      "out": {
        "other": 2
      },
      "score": 0.215
    },
    "www.dp.ru": {
      "out": {
        "other": 2
      },
      "score": 0.215
    },
    "www.dpchallenge.com": {
      "out": {
        "other": 2
      },
      "score": 0.215
    },
    "www.forumhotel.ru": {
      "out": {
        "other": 2
      },
      "score": 0.215
    },
    "www.peterme.com": {
      "out": {
        "other": 2
      },
      "score": 0.215
    },
    "www.reuters.com": {
      "out": {
        "other": 2
      },
      "score": 0.215
    },
    "automobiles.honda.com": {
      "out": {
        "other": 2
      },
      "score": 0.215
    },
    "boltron.com": {
      "out": {
        "other": 2
      },
      "score": 0.215
    },
    "saunderslog.com": {
      "out": {
        "other": 2
      },
      "score": 0.215
    },
    "search.wikia.com": {
      "out": {
        "other": 2
      },
      "score": 0.215
    },
    "theplaymob.com": {
      "out": {
        "other": 2
      },
      "score": 0.215
    },
    "userresearchfriday.com": {
      "out": {
        "other": 2
      },
      "score": 0.215
    },
    "www.co.washoe.nv.us": {
      "out": {
        "other": 2
      },
      "score": 0.215
    },
    "www.informationweek.com": {
      "out": {
        "other": 2
      },
      "score": 0.215
    },
    "www.utterz.com": {
      "out": {
        "other": 2
      },
      "score": 0.215
    },
    "jcmc.indiana.edu": {
      "out": {
        "other": 2
      },
      "score": 0.215
    },
    "twitter.com/betacup": {
      "out": {
        "other": 2
      },
      "score": 0.215
    },
    "youwenliang.com": {
      "out": {
        "other": 1
      },
      "score": 0.107
    },
    "www.webdirections.org": {
      "out": {
        "other": 1
      },
      "score": 0.107
    },
    "theaccelblog.squarespace.com": {
      "out": {
        "other": 1
      },
      "score": 0.107
    },
    "www.acceldesignconference.com": {
      "out": {
        "other": 1
      },
      "score": 0.107
    },
    "chi.conversationsnetwork.org": {
      "out": {
        "other": 1
      },
      "score": 0.107
    },
    "2015.industryconf.com": {
      "out": {
        "other": 1
      },
      "score": 0.107
    },
    "generalassemb.ly": {
      "out": {
        "other": 1
      },
      "score": 0.107
    },
    "humaan.com": {
      "out": {
        "other": 1
      },
      "score": 0.107
    },
    "ixdasf.ning.com": {
      "out": {
        "other": 1
      },
      "score": 0.107
    },
    "developers.google.com": {
      "out": {
        "other": 1
      },
      "score": 0.107
    },
    "www.eventbrite.com": {
      "out": {
        "other": 1
      },
      "score": 0.107
    },
    "audio.sxsw.com": {
      "out": {
        "other": 1
      },
      "score": 0.107
    },
    "chat.indieweb.org": {
      "in": {
        "other": 2
      },
      "score": 0.107
    },
    "commondatastorage.googleapis.com": {
      "out": {
        "other": 1
      },
      "score": 0.107
    }
  }
}