{
  "domain": "bupk.es",
  "urls": [
    "http://bupk.es/"
  ],
  "names": [
    "bupkes"
  ],
  "descriptions": [],
  "pictures": [],
  "hcard": {},
  "rel_mes": [
    "https://pnut.io/@po",
    "https://micro.blog/m"
  ],
  "tags": [
    "relme",
    "bridgy"
  ],
  "endpoints": {},
  "crawl_start": "2017-05-19T22:51:43.838906",
  "crawl_end": "2017-05-19T22:51:43.838906",
  "links_out": 0,
  "links_in": 181,
  "links": {
    "indieweb.org": {
      "in": {
        "other": 54
      },
      "score": 1
    },
    "snarfed.org": {
      "in": {
        "in-reply-to": 3,
        "other": 4,
        "like-of": 4
      },
      "score": 0.827
    },
    "chat.indieweb.org": {
      "in": {
        "other": 26
      },
      "score": 0.817
    },
    "jeena.net": {
      "in": {
        "other": 6,
        "in-reply-to": 4
      },
      "score": 0.817
    },
    "huffduffer.com": {
      "in": {
        "other": 18
      },
      "score": 0.724
    },
    "brid.gy": {
      "in": {
        "other": 14
      },
      "score": 0.662
    },
    "andysylvester.com": {
      "in": {
        "other": 11
      },
      "score": 0.602
    },
    "kartikprabhu.com": {
      "in": {
        "in-reply-to": 2
      },
      "score": 0.576
    },
    "notiz.blog": {
      "in": {
        "other": 8
      },
      "score": 0.521
    },
    "adactio.com": {
      "in": {
        "other": 6
      },
      "score": 0.449
    },
    "wordius.com": {
      "in": {
        "other": 5
      },
      "score": 0.404
    },
    "werd.io": {
      "in": {
        "other": 4
      },
      "score": 0.348
    },
    "stream.withknown.com": {
      "in": {
        "other": 4
      },
      "score": 0.348
    },
    "mapkyca.com": {
      "in": {
        "other": 4
      },
      "score": 0.348
    },
    "stream.boffosocko.com": {
      "in": {
        "other": 2
      },
      "score": 0.174
    },
    "niels.kobschaetzki.net": {
      "in": {
        "other": 2
      },
      "score": 0.174
    }
  }
}