{
  "domain": "businessenit.nl",
  "urls": [
    "http://businessenit.nl/"
  ],
  "names": [
    "Business & IT"
  ],
  "descriptions": [],
  "pictures": [
    "http://businessenit.nl/wp-content/themes/linen_pro/images/favicon.ico"
  ],
  "hcard": {},
  "rel_mes": [],
  "crawl_start": "2017-04-28T02:19:12",
  "crawl_end": "2017-04-28T03:11:25",
  "num_pages": 1562,
  "total_html_size": 45711496,
  "servers": [
    "Apache",
    "WordPress"
  ],
  "mf2_classes": [
    "h-entry"
  ],
  "tags": [
    "bridgy",
    "webmention",
    "WordPress"
  ],
  "endpoints": {
    "webmention": [
      "http://businessenit.nl/wp-json/webmention/1.0/endpoint"
    ]
  },
  "links_out": 23802,
  "links_in": 13,
  "links": {
    "www.visionenrobotics.nl": {
      "out": {
        "other": 1562
      },
      "score": 1
    },
    "twitter.com/BusinessenIT": {
      "out": {
        "other": 1562
      },
      "score": 1
    },
    "www.nationale-it-security-monitor.nl": {
      "out": {
        "other": 1562
      },
      "score": 1
    },
    "plus.google.com/b": {
      "out": {
        "other": 1562
      },
      "score": 1
    },
    "www.businesscriticalinfrastructures.com": {
      "out": {
        "other": 1562
      },
      "score": 1
    },
    "www.infosecuritymagazine.nl": {
      "out": {
        "other": 1563
      },
      "score": 1
    },
    "www.datacenterworks.nl": {
      "out": {
        "other": 1564
      },
      "score": 1
    },
    "www.businessenit.nl": {
      "out": {
        "other": 1562
      },
      "score": 1
    },
    "facebook.com/pages": {
      "out": {
        "other": 1562
      },
      "score": 1
    },
    "www.appworks.nl": {
      "out": {
        "other": 1562
      },
      "score": 1
    },
    "www.ict-nieuws.com": {
      "out": {
        "other": 1562
      },
      "score": 1
    },
    "www.cloudworks.nu": {
      "out": {
        "other": 1565
      },
      "score": 1
    },
    "javascript": {
      "out": {
        "other": 553
      },
      "score": 0.871
    },
    "pinterest.com": {
      "out": {
        "other": 553
      },
      "score": 0.871
    },
    "twitter.com/share": {
      "out": {
        "other": 553
      },
      "score": 0.871
    },
    "www.3ds.com": {
      "out": {
        "other": 135
      },
      "score": 0.696
    },
    "r20.rs6.net": {
      "out": {
        "other": 95
      },
      "score": 0.652
    },
    "mail.smart.pr": {
      "out": {
        "other": 70
      },
      "score": 0.614
    },
    "www.startupbootcamp.org": {
      "out": {
        "other": 62
      },
      "score": 0.599
    },
    "whizpr.us7.list-manage.com": {
      "out": {
        "other": 61
      },
      "score": 0.596
    },
    "go.sap.com": {
      "out": {
        "other": 56
      },
      "score": 0.586
    },
    "www.cybersecurityraad.nl": {
      "out": {
        "other": 43
      },
      "score": 0.553
    },
    "www.nationale-denktank.nl": {
      "out": {
        "other": 38
      },
      "score": 0.538
    },
    "www.sogeti.nl": {
      "out": {
        "other": 36
      },
      "score": 0.532
    },
    "www.microsoft.com": {
      "out": {
        "other": 35
      },
      "score": 0.528
    },
    "www.rijksoverheid.nl": {
      "out": {
        "other": 33
      },
      "score": 0.520
    },
    "bit.ly": {
      "out": {
        "other": 28
      },
      "score": 0.501
    },
    "www.eurofiber.nl": {
      "out": {
        "other": 27
      },
      "score": 0.496
    },
    "www.ipass.com": {
      "out": {
        "other": 26
      },
      "score": 0.491
    },
    "www.juniper.net": {
      "out": {
        "other": 26
      },
      "score": 0.491
    },
    "www.sitecore.net": {
      "out": {
        "other": 26
      },
      "score": 0.491
    },
    "www.exin.com": {
      "out": {
        "other": 24
      },
      "score": 0.481
    },
    "opiness.nl": {
      "out": {
        "other": 21
      },
      "score": 0.465
    },
    "www.postnl.nl": {
      "out": {
        "other": 21
      },
      "score": 0.465
    },
    "www.salesforce.com": {
      "out": {
        "other": 20
      },
      "score": 0.458
    },
    "email.prnewswire.com": {
      "out": {
        "other": 19
      },
      "score": 0.452
    },
    "www.philips.nl": {
      "out": {
        "other": 18
      },
      "score": 0.445
    },
    "digital-transformers.nl": {
      "out": {
        "other": 18
      },
      "score": 0.445
    },
    "www.vansonbourne.com": {
      "out": {
        "other": 18
      },
      "score": 0.445
    },
    "equiniti-kyc.com": {
      "out": {
        "other": 18
      },
      "score": 0.445
    },
    "www.kyoceradocumentsolutions.nl": {
      "out": {
        "other": 18
      },
      "score": 0.445
    },
    "www.sap.com": {
      "out": {
        "other": 16
      },
      "score": 0.431
    },
    "www.cashr.nl": {
      "out": {
        "other": 16
      },
      "score": 0.431
    },
    "whizpr.us7.list-manage1.com": {
      "out": {
        "other": 16
      },
      "score": 0.431
    },
    "media.ne.cision.com": {
      "out": {
        "other": 15
      },
      "score": 0.422
    },
    "www.kivi.nl": {
      "out": {
        "other": 15
      },
      "score": 0.422
    },
    "www.kaspersky.nl": {
      "out": {
        "other": 15
      },
      "score": 0.422
    },
    "www.purestorage.com": {
      "out": {
        "other": 15
      },
      "score": 0.422
    },
    "www.odfplugfest.org": {
      "out": {
        "other": 15
      },
      "score": 0.422
    },
    "www.oracle.com": {
      "out": {
        "other": 14
      },
      "score": 0.414
    },
    "www.sas.com": {
      "out": {
        "other": 14
      },
      "score": 0.414
    },
    "www.schiphol.nl": {
      "out": {
        "other": 14
      },
      "score": 0.414
    },
    "www.zetes.nl": {
      "out": {
        "other": 14
      },
      "score": 0.414
    },
    "www.cesweb.org": {
      "out": {
        "other": 14
      },
      "score": 0.414
    },
    "www.voiceworks.nl": {
      "out": {
        "other": 13
      },
      "score": 0.405
    },
    "www2.dimensiondata.com": {
      "out": {
        "other": 13
      },
      "score": 0.405
    },
    "www.zanox.com": {
      "out": {
        "other": 13
      },
      "score": 0.405
    },
    "www.nen.nl": {
      "out": {
        "other": 13
      },
      "score": 0.405
    },
    "www.fme.nl": {
      "out": {
        "other": 13
      },
      "score": 0.405
    },
    "www.tno.nl": {
      "out": {
        "other": 13
      },
      "score": 0.405
    },
    "blogs.sap.nl": {
      "out": {
        "other": 13
      },
      "score": 0.405
    },
    "www.dimensiondata.com": {
      "out": {
        "other": 13
      },
      "score": 0.405
    },
    "fast.to": {
      "out": {
        "other": 13
      },
      "score": 0.405
    },
    "mitsmr.com": {
      "out": {
        "other": 12
      },
      "score": 0.395
    },
    "www.verint.com": {
      "out": {
        "other": 12
      },
      "score": 0.395
    },
    "www.ictwaarborgawards.nl": {
      "out": {
        "other": 12
      },
      "score": 0.395
    },
    "www.tele2.nl": {
      "out": {
        "other": 12
      },
      "score": 0.395
    },
    "online.wsj.com": {
      "out": {
        "other": 12
      },
      "score": 0.395
    },
    "www.workday.com": {
      "out": {
        "other": 12
      },
      "score": 0.395
    },
    "www.zyxel.nl": {
      "out": {
        "other": 12
      },
      "score": 0.395
    },
    "www.fellowes.com": {
      "out": {
        "other": 12
      },
      "score": 0.395
    },
    "zeker.me": {
      "out": {
        "other": 12
      },
      "score": 0.395
    },
    "federatie.fhi.nl": {
      "out": {
        "other": 11
      },
      "score": 0.384
    },
    "www.informer.nl": {
      "out": {
        "other": 11
      },
      "score": 0.384
    },
    "international.eco.de": {
      "out": {
        "other": 11
      },
      "score": 0.384
    },
    "www.indeed.nl": {
      "out": {
        "other": 11
      },
      "score": 0.384
    },
    "aws.amazon.com": {
      "out": {
        "other": 11
      },
      "score": 0.384
    },
    "www.effectory.nl": {
      "out": {
        "other": 10
      },
      "score": 0.373
    },
    "vint.sogeti.com": {
      "out": {
        "other": 10
      },
      "score": 0.373
    },
    "www.kaspersky.com": {
      "out": {
        "other": 10
      },
      "score": 0.373
    },
    "www.vantolretail.nl": {
      "out": {
        "other": 10
      },
      "score": 0.373
    },
    "www.veeva.com": {
      "out": {
        "other": 10
      },
      "score": 0.373
    },
    "www.cognizant.com": {
      "out": {
        "other": 10
      },
      "score": 0.373
    },
    "www.jortt.nl": {
      "out": {
        "other": 10
      },
      "score": 0.373
    },
    "www.infor.com": {
      "out": {
        "other": 10
      },
      "score": 0.373
    },
    "www.keurmerkafrekensystemen.nl": {
      "out": {
        "other": 10
      },
      "score": 0.373
    },
    "www.wtatennis.com": {
      "out": {
        "other": 10
      },
      "score": 0.373
    },
    "www.dommelstroomdelen.nl": {
      "out": {
        "other": 10
      },
      "score": 0.373
    },
    "www.thegreenery.com": {
      "out": {
        "other": 10
      },
      "score": 0.373
    },
    "amsterdameweek.com": {
      "out": {
        "other": 10
      },
      "score": 0.373
    },
    "www.eal.dk": {
      "out": {
        "other": 10
      },
      "score": 0.373
    },
    "www.landjuweel.nl": {
      "out": {
        "other": 10
      },
      "score": 0.373
    },
    "www.lighting.philips.com": {
      "out": {
        "other": 10
      },
      "score": 0.373
    },
    "www.jumbo.com": {
      "out": {
        "other": 10
      },
      "score": 0.373
    },
    "www.zpfacts.nl": {
      "out": {
        "other": 10
      },
      "score": 0.373
    },
    "www.audibrussels.com": {
      "out": {
        "other": 10
      },
      "score": 0.373
    },
    "www.hu.nl": {
      "out": {
        "other": 10
      },
      "score": 0.373
    },
    "www.venafi.com": {
      "out": {
        "other": 10
      },
      "score": 0.373
    },
    "sapsponsorships.com": {
      "out": {
        "other": 10
      },
      "score": 0.373
    },
    "www.checkout.nl": {
      "out": {
        "other": 9
      },
      "score": 0.359
    },
    "2050.earth": {
      "out": {
        "other": 9
      },
      "score": 0.359
    },
    "www.battleofconcepts.n": {
      "out": {
        "other": 9
      },
      "score": 0.359
    },
    "sinaps.nu": {
      "out": {
        "other": 9
      },
      "score": 0.359
    },
    "letsencrypt.org": {
      "out": {
        "other": 9
      },
      "score": 0.359
    },
    "www.utwente.nl": {
      "out": {
        "other": 9
      },
      "score": 0.359
    },
    "www.internetconsultatie.nl": {
      "out": {
        "other": 9
      },
      "score": 0.359
    },
    "www.amsterdameweek.com": {
      "out": {
        "other": 9
      },
      "score": 0.359
    },
    "www.sibos.com": {
      "out": {
        "other": 9
      },
      "score": 0.359
    },
    "www.mobileiron.com": {
      "out": {
        "other": 9
      },
      "score": 0.359
    },
    "vanessaevers.wordpress.com": {
      "out": {
        "other": 9
      },
      "score": 0.359
    },
    "blog.pmarca.com": {
      "out": {
        "other": 9
      },
      "score": 0.359
    },
    "blogs.3ds.com": {
      "out": {
        "other": 9
      },
      "score": 0.359
    },
    "ecp.nl": {
      "out": {
        "other": 9
      },
      "score": 0.359
    },
    "www.usv.com": {
      "out": {
        "other": 8
      },
      "score": 0.344
    },
    "reinventdatacenters.com": {
      "out": {
        "other": 8
      },
      "score": 0.344
    },
    "www.aerea.nl": {
      "out": {
        "other": 8
      },
      "score": 0.344
    },
    "www.dsautomobiles.nl": {
      "out": {
        "other": 8
      },
      "score": 0.344
    },
    "www.ecompetences.eu": {
      "out": {
        "other": 8
      },
      "score": 0.344
    },
    "a16z.com": {
      "out": {
        "other": 8
      },
      "score": 0.344
    },
    "www.agcs.allianz.com": {
      "out": {
        "other": 8
      },
      "score": 0.344
    },
    "www.ifsworld.com": {
      "out": {
        "other": 8
      },
      "score": 0.344
    },
    "www.sidn.nl": {
      "out": {
        "other": 8
      },
      "score": 0.344
    },
    "www.qwiksense.com": {
      "out": {
        "other": 8
      },
      "score": 0.344
    },
    "www.datacentrumgroningen.nl": {
      "out": {
        "other": 8
      },
      "score": 0.344
    },
    "avc.com": {
      "out": {
        "other": 8
      },
      "score": 0.344
    },
    "www.tudelft.nl": {
      "out": {
        "other": 8
      },
      "score": 0.344
    },
    "www.geberit.nl": {
      "out": {
        "other": 8
      },
      "score": 0.344
    },
    "www.nederlandict.nl": {
      "out": {
        "other": 8
      },
      "score": 0.344
    },
    "www.ictwaarborg.nl": {
      "out": {
        "other": 8
      },
      "score": 0.344
    },
    "www.spacex.com": {
      "out": {
        "other": 8
      },
      "score": 0.344
    },
    "www.generalmills.fr": {
      "out": {
        "other": 8
      },
      "score": 0.344
    },
    "www.businessinsider.com": {
      "out": {
        "other": 8
      },
      "score": 0.344
    },
    "web.mit.edu": {
      "out": {
        "other": 8
      },
      "score": 0.344
    },
    "www.emerce.nl": {
      "out": {
        "other": 8
      },
      "score": 0.344
    },
    "www.hightechcampus.com": {
      "out": {
        "other": 8
      },
      "score": 0.344
    },
    "www.groupe-psa.com": {
      "out": {
        "other": 8
      },
      "score": 0.344
    },
    "www.ft.com": {
      "out": {
        "other": 8
      },
      "score": 0.344
    },
    "www.sigfox.com": {
      "out": {
        "other": 8
      },
      "score": 0.344
    },
    "www.tum.de": {
      "out": {
        "other": 8
      },
      "score": 0.344
    },
    "www8.hp.com": {
      "out": {
        "other": 8
      },
      "score": 0.344
    },
    "www.degoudendriehoek.com": {
      "out": {
        "other": 8
      },
      "score": 0.344
    },
    "www.nrf.gov.sg": {
      "out": {
        "other": 8
      },
      "score": 0.344
    },
    "www.bosch.nl": {
      "out": {
        "other": 8
      },
      "score": 0.344
    },
    "novaccent.nl": {
      "out": {
        "other": 7
      },
      "score": 0.328
    },
    "www.nl.capgemini.com": {
      "out": {
        "other": 7
      },
      "score": 0.328
    },
    "bitcoincongres.nl": {
      "out": {
        "other": 7
      },
      "score": 0.328
    },
    "www.noviotechcampus.com": {
      "out": {
        "other": 7
      },
      "score": 0.328
    },
    "www.airbusafran-launchers.com": {
      "out": {
        "other": 7
      },
      "score": 0.328
    },
    "www.wired.com": {
      "out": {
        "other": 7
      },
      "score": 0.328
    },
    "www.hays.nl": {
      "out": {
        "other": 7
      },
      "score": 0.328
    },
    "www.ppmoost.nl": {
      "out": {
        "other": 7
      },
      "score": 0.328
    },
    "www.berenschot.nl": {
      "out": {
        "other": 7
      },
      "score": 0.328
    },
    "www.opencompute.org": {
      "out": {
        "other": 7
      },
      "score": 0.328
    },
    "www.thethingsnetwork-groningen.org": {
      "out": {
        "other": 7
      },
      "score": 0.328
    },
    "rethinkresearch.biz": {
      "out": {
        "other": 7
      },
      "score": 0.328
    },
    "thethingsnetwork.org": {
      "out": {
        "other": 7
      },
      "score": 0.328
    },
    "www.rockstart.com": {
      "out": {
        "other": 7
      },
      "score": 0.328
    },
    "www.draadlooseindhoven.nl": {
      "out": {
        "other": 7
      },
      "score": 0.328
    },
    "sps.nl": {
      "out": {
        "other": 7
      },
      "score": 0.328
    },
    "www.ovhtelecom.fr": {
      "out": {
        "other": 7
      },
      "score": 0.328
    },
    "e-estonia.com": {
      "out": {
        "other": 7
      },
      "score": 0.328
    },
    "nl.wikipedia.org": {
      "out": {
        "other": 7
      },
      "score": 0.328
    },
    "www.ce.org": {
      "out": {
        "other": 7
      },
      "score": 0.328
    },
    "insight.theapsgroup.com": {
      "out": {
        "other": 7
      },
      "score": 0.328
    },
    "www.bit.nl": {
      "out": {
        "other": 7
      },
      "score": 0.328
    },
    "www.gsminfo.nl": {
      "out": {
        "other": 7
      },
      "score": 0.328
    },
    "www.uniekbo.nl": {
      "out": {
        "other": 7
      },
      "score": 0.328
    },
    "educationhack.nl": {
      "out": {
        "other": 7
      },
      "score": 0.328
    },
    "www.kalypton.com": {
      "out": {
        "other": 7
      },
      "score": 0.328
    },
    "www.michaelpage.nl": {
      "out": {
        "other": 7
      },
      "score": 0.328
    },
    "www.rug.nl": {
      "out": {
        "other": 7
      },
      "score": 0.328
    },
    "www.nox-nighttimeexpress.nl": {
      "out": {
        "other": 7
      },
      "score": 0.328
    },
    "www.jet-net.nl": {
      "out": {
        "other": 7
      },
      "score": 0.328
    },
    "www.commit-nl.nl": {
      "out": {
        "other": 7
      },
      "score": 0.328
    },
    "www.bp.com": {
      "out": {
        "other": 7
      },
      "score": 0.328
    },
    "nl.campus-party.org": {
      "out": {
        "other": 7
      },
      "score": 0.328
    },
    "www.emerceeday.nl": {
      "out": {
        "other": 7
      },
      "score": 0.328
    },
    "amsterdamopenair.nl": {
      "out": {
        "other": 6
      },
      "score": 0.308
    },
    "www.fiber.nl": {
      "out": {
        "other": 6
      },
      "score": 0.308
    },
    "www.ibm.com": {
      "out": {
        "other": 6
      },
      "score": 0.308
    },
    "www.interoute.com": {
      "out": {
        "other": 6
      },
      "score": 0.308
    },
    "www.numergy.com": {
      "out": {
        "other": 6
      },
      "score": 0.308
    },
    "www.globalknowledge.nl": {
      "out": {
        "other": 6
      },
      "score": 0.308
    },
    "www.lexisnexis.nl": {
      "out": {
        "other": 6
      },
      "score": 0.308
    },
    "eredivisiezeilen.nl": {
      "out": {
        "other": 6
      },
      "score": 0.308
    },
    "www.eneco.nl": {
      "out": {
        "other": 6
      },
      "score": 0.308
    },
    "co.nl": {
      "out": {
        "other": 6
      },
      "score": 0.308
    },
    "www.criteo.com": {
      "out": {
        "other": 6
      },
      "score": 0.308
    },
    "www.fhi.nl": {
      "out": {
        "other": 6
      },
      "score": 0.308
    },
    "www.gensys.nl": {
      "out": {
        "other": 6
      },
      "score": 0.308
    },
    "mediazone.cityfootball.com": {
      "out": {
        "other": 6
      },
      "score": 0.308
    },
    "www.rethinkresearch.biz": {
      "out": {
        "other": 6
      },
      "score": 0.308
    },
    "www.bsa.org": {
      "out": {
        "other": 6
      },
      "score": 0.308
    },
    "www.samsung.com": {
      "out": {
        "other": 6
      },
      "score": 0.308
    },
    "startupjuncture.com": {
      "out": {
        "other": 6
      },
      "score": 0.308
    },
    "network.mynewsdesk.com": {
      "out": {
        "other": 6
      },
      "score": 0.308
    },
    "www.fellowes.nl": {
      "out": {
        "other": 6
      },
      "score": 0.308
    },
    "www.dictu.nl": {
      "out": {
        "other": 6
      },
      "score": 0.308
    },
    "www.indeed.com": {
      "out": {
        "other": 6
      },
      "score": 0.308
    },
    "www.cloudwatt.com": {
      "out": {
        "other": 6
      },
      "score": 0.308
    },
    "www.eurofibergroup.com": {
      "out": {
        "other": 6
      },
      "score": 0.308
    },
    "www.ipkinternational.com": {
      "out": {
        "other": 6
      },
      "score": 0.308
    },
    "www.gtnexus.com": {
      "out": {
        "other": 6
      },
      "score": 0.308
    },
    "www.kentico.com": {
      "out": {
        "other": 6
      },
      "score": 0.308
    },
    "www.dop.nu": {
      "out": {
        "other": 6
      },
      "score": 0.308
    },
    "www.icc.nl": {
      "out": {
        "other": 6
      },
      "score": 0.308
    },
    "site.teradata.com": {
      "out": {
        "other": 6
      },
      "score": 0.308
    },
    "www.noties.nl": {
      "out": {
        "other": 6
      },
      "score": 0.308
    },
    "www.ruckuswireles.com": {
      "out": {
        "other": 6
      },
      "score": 0.308
    },
    "www.schneider-electric.com": {
      "out": {
        "other": 6
      },
      "score": 0.308
    },
    "www.hanze.nl": {
      "out": {
        "other": 6
      },
      "score": 0.308
    },
    "www.matoketours.nl": {
      "out": {
        "other": 6
      },
      "score": 0.308
    },
    "www.openloyalty.io": {
      "out": {
        "other": 6
      },
      "score": 0.308
    },
    "www.intelcapital.com": {
      "out": {
        "other": 6
      },
      "score": 0.308
    },
    "www.smartskating.com": {
      "out": {
        "other": 6
      },
      "score": 0.308
    },
    "mcspr.nl": {
      "out": {
        "other": 6
      },
      "score": 0.308
    },
    "www.intersection.com": {
      "out": {
        "other": 6
      },
      "score": 0.308
    },
    "www.uber.com": {
      "out": {
        "other": 6
      },
      "score": 0.308
    },
    "www.zernikecampusgroningen.nl": {
      "out": {
        "other": 6
      },
      "score": 0.308
    },
    "www.simpledcard.com": {
      "out": {
        "other": 6
      },
      "score": 0.308
    },
    "kansopwerk.nl": {
      "out": {
        "other": 6
      },
      "score": 0.308
    },
    "lvtpr.sharepoint.com": {
      "out": {
        "other": 6
      },
      "score": 0.308
    },
    "www.dynatrace.com": {
      "out": {
        "other": 6
      },
      "score": 0.308
    },
    "www.fox-it.com": {
      "out": {
        "other": 6
      },
      "score": 0.308
    },
    "www.hint.nl": {
      "out": {
        "other": 6
      },
      "score": 0.308
    },
    "www.stratoscale.com": {
      "out": {
        "other": 6
      },
      "score": 0.308
    },
    "www.multiscope.nl": {
      "out": {
        "other": 6
      },
      "score": 0.308
    },
    "atos.net": {
      "out": {
        "other": 6
      },
      "score": 0.308
    },
    "filestest.smart.pr.s3-eu-west-1.amazonaws.com": {
      "out": {
        "other": 6
      },
      "score": 0.308
    },
    "ICTpartnergezocht.nl": {
      "out": {
        "other": 6
      },
      "score": 0.308
    },
    "www.gloweindhoven..nl": {
      "out": {
        "other": 6
      },
      "score": 0.308
    },
    "www.growthtribeacademy.com": {
      "out": {
        "other": 6
      },
      "score": 0.308
    },
    "www.paypal.com": {
      "out": {
        "other": 6
      },
      "score": 0.308
    },
    "www.surfsara.nl": {
      "out": {
        "other": 6
      },
      "score": 0.308
    },
    "www.youtube.com": {
      "out": {
        "other": 6
      },
      "score": 0.308
    },
    "www.alertonline.nl": {
      "out": {
        "other": 6
      },
      "score": 0.308
    },
    "www.ovum.com": {
      "out": {
        "other": 6
      },
      "score": 0.308
    },
    "ec.europa.eu": {
      "out": {
        "other": 6
      },
      "score": 0.308
    },
    "www.singularityu.org": {
      "out": {
        "other": 6
      },
      "score": 0.308
    },
    "www.4daagse.nl": {
      "out": {
        "other": 6
      },
      "score": 0.308
    },
    "www.cegeka.com": {
      "out": {
        "other": 6
      },
      "score": 0.308
    },
    "www.voys.nl": {
      "out": {
        "other": 6
      },
      "score": 0.308
    },
    "brid.gy": {
      "in": {
        "other": 11
      },
      "score": 0.298
    },
    "www.paconsulting.com": {
      "out": {
        "other": 5
      },
      "score": 0.286
    },
    "WWW.NETFLIX.NL": {
      "out": {
        "other": 5
      },
      "score": 0.286
    },
    "www.innoleaps.com": {
      "out": {
        "other": 5
      },
      "score": 0.286
    },
    "www.airbnb.nl": {
      "out": {
        "other": 5
      },
      "score": 0.286
    },
    "www.forrester.com": {
      "out": {
        "other": 5
      },
      "score": 0.286
    },
    "www.edwardian.com": {
      "out": {
        "other": 5
      },
      "score": 0.286
    },
    "www.technologyforhealth.nl": {
      "out": {
        "other": 5
      },
      "score": 0.286
    },
    "techblog.netflix.com": {
      "out": {
        "other": 5
      },
      "score": 0.286
    },
    "www.kaseya.com": {
      "out": {
        "other": 5
      },
      "score": 0.286
    },
    "www.computerprofile.com": {
      "out": {
        "other": 5
      },
      "score": 0.286
    },
    "www.drawingtohealth.com": {
      "out": {
        "other": 5
      },
      "score": 0.286
    },
    "www.connectedenterprisereport.com": {
      "out": {
        "other": 5
      },
      "score": 0.286
    },
    "www.ace-amsterdam.org": {
      "out": {
        "other": 5
      },
      "score": 0.286
    },
    "www.nextrembrandt.com": {
      "out": {
        "other": 5
      },
      "score": 0.286
    },
    "www.polycom.co.uk": {
      "out": {
        "other": 5
      },
      "score": 0.286
    },
    "www.consultancy.nl": {
      "out": {
        "other": 5
      },
      "score": 0.286
    },
    "www.divante.co": {
      "out": {
        "other": 5
      },
      "score": 0.286
    },
    "www.poraad.nl": {
      "out": {
        "other": 5
      },
      "score": 0.286
    },
    "www.qbd.eu": {
      "out": {
        "other": 5
      },
      "score": 0.286
    },
    "www.noordwijkseschool.nl": {
      "out": {
        "other": 5
      },
      "score": 0.286
    },
    "drive.google.com": {
      "out": {
        "other": 5
      },
      "score": 0.286
    },
    "www.amazon.nl": {
      "out": {
        "other": 5
      },
      "score": 0.286
    },
    "h17007.www1.hp.com": {
      "out": {
        "other": 5
      },
      "score": 0.286
    },
    "www.checktwice.nl": {
      "out": {
        "other": 5
      },
      "score": 0.286
    },
    "www.coolprofs.nl": {
      "out": {
        "other": 5
      },
      "score": 0.286
    },
    "www.surfnet.nl": {
      "out": {
        "other": 5
      },
      "score": 0.286
    },
    "www.digitalezorg.nl": {
      "out": {
        "other": 5
      },
      "score": 0.286
    },
    "www.tmf-group.com": {
      "out": {
        "other": 5
      },
      "score": 0.286
    },
    "www.decos.com": {
      "out": {
        "other": 5
      },
      "score": 0.286
    },
    "bibliotheek.nl": {
      "out": {
        "other": 5
      },
      "score": 0.286
    },
    "dimensiondata.com": {
      "out": {
        "other": 5
      },
      "score": 0.286
    },
    "press.kaspersky.com": {
      "out": {
        "other": 5
      },
      "score": 0.286
    },
    "projectignite.autodesk.com": {
      "out": {
        "other": 5
      },
      "score": 0.286
    },
    "www.amsterdameweek.nl": {
      "out": {
        "other": 5
      },
      "score": 0.286
    },
    "www.tomtom.com": {
      "out": {
        "other": 5
      },
      "score": 0.286
    },
    "www.autodesk.com": {
      "out": {
        "other": 5
      },
      "score": 0.286
    },
    "mailingtool.nederlandict.nl": {
      "out": {
        "other": 5
      },
      "score": 0.286
    },
    "www.emcfederation.com": {
      "out": {
        "other": 5
      },
      "score": 0.286
    },
    "www.nuvema.nl": {
      "out": {
        "other": 5
      },
      "score": 0.286
    },
    "www.ingenico.com": {
      "out": {
        "other": 5
      },
      "score": 0.286
    },
    "www.cash.nl": {
      "out": {
        "other": 5
      },
      "score": 0.286
    },
    "www.oilandgasiq.com": {
      "out": {
        "other": 5
      },
      "score": 0.286
    },
    "www.uneto-vni.nl": {
      "out": {
        "other": 5
      },
      "score": 0.286
    },
    "www.cisco.com": {
      "out": {
        "other": 5
      },
      "score": 0.286
    },
    "en.wikipedia.org": {
      "out": {
        "other": 5
      },
      "score": 0.286
    },
    "sdb.nl": {
      "out": {
        "other": 5
      },
      "score": 0.286
    },
    "www.begrotingsapp.nl": {
      "out": {
        "other": 4
      },
      "score": 0.258
    },
    "www.harveynash.com": {
      "out": {
        "other": 4
      },
      "score": 0.258
    },
    "www.intermediair.nl": {
      "out": {
        "other": 4
      },
      "score": 0.258
    },
    "www.vhto.nl": {
      "out": {
        "other": 4
      },
      "score": 0.258
    },
    "www.vanstraaten.com": {
      "out": {
        "other": 4
      },
      "score": 0.258
    },
    "mailto": {
      "out": {
        "other": 4
      },
      "score": 0.258
    },
    "www.ironmountain.nl": {
      "out": {
        "other": 4
      },
      "score": 0.258
    },
    "www.spacedaily.com": {
      "out": {
        "other": 4
      },
      "score": 0.258
    },
    "qube.org": {
      "out": {
        "other": 4
      },
      "score": 0.258
    },
    "www.virtual-affairs.nl": {
      "out": {
        "other": 4
      },
      "score": 0.258
    },
    "www.campusparty.nl": {
      "out": {
        "other": 4
      },
      "score": 0.258
    },
    "cloudworks.nu": {
      "out": {
        "other": 3
      },
      "in": {
        "other": 2
      },
      "score": 0.258
    },
    "trusteddigitalidentity.com": {
      "out": {
        "other": 4
      },
      "score": 0.258
    },
    "mcspr.us9.list-manage.com": {
      "out": {
        "other": 4
      },
      "score": 0.258
    },
    "www.acquia.com": {
      "out": {
        "other": 4
      },
      "score": 0.258
    },
    "www.ams-ix.net": {
      "out": {
        "other": 4
      },
      "score": 0.258
    },
    "www.rsm.nl": {
      "out": {
        "other": 4
      },
      "score": 0.258
    },
    "www.smartdatacity.org": {
      "out": {
        "other": 4
      },
      "score": 0.258
    },
    "lafondation.3ds.com": {
      "out": {
        "other": 4
      },
      "score": 0.258
    },
    "www.inscope.nl": {
      "out": {
        "other": 4
      },
      "score": 0.258
    },
    "www.platformbetatechniek.nl": {
      "out": {
        "other": 4
      },
      "score": 0.258
    },
    "www.spotcap.nl": {
      "out": {
        "other": 4
      },
      "score": 0.258
    },
    "www.polycom.com": {
      "out": {
        "other": 4
      },
      "score": 0.258
    },
    "www.sageerpx3.com": {
      "out": {
        "other": 4
      },
      "score": 0.258
    },
    "www.sophos.com": {
      "out": {
        "other": 4
      },
      "score": 0.258
    },
    "www.surf.nl": {
      "out": {
        "other": 3
      },
      "score": 0.222
    },
    "www.colt.net": {
      "out": {
        "other": 3
      },
      "score": 0.222
    },
    "datacenterworks.nl": {
      "out": {
        "other": 3
      },
      "score": 0.222
    },
    "www.telegraaf.nl": {
      "out": {
        "other": 3
      },
      "score": 0.222
    },
    "www.linkedin.com": {
      "out": {
        "other": 3
      },
      "score": 0.222
    },
    "eu.vocuspr.com": {
      "out": {
        "other": 3
      },
      "score": 0.222
    },
    "www.eretaileurope.com": {
      "out": {
        "other": 3
      },
      "score": 0.222
    },
    "ittalentcollege.com": {
      "out": {
        "other": 3
      },
      "score": 0.222
    },
    "www.abiresearch.com": {
      "out": {
        "other": 3
      },
      "score": 0.222
    },
    "itunes.apple.com": {
      "out": {
        "other": 3
      },
      "score": 0.222
    },
    "blogs.microsoft.nl": {
      "out": {
        "other": 3
      },
      "score": 0.222
    },
    "vimeo.com": {
      "out": {
        "other": 3
      },
      "score": 0.222
    },
    "www.donate-it.nl": {
      "out": {
        "other": 3
      },
      "score": 0.222
    },
    "www.belastingdienst.nl": {
      "out": {
        "other": 2
      },
      "score": 0.173
    },
    "data.overheid.nl": {
      "out": {
        "other": 2
      },
      "score": 0.173
    },
    "www.riskcompliance.nl": {
      "out": {
        "other": 2
      },
      "score": 0.173
    },
    "www.netapp.com": {
      "out": {
        "other": 2
      },
      "score": 0.173
    },
    "startuppodium.surf.nl": {
      "out": {
        "other": 2
      },
      "score": 0.173
    },
    "www.gartner.com": {
      "out": {
        "other": 2
      },
      "score": 0.173
    },
    "www.makerbot.com": {
      "out": {
        "other": 2
      },
      "score": 0.173
    },
    "www.voiceworks.com": {
      "out": {
        "other": 2
      },
      "score": 0.173
    },
    "www.ericsson.com": {
      "out": {
        "other": 2
      },
      "score": 0.173
    },
    "aka.ms": {
      "out": {
        "other": 2
      },
      "score": 0.173
    },
    "blogs.microsoft.com": {
      "out": {
        "other": 2
      },
      "score": 0.173
    },
    "sustainerhomes.nl": {
      "out": {
        "other": 2
      },
      "score": 0.173
    },
    "www.forbes.com": {
      "out": {
        "other": 2
      },
      "score": 0.173
    },
    "youtu.be": {
      "out": {
        "other": 2
      },
      "score": 0.173
    },
    "www.biomimicrynl.org": {
      "out": {
        "other": 2
      },
      "score": 0.173
    },
    "www.comfylight.com": {
      "out": {
        "other": 2
      },
      "score": 0.173
    },
    "www.nwo.nl": {
      "out": {
        "other": 2
      },
      "score": 0.173
    },
    "virgla.com": {
      "out": {
        "other": 2
      },
      "score": 0.173
    },
    "interspire.lewispr.com": {
      "out": {
        "other": 2
      },
      "score": 0.173
    },
    "arstechnica.com": {
      "out": {
        "other": 2
      },
      "score": 0.173
    },
    "www.reinventdatacenters.com": {
      "out": {
        "other": 2
      },
      "score": 0.173
    },
    "www.electroninks.com": {
      "out": {
        "other": 2
      },
      "score": 0.173
    },
    "itif.org": {
      "out": {
        "other": 2
      },
      "score": 0.173
    },
    "play.google.com": {
      "out": {
        "other": 2
      },
      "score": 0.173
    },
    "www.rathenau.nl": {
      "out": {
        "other": 2
      },
      "score": 0.173
    },
    "www.lbma.org.uk": {
      "out": {
        "other": 2
      },
      "score": 0.173
    },
    "www.trakkies.com": {
      "out": {
        "other": 2
      },
      "score": 0.173
    },
    "www.waag.org": {
      "out": {
        "other": 2
      },
      "score": 0.173
    },
    "online.microfocus.com": {
      "out": {
        "other": 2
      },
      "score": 0.173
    },
    "www.dutch-masters-of-cloud.nl": {
      "out": {
        "other": 1
      },
      "score": 0.0861
    },
    "www.milieucentraal.nl": {
      "out": {
        "other": 1
      },
      "score": 0.0861
    },
    "www.responsiblejewellery.com": {
      "out": {
        "other": 1
      },
      "score": 0.0861
    },
    "www.symbaloo.com": {
      "out": {
        "other": 1
      },
      "score": 0.0861
    },
    "www.thedrum.com": {
      "out": {
        "other": 1
      },
      "score": 0.0861
    },
    "sportenmarketing.com": {
      "out": {
        "other": 1
      },
      "score": 0.0861
    },
    "www.cabture.nl": {
      "out": {
        "other": 1
      },
      "score": 0.0861
    },
    "www.cocoabarometer.org": {
      "out": {
        "other": 1
      },
      "score": 0.0861
    },
    "www.computable.nl": {
      "out": {
        "other": 1
      },
      "score": 0.0861
    },
    "www.elab-alphen.nl": {
      "out": {
        "other": 1
      },
      "score": 0.0861
    },
    "www.motivaction.nl": {
      "out": {
        "other": 1
      },
      "score": 0.0861
    },
    "www.solidworks.nl": {
      "out": {
        "other": 1
      },
      "score": 0.0861
    },
    "ldd.lego.com": {
      "out": {
        "other": 1
      },
      "score": 0.0861
    },
    "newsroom.intel.com": {
      "out": {
        "other": 1
      },
      "score": 0.0861
    },
    "techionista.com": {
      "out": {
        "other": 1
      },
      "score": 0.0861
    },
    "www.3duniversum.com": {
      "out": {
        "other": 1
      },
      "score": 0.0861
    },
    "www.acorel.nl": {
      "out": {
        "other": 1
      },
      "score": 0.0861
    },
    "www.dashmote.com": {
      "out": {
        "other": 1
      },
      "score": 0.0861
    },
    "www.datacenterdynamics.com": {
      "out": {
        "other": 1
      },
      "score": 0.0861
    },
    "ddream.tudelft.nl": {
      "out": {
        "other": 1
      },
      "score": 0.0861
    },
    "information.colt.net": {
      "out": {
        "other": 1
      },
      "score": 0.0861
    },
    "www.civocracy.org": {
      "out": {
        "other": 1
      },
      "score": 0.0861
    },
    "www.onlinecasinosnederland.nl": {
      "out": {
        "other": 1
      },
      "score": 0.0861
    },
    "www.skype.com": {
      "out": {
        "other": 1
      },
      "score": 0.0861
    },
    "www.stibosystems.co.uk": {
      "out": {
        "other": 1
      },
      "score": 0.0861
    },
    "www.uva.nl": {
      "out": {
        "other": 1
      },
      "score": 0.0861
    },
    "canarddrones.com": {
      "out": {
        "other": 1
      },
      "score": 0.0861
    },
    "liater.co": {
      "out": {
        "other": 1
      },
      "score": 0.0861
    },
    "www.magicsoftware.nl": {
      "out": {
        "other": 1
      },
      "score": 0.0861
    },
    "info.commscope.com": {
      "out": {
        "other": 1
      },
      "score": 0.0861
    },
    "perspectives.3ds.com": {
      "out": {
        "other": 1
      },
      "score": 0.0861
    },
    "theconstruct.co": {
      "out": {
        "other": 1
      },
      "score": 0.0861
    },
    "vinderij.nl": {
      "out": {
        "other": 1
      },
      "score": 0.0861
    },
    "www.creativecommons.nl": {
      "out": {
        "other": 1
      },
      "score": 0.0861
    },
    "www.rolandberger.nl": {
      "out": {
        "other": 1
      },
      "score": 0.0861
    },
    "www.shopads.com": {
      "out": {
        "other": 1
      },
      "score": 0.0861
    },
    "xtremio.com": {
      "out": {
        "other": 1
      },
      "score": 0.0861
    },
    "co.uk": {
      "out": {
        "other": 1
      },
      "score": 0.0861
    },
    "www.aspect.com": {
      "out": {
        "other": 1
      },
      "score": 0.0861
    },
    "www.deere.nl": {
      "out": {
        "other": 1
      },
      "score": 0.0861
    },
    "www.dutchcowboys.nl": {
      "out": {
        "other": 1
      },
      "score": 0.0861
    },
    "www.infosecurity-magazine.nl": {
      "out": {
        "other": 1
      },
      "score": 0.0861
    },
    "www.oosm.net": {
      "out": {
        "other": 1
      },
      "score": 0.0861
    },
    "www.pnoconsultants.nl": {
      "out": {
        "other": 1
      },
      "score": 0.0861
    },
    "www.tilburguniversity.edu": {
      "out": {
        "other": 1
      },
      "score": 0.0861
    },
    "www.verkeersonderneming.nl": {
      "out": {
        "other": 1
      },
      "score": 0.0861
    },
    "tinkercad.com": {
      "out": {
        "other": 1
      },
      "score": 0.0861
    },
    "www.123dapp.com": {
      "out": {
        "other": 1
      },
      "score": 0.0861
    },
    "www.co-workx.nl": {
      "out": {
        "other": 1
      },
      "score": 0.0861
    },
    "www.dinl.nl": {
      "out": {
        "other": 1
      },
      "score": 0.0861
    },
    "www.eulerhermes.nl": {
      "out": {
        "other": 1
      },
      "score": 0.0861
    },
    "www.kwf.nl": {
      "out": {
        "other": 1
      },
      "score": 0.0861
    },
    "www.mystay.cz": {
      "out": {
        "other": 1
      },
      "score": 0.0861
    },
    "info.verint.com": {
      "out": {
        "other": 1
      },
      "score": 0.0861
    },
    "siteco.re": {
      "out": {
        "other": 1
      },
      "score": 0.0861
    },
    "www.dimensiondatacx.com": {
      "out": {
        "other": 1
      },
      "score": 0.0861
    },
    "www.dynamicmarkets.co.uk": {
      "out": {
        "other": 1
      },
      "score": 0.0861
    },
    "www.goldfish-ict.com": {
      "out": {
        "other": 1
      },
      "score": 0.0861
    },
    "www.techdays.nl": {
      "out": {
        "other": 1
      },
      "score": 0.0861
    },
    "stbcampaigns.m18.mailplus.nl": {
      "out": {
        "other": 1
      },
      "score": 0.0861
    },
    "www.iminds.be": {
      "out": {
        "other": 1
      },
      "score": 0.0861
    },
    "www.onename.io": {
      "out": {
        "other": 1
      },
      "score": 0.0861
    },
    "www.redhat.com": {
      "out": {
        "other": 1
      },
      "score": 0.0861
    },
    "www.spaceoffice.nl": {
      "out": {
        "other": 1
      },
      "score": 0.0861
    },
    "www.zorgvisie.nl": {
      "out": {
        "other": 1
      },
      "score": 0.0861
    },
    "hetdigitalelandschap.nl": {
      "out": {
        "other": 1
      },
      "score": 0.0861
    },
    "projects.eclipse.org": {
      "out": {
        "other": 1
      },
      "score": 0.0861
    },
    "www.filemaker.com": {
      "out": {
        "other": 1
      },
      "score": 0.0861
    },
    "www.internetdienstverleners.nl": {
      "out": {
        "other": 1
      },
      "score": 0.0861
    },
    "www.softwareag.com": {
      "out": {
        "other": 1
      },
      "score": 0.0861
    },
    "techcrunch.com": {
      "out": {
        "other": 1
      },
      "score": 0.0861
    },
    "www.carnomise.com": {
      "out": {
        "other": 1
      },
      "score": 0.0861
    },
    "www.oxfordmartin.ox.ac.uk": {
      "out": {
        "other": 1
      },
      "score": 0.0861
    },
    "labs.sogeti.com": {
      "out": {
        "other": 1
      },
      "score": 0.0861
    },
    "staff.fnwi.uva.nl": {
      "out": {
        "other": 1
      },
      "score": 0.0861
    },
    "www.breipatronen.co.nl": {
      "out": {
        "other": 1
      },
      "score": 0.0861
    },
    "www.spiritaero.com": {
      "out": {
        "other": 1
      },
      "score": 0.0861
    },
    "www.cbs.nl": {
      "out": {
        "other": 1
      },
      "score": 0.0861
    },
    "www.popularmechanics.com": {
      "out": {
        "other": 1
      },
      "score": 0.0861
    },
    "www.thehaguesecuritydelta.com": {
      "out": {
        "other": 1
      },
      "score": 0.0861
    },
    "emerce.com": {
      "out": {
        "other": 1
      },
      "score": 0.0861
    },
    "www.army.mil": {
      "out": {
        "other": 1
      },
      "score": 0.0861
    },
    "www.corporateknights.com": {
      "out": {
        "other": 1
      },
      "score": 0.0861
    },
    "www.managed-it.nl": {
      "out": {
        "other": 1
      },
      "score": 0.0861
    },
    "www.schadegarant.nl": {
      "out": {
        "other": 1
      },
      "score": 0.0861
    },
    "usv.com": {
      "out": {
        "other": 1
      },
      "score": 0.0861
    },
    "www.airbnb.be": {
      "out": {
        "other": 1
      },
      "score": 0.0861
    },
    "www.conflictfreesourcing.org": {
      "out": {
        "other": 1
      },
      "score": 0.0861
    },
    "www.dailydot.com": {
      "out": {
        "other": 1
      },
      "score": 0.0861
    },
    "www.inspiringfifty.com": {
      "out": {
        "other": 1
      },
      "score": 0.0861
    },
    "www.internetofeverything.com": {
      "out": {
        "other": 1
      },
      "score": 0.0861
    },
    "www.kpn.com": {
      "out": {
        "other": 1
      },
      "score": 0.0861
    },
    "www.pb7.nl": {
      "out": {
        "other": 1
      },
      "score": 0.0861
    },
    "hays.nl": {
      "out": {
        "other": 1
      },
      "score": 0.0861
    },
    "sap.com": {
      "out": {
        "other": 1
      },
      "score": 0.0861
    },
    "www.computerwinkels.nl": {
      "out": {
        "other": 1
      },
      "score": 0.0861
    },
    "www.fintech.nl": {
      "out": {
        "other": 1
      },
      "score": 0.0861
    },
    "www.thenanoage.com": {
      "out": {
        "other": 1
      },
      "score": 0.0861
    },
    "www.wrr.nl": {
      "out": {
        "other": 1
      },
      "score": 0.0861
    },
    "nrc.nl": {
      "out": {
        "other": 1
      },
      "score": 0.0861
    },
    "vrcinema.samhoud.com": {
      "out": {
        "other": 1
      },
      "score": 0.0861
    },
    "www.clickly.co": {
      "out": {
        "other": 1
      },
      "score": 0.0861
    },
    "www.fietsenmaker.co.nl": {
      "out": {
        "other": 1
      },
      "score": 0.0861
    },
    "www.parcer.com": {
      "out": {
        "other": 1
      },
      "score": 0.0861
    },
    "www.vhict.nl": {
      "out": {
        "other": 1
      },
      "score": 0.0861
    },
    "www.bisymposium.nl": {
      "out": {
        "other": 1
      },
      "score": 0.0861
    },
    "www.bnvmobility.com": {
      "out": {
        "other": 1
      },
      "score": 0.0861
    },
    "www.bpinetwork.org": {
      "out": {
        "other": 1
      },
      "score": 0.0861
    },
    "www.flashmemorysummit.com": {
      "out": {
        "other": 1
      },
      "score": 0.0861
    },
    "www.thetelecomcompany.com": {
      "out": {
        "other": 1
      },
      "score": 0.0861
    },
    "www.catawiki.frl": {
      "out": {
        "other": 1
      },
      "score": 0.0861
    },
    "www.conagrafoods.com": {
      "out": {
        "other": 1
      },
      "score": 0.0861
    },
    "www.jpx.co.jp": {
      "out": {
        "other": 1
      },
      "score": 0.0861
    },
    "www.marketsandmarkets.com": {
      "out": {
        "other": 1
      },
      "score": 0.0861
    },
    "www.sustainablebuildings.nl": {
      "out": {
        "other": 1
      },
      "score": 0.0861
    },
    "www.talko.com": {
      "out": {
        "other": 1
      },
      "score": 0.0861
    },
    "www.zoekcomputerhulp.nl": {
      "out": {
        "other": 1
      },
      "score": 0.0861
    },
    "centraalbeheer.nl": {
      "out": {
        "other": 1
      },
      "score": 0.0861
    },
    "wereld.blink.nl": {
      "out": {
        "other": 1
      },
      "score": 0.0861
    },
    "www.devfest.nl": {
      "out": {
        "other": 1
      },
      "score": 0.0861
    },
    "www.gfk.com": {
      "out": {
        "other": 1
      },
      "score": 0.0861
    },
    "www.metatronics.nl": {
      "out": {
        "other": 1
      },
      "score": 0.0861
    },
    "www.profiterenvanverandering.nl": {
      "out": {
        "other": 1
      },
      "score": 0.0861
    },
    "co.jp": {
      "out": {
        "other": 1
      },
      "score": 0.0861
    },
    "www.dipper3d.com": {
      "out": {
        "other": 1
      },
      "score": 0.0861
    },
    "www.osqr.com": {
      "out": {
        "other": 1
      },
      "score": 0.0861
    },
    "www.stucomm.com": {
      "out": {
        "other": 1
      },
      "score": 0.0861
    },
    "issuu.com": {
      "out": {
        "other": 1
      },
      "score": 0.0861
    },
    "streamwatchr.com": {
      "out": {
        "other": 1
      },
      "score": 0.0861
    },
    "www.dhpa.nl": {
      "out": {
        "other": 1
      },
      "score": 0.0861
    },
    "www.netvibes.com": {
      "out": {
        "other": 1
      },
      "score": 0.0861
    },
    "www.ppverbeek.nl": {
      "out": {
        "other": 1
      },
      "score": 0.0861
    },
    "www.storegecko.com": {
      "out": {
        "other": 1
      },
      "score": 0.0861
    },
    "www.tespack.com": {
      "out": {
        "other": 1
      },
      "score": 0.0861
    },
    "fd.nl": {
      "out": {
        "other": 1
      },
      "score": 0.0861
    },
    "fenceworks.nl": {
      "out": {
        "other": 1
      },
      "score": 0.0861
    },
    "ironmountain.co.uk": {
      "out": {
        "other": 1
      },
      "score": 0.0861
    },
    "monitoringpublic.solaredge.com": {
      "out": {
        "other": 1
      },
      "score": 0.0861
    },
    "www.also.com": {
      "out": {
        "other": 1
      },
      "score": 0.0861
    },
    "www.burberry.com": {
      "out": {
        "other": 1
      },
      "score": 0.0861
    },
    "www.de-zeester.nl": {
      "out": {
        "other": 1
      },
      "score": 0.0861
    },
    "www.mckinsey.com": {
      "out": {
        "other": 1
      },
      "score": 0.0861
    },
    "www.trylikes.com": {
      "out": {
        "other": 1
      },
      "score": 0.0861
    },
    "www.ggzfriesland.nl": {
      "out": {
        "other": 1
      },
      "score": 0.0861
    },
    "www.iec.ch": {
      "out": {
        "other": 1
      },
      "score": 0.0861
    },
    "www.wiffinity.com": {
      "out": {
        "other": 1
      },
      "score": 0.0861
    },
    "microsoft.com": {
      "out": {
        "other": 1
      },
      "score": 0.0861
    },
    "nl.wikimedia.org": {
      "out": {
        "other": 1
      },
      "score": 0.0861
    },
    "onename.io": {
      "out": {
        "other": 1
      },
      "score": 0.0861
    },
    "playpass.com": {
      "out": {
        "other": 1
      },
      "score": 0.0861
    },
    "www.bol.com": {
      "out": {
        "other": 1
      },
      "score": 0.0861
    },
    "www.mainframe2.com": {
      "out": {
        "other": 1
      },
      "score": 0.0861
    },
    "www.myvessyl.com": {
      "out": {
        "other": 1
      },
      "score": 0.0861
    },
    "www.saphana.com": {
      "out": {
        "other": 1
      },
      "score": 0.0861
    },
    "3dexperiencelab.3ds.com": {
      "out": {
        "other": 1
      },
      "score": 0.0861
    },
    "codeweek.nl": {
      "out": {
        "other": 1
      },
      "score": 0.0861
    },
    "osqr.com": {
      "out": {
        "other": 1
      },
      "score": 0.0861
    },
    "quicargo.com": {
      "out": {
        "other": 1
      },
      "score": 0.0861
    },
    "www.epistemonikos.org": {
      "out": {
        "other": 1
      },
      "score": 0.0861
    },
    "www.fico.com": {
      "out": {
        "other": 1
      },
      "score": 0.0861
    },
    "www.proxcellence.com": {
      "out": {
        "other": 1
      },
      "score": 0.0861
    },
    "www.sforza.nu": {
      "out": {
        "other": 1
      },
      "score": 0.0861
    },
    "Bol.com": {
      "out": {
        "other": 1
      },
      "score": 0.0861
    },
    "nlkabel.nl": {
      "out": {
        "other": 1
      },
      "score": 0.0861
    },
    "transferwise.com": {
      "out": {
        "other": 1
      },
      "score": 0.0861
    },
    "twingz.com": {
      "out": {
        "other": 1
      },
      "score": 0.0861
    },
    "www.digiglas.nl": {
      "out": {
        "other": 1
      },
      "score": 0.0861
    },
    "www.girlsday.nl": {
      "out": {
        "other": 1
      },
      "score": 0.0861
    },
    "www.pagepersonnel.nl": {
      "out": {
        "other": 1
      },
      "score": 0.0861
    },
    "startupbootcamp.org": {
      "out": {
        "other": 1
      },
      "score": 0.0861
    },
    "www.aquis.eu": {
      "out": {
        "other": 1
      },
      "score": 0.0861
    },
    "www.efrowest.nl": {
      "out": {
        "other": 1
      },
      "score": 0.0861
    },
    "www.icanlocalize.com": {
      "out": {
        "other": 1
      },
      "score": 0.0861
    },
    "www.kramp.com": {
      "out": {
        "other": 1
      },
      "score": 0.0861
    },
    "www.quinso.nl": {
      "out": {
        "other": 1
      },
      "score": 0.0861
    },
    "www.visionsconnected.com": {
      "out": {
        "other": 1
      },
      "score": 0.0861
    },
    "bridgemanmethode.nl": {
      "out": {
        "other": 1
      },
      "score": 0.0861
    },
    "english.eu2016.nl": {
      "out": {
        "other": 1
      },
      "score": 0.0861
    },
    "github.com": {
      "out": {
        "other": 1
      },
      "score": 0.0861
    },
    "www.news.com.au": {
      "out": {
        "other": 1
      },
      "score": 0.0861
    },
    "executive-people.nl": {
      "out": {
        "other": 1
      },
      "score": 0.0861
    },
    "letour-livetracking.dimensiondata.com": {
      "out": {
        "other": 1
      },
      "score": 0.0861
    },
    "www.3dhubs.com": {
      "out": {
        "other": 1
      },
      "score": 0.0861
    },
    "www.appril.nl": {
      "out": {
        "other": 1
      },
      "score": 0.0861
    },
    "www.greenpeace.nl": {
      "out": {
        "other": 1
      },
      "score": 0.0861
    },
    "www.profitbox.nl": {
      "out": {
        "other": 1
      },
      "score": 0.0861
    },
    "WWW.ZSK.DE": {
      "out": {
        "other": 1
      },
      "score": 0.0861
    },
    "oracleamericainc.pr-optout.com": {
      "out": {
        "other": 1
      },
      "score": 0.0861
    },
    "softwareimpact.bsa.org": {
      "out": {
        "other": 1
      },
      "score": 0.0861
    },
    "www.automatiseringgids.nl": {
      "out": {
        "other": 1
      },
      "score": 0.0861
    },
    "www.couchsurfing.org": {
      "out": {
        "other": 1
      },
      "score": 0.0861
    },
    "www.extremetech.com": {
      "out": {
        "other": 1
      },
      "score": 0.0861
    },
    "www.gputechconf.com": {
      "out": {
        "other": 1
      },
      "score": 0.0861
    },
    "www.marktplaats.nl": {
      "out": {
        "other": 1
      },
      "score": 0.0861
    },
    "www.mcafee.com": {
      "out": {
        "other": 1
      },
      "score": 0.0861
    },
    "home.by.me": {
      "out": {
        "other": 1
      },
      "score": 0.0861
    },
    "lni40.de": {
      "out": {
        "other": 1
      },
      "score": 0.0861
    },
    "www.ida.gov.sg": {
      "out": {
        "other": 1
      },
      "score": 0.0861
    },
    "www.inteliments.com%29": {
      "out": {
        "other": 1
      },
      "score": 0.0861
    },
    "www.prnewswire.com": {
      "out": {
        "other": 1
      },
      "score": 0.0861
    },
    "www.thenextview.nl": {
      "out": {
        "other": 1
      },
      "score": 0.0861
    },
    "hollandfintech.com": {
      "out": {
        "other": 1
      },
      "score": 0.0861
    },
    "mdbraber.com": {
      "out": {
        "other": 1
      },
      "score": 0.0861
    },
    "news.microsoft.com": {
      "out": {
        "other": 1
      },
      "score": 0.0861
    },
    "www.cnbc.com": {
      "out": {
        "other": 1
      },
      "score": 0.0861
    },
    "www.conbind.org": {
      "out": {
        "other": 1
      },
      "score": 0.0861
    },
    "www.kadaster.nl": {
      "out": {
        "other": 1
      },
      "score": 0.0861
    },
    "facebook.com/notes": {
      "out": {
        "other": 1
      },
      "score": 0.0861
    },
    "www.bbc.com": {
      "out": {
        "other": 1
      },
      "score": 0.0861
    },
    "www.ccsinsight.com": {
      "out": {
        "other": 1
      },
      "score": 0.0861
    },
    "www.lifi.nl": {
      "out": {
        "other": 1
      },
      "score": 0.0861
    },
    "www.vintsymposium.nl": {
      "out": {
        "other": 1
      },
      "score": 0.0861
    },
    "crazylister.com": {
      "out": {
        "other": 1
      },
      "score": 0.0861
    },
    "www.brit.co": {
      "out": {
        "other": 1
      },
      "score": 0.0861
    },
    "www.hfsresearch.com": {
      "out": {
        "other": 1
      },
      "score": 0.0861
    },
    "www.kbo-pcob.nl": {
      "out": {
        "other": 1
      },
      "score": 0.0861
    },
    "24sessions.com": {
      "out": {
        "other": 1
      },
      "score": 0.0861
    },
    "CentralPoint.nl": {
      "out": {
        "other": 1
      },
      "score": 0.0861
    },
    "beta.slashdot.org": {
      "out": {
        "other": 1
      },
      "score": 0.0861
    },
    "datacentergroningen.nl": {
      "out": {
        "other": 1
      },
      "score": 0.0861
    },
    "webwereld.nl": {
      "out": {
        "other": 1
      },
      "score": 0.0861
    },
    "www.cadmes.com": {
      "out": {
        "other": 1
      },
      "score": 0.0861
    },
    "http": {
      "out": {
        "other": 1
      },
      "score": 0.0861
    },
    "www.techworld.com": {
      "out": {
        "other": 1
      },
      "score": 0.0861
    },
    "www.thalmic.com": {
      "out": {
        "other": 1
      },
      "score": 0.0861
    },
    "business.kaspersky.com": {
      "out": {
        "other": 1
      },
      "score": 0.0861
    },
    "www.ing.nl": {
      "out": {
        "other": 1
      },
      "score": 0.0861
    },
    "www.innosight.com": {
      "out": {
        "other": 1
      },
      "score": 0.0861
    },
    "www.italks.nl": {
      "out": {
        "other": 1
      },
      "score": 0.0861
    },
    "www.newcom.nl": {
      "out": {
        "other": 1
      },
      "score": 0.0861
    },
    "www.successfactors.com": {
      "out": {
        "other": 1
      },
      "score": 0.0861
    },
    "www.uu.nl": {
      "out": {
        "other": 1
      },
      "score": 0.0861
    },
    "Enpicom.com": {
      "out": {
        "other": 1
      },
      "score": 0.0861
    },
    "www.automatiseerder.nl": {
      "out": {
        "other": 1
      },
      "score": 0.0861
    },
    "www.dell.nl": {
      "out": {
        "other": 1
      },
      "score": 0.0861
    },
    "www.extremesailingseries.com": {
      "out": {
        "other": 1
      },
      "score": 0.0861
    },
    "go.divante.co": {
      "out": {
        "other": 1
      },
      "score": 0.0861
    },
    "hmi.ewi.utwente.nl": {
      "out": {
        "other": 1
      },
      "score": 0.0861
    },
    "ixsmartmobile.com": {
      "out": {
        "other": 1
      },
      "score": 0.0861
    },
    "monsterboard.nl": {
      "out": {
        "other": 1
      },
      "score": 0.0861
    },
    "www.iso.org": {
      "out": {
        "other": 1
      },
      "score": 0.0861
    },
    "www.raritan.nl": {
      "out": {
        "other": 1
      },
      "score": 0.0861
    },
    "www.techsoup.nl": {
      "out": {
        "other": 1
      },
      "score": 0.0861
    },
    "www.vikisense.com": {
      "out": {
        "other": 1
      },
      "score": 0.0861
    },
    "www.vnsg.nl": {
      "out": {
        "other": 1
      },
      "score": 0.0861
    },
    "www.catawiki.nl": {
      "out": {
        "other": 1
      },
      "score": 0.0861
    },
    "www.parallels.com": {
      "out": {
        "other": 1
      },
      "score": 0.0861
    },
    "data-central.site-ym.com": {
      "out": {
        "other": 1
      },
      "score": 0.0861
    },
    "www.bnr.nl": {
      "out": {
        "other": 1
      },
      "score": 0.0861
    },
    "research.microsoft.com": {
      "out": {
        "other": 1
      },
      "score": 0.0861
    },
    "www.aso.fr": {
      "out": {
        "other": 1
      },
      "score": 0.0861
    },
    "www.intel.nl": {
      "out": {
        "other": 1
      },
      "score": 0.0861
    },
    "www.moneylink.nl": {
      "out": {
        "other": 1
      },
      "score": 0.0861
    },
    "www.rodinconnect.com": {
      "out": {
        "other": 1
      },
      "score": 0.0861
    },
    "www.rt.com": {
      "out": {
        "other": 1
      },
      "score": 0.0861
    },
    "www.startupdelta.org": {
      "out": {
        "other": 1
      },
      "score": 0.0861
    },
    "www.superp.nl": {
      "out": {
        "other": 1
      },
      "score": 0.0861
    },
    "www.telecomdienstverleners.nl": {
      "out": {
        "other": 1
      },
      "score": 0.0861
    },
    "myjini.nl": {
      "out": {
        "other": 1
      },
      "score": 0.0861
    },
    "www.nieuwsblad.be": {
      "out": {
        "other": 1
      },
      "score": 0.0861
    },
    "www.sqs.com": {
      "out": {
        "other": 1
      },
      "score": 0.0861
    },
    "www.volkskrant.nl": {
      "out": {
        "other": 1
      },
      "score": 0.0861
    },
    "www2.deloitte.com": {
      "out": {
        "other": 1
      },
      "score": 0.0861
    },
    "www.b-amsterdam.nl": {
      "out": {
        "other": 1
      },
      "score": 0.0861
    },
    "www.flattire.nl": {
      "out": {
        "other": 1
      },
      "score": 0.0861
    },
    "www.hannovermesse.de": {
      "out": {
        "other": 1
      },
      "score": 0.0861
    },
    "www.meteogroup.com": {
      "out": {
        "other": 1
      },
      "score": 0.0861
    },
    "www.rightmarktonderzoek.nl": {
      "out": {
        "other": 1
      },
      "score": 0.0861
    },
    "8ef8fc5a6f197c7cbe33-1f33419d68a5edfd97bcd3ce99433e9d.r73.cf2.rackcdn.com": {
      "out": {
        "other": 1
      },
      "score": 0.0861
    },
    "data.gov.uk": {
      "out": {
        "other": 1
      },
      "score": 0.0861
    },
    "peil.nl": {
      "out": {
        "other": 1
      },
      "score": 0.0861
    },
    "www.booking.com": {
      "out": {
        "other": 1
      },
      "score": 0.0861
    },
    "www.eerstekamer.nl": {
      "out": {
        "other": 1
      },
      "score": 0.0861
    },
    "www.getskace.com": {
      "out": {
        "other": 1
      },
      "score": 0.0861
    },
    "www.multrix.com": {
      "out": {
        "other": 1
      },
      "score": 0.0861
    },
    "www.rabobank.nl": {
      "out": {
        "other": 1
      },
      "score": 0.0861
    },
    "Salesforce.com": {
      "out": {
        "other": 1
      },
      "score": 0.0861
    },
    "nuklius.io": {
      "out": {
        "other": 1
      },
      "score": 0.0861
    },
    "www.sidnfonds.nl": {
      "out": {
        "other": 1
      },
      "score": 0.0861
    },
    "www.uky.edu": {
      "out": {
        "other": 1
      },
      "score": 0.0861
    },
    "reports.weforum.org": {
      "out": {
        "other": 1
      },
      "score": 0.0861
    },
    "www.intel.com": {
      "out": {
        "other": 1
      },
      "score": 0.0861
    },
    "www.mercedes-amg.com": {
      "out": {
        "other": 1
      },
      "score": 0.0861
    },
    "www.parrot.com": {
      "out": {
        "other": 1
      },
      "score": 0.0861
    },
    "www.true.nl": {
      "out": {
        "other": 1
      },
      "score": 0.0861
    },
    "mccoy-partners.com": {
      "out": {
        "other": 1
      },
      "score": 0.0861
    },
    "www.carecloud.com": {
      "out": {
        "other": 1
      },
      "score": 0.0861
    },
    "www.knmg.nl": {
      "out": {
        "other": 1
      },
      "score": 0.0861
    }
  }
}