{
  "domain": "byzero.de",
  "urls": [
    "http://byzero.de/"
  ],
  "names": [
    "byzero.de | convenience for nothin",
    "byzero.de"
  ],
  "descriptions": [
    "convenience for nothin"
  ],
  "pictures": [
    "http://www.gravatar.com/avatar/e0f2fe9176be5fafc6669a186f40c671?s=16",
    "https://s0.wp.com/i/blank.jpg"
  ],
  "hcard": {},
  "rel_mes": [
    "https://github.com/muhh",
    "https://plus.google.com/+MarkusHeurung",
    "https://twitter.com/muhh",
    "sms:+491791025659"
  ],
  "crawl_start": "2017-04-28T02:19:48",
  "crawl_end": "2017-04-28T02:34:39",
  "num_pages": 486,
  "total_html_size": 11408712,
  "servers": [
    "cloudflare-nginx",
    "WordPress"
  ],
  "mf2_classes": [
    "h-as-article",
    "h-card",
    "h-feed",
    "h-as-image",
    "h-entry",
    "h-as-page",
    "h-as-note",
    "h-as-bookmark",
    "h-as-video"
  ],
  "tags": [
    "relme",
    "bridgy",
    "webmention",
    "generator",
    "WordPress"
  ],
  "endpoints": {
    "webmention": [
      "http://byzero.de/wp-json/webmention/1.0/endpoint"
    ],
    "generator": [
      "http://wordpress.org/"
    ]
  },
  "links_out": 8579,
  "links_in": 160,
  "links": {
    "notizblog.org": {
      "out": {
        "other": 970
      },
      "score": 1
    },
    "instagram.com": {
      "out": {
        "other": 920
      },
      "score": 0.993
    },
    "anmutunddemut.de": {
      "out": {
        "other": 522
      },
      "score": 0.918
    },
    "wordpress.org": {
      "out": {
        "other": 491
      },
      "score": 0.910
    },
    "kroppenstedt.net": {
      "out": {
        "other": 492
      },
      "score": 0.910
    },
    "luckow.org": {
      "out": {
        "other": 484
      },
      "score": 0.909
    },
    "raven.to": {
      "out": {
        "other": 488
      },
      "score": 0.909
    },
    "herrthees.de": {
      "out": {
        "other": 484
      },
      "score": 0.909
    },
    "www.tail-wind.de": {
      "out": {
        "other": 484
      },
      "score": 0.909
    },
    "wuerzblog.de": {
      "out": {
        "other": 488
      },
      "score": 0.909
    },
    "sprechblase.wordpress.com": {
      "out": {
        "other": 484
      },
      "score": 0.909
    },
    "digimedia.cd": {
      "out": {
        "other": 484
      },
      "score": 0.909
    },
    "jochen.lillich.co": {
      "out": {
        "other": 484
      },
      "score": 0.909
    },
    "320zeichen.de": {
      "out": {
        "other": 484
      },
      "score": 0.909
    },
    "hackr.de": {
      "out": {
        "other": 484
      },
      "score": 0.909
    },
    "wirres.net": {
      "in": {
        "other": 96,
        "like-of": 32
      },
      "out": {
        "other": 17
      },
      "score": 0.696
    },
    "facebook.com": {
      "out": {
        "other": 21
      },
      "score": 0.494
    },
    "medium.com": {
      "out": {
        "other": 18
      },
      "score": 0.473
    },
    "cologne.wordcamp.org": {
      "out": {
        "other": 16
      },
      "score": 0.458
    },
    "indiewebcamp.com": {
      "out": {
        "other": 13
      },
      "score": 0.431
    },
    "sv-ramsthal.de": {
      "out": {
        "other": 9
      },
      "score": 0.382
    },
    "pinboard.in": {
      "out": {
        "other": 9
      },
      "score": 0.382
    },
    "dougvitale.wordpress.com": {
      "out": {
        "other": 9
      },
      "score": 0.382
    },
    "jasonwryan.com": {
      "out": {
        "other": 9
      },
      "score": 0.382
    },
    "de.wikipedia.org": {
      "out": {
        "other": 8
      },
      "score": 0.366
    },
    "palasthotel.de": {
      "out": {
        "other": 8
      },
      "score": 0.366
    },
    "digitale-pracht.de": {
      "out": {
        "other": 8
      },
      "score": 0.366
    },
    "www.marinaslied.de": {
      "out": {
        "other": 8
      },
      "score": 0.366
    },
    "www.jessicaharllee.com": {
      "out": {
        "other": 7
      },
      "score": 0.349
    },
    "dayoneapp.com": {
      "out": {
        "other": 7
      },
      "score": 0.349
    },
    "monitoring.freifunk-franken.de": {
      "out": {
        "other": 7
      },
      "score": 0.349
    },
    "twitter.com/FreifunkFranken": {
      "out": {
        "other": 7
      },
      "score": 0.349
    },
    "t.co": {
      "out": {
        "other": 7
      },
      "score": 0.349
    },
    "www.freifunk-franken.de": {
      "out": {
        "other": 7
      },
      "score": 0.349
    },
    "blog.ingineering.it": {
      "out": {
        "other": 7
      },
      "score": 0.349
    },
    "freifunk.net": {
      "out": {
        "other": 7
      },
      "score": 0.349
    },
    "twitter.com/hashtag": {
      "out": {
        "other": 7
      },
      "score": 0.349
    },
    "brid.gy": {
      "in": {
        "other": 13
      },
      "score": 0.338
    },
    "twitter.com/ausnahmsweise": {
      "out": {
        "other": 6
      },
      "score": 0.328
    },
    "berlin.wordcamp.org": {
      "out": {
        "other": 6
      },
      "score": 0.328
    },
    "twitter.com/Geewiz": {
      "out": {
        "other": 5
      },
      "score": 0.304
    },
    "geborgen-wachsen.de": {
      "out": {
        "other": 5
      },
      "score": 0.304
    },
    "twitter.com/tante": {
      "out": {
        "other": 5
      },
      "score": 0.304
    },
    "zombiesrun.wikia.com": {
      "out": {
        "other": 5
      },
      "score": 0.304
    },
    "www.humanresourcesmanager.de": {
      "out": {
        "other": 5
      },
      "score": 0.304
    },
    "www.kickstarter.com": {
      "out": {
        "other": 5
      },
      "score": 0.304
    },
    "werewolftamersrunningblog.wordpress.com": {
      "out": {
        "other": 5
      },
      "score": 0.304
    },
    "www.wired.de": {
      "out": {
        "other": 5
      },
      "score": 0.304
    },
    "zombiesrungame.com": {
      "out": {
        "other": 5
      },
      "score": 0.304
    },
    "www.flickr.com": {
      "out": {
        "other": 5
      },
      "score": 0.304
    },
    "www.sub-kuh-tan.de": {
      "out": {
        "other": 5
      },
      "score": 0.304
    },
    "m.taz.de": {
      "out": {
        "other": 5
      },
      "score": 0.304
    },
    "www.runkeeper.com": {
      "out": {
        "other": 5
      },
      "score": 0.304
    },
    "twitter.com/leitmedium": {
      "out": {
        "other": 5
      },
      "score": 0.304
    },
    "twitter.com/ImPalasthotel": {
      "out": {
        "other": 4
      },
      "score": 0.275
    },
    "indieweb.org": {
      "in": {
        "other": 8
      },
      "score": 0.275
    },
    "diekuchenbaeckerin.wordpress.com": {
      "out": {
        "other": 4
      },
      "score": 0.275
    },
    "www.threadless.com": {
      "out": {
        "other": 4
      },
      "score": 0.275
    },
    "fishbowl.pastiche.org": {
      "out": {
        "other": 4
      },
      "score": 0.275
    },
    "www.rollingstone.com": {
      "out": {
        "other": 4
      },
      "score": 0.275
    },
    "twitter.com/avdi": {
      "out": {
        "other": 4
      },
      "score": 0.275
    },
    "sethgodin.typepad.com": {
      "out": {
        "other": 4
      },
      "score": 0.275
    },
    "extranewsfeed.com": {
      "out": {
        "other": 4
      },
      "score": 0.275
    },
    "www.teefury.com": {
      "out": {
        "other": 4
      },
      "score": 0.275
    },
    "yatil.de": {
      "in": {
        "other": 7
      },
      "score": 0.258
    },
    "chat.indieweb.org": {
      "in": {
        "other": 4
      },
      "score": 0.184
    },
    "markusheurung.de": {
      "out": {
        "other": 1
      },
      "score": 0.0915
    },
    "keybase.io": {
      "out": {
        "other": 1
      },
      "score": 0.0915
    }
  }
}