{
  "domain": "cab42.withknown.com",
  "urls": [
    "http://cab42.withknown.com/"
  ],
  "names": [
    "welcome to cab42 design + cab54 strategy content central",
    "cab42 architecture strategy and design"
  ],
  "descriptions": [
    "cab42 design + cab54 strategy content central"
  ],
  "pictures": [
    "https://cab42.withknown.com/gfx/logos/logo_k.png"
  ],
  "hcard": {},
  "rel_mes": [],
  "crawl_start": "2017-04-28T02:20:19",
  "crawl_end": "2017-04-28T02:20:31",
  "num_pages": 26,
  "total_html_size": 508210,
  "servers": [
    "Apache",
    "Known"
  ],
  "mf2_classes": [
    "h-entry",
    "h-card"
  ],
  "tags": [
    "bridgy",
    "webmention",
    "micropub",
    "authorization",
    "token",
    "websub",
    "Known"
  ],
  "endpoints": {
    "webmention": [
      "https://cab42.withknown.com/webmention/"
    ],
    "micropub": [
      "https://cab42.withknown.com/micropub/endpoint"
    ],
    "authorization": [
      "https://cab42.withknown.com/indieauth/auth"
    ],
    "token": [
      "https://cab42.withknown.com/indieauth/token"
    ],
    "websub": [
      "http://withknown.superfeedr.com/"
    ]
  },
  "links_out": 4,
  "links_in": 0,
  "links": {
    "chiefofhappiness.com": {
      "out": {
        "other": 2
      },
      "score": 1
    },
    "twitter.com/jossbot": {
      "out": {
        "other": 2
      },
      "score": 1
    }
  }
}