{
  "domain": "calmtechnology.com",
  "urls": [
    "http://calmtechnology.com/"
  ],
  "names": [
    "Calm Technology"
  ],
  "descriptions": [
    "Calm technology is maintained by Amber Case"
  ],
  "pictures": [],
  "hcard": {},
  "rel_mes": [],
  "tags": [
    "bridgy",
    "webmention.io"
  ],
  "endpoints": {},
  "crawl_start": "2017-05-19T22:51:52.326435",
  "crawl_end": "2017-05-19T22:51:52.326435",
  "links_out": 0,
  "links_in": 64,
  "links": {
    "caseorganic.com": {
      "in": {
        "other": 31
      },
      "score": 1
    },
    "werd.io": {
      "in": {
        "other": 15
      },
      "score": 0.790
    },
    "indieweb.org": {
      "in": {
        "other": 6
      },
      "score": 0.522
    },
    "cyborgcamp.com": {
      "in": {
        "other": 6
      },
      "score": 0.522
    },
    "chat.indieweb.org": {
      "in": {
        "other": 2
      },
      "score": 0.202
    },
    "pdx.esri.com": {
      "in": {
        "other": 1
      },
      "score": 0
    },
    "snarfed.org": {
      "in": {
        "other": 1
      },
      "score": 0
    },
    "aaronparecki.com": {
      "in": {
        "other": 1
      },
      "score": 0
    },
    "cyborganthropology.com": {
      "in": {
        "other": 1
      },
      "score": 0
    }
  }
}