{
  "domain": "calumryan.com",
  "urls": [
    "https://www.calumryan.com/"
  ],
  "names": [
    "Calum Ryan"
  ],
  "descriptions": [
    "Website of Calum Ryan, web developer based in Kent."
  ],
  "pictures": [
    "https://calumryan.com/images/profile.jpg",
    "https://calumryan.com/images/favicon.ico",
    "https://calumryan.com/images/profile_md.jpg"
  ],
  "hcard": {
    "properties": {
      "email": [
        "mailto:hello@calumryan.com"
      ],
      "name": [
        "Calum Ryan"
      ],
      "photo": [
        "https://calumryan.com/images/profile.jpg"
      ],
      "url": [
        "https://www.calumryan.com/"
      ]
    },
    "type": [
      "h-card"
    ]
  },
  "rel_mes": [
    "https://github.com/calumryan",
    "https://twitter.com/calum_ryan",
    "https://facebook.com/calumryan",
    "https://instagram.com/calumryan",
    "https://lanyrd.com/profile/calumryan/",
    "https://www.calumryan.com/",
    "mailto:hello@calumryan.com"
  ],
  "crawl_start": "2017-04-23T23:13:53",
  "crawl_end": "2017-04-23T23:14:52",
  "num_pages": 58,
  "total_html_size": 2854761,
  "servers": [
    "Apache (Ubuntu)"
  ],
  "mf2_classes": [
    "h-entry",
    "h-cite",
    "h-event",
    "h-card"
  ],
  "tags": [
    "relme",
    "bridgy",
    "IRC",
    "webmention.io",
    "webmention",
    "micropub",
    "authorization",
    "token"
  ],
  "endpoints": {
    "webmention": [
      "https://webmention.io/calumryan.com/webmention"
    ],
    "micropub": [
      "https://calumryan.com/micropub/"
    ],
    "authorization": [
      "https://indieauth.com/auth"
    ],
    "token": [
      "https://tokens.indieauth.com/token"
    ]
  },
  "links_out": 649,
  "links_in": 3007,
  "links": {
    "barryfrost.com": {
      "in": {
        "like-of": 74,
        "in-reply-to": 256,
        "other": 446
      },
      "out": {
        "other": 7
      },
      "score": 1
    },
    "jothut.com": {
      "in": {
        "other": 1056
      },
      "score": 0.924
    },
    "barryf.uk": {
      "in": {
        "other": 206,
        "in-reply-to": 117,
        "like-of": 31
      },
      "score": 0.895
    },
    "adactio.com": {
      "in": {
        "bookmark-of": 134,
        "other": 6
      },
      "out": {
        "other": 1
      },
      "score": 0.745
    },
    "indieweb.org": {
      "in": {
        "other": 252
      },
      "out": {
        "other": 10
      },
      "score": 0.744
    },
    "twitter.com/calum_ryan": {
      "out": {
        "other": 96
      },
      "score": 0.698
    },
    "chat.indieweb.org": {
      "in": {
        "other": 162
      },
      "score": 0.675
    },
    "github.com": {
      "out": {
        "other": 62
      },
      "score": 0.639
    },
    "www.calumryan.com": {
      "out": {
        "other": 58
      },
      "score": 0.630
    },
    "instagram.com": {
      "out": {
        "other": 57
      },
      "score": 0.629
    },
    "facebook.com/calumryan": {
      "out": {
        "other": 57
      },
      "score": 0.629
    },
    "lanyrd.com": {
      "out": {
        "other": 57
      },
      "score": 0.629
    },
    "aaronparecki.com": {
      "in": {
        "other": 7,
        "bookmark-of": 46
      },
      "out": {
        "other": 6
      },
      "score": 0.625
    },
    "portfolio.madeinbrunel.com": {
      "out": {
        "other": 50
      },
      "score": 0.611
    },
    "wirres.net": {
      "out": {
        "other": 2
      },
      "in": {
        "like-of": 30,
        "other": 30
      },
      "score": 0.602
    },
    "raretrack.uk": {
      "in": {
        "other": 40
      },
      "score": 0.489
    },
    "brid.gy": {
      "out": {
        "other": 4
      },
      "in": {
        "other": 23
      },
      "score": 0.455
    },
    "stream.boffosocko.com": {
      "in": {
        "in-reply-to": 5
      },
      "score": 0.427
    },
    "www.openstreetmap.org": {
      "out": {
        "other": 11
      },
      "score": 0.410
    },
    "indiewebcamp.com": {
      "out": {
        "other": 11
      },
      "score": 0.410
    },
    "known.kylewm.com": {
      "in": {
        "other": 22
      },
      "score": 0.410
    },
    "www.raretrack.uk": {
      "in": {
        "other": 19
      },
      "score": 0.390
    },
    "kylewm.com": {
      "in": {
        "bookmark-of": 6,
        "other": 1
      },
      "out": {
        "other": 2
      },
      "score": 0.375
    },
    "news.indieweb.org": {
      "in": {
        "other": 12
      },
      "score": 0.329
    },
    "test.tinokremer.nl": {
      "out": {
        "other": 5
      },
      "score": 0.305
    },
    "www.strava.com": {
      "out": {
        "other": 4
      },
      "score": 0.276
    },
    "www.kevinmarks.com": {
      "in": {
        "other": 6
      },
      "out": {
        "other": 1
      },
      "score": 0.276
    },
    "twitter.com/Benn_Yo": {
      "out": {
        "other": 3
      },
      "score": 0.237
    },
    "twitter.com/search": {
      "out": {
        "other": 3
      },
      "score": 0.237
    },
    "twitter.com/dibiconf": {
      "out": {
        "other": 3
      },
      "score": 0.237
    },
    "www.kevin-marks.com": {
      "in": {
        "other": 6
      },
      "score": 0.237
    },
    "developer.mozilla.org": {
      "out": {
        "other": 3
      },
      "score": 0.237
    },
    "twitter.com/indiewebcamp": {
      "out": {
        "other": 2
      },
      "score": 0.184
    },
    "tinokremer.nl": {
      "out": {
        "other": 2
      },
      "score": 0.184
    },
    "www.namecheap.com": {
      "out": {
        "other": 2
      },
      "score": 0.184
    },
    "twitter.com/ChrisAldrich": {
      "out": {
        "other": 2
      },
      "score": 0.184
    },
    "twitter.com/UXCampBrighton": {
      "out": {
        "other": 2
      },
      "score": 0.184
    },
    "www.digitalocean.com": {
      "out": {
        "other": 2
      },
      "score": 0.184
    },
    "known.kevinmarks.com": {
      "in": {
        "other": 4
      },
      "score": 0.184
    },
    "twitter.com/enigmapeople": {
      "out": {
        "other": 2
      },
      "score": 0.184
    },
    "www.eventbrite.co.uk": {
      "out": {
        "other": 2
      },
      "score": 0.184
    },
    "cleverdevil.io": {
      "in": {
        "other": 4
      },
      "score": 0.184
    },
    "twitter.com/SumoJim": {
      "out": {
        "other": 2
      },
      "score": 0.184
    },
    "twitter.com/kevinmarks": {
      "out": {
        "other": 2
      },
      "score": 0.184
    },
    "eventswrangling.wordpress.com": {
      "out": {
        "other": 2
      },
      "score": 0.184
    },
    "www.velothon-wales.co.uk": {
      "out": {
        "other": 2
      },
      "score": 0.184
    },
    "www.uxcampbrighton.org": {
      "out": {
        "other": 2
      },
      "score": 0.184
    },
    "tantek.com": {
      "out": {
        "other": 1
      },
      "in": {
        "other": 1
      },
      "score": 0.146
    },
    "indiewebcamp.svg": {
      "out": {
        "other": 1
      },
      "score": 0.0919
    },
    "ow.ly": {
      "out": {
        "other": 1
      },
      "score": 0.0919
    },
    "www.rooneyverses.net": {
      "out": {
        "other": 1
      },
      "score": 0.0919
    },
    "snarfed.org": {
      "in": {
        "like-of": 1
      },
      "score": 0.0919
    },
    "www.myfavouritemagazines.co.uk": {
      "out": {
        "other": 1
      },
      "score": 0.0919
    },
    "410-screenshot.png": {
      "out": {
        "other": 1
      },
      "score": 0.0919
    },
    "iantearle.com": {
      "out": {
        "other": 1
      },
      "score": 0.0919
    },
    "www.zonedigital.com": {
      "out": {
        "other": 1
      },
      "score": 0.0919
    },
    "dev.twitter.com": {
      "out": {
        "other": 1
      },
      "score": 0.0919
    },
    "hacks.mozilla.org": {
      "out": {
        "other": 1
      },
      "score": 0.0919
    },
    "twitter.com/dannyhearn_me": {
      "out": {
        "other": 1
      },
      "score": 0.0919
    },
    "swtrains.png": {
      "out": {
        "other": 1
      },
      "score": 0.0919
    },
    "www.dibiconference.com": {
      "out": {
        "other": 1
      },
      "score": 0.0919
    },
    "twitter.com/jaimeejaimee": {
      "out": {
        "other": 1
      },
      "score": 0.0919
    },
    "welsh-assembly.jpg": {
      "out": {
        "other": 1
      },
      "score": 0.0919
    },
    "twitter.com/RikMende": {
      "out": {
        "other": 1
      },
      "score": 0.0919
    },
    "24ways.org": {
      "out": {
        "other": 1
      },
      "score": 0.0919
    },
    "firefox-os.png": {
      "out": {
        "other": 1
      },
      "score": 0.0919
    },
    "tonbridgeweb.com": {
      "out": {
        "other": 1
      },
      "score": 0.0919
    },
    "ownyourgram.com": {
      "out": {
        "other": 1
      },
      "score": 0.0919
    },
    "twitter.com/DesignwithDIO": {
      "out": {
        "other": 1
      },
      "score": 0.0919
    },
    "twitter.com/USA2DAY": {
      "out": {
        "other": 1
      },
      "score": 0.0919
    },
    "twitter.com/kurtvarner": {
      "out": {
        "other": 1
      },
      "score": 0.0919
    },
    "speakerdeck.com": {
      "out": {
        "other": 1
      },
      "score": 0.0919
    },
    "twitter.com/AmieNLockwood": {
      "out": {
        "other": 1
      },
      "score": 0.0919
    },
    "www.airbnb.co.uk": {
      "out": {
        "other": 1
      },
      "score": 0.0919
    },
    "alex-the-brave.jpg": {
      "out": {
        "other": 1
      },
      "score": 0.0919
    },
    "twitter.com/richardwiggins": {
      "out": {
        "other": 1
      },
      "score": 0.0919
    },
    "www.frontendlondon.co.uk": {
      "out": {
        "other": 1
      },
      "score": 0.0919
    },
    "www.liongirlpublishing.com": {
      "out": {
        "other": 1
      },
      "score": 0.0919
    },
    "www.southwesttrains.co.uk": {
      "out": {
        "other": 1
      },
      "score": 0.0919
    },
    "twitter.com/carograph": {
      "out": {
        "other": 1
      },
      "score": 0.0919
    },
    "welsh-millennium-centre.jpg": {
      "out": {
        "other": 1
      },
      "score": 0.0919
    },
    "clearleft.com": {
      "out": {
        "other": 1
      },
      "score": 0.0919
    },
    "copenhagen.jpg": {
      "out": {
        "other": 1
      },
      "score": 0.0919
    },
    "twitter.com/_James_M_Brown": {
      "out": {
        "other": 1
      },
      "score": 0.0919
    },
    "twitter.com/aclauge": {
      "out": {
        "other": 1
      },
      "score": 0.0919
    },
    "twitter.com/nickf": {
      "out": {
        "other": 1
      },
      "score": 0.0919
    },
    "jeena.net": {
      "in": {
        "other": 2
      },
      "score": 0.0919
    },
    "indieweb.jpg": {
      "out": {
        "other": 1
      },
      "score": 0.0919
    },
    "stateofthebrowser.png": {
      "out": {
        "other": 1
      },
      "score": 0.0919
    },
    "twitter.com/JurgenLACoach": {
      "out": {
        "other": 1
      },
      "score": 0.0919
    },
    "www.ssllabs.com": {
      "out": {
        "other": 1
      },
      "score": 0.0919
    },
    "twitter.com/jsnightowl": {
      "out": {
        "other": 1
      },
      "score": 0.0919
    },
    "twitter.com/tommorris": {
      "out": {
        "other": 1
      },
      "score": 0.0919
    },
    "velothon.jpg": {
      "out": {
        "other": 1
      },
      "score": 0.0919
    },
    "cms.jpg": {
      "out": {
        "other": 1
      },
      "score": 0.0919
    },
    "featured-2.jpg": {
      "out": {
        "other": 1
      },
      "score": 0.0919
    },
    "modernizr.com": {
      "out": {
        "other": 1
      },
      "score": 0.0919
    },
    "twitter.com/LionGirlPub": {
      "out": {
        "other": 1
      },
      "score": 0.0919
    },
    "twitter.com/ctdavey": {
      "out": {
        "other": 1
      },
      "score": 0.0919
    },
    "www.comodo.com": {
      "out": {
        "other": 1
      },
      "score": 0.0919
    },
    "www.typeform.com": {
      "out": {
        "other": 1
      },
      "score": 0.0919
    },
    "dibiconference.com": {
      "out": {
        "other": 1
      },
      "score": 0.0919
    },
    "twitter.com/gladeo_org": {
      "out": {
        "other": 1
      },
      "score": 0.0919
    },
    "twitter.com/NewWorkshop": {
      "out": {
        "other": 1
      },
      "score": 0.0919
    },
    "coldfront.png": {
      "out": {
        "other": 1
      },
      "score": 0.0919
    },
    "uxforchange.org": {
      "out": {
        "other": 1
      },
      "score": 0.0919
    },
    "webmention.png": {
      "out": {
        "other": 1
      },
      "score": 0.0919
    },
    "www.youtube.com": {
      "out": {
        "other": 1
      },
      "score": 0.0919
    },
    "caniuse.com": {
      "out": {
        "other": 1
      },
      "score": 0.0919
    },
    "forecast.io": {
      "out": {
        "other": 1
      },
      "score": 0.0919
    },
    "css-tricks.com": {
      "out": {
        "other": 1
      },
      "score": 0.0919
    },
    "trip1": {
      "out": {
        "other": 1
      },
      "score": 0.0919
    },
    "twitter.com/cap": {
      "out": {
        "other": 1
      },
      "score": 0.0919
    },
    "liongirlpublishing.com": {
      "out": {
        "other": 1
      },
      "score": 0.0919
    },
    "twitter.com/Hicksdesign": {
      "out": {
        "other": 1
      },
      "score": 0.0919
    },
    "twitter.com/rosaemerald": {
      "out": {
        "other": 1
      },
      "score": 0.0919
    },
    "barajas.jpg": {
      "out": {
        "other": 1
      },
      "score": 0.0919
    },
    "bestbayareatours.com": {
      "out": {
        "other": 1
      },
      "score": 0.0919
    },
    "twitter.com/I_am_167_169": {
      "out": {
        "other": 1
      },
      "score": 0.0919
    },
    "twitter.com/tonbridgeweb": {
      "out": {
        "other": 1
      },
      "score": 0.0919
    },
    "twitter.com/yeseniaa": {
      "out": {
        "other": 1
      },
      "score": 0.0919
    },
    "featured.png": {
      "out": {
        "other": 1
      },
      "score": 0.0919
    },
    "mwflorence2014-featured.png": {
      "out": {
        "other": 1
      },
      "score": 0.0919
    },
    "twitter.com/Misfit": {
      "out": {
        "other": 1
      },
      "score": 0.0919
    },
    "twitter.com/sdepolo": {
      "out": {
        "other": 1
      },
      "score": 0.0919
    },
    "firefox-os-phones.jpg": {
      "out": {
        "other": 1
      },
      "score": 0.0919
    },
    "hwc-august-2016.jpg": {
      "out": {
        "other": 1
      },
      "score": 0.0919
    },
    "jekyllrb.com": {
      "out": {
        "other": 1
      },
      "score": 0.0919
    },
    "twitter.com/gforce31": {
      "out": {
        "other": 1
      },
      "score": 0.0919
    },
    "www.enigmapeople.com": {
      "out": {
        "other": 1
      },
      "score": 0.0919
    },
    "thewebis.jpg": {
      "out": {
        "other": 1
      },
      "score": 0.0919
    },
    "tommorris.org": {
      "out": {
        "other": 1
      },
      "score": 0.0919
    },
    "twitter.com/Rosaemerald": {
      "out": {
        "other": 1
      },
      "score": 0.0919
    },
    "pwa.rocks": {
      "out": {
        "other": 1
      },
      "score": 0.0919
    },
    "staceydepolo.com": {
      "out": {
        "other": 1
      },
      "score": 0.0919
    },
    "digibury.jpg": {
      "out": {
        "other": 1
      },
      "score": 0.0919
    },
    "multimania1.jpg": {
      "out": {
        "other": 1
      },
      "score": 0.0919
    },
    "twitter.com/TechLifeWeb": {
      "out": {
        "other": 1
      },
      "score": 0.0919
    },
    "twitter.com/rooneyverses": {
      "out": {
        "other": 1
      },
      "score": 0.0919
    },
    "www.museumnext.com": {
      "out": {
        "other": 1
      },
      "score": 0.0919
    },
    "collage.jpg": {
      "out": {
        "other": 1
      },
      "score": 0.0919
    },
    "www.hubhotels.co.uk": {
      "out": {
        "other": 1
      },
      "score": 0.0919
    },
    "page-removed.jpg": {
      "out": {
        "other": 1
      },
      "score": 0.0919
    },
    "sotb1.jpg": {
      "out": {
        "other": 1
      },
      "score": 0.0919
    },
    "twitter.com/_TYPETYPE_": {
      "out": {
        "other": 1
      },
      "score": 0.0919
    },
    "brandonrozek.com": {
      "out": {
        "other": 1
      },
      "score": 0.0919
    },
    "culturebook.co.uk": {
      "out": {
        "other": 1
      },
      "score": 0.0919
    },
    "ra-richard-rogers.jpg": {
      "out": {
        "other": 1
      },
      "score": 0.0919
    },
    "handheld.jpg": {
      "out": {
        "other": 1
      },
      "score": 0.0919
    },
    "quill.p3k.io": {
      "out": {
        "other": 1
      },
      "score": 0.0919
    },
    "micropub.rocks": {
      "out": {
        "other": 1
      },
      "score": 0.0919
    },
    "dibi_2016.jpg": {
      "out": {
        "other": 1
      },
      "score": 0.0919
    },
    "hwc.jpg": {
      "out": {
        "other": 1
      },
      "score": 0.0919
    },
    "seattlefreewalkingtours.org": {
      "out": {
        "other": 1
      },
      "score": 0.0919
    },
    "wecreatedigital.co.uk": {
      "out": {
        "other": 1
      },
      "score": 0.0919
    },
    "brightondigitalfestival.co.uk": {
      "out": {
        "other": 1
      },
      "score": 0.0919
    },
    "cloudfour.com": {
      "out": {
        "other": 1
      },
      "score": 0.0919
    },
    "firefox-os.jpg": {
      "out": {
        "other": 1
      },
      "score": 0.0919
    },
    "max.adobe.com": {
      "out": {
        "other": 1
      },
      "score": 0.0919
    },
    "boghop.com": {
      "in": {
        "other": 1
      },
      "score": 0
    },
    "www.darrenmothersele.com": {
      "in": {
        "other": 1
      },
      "score": 0
    }
  }
}