{
  "domain": "camerongray.me",
  "urls": [
    "http://camerongray.me/"
  ],
  "names": [
    "Cameron Gray"
  ],
  "descriptions": [],
  "pictures": [],
  "hcard": {},
  "rel_mes": [],
  "tags": [],
  "endpoints": {},
  "crawl_start": "2017-06-11T14:39:01.178791",
  "crawl_end": "2017-06-11T14:39:01.178791",
  "links_out": 0,
  "links_in": 64,
  "links": {
    "rhiaro.co.uk": {
      "in": {
        "other": 46
      },
      "score": 1
    },
    "indieweb.org": {
      "in": {
        "other": 12
      },
      "score": 0.648
    },
    "chat.indieweb.org": {
      "in": {
        "other": 6
      },
      "score": 0.467
    }
  }
}