{
  "domain": "camp.ouisharelabs.net",
  "urls": [
    "http://camp.ouisharelabs.net/2015/"
  ],
  "names": [
    "Redirecting..."
  ],
  "descriptions": [],
  "pictures": [],
  "hcard": {},
  "rel_mes": [],
  "crawl_start": "2017-04-28T02:20:31",
  "crawl_end": "2017-04-28T02:20:37",
  "num_pages": 15,
  "total_html_size": 226204,
  "servers": [
    "GitHub.com"
  ],
  "mf2_classes": [
    "h-card",
    "h-feed",
    "h-entry",
    "h-cite"
  ],
  "tags": [
    "bridgy",
    "webmention.io",
    "webmention"
  ],
  "endpoints": {
    "webmention": [
      "http://jekmentions.alhur.es/webmentions/"
    ]
  },
  "links_out": 272,
  "links_in": 268,
  "links": {
    "microblog.pierre-o.fr": {
      "in": {
        "other": 244
      },
      "score": 1
    },
    "www.github.com": {
      "out": {
        "other": 50
      },
      "score": 0.838
    },
    "github.com": {
      "out": {
        "other": 25
      },
      "score": 0.711
    },
    "stream.ouisharelabs.net": {
      "out": {
        "other": 21
      },
      "score": 0.68
    },
    "ouishare.net": {
      "out": {
        "other": 16
      },
      "score": 0.631
    },
    "fontawesome.io": {
      "out": {
        "other": 15
      },
      "score": 0.618
    },
    "twitter.com/ouisharelabs": {
      "out": {
        "other": 15
      },
      "score": 0.618
    },
    "labs.ouishare.net": {
      "out": {
        "other": 15
      },
      "score": 0.618
    },
    "facebook.com/ouisharelabs": {
      "out": {
        "other": 15
      },
      "score": 0.618
    },
    "ouishare.etherpad.mozilla.org": {
      "out": {
        "other": 9
      },
      "score": 0.525
    },
    "blog.indie.host": {
      "in": {
        "other": 13
      },
      "score": 0.465
    },
    "almereyda.de": {
      "out": {
        "other": 3
      },
      "score": 0.325
    },
    "transformap.co": {
      "out": {
        "other": 3
      },
      "score": 0.325
    },
    "indieweb.org": {
      "in": {
        "other": 6
      },
      "score": 0.325
    },
    "indiewebcamp.com": {
      "out": {
        "other": 3
      },
      "score": 0.325
    },
    "twitter.com/almereyda": {
      "out": {
        "other": 2
      },
      "score": 0.253
    },
    "lazooz.org": {
      "out": {
        "other": 2
      },
      "score": 0.253
    },
    "inventaire.io": {
      "out": {
        "other": 2
      },
      "score": 0.253
    },
    "jolocom.com": {
      "out": {
        "other": 2
      },
      "score": 0.253
    },
    "www.youtube.com": {
      "out": {
        "other": 2
      },
      "score": 0.253
    },
    "www.meetup.com": {
      "out": {
        "other": 2
      },
      "score": 0.253
    },
    "chat.indieweb.org": {
      "in": {
        "other": 3
      },
      "score": 0.2
    },
    "socio.federated.wiki": {
      "out": {
        "other": 1
      },
      "score": 0.126
    },
    "blog.jonrichter.de": {
      "out": {
        "other": 1
      },
      "score": 0.126
    },
    "ddg.gg": {
      "out": {
        "other": 1
      },
      "score": 0.126
    },
    "twitter.com/pierreozoux": {
      "out": {
        "other": 1
      },
      "score": 0.126
    },
    "remotestorage.io": {
      "out": {
        "other": 1
      },
      "score": 0.126
    },
    "twitter.com/kirilind": {
      "out": {
        "other": 1
      },
      "score": 0.126
    },
    "freedomboxfoundation.org": {
      "out": {
        "other": 1
      },
      "score": 0.126
    },
    "projectdanube.org": {
      "out": {
        "other": 1
      },
      "score": 0.126
    },
    "storify.com": {
      "out": {
        "other": 1
      },
      "score": 0.126
    },
    "xanadu.com": {
      "out": {
        "other": 1
      },
      "score": 0.126
    },
    "twitter.com/petit_quarante2": {
      "out": {
        "other": 1
      },
      "score": 0.126
    },
    "www.olympe.in": {
      "out": {
        "other": 1
      },
      "score": 0.126
    },
    "allmende.io": {
      "out": {
        "other": 1
      },
      "score": 0.126
    },
    "sched.co": {
      "out": {
        "other": 1
      },
      "score": 0.126
    },
    "www.framasoft.net": {
      "out": {
        "other": 1
      },
      "score": 0.126
    },
    "twitter.com/peacekeeper": {
      "out": {
        "other": 1
      },
      "score": 0.126
    },
    "twitter.com/fedwiki": {
      "out": {
        "other": 1
      },
      "score": 0.126
    },
    "libreboard.com": {
      "out": {
        "other": 1
      },
      "score": 0.126
    },
    "yunohost.org": {
      "out": {
        "other": 1
      },
      "score": 0.126
    },
    "michielbdejong.com": {
      "out": {
        "other": 1
      },
      "score": 0.126
    },
    "ethereum.org": {
      "out": {
        "other": 1
      },
      "score": 0.126
    },
    "twitter.com/tajukahe": {
      "out": {
        "other": 1
      },
      "score": 0.126
    },
    "werd.io": {
      "out": {
        "other": 1
      },
      "score": 0.126
    },
    "labriqueinter.net": {
      "out": {
        "other": 1
      },
      "score": 0.126
    },
    "ozoux.net": {
      "out": {
        "other": 1
      },
      "score": 0.126
    },
    "twitter.com/transformap": {
      "out": {
        "other": 1
      },
      "score": 0.126
    },
    "bblfish.net": {
      "out": {
        "other": 1
      },
      "score": 0.126
    },
    "maidsafe.net": {
      "out": {
        "other": 1
      },
      "score": 0.126
    },
    "www.refugees-welcome.net": {
      "out": {
        "other": 1
      },
      "score": 0.126
    },
    "kirilind.me": {
      "out": {
        "other": 1
      },
      "score": 0.126
    },
    "twitter.com/bblfish": {
      "out": {
        "other": 1
      },
      "score": 0.126
    },
    "www.libre-parcours.net": {
      "out": {
        "other": 1
      },
      "score": 0.126
    },
    "twitter.com/nitot": {
      "out": {
        "other": 1
      },
      "score": 0.126
    },
    "dossier.allmende.io": {
      "out": {
        "other": 1
      },
      "score": 0.126
    },
    "co-munity.net": {
      "out": {
        "other": 1
      },
      "score": 0.126
    },
    "pierre-o.net": {
      "out": {
        "other": 1
      },
      "score": 0.126
    },
    "issuu.com": {
      "out": {
        "other": 1
      },
      "score": 0.126
    },
    "twitter.com/Yannick_Buron": {
      "out": {
        "other": 1
      },
      "score": 0.126
    },
    "twitter.com/maxlath": {
      "out": {
        "other": 1
      },
      "score": 0.126
    },
    "twitter.com/taziden": {
      "out": {
        "other": 1
      },
      "score": 0.126
    },
    "www.linkedin.com": {
      "out": {
        "other": 1
      },
      "score": 0.126
    },
    "www.mozilla.org": {
      "out": {
        "other": 1
      },
      "score": 0.126
    },
    "www.traity.com": {
      "out": {
        "other": 1
      },
      "score": 0.126
    },
    "sandstorm.io": {
      "out": {
        "other": 1
      },
      "score": 0.126
    },
    "withknown.com": {
      "out": {
        "other": 1
      },
      "score": 0.126
    },
    "www.disruptingworld.me": {
      "out": {
        "other": 1
      },
      "score": 0.126
    },
    "de.linkedin.com": {
      "out": {
        "other": 1
      },
      "score": 0.126
    },
    "hapgood.us": {
      "out": {
        "other": 1
      },
      "score": 0.126
    },
    "cozy.io": {
      "out": {
        "other": 1
      },
      "score": 0.126
    },
    "peerstorage.org": {
      "out": {
        "other": 1
      },
      "score": 0.126
    },
    "twitter.com/jossbot": {
      "out": {
        "other": 1
      },
      "score": 0.126
    },
    "unhosted.org": {
      "out": {
        "other": 1
      },
      "score": 0.126
    },
    "www.kendra.io": {
      "out": {
        "other": 1
      },
      "score": 0.126
    },
    "benwerd.com": {
      "out": {
        "other": 1
      },
      "score": 0.126
    },
    "facebook.com/joachim.lohkamp": {
      "out": {
        "other": 1
      },
      "score": 0.126
    },
    "twitter.com/OuiShareLabs": {
      "out": {
        "other": 1
      },
      "score": 0.126
    },
    "erinjo.is": {
      "out": {
        "other": 1
      },
      "score": 0.126
    },
    "twitter.com/michielbdejong": {
      "out": {
        "other": 1
      },
      "score": 0.126
    },
    "facebook.com/haldjas": {
      "out": {
        "other": 1
      },
      "score": 0.126
    },
    "twitter.com/erinjo": {
      "out": {
        "other": 1
      },
      "score": 0.126
    },
    "fed.wiki.org": {
      "out": {
        "other": 1
      },
      "score": 0.126
    },
    "indiehosters.net": {
      "out": {
        "other": 1
      },
      "score": 0.126
    },
    "twitter.com/CaterinaRindi": {
      "out": {
        "other": 1
      },
      "score": 0.126
    },
    "mensuel.framapad.org": {
      "out": {
        "other": 1
      },
      "score": 0.126
    },
    "twitter.com/JockelLohkamp": {
      "out": {
        "other": 1
      },
      "score": 0.126
    },
    "etherpad.mozilla.org": {
      "out": {
        "other": 1
      },
      "score": 0.126
    },
    "www.goclouder.net": {
      "out": {
        "other": 1
      },
      "score": 0.126
    },
    "swarm.fund": {
      "out": {
        "other": 1
      },
      "score": 0.126
    },
    "wiki.allmende.io": {
      "out": {
        "other": 1
      },
      "score": 0.126
    },
    "twitter.com/benwerd": {
      "out": {
        "other": 1
      },
      "score": 0.126
    },
    "brid.gy": {
      "in": {
        "other": 1
      },
      "score": 0
    },
    "maxlath.eu": {
      "in": {
        "other": 1
      },
      "score": 0
    }
  }
}