{
  "domain": "capecodbicycle.com",
  "urls": [
    "https://capecodbicycle.com/"
  ],
  "names": [
    "CapeCodBicycle.com"
  ],
  "descriptions": [],
  "pictures": [],
  "hcard": {},
  "rel_mes": [],
  "crawl_start": "2017-06-09T17:34:36",
  "crawl_end": "2017-06-09T17:34:36",
  "num_pages": 1,
  "total_html_size": 78330,
  "servers": [
    "cloudflare-nginx",
    "WordPress"
  ],
  "mf2_classes": [
    "h-entry"
  ],
  "tags": [
    "WordPress"
  ],
  "endpoints": {},
  "links_out": 5,
  "links_in": 4,
  "links": {
    "brid.gy": {
      "in": {
        "other": 4
      },
      "score": 1
    },
    "sso.secureserver.net": {
      "out": {
        "other": 2
      },
      "score": 1
    },
    "www.secureserver.net": {
      "out": {
        "other": 1
      },
      "score": 0.499
    },
    "studio.offtheshelfsolutions.com": {
      "out": {
        "other": 1
      },
      "score": 0.499
    },
    "capeconnect.com": {
      "out": {
        "other": 1
      },
      "score": 0.499
    }
  }
}