{
  "domain": "carlo.zottmann.org",
  "urls": [
    "https://carlo.zottmann.org"
  ],
  "names": [
    "Carlo Zottmann"
  ],
  "descriptions": [
    "The personal blog of Carlo Zottmann — freelance software consultant & coach, player of videogames, husband, futurist, comical element, P.U.N.K. (professional uncle, no kids). Hello from Munich, Germany!"
  ],
  "pictures": [
    "https://carlo.zottmann.org/img/favicon.ico"
  ],
  "hcard": {},
  "rel_mes": [
    "https://twitter.com/municode",
    "https://github.com/carlo"
  ],
  "crawl_start": "2017-04-28T02:20:32",
  "crawl_end": "2017-04-28T02:22:19",
  "num_pages": 295,
  "total_html_size": 1808081,
  "servers": [
    "cloudflare-nginx"
  ],
  "tags": [
    "relme",
    "bridgy",
    "webmention.io",
    "webmention"
  ],
  "endpoints": {
    "webmention": [
      "https://webmention.io/carlo.zottmann.org/webmention"
    ]
  },
  "links_out": 2219,
  "links_in": 80,
  "links": {
    "github.com": {
      "out": {
        "other": 616
      },
      "score": 1
    },
    "twitter.com/municode": {
      "out": {
        "other": 304
      },
      "score": 0.902
    },
    "flutterby.run": {
      "out": {
        "other": 295
      },
      "score": 0.897
    },
    "adactio.com": {
      "in": {
        "bookmark-of": 49
      },
      "score": 0.644
    },
    "en.wikipedia.org": {
      "out": {
        "other": 35
      },
      "score": 0.598
    },
    "pipes.yahoo.com": {
      "out": {
        "other": 30
      },
      "score": 0.575
    },
    "childsplaycharity.org": {
      "out": {
        "other": 24
      },
      "score": 0.544
    },
    "chrome.google.com": {
      "out": {
        "other": 15
      },
      "score": 0.478
    },
    "twerpscan.com": {
      "out": {
        "other": 12
      },
      "score": 0.447
    },
    "gallery.search.yahoo.com": {
      "out": {
        "other": 12
      },
      "score": 0.447
    },
    "tumblr.zottmann.org": {
      "out": {
        "other": 12
      },
      "score": 0.447
    },
    "mikewest.org": {
      "out": {
        "other": 10
      },
      "score": 0.422
    },
    "goephemera.com": {
      "out": {
        "other": 10
      },
      "score": 0.422
    },
    "www.goodreads.com": {
      "out": {
        "other": 10
      },
      "score": 0.422
    },
    "simonwillison.net": {
      "out": {
        "other": 10
      },
      "score": 0.422
    },
    "friendfeed.com": {
      "out": {
        "other": 10
      },
      "score": 0.422
    },
    "blog.zottmann.org": {
      "out": {
        "other": 10
      },
      "score": 0.422
    },
    "www.flickr.com": {
      "out": {
        "other": 10
      },
      "score": 0.422
    },
    "developer.yahoo.com": {
      "out": {
        "other": 10
      },
      "score": 0.422
    },
    "escaloop.com": {
      "out": {
        "other": 9
      },
      "score": 0.406
    },
    "flickr.com": {
      "out": {
        "other": 9
      },
      "score": 0.406
    },
    "mobro.co": {
      "out": {
        "other": 8
      },
      "score": 0.390
    },
    "www.imdb.com": {
      "out": {
        "other": 8
      },
      "score": 0.390
    },
    "random.li": {
      "out": {
        "other": 7
      },
      "score": 0.371
    },
    "feeds.feedburner.com": {
      "out": {
        "other": 7
      },
      "score": 0.371
    },
    "gist.github.com": {
      "out": {
        "other": 7
      },
      "score": 0.371
    },
    "instapaper.com": {
      "out": {
        "other": 7
      },
      "score": 0.371
    },
    "www.mornography.de": {
      "out": {
        "other": 7
      },
      "score": 0.371
    },
    "www.macruby.org": {
      "out": {
        "other": 6
      },
      "score": 0.349
    },
    "www.eurogamer.net": {
      "out": {
        "other": 6
      },
      "score": 0.349
    },
    "blog.unitedheroes.net": {
      "out": {
        "other": 6
      },
      "score": 0.349
    },
    "mornography.de": {
      "out": {
        "other": 6
      },
      "score": 0.349
    },
    "docs.g-blog.net": {
      "out": {
        "other": 5
      },
      "score": 0.323
    },
    "uk.search.yahoo.com": {
      "out": {
        "other": 5
      },
      "score": 0.323
    },
    "zottmann.org": {
      "out": {
        "other": 5
      },
      "score": 0.323
    },
    "www.wired.com": {
      "out": {
        "other": 5
      },
      "score": 0.323
    },
    "amzn.to": {
      "out": {
        "other": 5
      },
      "score": 0.323
    },
    "indieweb.org": {
      "in": {
        "other": 10
      },
      "score": 0.323
    },
    "yuiblog.com": {
      "out": {
        "other": 5
      },
      "score": 0.323
    },
    "groups.google.com": {
      "out": {
        "other": 5
      },
      "score": 0.323
    },
    "macruby.org": {
      "out": {
        "other": 5
      },
      "score": 0.323
    },
    "openid.net": {
      "out": {
        "other": 5
      },
      "score": 0.323
    },
    "wow.allakhazam.com": {
      "out": {
        "other": 4
      },
      "score": 0.293
    },
    "addons.mozilla.org": {
      "out": {
        "other": 4
      },
      "score": 0.293
    },
    "hochzeit.zottmann.org": {
      "out": {
        "other": 4
      },
      "score": 0.293
    },
    "dl.dropbox.com": {
      "out": {
        "other": 4
      },
      "score": 0.293
    },
    "jeremy.zawodny.com": {
      "out": {
        "other": 4
      },
      "score": 0.293
    },
    "czm.io": {
      "out": {
        "other": 4
      },
      "score": 0.293
    },
    "www.youtube.com": {
      "out": {
        "other": 4
      },
      "score": 0.293
    },
    "greasemonkey.mozdev.org": {
      "out": {
        "other": 4
      },
      "score": 0.293
    },
    "nikeplus.nike.com": {
      "out": {
        "other": 4
      },
      "score": 0.293
    },
    "www.apple.com": {
      "out": {
        "other": 4
      },
      "score": 0.293
    },
    "www.nytimes.com": {
      "out": {
        "other": 4
      },
      "score": 0.293
    },
    "hmans.net": {
      "out": {
        "other": 4
      },
      "score": 0.293
    },
    "de.yahoo.com": {
      "out": {
        "other": 4
      },
      "score": 0.293
    },
    "be.movember.com": {
      "out": {
        "other": 4
      },
      "score": 0.293
    },
    "yahoo.com": {
      "out": {
        "other": 4
      },
      "score": 0.293
    },
    "www.penny-arcade.com": {
      "out": {
        "other": 4
      },
      "score": 0.293
    },
    "www.vibramfivefingers.it": {
      "out": {
        "other": 4
      },
      "score": 0.293
    },
    "www.getfirebug.com": {
      "out": {
        "other": 3
      },
      "score": 0.252
    },
    "www.mail-archive.com": {
      "out": {
        "other": 3
      },
      "score": 0.252
    },
    "trackback.fritz.de": {
      "out": {
        "other": 3
      },
      "score": 0.252
    },
    "clipflakes.tv": {
      "out": {
        "other": 3
      },
      "score": 0.252
    },
    "www.rockpapershotgun.com": {
      "out": {
        "other": 3
      },
      "score": 0.252
    },
    "bettersearch.g-blog.net": {
      "out": {
        "other": 3
      },
      "score": 0.252
    },
    "www.amazon.de": {
      "out": {
        "other": 3
      },
      "score": 0.252
    },
    "www.comedycentral.de": {
      "out": {
        "other": 3
      },
      "score": 0.252
    },
    "nikeplus.com": {
      "out": {
        "other": 3
      },
      "score": 0.252
    },
    "www.eve-online.com": {
      "out": {
        "other": 3
      },
      "score": 0.252
    },
    "www.lexcycle.com": {
      "out": {
        "other": 3
      },
      "score": 0.252
    },
    "developer.apple.com": {
      "out": {
        "other": 3
      },
      "score": 0.252
    },
    "disqus.com": {
      "out": {
        "other": 3
      },
      "score": 0.252
    },
    "www.theatlantic.com": {
      "out": {
        "other": 3
      },
      "score": 0.252
    },
    "myeve.eve-online.com": {
      "out": {
        "other": 3
      },
      "score": 0.252
    },
    "twitter.com": {
      "out": {
        "other": 3
      },
      "score": 0.252
    },
    "masseffect.bioware.com": {
      "out": {
        "other": 3
      },
      "score": 0.252
    },
    "mornography.co.uk": {
      "out": {
        "other": 3
      },
      "score": 0.252
    },
    "tinyurl.com": {
      "out": {
        "other": 3
      },
      "score": 0.252
    },
    "www.giantbomb.com": {
      "out": {
        "other": 3
      },
      "score": 0.252
    },
    "ultramookie.com": {
      "out": {
        "other": 3
      },
      "score": 0.252
    },
    "planetyahoo.zottmann.org": {
      "out": {
        "other": 3
      },
      "score": 0.252
    },
    "www.djsteveboy.com": {
      "out": {
        "other": 3
      },
      "score": 0.252
    },
    "www.techcrunch.com": {
      "out": {
        "other": 3
      },
      "score": 0.252
    },
    "doodleplex.com": {
      "out": {
        "other": 3
      },
      "score": 0.252
    },
    "jekyllrb.com": {
      "out": {
        "other": 3
      },
      "score": 0.252
    },
    "www.yahoo.com": {
      "out": {
        "other": 3
      },
      "score": 0.252
    },
    "beryllia.livejournal.com": {
      "out": {
        "other": 3
      },
      "score": 0.252
    },
    "www.tumblr.com": {
      "out": {
        "other": 3
      },
      "score": 0.252
    },
    "chat.indieweb.org": {
      "in": {
        "other": 5
      },
      "score": 0.226
    },
    "brid.gy": {
      "in": {
        "other": 5
      },
      "score": 0.226
    },
    "bookeen.com": {
      "out": {
        "other": 2
      },
      "score": 0.195
    },
    "blog.twerpscan.com": {
      "out": {
        "other": 2
      },
      "score": 0.195
    },
    "coralcdn.org": {
      "out": {
        "other": 2
      },
      "score": 0.195
    },
    "twitter.com/twerpscan": {
      "out": {
        "other": 2
      },
      "score": 0.195
    },
    "www.escapistmagazine.com": {
      "out": {
        "other": 2
      },
      "score": 0.195
    },
    "www.microsoft.com": {
      "out": {
        "other": 2
      },
      "score": 0.195
    },
    "djsteveboy.com": {
      "out": {
        "other": 2
      },
      "score": 0.195
    },
    "getsatisfaction.com": {
      "out": {
        "other": 2
      },
      "score": 0.195
    },
    "ypnblog.com": {
      "out": {
        "other": 2
      },
      "score": 0.195
    },
    "rooohby.tumblr.com": {
      "out": {
        "other": 2
      },
      "score": 0.195
    },
    "blogs.hbr.org": {
      "out": {
        "other": 2
      },
      "score": 0.195
    },
    "calepin.co": {
      "out": {
        "other": 2
      },
      "score": 0.195
    },
    "getweathertimeline.com": {
      "out": {
        "other": 2
      },
      "score": 0.195
    },
    "jokull.calepin.co": {
      "out": {
        "other": 2
      },
      "score": 0.195
    },
    "www.25peeps.com": {
      "out": {
        "other": 2
      },
      "score": 0.195
    },
    "www.wow-europe.com": {
      "out": {
        "other": 2
      },
      "score": 0.195
    },
    "movember.com": {
      "out": {
        "other": 2
      },
      "score": 0.195
    },
    "www.technorati.com": {
      "out": {
        "other": 2
      },
      "score": 0.195
    },
    "scriptogr.am": {
      "out": {
        "other": 2
      },
      "score": 0.195
    },
    "daringfireball.net": {
      "out": {
        "other": 2
      },
      "score": 0.195
    },
    "jabber.org": {
      "out": {
        "other": 2
      },
      "score": 0.195
    },
    "spambayes.sourceforge.net": {
      "out": {
        "other": 2
      },
      "score": 0.195
    },
    "charpool.net": {
      "out": {
        "other": 2
      },
      "score": 0.195
    },
    "pownce.com": {
      "out": {
        "other": 2
      },
      "score": 0.195
    },
    "www.facebook.com": {
      "out": {
        "other": 2
      },
      "score": 0.195
    },
    "blog.360.yahoo.com": {
      "out": {
        "other": 2
      },
      "score": 0.195
    },
    "www.readability.com": {
      "out": {
        "other": 2
      },
      "score": 0.195
    },
    "thedailywtf.com": {
      "out": {
        "other": 2
      },
      "score": 0.195
    },
    "typekit.com": {
      "out": {
        "other": 2
      },
      "score": 0.195
    },
    "www.slideshare.net": {
      "out": {
        "other": 2
      },
      "score": 0.195
    },
    "dcurt.is": {
      "out": {
        "other": 2
      },
      "score": 0.195
    },
    "del.icio.us": {
      "out": {
        "other": 2
      },
      "score": 0.195
    },
    "explosm.net": {
      "out": {
        "other": 2
      },
      "score": 0.195
    },
    "g-blog.net": {
      "out": {
        "other": 2
      },
      "score": 0.195
    },
    "kveton.com": {
      "out": {
        "other": 2
      },
      "score": 0.195
    },
    "evernote.com": {
      "out": {
        "other": 2
      },
      "score": 0.195
    },
    "www.powerset.com": {
      "out": {
        "other": 2
      },
      "score": 0.195
    },
    "www.jabber.org": {
      "out": {
        "other": 2
      },
      "score": 0.195
    },
    "www.kh-neuperlach.de": {
      "out": {
        "other": 2
      },
      "score": 0.195
    },
    "www.nbc.com": {
      "out": {
        "other": 2
      },
      "score": 0.195
    },
    "dashboard.opendns.com": {
      "out": {
        "other": 2
      },
      "score": 0.195
    },
    "www.downloadsquad.com": {
      "out": {
        "other": 2
      },
      "score": 0.195
    },
    "blog.labnotes.org": {
      "out": {
        "other": 2
      },
      "score": 0.195
    },
    "xkcd.com": {
      "out": {
        "other": 2
      },
      "score": 0.195
    },
    "www.lehners-wirtshaus.de": {
      "out": {
        "other": 2
      },
      "score": 0.195
    },
    "ramaze.net": {
      "out": {
        "other": 2
      },
      "score": 0.195
    },
    "twitter.com/monoxyd": {
      "out": {
        "other": 2
      },
      "score": 0.195
    },
    "es.yahoo.com": {
      "out": {
        "other": 2
      },
      "score": 0.195
    },
    "fontdeck.com": {
      "out": {
        "other": 2
      },
      "score": 0.195
    },
    "de.movies.yahoo.com": {
      "out": {
        "other": 2
      },
      "score": 0.195
    },
    "tumblr.com": {
      "out": {
        "other": 2
      },
      "score": 0.195
    },
    "forecast.io": {
      "out": {
        "other": 2
      },
      "score": 0.195
    },
    "mediatemple.net": {
      "out": {
        "other": 2
      },
      "score": 0.195
    },
    "www.se7en-x.com": {
      "out": {
        "other": 2
      },
      "score": 0.195
    },
    "feedbooks.com": {
      "out": {
        "other": 2
      },
      "score": 0.195
    },
    "www.instapaper.com": {
      "out": {
        "other": 2
      },
      "score": 0.195
    },
    "audito.re": {
      "out": {
        "other": 2
      },
      "score": 0.195
    },
    "awesomescreenshot.com": {
      "out": {
        "other": 2
      },
      "score": 0.195
    },
    "sz-magazin.sueddeutsche.de": {
      "out": {
        "other": 2
      },
      "score": 0.195
    },
    "www.gamespot.com": {
      "out": {
        "other": 2
      },
      "score": 0.195
    },
    "whatever.scalzi.com": {
      "out": {
        "other": 2
      },
      "score": 0.195
    },
    "www.noodlesoft.com": {
      "out": {
        "other": 2
      },
      "score": 0.195
    },
    "www.textism.com": {
      "out": {
        "other": 2
      },
      "score": 0.195
    },
    "www.dafont.com": {
      "out": {
        "other": 2
      },
      "score": 0.195
    },
    "www.phpdoc.de": {
      "out": {
        "other": 2
      },
      "score": 0.195
    },
    "get.adobe.com": {
      "out": {
        "other": 2
      },
      "score": 0.195
    },
    "store.steampowered.com": {
      "out": {
        "other": 2
      },
      "score": 0.195
    },
    "www.dellideastorm.com": {
      "out": {
        "other": 2
      },
      "score": 0.195
    },
    "wirres.net": {
      "in": {
        "other": 4
      },
      "score": 0.195
    },
    "cgi.w3.org": {
      "out": {
        "other": 2
      },
      "score": 0.195
    },
    "www.hail-movie.com": {
      "out": {
        "other": 2
      },
      "score": 0.195
    },
    "www.spreading-goodwill.org": {
      "out": {
        "other": 2
      },
      "score": 0.195
    },
    "ma.gnolia.com": {
      "out": {
        "other": 2
      },
      "score": 0.195
    },
    "mkw.st": {
      "out": {
        "other": 2
      },
      "score": 0.195
    },
    "ricostacruz.com": {
      "out": {
        "other": 2
      },
      "score": 0.195
    },
    "blog.del.icio.us": {
      "out": {
        "other": 1
      },
      "score": 0.0975
    },
    "dealmeida.net": {
      "out": {
        "other": 1
      },
      "score": 0.0975
    },
    "getskeleton.com": {
      "out": {
        "other": 1
      },
      "score": 0.0975
    },
    "sethgodin.typepad.com": {
      "out": {
        "other": 1
      },
      "score": 0.0975
    },
    "twitter.com/calepinapp": {
      "out": {
        "other": 1
      },
      "score": 0.0975
    },
    "wiki.opscode.com": {
      "out": {
        "other": 1
      },
      "score": 0.0975
    },
    "www.asmallorange.com": {
      "out": {
        "other": 1
      },
      "score": 0.0975
    },
    "www.michaeljaeger.tv": {
      "out": {
        "other": 1
      },
      "score": 0.0975
    },
    "Facebook.com": {
      "out": {
        "other": 1
      },
      "score": 0.0975
    },
    "bettersearch.zottmann.org": {
      "out": {
        "other": 1
      },
      "score": 0.0975
    },
    "gizmodo.com": {
      "out": {
        "other": 1
      },
      "score": 0.0975
    },
    "my.barackobama.com": {
      "out": {
        "other": 1
      },
      "score": 0.0975
    },
    "www.linkedin.com": {
      "out": {
        "other": 1
      },
      "score": 0.0975
    },
    "example-company.com": {
      "out": {
        "other": 1
      },
      "score": 0.0975
    },
    "google.com": {
      "out": {
        "other": 1
      },
      "score": 0.0975
    },
    "j.mp": {
      "out": {
        "other": 1
      },
      "score": 0.0975
    },
    "lushlush.livejournal.com": {
      "out": {
        "other": 1
      },
      "score": 0.0975
    },
    "scripts.sil.org": {
      "out": {
        "other": 1
      },
      "score": 0.0975
    },
    "weatherlineapp.com": {
      "out": {
        "other": 1
      },
      "score": 0.0975
    },
    "www.guardian.co.uk": {
      "out": {
        "other": 1
      },
      "score": 0.0975
    },
    "www.newscientist.com": {
      "out": {
        "other": 1
      },
      "score": 0.0975
    },
    "stream.withknown.com": {
      "in": {
        "other": 2
      },
      "score": 0.0975
    },
    "claimid.com": {
      "out": {
        "other": 1
      },
      "score": 0.0975
    },
    "diveintomark.org": {
      "out": {
        "other": 1
      },
      "score": 0.0975
    },
    "my.opera.com": {
      "out": {
        "other": 1
      },
      "score": 0.0975
    },
    "peepcode.com": {
      "out": {
        "other": 1
      },
      "score": 0.0975
    },
    "www.0Spam.com": {
      "out": {
        "other": 1
      },
      "score": 0.0975
    },
    "www.listbox.com": {
      "out": {
        "other": 1
      },
      "score": 0.0975
    },
    "www.mozilla.org": {
      "out": {
        "other": 1
      },
      "score": 0.0975
    },
    "www.qype.com": {
      "out": {
        "other": 1
      },
      "score": 0.0975
    },
    "www.suvudu.com": {
      "out": {
        "other": 1
      },
      "score": 0.0975
    },
    "bootleg-rss.g-blog.net": {
      "out": {
        "other": 1
      },
      "score": 0.0975
    },
    "dev.mobileread.com": {
      "out": {
        "other": 1
      },
      "score": 0.0975
    },
    "linkedin.com": {
      "out": {
        "other": 1
      },
      "score": 0.0975
    },
    "m.washingtonpost.com": {
      "out": {
        "other": 1
      },
      "score": 0.0975
    },
    "macromates.com": {
      "out": {
        "other": 1
      },
      "score": 0.0975
    },
    "skitch.com": {
      "out": {
        "other": 1
      },
      "score": 0.0975
    },
    "support.microsoft.com": {
      "out": {
        "other": 1
      },
      "score": 0.0975
    },
    "www.hotdesign.com": {
      "out": {
        "other": 1
      },
      "score": 0.0975
    },
    "www.thestar.com": {
      "out": {
        "other": 1
      },
      "score": 0.0975
    },
    "www.worldwildlife.org": {
      "out": {
        "other": 1
      },
      "score": 0.0975
    },
    "pandora.com": {
      "out": {
        "other": 1
      },
      "score": 0.0975
    },
    "plus.google.com/110255737428907780217": {
      "out": {
        "other": 1
      },
      "score": 0.0975
    },
    "usablesecurity.com": {
      "out": {
        "other": 1
      },
      "score": 0.0975
    },
    "vimeo.com": {
      "out": {
        "other": 1
      },
      "score": 0.0975
    },
    "www.spamassassin.org": {
      "out": {
        "other": 1
      },
      "score": 0.0975
    },
    "blog.mans.de": {
      "out": {
        "other": 1
      },
      "score": 0.0975
    },
    "blog.pipes.yahoo.com": {
      "out": {
        "other": 1
      },
      "score": 0.0975
    },
    "goo.gl": {
      "out": {
        "other": 1
      },
      "score": 0.0975
    },
    "www.downtownsoftwarehouse.com": {
      "out": {
        "other": 1
      },
      "score": 0.0975
    },
    "www.fieggen.com": {
      "out": {
        "other": 1
      },
      "score": 0.0975
    },
    "www.last.fm": {
      "out": {
        "other": 1
      },
      "score": 0.0975
    },
    "www.worldofwar.net": {
      "out": {
        "other": 1
      },
      "score": 0.0975
    },
    "bit.ly": {
      "out": {
        "other": 1
      },
      "score": 0.0975
    },
    "guardian.co.uk": {
      "out": {
        "other": 1
      },
      "score": 0.0975
    },
    "monoxyd.de": {
      "out": {
        "other": 1
      },
      "score": 0.0975
    },
    "new.myfonts.com": {
      "out": {
        "other": 1
      },
      "score": 0.0975
    },
    "sparrowapp.com": {
      "out": {
        "other": 1
      },
      "score": 0.0975
    },
    "www.codeweavers.com": {
      "out": {
        "other": 1
      },
      "score": 0.0975
    },
    "chainsawsuit.com": {
      "out": {
        "other": 1
      },
      "score": 0.0975
    },
    "radar.oreilly.com": {
      "out": {
        "other": 1
      },
      "score": 0.0975
    },
    "rescuetime.com": {
      "out": {
        "other": 1
      },
      "score": 0.0975
    },
    "twittwoch.de": {
      "out": {
        "other": 1
      },
      "score": 0.0975
    },
    "www.crockford.com": {
      "out": {
        "other": 1
      },
      "score": 0.0975
    },
    "www.google.de": {
      "out": {
        "other": 1
      },
      "score": 0.0975
    },
    "www.hirschag.com": {
      "out": {
        "other": 1
      },
      "score": 0.0975
    },
    "www.jamesmckay.net": {
      "out": {
        "other": 1
      },
      "score": 0.0975
    },
    "www.keyboardmaestro.com": {
      "out": {
        "other": 1
      },
      "score": 0.0975
    },
    "www.phg-home.com": {
      "out": {
        "other": 1
      },
      "score": 0.0975
    },
    "bookeen.blogspot.com": {
      "out": {
        "other": 1
      },
      "score": 0.0975
    },
    "techcrunch.com": {
      "out": {
        "other": 1
      },
      "score": 0.0975
    },
    "twitter.com/TwerpScan": {
      "out": {
        "other": 1
      },
      "score": 0.0975
    },
    "www.shirt-pocket.com": {
      "out": {
        "other": 1
      },
      "score": 0.0975
    },
    "www.sqlobject.org": {
      "out": {
        "other": 1
      },
      "score": 0.0975
    },
    "icant.co.uk": {
      "out": {
        "other": 1
      },
      "score": 0.0975
    },
    "munich-on-rails.com": {
      "out": {
        "other": 1
      },
      "score": 0.0975
    },
    "simon.incutio.com": {
      "out": {
        "other": 1
      },
      "score": 0.0975
    },
    "www.levien.com": {
      "out": {
        "other": 1
      },
      "score": 0.0975
    },
    "www.thedailyshow.com": {
      "out": {
        "other": 1
      },
      "score": 0.0975
    },
    "www.workhappy.net": {
      "out": {
        "other": 1
      },
      "score": 0.0975
    },
    "research.yahoo.com": {
      "out": {
        "other": 1
      },
      "score": 0.0975
    },
    "www.comedycentral.com": {
      "out": {
        "other": 1
      },
      "score": 0.0975
    },
    "www.defectiveyeti.com": {
      "out": {
        "other": 1
      },
      "score": 0.0975
    },
    "www.effbot.org": {
      "out": {
        "other": 1
      },
      "score": 0.0975
    },
    "www.vox.de": {
      "out": {
        "other": 1
      },
      "score": 0.0975
    },
    "code.google.com": {
      "out": {
        "other": 1
      },
      "score": 0.0975
    },
    "familyguy.wikia.com": {
      "out": {
        "other": 1
      },
      "score": 0.0975
    },
    "frazr.com": {
      "out": {
        "other": 1
      },
      "score": 0.0975
    },
    "gta.wikia.com": {
      "out": {
        "other": 1
      },
      "score": 0.0975
    },
    "joindiaspora.com": {
      "out": {
        "other": 1
      },
      "score": 0.0975
    },
    "meyerweb.com": {
      "out": {
        "other": 1
      },
      "score": 0.0975
    },
    "pm-magazin.de": {
      "out": {
        "other": 1
      },
      "score": 0.0975
    },
    "www.danga.com": {
      "out": {
        "other": 1
      },
      "score": 0.0975
    },
    "www.opscode.com": {
      "out": {
        "other": 1
      },
      "score": 0.0975
    },
    "G-Blog.net": {
      "out": {
        "other": 1
      },
      "score": 0.0975
    },
    "letterhead.tumblr.com": {
      "out": {
        "other": 1
      },
      "score": 0.0975
    },
    "sparkle.andymatuschak.org": {
      "out": {
        "other": 1
      },
      "score": 0.0975
    },
    "www.oreilly.com": {
      "out": {
        "other": 1
      },
      "score": 0.0975
    },
    "www.fritz.de": {
      "out": {
        "other": 1
      },
      "score": 0.0975
    },
    "www.frozenreality.co.uk": {
      "out": {
        "other": 1
      },
      "score": 0.0975
    },
    "www.omnigroup.com": {
      "out": {
        "other": 1
      },
      "score": 0.0975
    },
    "bugs.wakkawiki.com": {
      "out": {
        "other": 1
      },
      "score": 0.0975
    },
    "de.wikipedia.org": {
      "out": {
        "other": 1
      },
      "score": 0.0975
    },
    "ejohn.org": {
      "out": {
        "other": 1
      },
      "score": 0.0975
    },
    "moriz.de": {
      "out": {
        "other": 1
      },
      "score": 0.0975
    },
    "opendns.com": {
      "out": {
        "other": 1
      },
      "score": 0.0975
    },
    "uli.hitzel.net": {
      "out": {
        "other": 1
      },
      "score": 0.0975
    },
    "www.busymac.com": {
      "out": {
        "other": 1
      },
      "score": 0.0975
    },
    "www.edho.com": {
      "out": {
        "other": 1
      },
      "score": 0.0975
    },
    "www.youparklikeanasshole.com": {
      "out": {
        "other": 1
      },
      "score": 0.0975
    },
    "softwaremaniacs.org": {
      "out": {
        "other": 1
      },
      "score": 0.0975
    },
    "thetoddtime.com": {
      "out": {
        "other": 1
      },
      "score": 0.0975
    },
    "www.Bloglines.com": {
      "out": {
        "other": 1
      },
      "score": 0.0975
    },
    "www.heute.de": {
      "out": {
        "other": 1
      },
      "score": 0.0975
    },
    "www.joystiq.com": {
      "out": {
        "other": 1
      },
      "score": 0.0975
    },
    "www.obdev.at": {
      "out": {
        "other": 1
      },
      "score": 0.0975
    },
    "www.switchersblog.com": {
      "out": {
        "other": 1
      },
      "score": 0.0975
    },
    "online.wsj.com": {
      "out": {
        "other": 1
      },
      "score": 0.0975
    },
    "technorati.com": {
      "out": {
        "other": 1
      },
      "score": 0.0975
    },
    "www.fastcompany.com": {
      "out": {
        "other": 1
      },
      "score": 0.0975
    },
    "www.locallytype.com": {
      "out": {
        "other": 1
      },
      "score": 0.0975
    },
    "www.monoklon.de": {
      "out": {
        "other": 1
      },
      "score": 0.0975
    },
    "www.withings.com": {
      "out": {
        "other": 1
      },
      "score": 0.0975
    },
    "cluckworkorange.com": {
      "out": {
        "other": 1
      },
      "score": 0.0975
    },
    "intertwingly.net": {
      "out": {
        "other": 1
      },
      "score": 0.0975
    },
    "itunes.apple.com": {
      "out": {
        "other": 1
      },
      "score": 0.0975
    },
    "steamcommunity.com": {
      "out": {
        "other": 1
      },
      "score": 0.0975
    },
    "www.muenchen.com": {
      "out": {
        "other": 1
      },
      "score": 0.0975
    },
    "snarfed.org": {
      "in": {
        "like-of": 1
      },
      "score": 0.0975
    },
    "amultiverse.com": {
      "out": {
        "other": 1
      },
      "score": 0.0975
    },
    "tankueberfall.de": {
      "out": {
        "other": 1
      },
      "score": 0.0975
    },
    "textism.com": {
      "out": {
        "other": 1
      },
      "score": 0.0975
    },
    "www.atebits.com": {
      "out": {
        "other": 1
      },
      "score": 0.0975
    },
    "www.inktank.com": {
      "out": {
        "other": 1
      },
      "score": 0.0975
    },
    "www.kottke.org": {
      "out": {
        "other": 1
      },
      "score": 0.0975
    },
    "metaquark.de": {
      "out": {
        "other": 1
      },
      "score": 0.0975
    },
    "myspace.com": {
      "out": {
        "other": 1
      },
      "score": 0.0975
    },
    "neuro.web.surftown.se": {
      "out": {
        "other": 1
      },
      "score": 0.0975
    },
    "philwilson.org": {
      "out": {
        "other": 1
      },
      "score": 0.0975
    },
    "www.baldursgate.com": {
      "out": {
        "other": 1
      },
      "score": 0.0975
    },
    "www.projectcensored.org": {
      "out": {
        "other": 1
      },
      "score": 0.0975
    },
    "www.threepanelsoul.com": {
      "out": {
        "other": 1
      },
      "score": 0.0975
    },
    "www.wunderground.com": {
      "out": {
        "other": 1
      },
      "score": 0.0975
    },
    "openweathermap.org": {
      "out": {
        "other": 1
      },
      "score": 0.0975
    },
    "rubyflow.com": {
      "out": {
        "other": 1
      },
      "score": 0.0975
    },
    "sinatra.rubyforge.org": {
      "out": {
        "other": 1
      },
      "score": 0.0975
    },
    "www.peer.org": {
      "out": {
        "other": 1
      },
      "score": 0.0975
    },
    "www.thealarmclock.com": {
      "out": {
        "other": 1
      },
      "score": 0.0975
    },
    "www.winehq.org": {
      "out": {
        "other": 1
      },
      "score": 0.0975
    },
    "informationarchitects.net": {
      "out": {
        "other": 1
      },
      "score": 0.0975
    },
    "showoff.io": {
      "out": {
        "other": 1
      },
      "score": 0.0975
    },
    "wiki.dreamhost.com": {
      "out": {
        "other": 1
      },
      "score": 0.0975
    },
    "www.aboutads.info": {
      "out": {
        "other": 1
      },
      "score": 0.0975
    },
    "www.wakkawiki.com": {
      "out": {
        "other": 1
      },
      "score": 0.0975
    },
    "elliottback.com": {
      "out": {
        "other": 1
      },
      "score": 0.0975
    },
    "simplabs.com": {
      "out": {
        "other": 1
      },
      "score": 0.0975
    },
    "de.news.yahoo.com": {
      "out": {
        "other": 1
      },
      "score": 0.0975
    },
    "valleywag.com": {
      "out": {
        "other": 1
      },
      "score": 0.0975
    },
    "wii.nintendo.com": {
      "out": {
        "other": 1
      },
      "score": 0.0975
    },
    "www.catonmat.net": {
      "out": {
        "other": 1
      },
      "score": 0.0975
    },
    "www.dreamhost.com": {
      "out": {
        "other": 1
      },
      "score": 0.0975
    },
    "www.geek-happens.com": {
      "out": {
        "other": 1
      },
      "score": 0.0975
    },
    "xing.com": {
      "out": {
        "other": 1
      },
      "score": 0.0975
    },
    "blag.xkcd.com": {
      "out": {
        "other": 1
      },
      "score": 0.0975
    },
    "cubicle17.com": {
      "out": {
        "other": 1
      },
      "score": 0.0975
    },
    "ec.europa.eu": {
      "out": {
        "other": 1
      },
      "score": 0.0975
    },
    "tomayko.com": {
      "out": {
        "other": 1
      },
      "score": 0.0975
    },
    "w3.org": {
      "out": {
        "other": 1
      },
      "score": 0.0975
    },
    "www.cbsnews.com": {
      "out": {
        "other": 1
      },
      "score": 0.0975
    },
    "www.spock.com": {
      "out": {
        "other": 1
      },
      "score": 0.0975
    },
    "www.uspsjedimaster.com": {
      "out": {
        "other": 1
      },
      "score": 0.0975
    },
    "allinthehead.com": {
      "out": {
        "other": 1
      },
      "score": 0.0975
    },
    "lerdorf.com": {
      "out": {
        "other": 1
      },
      "score": 0.0975
    },
    "news.yahoo.com": {
      "out": {
        "other": 1
      },
      "score": 0.0975
    },
    "sloblog.io": {
      "out": {
        "other": 1
      },
      "score": 0.0975
    },
    "www.openid.net": {
      "out": {
        "other": 1
      },
      "score": 0.0975
    },
    "www.toyota.de": {
      "out": {
        "other": 1
      },
      "score": 0.0975
    },
    "www.twittwoch.de": {
      "out": {
        "other": 1
      },
      "score": 0.0975
    },
    "anders.janmyr.com": {
      "out": {
        "other": 1
      },
      "score": 0.0975
    },
    "blog.verselogic.net": {
      "out": {
        "other": 1
      },
      "score": 0.0975
    },
    "god.rubyforge.org": {
      "out": {
        "other": 1
      },
      "score": 0.0975
    },
    "lava.nationalgeographic.com": {
      "out": {
        "other": 1
      },
      "score": 0.0975
    },
    "lifestream.fm": {
      "out": {
        "other": 1
      },
      "score": 0.0975
    },
    "moonandback.com": {
      "out": {
        "other": 1
      },
      "score": 0.0975
    },
    "moriz.com": {
      "out": {
        "other": 1
      },
      "score": 0.0975
    },
    "twitter.com/codeispoetry": {
      "out": {
        "other": 1
      },
      "score": 0.0975
    },
    "www.teamschnitzel.com": {
      "out": {
        "other": 1
      },
      "score": 0.0975
    },
    "creativecommons.org": {
      "out": {
        "other": 1
      },
      "score": 0.0975
    },
    "js-kit.com": {
      "out": {
        "other": 1
      },
      "score": 0.0975
    },
    "mailplaneapp.com": {
      "out": {
        "other": 1
      },
      "score": 0.0975
    },
    "studivz.de": {
      "out": {
        "other": 1
      },
      "score": 0.0975
    },
    "wbond.net": {
      "out": {
        "other": 1
      },
      "score": 0.0975
    },
    "www.intertwingly.net": {
      "out": {
        "other": 1
      },
      "score": 0.0975
    },
    "www.workingwithrails.com": {
      "out": {
        "other": 1
      },
      "score": 0.0975
    },
    "content.techrepublic.com.com": {
      "out": {
        "other": 1
      },
      "score": 0.0975
    },
    "dejavu-fonts.org": {
      "out": {
        "other": 1
      },
      "score": 0.0975
    },
    "jashkenas.github.com": {
      "out": {
        "other": 1
      },
      "score": 0.0975
    },
    "jcp.org": {
      "out": {
        "other": 1
      },
      "score": 0.0975
    },
    "manybooks.net": {
      "out": {
        "other": 1
      },
      "score": 0.0975
    },
    "twitter.com/darthvader": {
      "out": {
        "other": 1
      },
      "score": 0.0975
    },
    "www.bundesregierung.de": {
      "out": {
        "other": 1
      },
      "score": 0.0975
    },
    "www.real.com": {
      "out": {
        "other": 1
      },
      "score": 0.0975
    },
    "blogs.business2.com": {
      "out": {
        "other": 1
      },
      "score": 0.0975
    },
    "twitter.com/leolaporte": {
      "out": {
        "other": 1
      },
      "score": 0.0975
    },
    "twitter.com/naixn": {
      "out": {
        "other": 1
      },
      "score": 0.0975
    },
    "www.heroku.com": {
      "out": {
        "other": 1
      },
      "score": 0.0975
    },
    "www.mensjournal.com": {
      "out": {
        "other": 1
      },
      "score": 0.0975
    },
    "www.minidisc.org": {
      "out": {
        "other": 1
      },
      "score": 0.0975
    },
    "www.skype.com": {
      "out": {
        "other": 1
      },
      "score": 0.0975
    },
    "extendmac.com": {
      "out": {
        "other": 1
      },
      "score": 0.0975
    },
    "gumroad.com": {
      "out": {
        "other": 1
      },
      "score": 0.0975
    },
    "messenger.yahoo.com": {
      "out": {
        "other": 1
      },
      "score": 0.0975
    },
    "servus.io": {
      "out": {
        "other": 1
      },
      "score": 0.0975
    },
    "www.activestate.com": {
      "out": {
        "other": 1
      },
      "score": 0.0975
    },
    "www.applegeeks.com": {
      "out": {
        "other": 1
      },
      "score": 0.0975
    },
    "www.feedburner.com": {
      "out": {
        "other": 1
      },
      "score": 0.0975
    },
    "www.joyoftech.com": {
      "out": {
        "other": 1
      },
      "score": 0.0975
    },
    "www.trailrunnerx.com": {
      "out": {
        "other": 1
      },
      "score": 0.0975
    },
    "moviecritter.com": {
      "out": {
        "other": 1
      },
      "score": 0.0975
    },
    "packetgarden.com": {
      "out": {
        "other": 1
      },
      "score": 0.0975
    },
    "www.skrenta.com": {
      "out": {
        "other": 1
      },
      "score": 0.0975
    },
    "eu.wow-armory.com": {
      "out": {
        "other": 1
      },
      "score": 0.0975
    },
    "news.nationalgeographic.com": {
      "out": {
        "other": 1
      },
      "score": 0.0975
    },
    "saint-andre.com": {
      "out": {
        "other": 1
      },
      "score": 0.0975
    },
    "twitter.com/mybloglog": {
      "out": {
        "other": 1
      },
      "score": 0.0975
    },
    "wii.nintendo.de": {
      "out": {
        "other": 1
      },
      "score": 0.0975
    },
    "www.getdropbox.com": {
      "out": {
        "other": 1
      },
      "score": 0.0975
    },
    "www.python.org": {
      "out": {
        "other": 1
      },
      "score": 0.0975
    },
    "www.useit.com": {
      "out": {
        "other": 1
      },
      "score": 0.0975
    },
    "lifestreamblog.com": {
      "in": {
        "other": 2
      },
      "score": 0.0975
    },
    "blaugh.com": {
      "out": {
        "other": 1
      },
      "score": 0.0975
    },
    "boingboing.net": {
      "out": {
        "other": 1
      },
      "score": 0.0975
    },
    "independentsciencenews.org": {
      "out": {
        "other": 1
      },
      "score": 0.0975
    },
    "progrium.com": {
      "out": {
        "other": 1
      },
      "score": 0.0975
    },
    "twitter.com/ephemera": {
      "out": {
        "other": 1
      },
      "score": 0.0975
    },
    "wiki.github.com": {
      "out": {
        "other": 1
      },
      "score": 0.0975
    },
    "www.0spam.com": {
      "out": {
        "other": 1
      },
      "score": 0.0975
    },
    "www.johnmccain.com": {
      "out": {
        "other": 1
      },
      "score": 0.0975
    },
    "www.smashingmagazine.com": {
      "out": {
        "other": 1
      },
      "score": 0.0975
    },
    "www.theonion.com": {
      "out": {
        "other": 1
      },
      "score": 0.0975
    },
    "www.wowinsider.com": {
      "out": {
        "other": 1
      },
      "score": 0.0975
    },
    "blog.charpool.net": {
      "out": {
        "other": 1
      },
      "score": 0.0975
    },
    "mvv-muenchen.de": {
      "out": {
        "other": 1
      },
      "score": 0.0975
    },
    "myweb.yahoo.com": {
      "out": {
        "other": 1
      },
      "score": 0.0975
    },
    "podrunner.com": {
      "out": {
        "other": 1
      },
      "score": 0.0975
    },
    "www.jackslocum.com": {
      "out": {
        "other": 1
      },
      "score": 0.0975
    },
    "www.robinsloan.com": {
      "out": {
        "other": 1
      },
      "score": 0.0975
    },
    "blog.servus.io": {
      "out": {
        "other": 1
      },
      "score": 0.0975
    },
    "browsershots.org": {
      "out": {
        "other": 1
      },
      "score": 0.0975
    },
    "gettingreal.37signals.com": {
      "out": {
        "other": 1
      },
      "score": 0.0975
    },
    "randomfoo.net": {
      "out": {
        "other": 1
      },
      "score": 0.0975
    },
    "www.macupdate.com": {
      "out": {
        "other": 1
      },
      "score": 0.0975
    },
    "dashes.com": {
      "out": {
        "other": 1
      },
      "score": 0.0975
    },
    "facebook.com": {
      "out": {
        "other": 1
      },
      "score": 0.0975
    },
    "makegamesnotlove.com": {
      "out": {
        "other": 1
      },
      "score": 0.0975
    },
    "seppschauer.de": {
      "out": {
        "other": 1
      },
      "score": 0.0975
    },
    "worldofwar.net": {
      "out": {
        "other": 1
      },
      "score": 0.0975
    },
    "www.mobileread.com": {
      "out": {
        "other": 1
      },
      "score": 0.0975
    },
    "www.raneri.it": {
      "out": {
        "other": 1
      },
      "score": 0.0975
    },
    "www.xing.com": {
      "out": {
        "other": 1
      },
      "score": 0.0975
    },
    "www.ysearchblog.com": {
      "out": {
        "other": 1
      },
      "score": 0.0975
    },
    "www.buga-2009.de": {
      "out": {
        "other": 1
      },
      "score": 0.0975
    },
    "www.gametrailers.com": {
      "out": {
        "other": 1
      },
      "score": 0.0975
    },
    "www.runnerplus.com": {
      "out": {
        "other": 1
      },
      "score": 0.0975
    },
    "www.shauninman.com": {
      "out": {
        "other": 1
      },
      "score": 0.0975
    },
    "developer.yahoo.net": {
      "out": {
        "other": 1
      },
      "score": 0.0975
    },
    "pomodoro.ugolandini.com": {
      "out": {
        "other": 1
      },
      "score": 0.0975
    },
    "twitter.com/DesignedByBlind": {
      "out": {
        "other": 1
      },
      "score": 0.0975
    },
    "worldwithoutoil.org": {
      "out": {
        "other": 1
      },
      "score": 0.0975
    },
    "www.discuss-discover.com": {
      "out": {
        "other": 1
      },
      "score": 0.0975
    },
    "www.mikewest.org": {
      "out": {
        "other": 1
      },
      "score": 0.0975
    },
    "www.swedensbest.com": {
      "out": {
        "other": 1
      },
      "score": 0.0975
    },
    "yaml.org": {
      "out": {
        "other": 1
      },
      "score": 0.0975
    },
    "jyte.com": {
      "out": {
        "other": 1
      },
      "score": 0.0975
    },
    "medium.com": {
      "out": {
        "other": 1
      },
      "score": 0.0975
    },
    "mooseyard.com": {
      "out": {
        "other": 1
      },
      "score": 0.0975
    },
    "snowleopard.wikidot.com": {
      "out": {
        "other": 1
      },
      "score": 0.0975
    },
    "www.pragprog.com": {
      "out": {
        "other": 1
      },
      "score": 0.0975
    },
    "blog.clipflakes.com": {
      "out": {
        "other": 1
      },
      "score": 0.0975
    },
    "breaktimeapp.com": {
      "out": {
        "other": 1
      },
      "score": 0.0975
    },
    "isnoop.net": {
      "out": {
        "other": 1
      },
      "score": 0.0975
    },
    "plus.google.com/u": {
      "out": {
        "other": 1
      },
      "score": 0.0975
    },
    "suggestions.yahoo.com": {
      "out": {
        "other": 1
      },
      "score": 0.0975
    },
    "tech.groups.yahoo.com": {
      "out": {
        "other": 1
      },
      "score": 0.0975
    },
    "www.aiaa.org": {
      "out": {
        "other": 1
      },
      "score": 0.0975
    },
    "www.atu2.com": {
      "out": {
        "other": 1
      },
      "score": 0.0975
    },
    "www.bigcontrarian.com": {
      "out": {
        "other": 1
      },
      "score": 0.0975
    },
    "www.mediatemple.net": {
      "out": {
        "other": 1
      },
      "score": 0.0975
    },
    "www.musicdock.net": {
      "out": {
        "other": 1
      },
      "score": 0.0975
    },
    "zhaneel69.livejournal.com": {
      "out": {
        "other": 1
      },
      "score": 0.0975
    },
    "experteer.de": {
      "out": {
        "other": 1
      },
      "score": 0.0975
    },
    "www.iawriter.com": {
      "out": {
        "other": 1
      },
      "score": 0.0975
    },
    "www.syndic8.com": {
      "out": {
        "other": 1
      },
      "score": 0.0975
    },
    "www.worldofwarcraft.com": {
      "out": {
        "other": 1
      },
      "score": 0.0975
    },
    "37signals.com": {
      "out": {
        "other": 1
      },
      "score": 0.0975
    },
    "spock.com": {
      "out": {
        "other": 1
      },
      "score": 0.0975
    },
    "www.abakus-internet-marketing.de": {
      "out": {
        "other": 1
      },
      "score": 0.0975
    },
    "www.antigames.de": {
      "out": {
        "other": 1
      },
      "score": 0.0975
    },
    "aspn.activestate.com": {
      "out": {
        "other": 1
      },
      "score": 0.0975
    },
    "discussions.apple.com": {
      "out": {
        "other": 1
      },
      "score": 0.0975
    },
    "in.news.yahoo.com": {
      "out": {
        "other": 1
      },
      "score": 0.0975
    },
    "nureinhobby.org": {
      "out": {
        "other": 1
      },
      "score": 0.0975
    },
    "www.casapatas.com": {
      "out": {
        "other": 1
      },
      "score": 0.0975
    },
    "www.google.com": {
      "out": {
        "other": 1
      },
      "score": 0.0975
    },
    "www.mybloglog.com": {
      "out": {
        "other": 1
      },
      "score": 0.0975
    },
    "www.scientificamerican.com": {
      "out": {
        "other": 1
      },
      "score": 0.0975
    },
    "documentup.com": {
      "out": {
        "other": 1
      },
      "score": 0.0975
    },
    "railsmagazin.de": {
      "out": {
        "other": 1
      },
      "score": 0.0975
    },
    "rvm.beginrescueend.com": {
      "out": {
        "other": 1
      },
      "score": 0.0975
    },
    "search.yahoo.com": {
      "out": {
        "other": 1
      },
      "score": 0.0975
    },
    "twitter.com/Charpool": {
      "out": {
        "other": 1
      },
      "score": 0.0975
    },
    "www.fictionwise.com": {
      "out": {
        "other": 1
      },
      "score": 0.0975
    },
    "werd.io": {
      "in": {
        "other": 2
      },
      "score": 0.0975
    },
    "last.fm": {
      "out": {
        "other": 1
      },
      "score": 0.0975
    },
    "www.dailymile.com": {
      "out": {
        "other": 1
      },
      "score": 0.0975
    },
    "www.dnsvalidation.com": {
      "out": {
        "other": 1
      },
      "score": 0.0975
    },
    "www.forteantimes.com": {
      "out": {
        "other": 1
      },
      "score": 0.0975
    },
    "www.macworld.com": {
      "out": {
        "other": 1
      },
      "score": 0.0975
    },
    "www.metacritic.com": {
      "out": {
        "other": 1
      },
      "score": 0.0975
    },
    "www.rescuetime.com": {
      "out": {
        "other": 1
      },
      "score": 0.0975
    },
    "www.teslamotors.com": {
      "out": {
        "other": 1
      },
      "score": 0.0975
    },
    "www.theverge.com": {
      "out": {
        "other": 1
      },
      "score": 0.0975
    },
    "antigames.de": {
      "out": {
        "other": 1
      },
      "score": 0.0975
    },
    "parkcafe089.de": {
      "out": {
        "other": 1
      },
      "score": 0.0975
    },
    "wordpress.org": {
      "out": {
        "other": 1
      },
      "score": 0.0975
    },
    "www.flobbymedia.de": {
      "out": {
        "other": 1
      },
      "score": 0.0975
    },
    "www.internettrafficreport.com": {
      "out": {
        "other": 1
      },
      "score": 0.0975
    },
    "www.myrss.com": {
      "out": {
        "other": 1
      },
      "score": 0.0975
    },
    "www.ruby-forum.com": {
      "out": {
        "other": 1
      },
      "score": 0.0975
    },
    "www.thetechblock.com": {
      "out": {
        "other": 1
      },
      "score": 0.0975
    },
    "www.vmware.com": {
      "out": {
        "other": 1
      },
      "score": 0.0975
    },
    "www.xmpp.org": {
      "out": {
        "other": 1
      },
      "score": 0.0975
    },
    "<": {
      "out": {
        "other": 1
      },
      "score": 0.0975
    },
    "api.flickr.com": {
      "out": {
        "other": 1
      },
      "score": 0.0975
    },
    "googlesystem.blogspot.com": {
      "out": {
        "other": 1
      },
      "score": 0.0975
    },
    "idproxy.net": {
      "out": {
        "other": 1
      },
      "score": 0.0975
    },
    "img.skitch.com": {
      "out": {
        "other": 1
      },
      "score": 0.0975
    },
    "live.xbox.com": {
      "out": {
        "other": 1
      },
      "score": 0.0975
    },
    "osx.iusethis.com": {
      "out": {
        "other": 1
      },
      "score": 0.0975
    },
    "sharksplode.com": {
      "out": {
        "other": 1
      },
      "score": 0.0975
    },
    "widgets.yahoo.com": {
      "out": {
        "other": 1
      },
      "score": 0.0975
    },
    "www.yuiblog.com": {
      "out": {
        "other": 1
      },
      "score": 0.0975
    },
    "Rapleaf.com": {
      "out": {
        "other": 1
      },
      "score": 0.0975
    },
    "agilewebsolutions.com": {
      "out": {
        "other": 1
      },
      "score": 0.0975
    },
    "heroku.com": {
      "out": {
        "other": 1
      },
      "score": 0.0975
    },
    "www.jabber.com": {
      "out": {
        "other": 1
      },
      "score": 0.0975
    },
    "www.reddit.com": {
      "out": {
        "other": 1
      },
      "score": 0.0975
    }
  }
}