{
  "domain": "cbauer.me",
  "urls": [
    "http://cbauer.me/about",
    "http://cbauer.me/"
  ],
  "names": [
    "Christopher Bauer",
    "Highlands & Annotations – Uncooked scribblings on backpacking and research",
    "Highlands & Annotations"
  ],
  "descriptions": [
    "Uncooked scribblings on backpacking and research"
  ],
  "pictures": [
    "https://s0.wp.com/i/blank.jpg"
  ],
  "hcard": {
    "properties": {
      "name": [
        "Christopher Bauer"
      ],
      "url": [
        "http://cbauer.me/about"
      ]
    },
    "type": [
      "h-card"
    ]
  },
  "rel_mes": [
    "http://cbauer.me/about",
    "mailto:chris@cbauer.me",
    "https://twitter.com/ccarterbauer",
    "https://facebook.com/christopher.bauer.378"
  ],
  "crawl_start": "2017-04-28T02:20:38",
  "crawl_end": "2017-04-28T02:20:58",
  "num_pages": 23,
  "total_html_size": 443163,
  "servers": [
    "nginx",
    "WordPress"
  ],
  "mf2_classes": [
    "h-entry",
    "h-as-mention",
    "h-card",
    "h-feed",
    "h-as-reply"
  ],
  "tags": [
    "relme",
    "bridgy",
    "webmention",
    "WordPress"
  ],
  "endpoints": {
    "webmention": [
      "http://cbauer.me/?webmention=endpoint"
    ]
  },
  "links_out": 133,
  "links_in": 27,
  "links": {
    "twitter.com/ccarterbauer": {
      "out": {
        "other": 47
      },
      "score": 1
    },
    "fernandovillamorjr.com": {
      "out": {
        "other": 23
      },
      "score": 0.844
    },
    "facebook.com/christopher.bauer.378": {
      "out": {
        "other": 23
      },
      "score": 0.844
    },
    "wordpress.org": {
      "out": {
        "other": 23
      },
      "score": 0.844
    },
    "brid.gy": {
      "in": {
        "other": 27
      },
      "score": 0.727
    },
    "i0.wp.com": {
      "out": {
        "other": 2
      },
      "score": 0.306
    },
    "twitter.com/gwoNasty": {
      "out": {
        "other": 2
      },
      "score": 0.306
    },
    "i1.wp.com": {
      "out": {
        "other": 2
      },
      "score": 0.306
    },
    "i2.wp.com": {
      "out": {
        "other": 2
      },
      "score": 0.306
    },
    "andrewskurka.com": {
      "out": {
        "other": 1
      },
      "score": 0.153
    },
    "www.newyorker.com": {
      "out": {
        "other": 1
      },
      "score": 0.153
    },
    "www.hellobee.com": {
      "out": {
        "other": 1
      },
      "score": 0.153
    },
    "www.google.com": {
      "out": {
        "other": 1
      },
      "score": 0.153
    },
    "anthro.rutgers.edu": {
      "out": {
        "other": 1
      },
      "score": 0.153
    },
    "www.wunderground.com": {
      "out": {
        "other": 1
      },
      "score": 0.153
    },
    "www.mother-2-mother.com": {
      "out": {
        "other": 1
      },
      "score": 0.153
    },
    "sectionhiker.com": {
      "out": {
        "other": 1
      },
      "score": 0.153
    },
    "www.runnersworld.com": {
      "out": {
        "other": 1
      },
      "score": 0.153
    }
  }
}