{
  "domain": "cbrunet.net",
  "urls": [
    "https://cbrunet.net/"
  ],
  "names": [
    "Charles Brunet",
    "Charles Brunet: Accueil"
  ],
  "descriptions": [],
  "pictures": [
    "https://cbrunet.net/typo3conf/ext/cbrunet/Resources/Public/Img/cbrunet.jpg"
  ],
  "hcard": {
    "properties": {
      "name": [
        "Charles Brunet"
      ],
      "photo": [
        "https://cbrunet.net/typo3conf/ext/cbrunet/Resources/Public/Img/cbrunet.jpg"
      ],
      "url": [
        "https://cbrunet.net/"
      ]
    },
    "type": [
      "h-card"
    ]
  },
  "rel_mes": [
    "http://ca.linkedin.com/in/charlesbrunet/",
    "https://www.researchgate.net/profile/Charles_Brunet",
    "https://twitter.com/charlesbrunet",
    "https://plus.google.com/+CharlesBrunetQc/",
    "https://www.facebook.com/cbrunet.net",
    "https://www.flickr.com/people/96938992@N04/",
    "https://github.com/cbrunet/",
    "https://disqus.com/home/user/charles_brunet",
    "http://stackoverflow.com/users/621944/charles-brunet"
  ],
  "crawl_start": "2017-06-09T17:34:40",
  "crawl_end": "2017-06-09T17:35:03",
  "num_pages": 21,
  "total_html_size": 253289,
  "servers": [
    "nginx",
    "TYPO3 CMS"
  ],
  "mf2_classes": [
    "h-card"
  ],
  "tags": [
    "relme"
  ],
  "endpoints": {},
  "links_out": 211,
  "links_in": 0,
  "links": {
    "facebook.com/cbrunet.net": {
      "out": {
        "other": 21
      },
      "score": 1
    },
    "stackoverflow.com": {
      "out": {
        "other": 21
      },
      "score": 1
    },
    "ca.linkedin.com": {
      "out": {
        "other": 21
      },
      "score": 1
    },
    "www.flickr.com": {
      "out": {
        "other": 21
      },
      "score": 1
    },
    "github.com": {
      "out": {
        "other": 21
      },
      "score": 1
    },
    "disqus.com": {
      "out": {
        "other": 21
      },
      "score": 1
    },
    "www.researchgate.net": {
      "out": {
        "other": 21
      },
      "score": 1
    },
    "twitter.com/charlesbrunet": {
      "out": {
        "other": 21
      },
      "score": 1
    },
    "plus.google.com/+CharlesBrunetQc": {
      "out": {
        "other": 21
      },
      "score": 1
    },
    "www.ulaval.ca": {
      "out": {
        "other": 5
      },
      "score": 0.615
    },
    "rendezvousfamille.ca": {
      "out": {
        "other": 2
      },
      "score": 0.372
    },
    "misacor.ca": {
      "out": {
        "other": 2
      },
      "score": 0.372
    },
    "op-dma.com": {
      "out": {
        "other": 2
      },
      "score": 0.372
    },
    "saintthomasdaquin.qc.ca": {
      "out": {
        "other": 2
      },
      "score": 0.372
    },
    "www.giref.ulaval.ca": {
      "out": {
        "other": 1
      },
      "score": 0.185
    },
    "www.strategemedia.com": {
      "out": {
        "other": 1
      },
      "score": 0.185
    },
    "ecdq.tv": {
      "out": {
        "other": 1
      },
      "score": 0.185
    },
    "www.emmanuelca.info": {
      "out": {
        "other": 1
      },
      "score": 0.185
    },
    "paroissesaintsacrement.com": {
      "out": {
        "other": 1
      },
      "score": 0.185
    },
    "www.frqnt.gouv.qc.ca": {
      "out": {
        "other": 1
      },
      "score": 0.185
    },
    "vision.gel.ulaval.ca": {
      "out": {
        "other": 1
      },
      "score": 0.185
    },
    "www.marie-jeunesse.org": {
      "out": {
        "other": 1
      },
      "score": 0.185
    },
    "cbrunet.local": {
      "out": {
        "other": 1
      },
      "score": 0.185
    }
  }
}