{
  "domain": "celinebouton.eu",
  "urls": [
    "https://celinebouton.eu/profile/celine",
    "https://twitter.com/Celine_Bouton",
    "http://belgium.makesense.org/",
    "https://www.linkedin.com/in/c%C3%A9line-bouton-8165b5ab"
  ],
  "names": [
    "Céline Bouton",
    "Sharing ideas for a better world"
  ],
  "descriptions": [
    "I am passionate about social economics and have been working in different structures of that field in Belgium and abroad (Canada, Philippines, Thailand, France). For 4 years I've worked on the ground in a microcredit start-up that provides micro loans and trainings to people with more ideas than financial means. I helped about 200 project holders to launch their company.\nI've initiated the MakeSense community in Brussels, an international open-source movement dedicated to helping social entrepreneurs solve their challenges and I co-founded SenseCube Brussels, an incubator for social start-ups. I believe we all are changemakers and we simply need to be connected to each other and to our local environment to act globally.",
    "Sharing ideas for a better world"
  ],
  "pictures": [
    "https://celinebouton.eu/file/72e9f9baed0125d49c2921f201be50a7"
  ],
  "hcard": {
    "properties": {
      "name": [
        "Céline Bouton"
      ],
      "note": [
        {
          "html": "<div class=\"highlightedText\">\n<p>I am passionate about social economics and have been working in different structures of that field in Belgium and abroad (Canada, Philippines, Thailand, France). For 4 years I've worked on the ground in a microcredit start-up that provides micro loans and trainings to people with more ideas than financial means. I helped about 200 project holders to launch their company.</p>\n<p>I've initiated the MakeSense community in Brussels, an international open-source movement dedicated to helping social entrepreneurs solve their challenges and I co-founded SenseCube Brussels, an incubator for social start-ups. I believe we all are changemakers and we simply need to be connected to each other and to our local environment to act globally.</p>\n</div> ",
          "value": "\nI am passionate about social economics and have been working in different structures of that field in Belgium and abroad (Canada, Philippines, Thailand, France). For 4 years I've worked on the ground in a microcredit start-up that provides micro loans and trainings to people with more ideas than financial means. I helped about 200 project holders to launch their company.\nI've initiated the MakeSense community in Brussels, an international open-source movement dedicated to helping social entrepreneurs solve their challenges and I co-founded SenseCube Brussels, an incubator for social start-ups. I believe we all are changemakers and we simply need to be connected to each other and to our local environment to act globally.\n "
        }
      ],
      "photo": [
        "https://celinebouton.eu/file/72e9f9baed0125d49c2921f201be50a7"
      ],
      "profile": [
        "Céline Bouton"
      ],
      "url": [
        "https://celinebouton.eu/profile/celine",
        "https://celinebouton.eu/profile/celine",
        "https://twitter.com/Celine_Bouton",
        "http://belgium.makesense.org/",
        "https://www.linkedin.com/in/c%C3%A9line-bouton-8165b5ab"
      ]
    },
    "type": [
      "h-card"
    ]
  },
  "rel_mes": [
    "https://twitter.com/Celine_Bouton",
    "http://belgium.makesense.org/",
    "https://www.linkedin.com/in/c%C3%A9line-bouton-8165b5ab"
  ],
  "crawl_start": "2017-04-28T02:20:43",
  "crawl_end": "2017-04-28T02:27:34",
  "num_pages": 458,
  "total_html_size": 10322413,
  "servers": [
    "Apache",
    "Known"
  ],
  "mf2_classes": [
    "h-entry",
    "h-card"
  ],
  "tags": [
    "relme",
    "bridgy",
    "webmention",
    "micropub",
    "authorization",
    "token",
    "websub",
    "Known"
  ],
  "endpoints": {
    "webmention": [
      "http://celinebouton.eu/webmention/",
      "https://celinebouton.eu/webmention/"
    ],
    "micropub": [
      "https://celinebouton.eu/micropub/endpoint",
      "http://celinebouton.eu/micropub/endpoint"
    ],
    "authorization": [
      "https://celinebouton.eu/indieauth/auth",
      "http://celinebouton.eu/indieauth/auth"
    ],
    "token": [
      "http://celinebouton.eu/indieauth/token",
      "https://celinebouton.eu/indieauth/token"
    ],
    "websub": [
      "https://withknown.superfeedr.com/"
    ]
  },
  "links_out": 2950,
  "links_in": 40,
  "links": {
    "facebook.com/10154043941612276": {
      "out": {
        "other": 672
      },
      "score": 1
    },
    "belgium.makesense.org": {
      "out": {
        "other": 384
      },
      "score": 0.922
    },
    "twitter.com/Celine_Bouton": {
      "out": {
        "other": 370
      },
      "score": 0.918
    },
    "www.linkedin.com": {
      "out": {
        "other": 370
      },
      "score": 0.918
    },
    "singa.fr": {
      "out": {
        "other": 54
      },
      "score": 0.65
    },
    "generation-t.be": {
      "out": {
        "other": 52
      },
      "score": 0.644
    },
    "facebook.com/events": {
      "out": {
        "other": 40
      },
      "score": 0.608
    },
    "www.rtbf.be": {
      "out": {
        "other": 38
      },
      "score": 0.601
    },
    "www.rmendes.net": {
      "in": {
        "repost-of": 17,
        "like-of": 8,
        "other": 6
      },
      "score": 0.596
    },
    "facebook.com/1616397371915742": {
      "out": {
        "other": 36
      },
      "score": 0.594
    },
    "www.lemonde.fr": {
      "out": {
        "other": 30
      },
      "score": 0.568
    },
    "civictechno.fr": {
      "out": {
        "other": 20
      },
      "score": 0.512
    },
    "theintellectualist.co": {
      "out": {
        "other": 20
      },
      "score": 0.512
    },
    "www.wedogood.co": {
      "out": {
        "other": 20
      },
      "score": 0.512
    },
    "facebook.com/10153741931757076": {
      "out": {
        "other": 20
      },
      "score": 0.512
    },
    "facebook.com/247335838981521": {
      "out": {
        "other": 16
      },
      "score": 0.482
    },
    "facebook.com/10153975228127224": {
      "out": {
        "other": 16
      },
      "score": 0.482
    },
    "www.youtube.com": {
      "out": {
        "other": 16
      },
      "score": 0.482
    },
    "piketty.blog.lemonde.fr": {
      "out": {
        "other": 14
      },
      "score": 0.462
    },
    "facebook.com/lalignebrussels": {
      "out": {
        "other": 14
      },
      "score": 0.462
    },
    "vimeo.com": {
      "out": {
        "other": 14
      },
      "score": 0.462
    },
    "67.media.tumblr.com": {
      "out": {
        "other": 14
      },
      "score": 0.462
    },
    "belgium.ashoka.org": {
      "out": {
        "other": 14
      },
      "score": 0.462
    },
    "www.makesense.org": {
      "out": {
        "other": 14
      },
      "score": 0.462
    },
    "mon-partage.fr": {
      "out": {
        "other": 14
      },
      "score": 0.462
    },
    "techcrunch.com": {
      "out": {
        "other": 14
      },
      "score": 0.462
    },
    "1001pact.com": {
      "out": {
        "other": 14
      },
      "score": 0.462
    },
    "www.francetvinfo.fr": {
      "out": {
        "other": 14
      },
      "score": 0.462
    },
    "photography.nationalgeographic.com": {
      "out": {
        "other": 12
      },
      "score": 0.442
    },
    "facebook.com/10154296084758540": {
      "out": {
        "other": 12
      },
      "score": 0.442
    },
    "www.armada.digital": {
      "out": {
        "other": 12
      },
      "score": 0.442
    },
    "mrmondialisation.org": {
      "out": {
        "other": 12
      },
      "score": 0.442
    },
    "facebook.com/10204781588512332": {
      "out": {
        "other": 12
      },
      "score": 0.442
    },
    "www.presscenter.org": {
      "out": {
        "other": 12
      },
      "score": 0.442
    },
    "facebook.com/143247549204934": {
      "out": {
        "other": 10
      },
      "score": 0.417
    },
    "facebook.com/152870138060843": {
      "out": {
        "other": 10
      },
      "score": 0.417
    },
    "facebook.com/750819644944877": {
      "out": {
        "other": 10
      },
      "score": 0.417
    },
    "facebook.com/128503143888372": {
      "out": {
        "other": 10
      },
      "score": 0.417
    },
    "facebook.com/10209787021460051": {
      "out": {
        "other": 8
      },
      "score": 0.385
    },
    "facebook.com/686153148206390": {
      "out": {
        "other": 8
      },
      "score": 0.385
    },
    "facebook.com/988253057924083": {
      "out": {
        "other": 8
      },
      "score": 0.385
    },
    "facebook.com/505852119551": {
      "out": {
        "other": 8
      },
      "score": 0.385
    },
    "facebook.com/10154967874597067": {
      "out": {
        "other": 8
      },
      "score": 0.385
    },
    "facebook.com/10153961527509818": {
      "out": {
        "other": 8
      },
      "score": 0.385
    },
    "facebook.com/10154311303364696": {
      "out": {
        "other": 8
      },
      "score": 0.385
    },
    "facebook.com/10153863384539406": {
      "out": {
        "other": 8
      },
      "score": 0.385
    },
    "facebook.com/10154318563206670": {
      "out": {
        "other": 8
      },
      "score": 0.385
    },
    "facebook.com/1157233760973616": {
      "out": {
        "other": 8
      },
      "score": 0.385
    },
    "facebook.com/10153958853628423": {
      "out": {
        "other": 8
      },
      "score": 0.385
    },
    "facebook.com/10154893685738228": {
      "out": {
        "other": 8
      },
      "score": 0.385
    },
    "facebook.com/10155056519787516": {
      "out": {
        "other": 8
      },
      "score": 0.385
    },
    "facebook.com/10208797689673957": {
      "out": {
        "other": 8
      },
      "score": 0.385
    },
    "facebook.com/596536827177742": {
      "out": {
        "other": 8
      },
      "score": 0.385
    },
    "facebook.com/10153646690742452": {
      "out": {
        "other": 8
      },
      "score": 0.385
    },
    "facebook.com/10157019241625542": {
      "out": {
        "other": 8
      },
      "score": 0.385
    },
    "facebook.com/10153571072241299": {
      "out": {
        "other": 8
      },
      "score": 0.385
    },
    "facebook.com/10157134866210650": {
      "out": {
        "other": 8
      },
      "score": 0.385
    },
    "facebook.com/362099450534990": {
      "out": {
        "other": 8
      },
      "score": 0.385
    },
    "brid.gy": {
      "in": {
        "other": 9
      },
      "score": 0.306
    },
    "facebook.com/289478884774320": {
      "out": {
        "other": 4
      },
      "score": 0.289
    },
    "facebook.com/10157226676410192": {
      "out": {
        "other": 4
      },
      "score": 0.289
    },
    "facebook.com/10208148754329415": {
      "out": {
        "other": 4
      },
      "score": 0.289
    },
    "facebook.com/10154334701609939": {
      "out": {
        "other": 4
      },
      "score": 0.289
    },
    "facebook.com/10207469573319668": {
      "out": {
        "other": 4
      },
      "score": 0.289
    },
    "facebook.com/10153879837254613": {
      "out": {
        "other": 4
      },
      "score": 0.289
    },
    "facebook.com/10153968979461033": {
      "out": {
        "other": 4
      },
      "score": 0.289
    },
    "facebook.com/10154549574578903": {
      "out": {
        "other": 4
      },
      "score": 0.289
    },
    "facebook.com/1325283414154862": {
      "out": {
        "other": 4
      },
      "score": 0.289
    },
    "facebook.com/10153587325212161": {
      "out": {
        "other": 4
      },
      "score": 0.289
    },
    "facebook.com/10208959375434458": {
      "out": {
        "other": 4
      },
      "score": 0.289
    },
    "facebook.com/778467718955960": {
      "out": {
        "other": 4
      },
      "score": 0.289
    },
    "facebook.com/10154588135491929": {
      "out": {
        "other": 4
      },
      "score": 0.289
    },
    "facebook.com/10157082535165273": {
      "out": {
        "other": 4
      },
      "score": 0.289
    },
    "facebook.com/10208972011790827": {
      "out": {
        "other": 4
      },
      "score": 0.289
    },
    "facebook.com/302133133453851": {
      "out": {
        "other": 4
      },
      "score": 0.289
    },
    "facebook.com/10154203276576223": {
      "out": {
        "other": 4
      },
      "score": 0.289
    },
    "facebook.com/896746603786703": {
      "out": {
        "other": 4
      },
      "score": 0.289
    },
    "facebook.com/10155759404508378": {
      "out": {
        "other": 4
      },
      "score": 0.289
    },
    "facebook.com/10204790257516266": {
      "out": {
        "other": 4
      },
      "score": 0.289
    },
    "facebook.com/1266033506751422": {
      "out": {
        "other": 4
      },
      "score": 0.289
    },
    "facebook.com/10153811637598247": {
      "out": {
        "other": 4
      },
      "score": 0.289
    },
    "facebook.com/10155061702430548": {
      "out": {
        "other": 4
      },
      "score": 0.289
    },
    "facebook.com/10153769609613063": {
      "out": {
        "other": 4
      },
      "score": 0.289
    },
    "facebook.com/1205582586152901": {
      "out": {
        "other": 4
      },
      "score": 0.289
    },
    "facebook.com/234552223579107": {
      "out": {
        "other": 4
      },
      "score": 0.289
    },
    "facebook.com/10153986336771918": {
      "out": {
        "other": 4
      },
      "score": 0.289
    },
    "facebook.com/10154174153935359": {
      "out": {
        "other": 4
      },
      "score": 0.289
    },
    "facebook.com/10206680609236260": {
      "out": {
        "other": 4
      },
      "score": 0.289
    },
    "facebook.com/10157044406685640": {
      "out": {
        "other": 4
      },
      "score": 0.289
    },
    "facebook.com/10209198079165983": {
      "out": {
        "other": 4
      },
      "score": 0.289
    },
    "facebook.com/10154843779880359": {
      "out": {
        "other": 4
      },
      "score": 0.289
    },
    "facebook.com/1658668757737326": {
      "out": {
        "other": 4
      },
      "score": 0.289
    },
    "facebook.com/10208235329073975": {
      "out": {
        "other": 4
      },
      "score": 0.289
    },
    "facebook.com/10154298505119114": {
      "out": {
        "other": 4
      },
      "score": 0.289
    },
    "facebook.com/10154325714399809": {
      "out": {
        "other": 4
      },
      "score": 0.289
    },
    "facebook.com/10209468681332579": {
      "out": {
        "other": 4
      },
      "score": 0.289
    },
    "facebook.com/1510691729183587": {
      "out": {
        "other": 4
      },
      "score": 0.289
    },
    "facebook.com/10154021615669667": {
      "out": {
        "other": 4
      },
      "score": 0.289
    },
    "facebook.com/10155251722044942": {
      "out": {
        "other": 4
      },
      "score": 0.289
    },
    "facebook.com/10153413219731073": {
      "out": {
        "other": 4
      },
      "score": 0.289
    },
    "facebook.com/10153814047878471": {
      "out": {
        "other": 4
      },
      "score": 0.289
    },
    "facebook.com/10154339204159686": {
      "out": {
        "other": 4
      },
      "score": 0.289
    },
    "facebook.com/10208617269442756": {
      "out": {
        "other": 4
      },
      "score": 0.289
    },
    "facebook.com/10153624250272694": {
      "out": {
        "other": 4
      },
      "score": 0.289
    },
    "facebook.com/10155055821354199": {
      "out": {
        "other": 4
      },
      "score": 0.289
    },
    "facebook.com/10153512400132163": {
      "out": {
        "other": 4
      },
      "score": 0.289
    },
    "facebook.com/10154156233296007": {
      "out": {
        "other": 4
      },
      "score": 0.289
    },
    "facebook.com/10154252977203959": {
      "out": {
        "other": 4
      },
      "score": 0.289
    },
    "facebook.com/10210834915889167": {
      "out": {
        "other": 4
      },
      "score": 0.289
    },
    "facebook.com/10154970768267166": {
      "out": {
        "other": 4
      },
      "score": 0.289
    },
    "facebook.com/1204623089571397": {
      "out": {
        "other": 4
      },
      "score": 0.289
    },
    "facebook.com/1244720758907045": {
      "out": {
        "other": 4
      },
      "score": 0.289
    },
    "facebook.com/10157058232620162": {
      "out": {
        "other": 4
      },
      "score": 0.289
    },
    "facebook.com/10211176897842467": {
      "out": {
        "other": 4
      },
      "score": 0.289
    },
    "facebook.com/10153648323756630": {
      "out": {
        "other": 4
      },
      "score": 0.289
    },
    "facebook.com/10210135624407605": {
      "out": {
        "other": 4
      },
      "score": 0.289
    },
    "facebook.com/10154268395373617": {
      "out": {
        "other": 4
      },
      "score": 0.289
    },
    "facebook.com/10154332298994329": {
      "out": {
        "other": 4
      },
      "score": 0.289
    },
    "facebook.com/10208302993026128": {
      "out": {
        "other": 4
      },
      "score": 0.289
    },
    "facebook.com/10210252066126011": {
      "out": {
        "other": 4
      },
      "score": 0.289
    },
    "facebook.com/628762917286297": {
      "out": {
        "other": 4
      },
      "score": 0.289
    },
    "facebook.com/10153593447957097": {
      "out": {
        "other": 4
      },
      "score": 0.289
    },
    "facebook.com/10153823425183667": {
      "out": {
        "other": 4
      },
      "score": 0.289
    },
    "facebook.com/10153615770565983": {
      "out": {
        "other": 4
      },
      "score": 0.289
    },
    "facebook.com/1710078832565947": {
      "out": {
        "other": 4
      },
      "score": 0.289
    },
    "facebook.com/10153566635050776": {
      "out": {
        "other": 4
      },
      "score": 0.289
    },
    "facebook.com/10157008887195537": {
      "out": {
        "other": 4
      },
      "score": 0.289
    },
    "facebook.com/10155002186456562": {
      "out": {
        "other": 4
      },
      "score": 0.289
    },
    "facebook.com/10206257533147023": {
      "out": {
        "other": 4
      },
      "score": 0.289
    },
    "facebook.com/592668064224965": {
      "out": {
        "other": 4
      },
      "score": 0.289
    },
    "facebook.com/10153363190037614": {
      "out": {
        "other": 4
      },
      "score": 0.289
    },
    "facebook.com/10154021125895336": {
      "out": {
        "other": 4
      },
      "score": 0.289
    },
    "facebook.com/10208569906378044": {
      "out": {
        "other": 4
      },
      "score": 0.289
    },
    "scontent.xx.fbcdn.net": {
      "out": {
        "other": 4
      },
      "score": 0.289
    },
    "facebook.com/1417670084921263": {
      "out": {
        "other": 4
      },
      "score": 0.289
    },
    "facebook.com/10153426296907187": {
      "out": {
        "other": 4
      },
      "score": 0.289
    },
    "facebook.com/10154125021068666": {
      "out": {
        "other": 4
      },
      "score": 0.289
    },
    "facebook.com/10154239840832347": {
      "out": {
        "other": 4
      },
      "score": 0.289
    },
    "facebook.com/10155112588974922": {
      "out": {
        "other": 4
      },
      "score": 0.289
    },
    "facebook.com/10210840037179900": {
      "out": {
        "other": 4
      },
      "score": 0.289
    },
    "facebook.com/1736842056553788": {
      "out": {
        "other": 4
      },
      "score": 0.289
    },
    "facebook.com/10154535013213109": {
      "out": {
        "other": 4
      },
      "score": 0.289
    },
    "facebook.com/10156800400340176": {
      "out": {
        "other": 4
      },
      "score": 0.289
    },
    "facebook.com/1213035185374917": {
      "out": {
        "other": 4
      },
      "score": 0.289
    },
    "facebook.com/10153328093976377": {
      "out": {
        "other": 4
      },
      "score": 0.289
    },
    "facebook.com/10153707428383873": {
      "out": {
        "other": 4
      },
      "score": 0.289
    },
    "facebook.com/10154214424313898": {
      "out": {
        "other": 4
      },
      "score": 0.289
    },
    "facebook.com/1699183587066845": {
      "out": {
        "other": 4
      },
      "score": 0.289
    },
    "facebook.com/10153671965307011": {
      "out": {
        "other": 4
      },
      "score": 0.289
    },
    "facebook.com/10156999435825328": {
      "out": {
        "other": 4
      },
      "score": 0.289
    }
  }
}