{
  "domain": "chadvonnau.com",
  "urls": [
    "http://chadvonnau.com/"
  ],
  "names": [
    "\r\n        Von Nau\r\n    "
  ],
  "descriptions": [
    "Chad von Nau is a designer, filmmaker, and computer guy."
  ],
  "pictures": [],
  "hcard": {},
  "rel_mes": [
    "https://www.flickr.com/people/chadvonnau/"
  ],
  "tags": [
    "relme"
  ],
  "endpoints": {},
  "crawl_start": "2017-06-11T14:40:26.525690",
  "crawl_end": "2017-06-11T14:40:26.525690",
  "links_out": 0,
  "links_in": 0,
  "links": {}
}