{
  "domain": "championix.com",
  "urls": [
    "http://championix.com/"
  ],
  "names": [
    "Software for Windows"
  ],
  "descriptions": [
    "Windows applications created by Zeta Centauri."
  ],
  "pictures": [
    "http://zetacentauri.com/images/screenshots/AlgoRhythmia4.1Screenshot.png"
  ],
  "hcard": {},
  "rel_mes": [],
  "tags": [],
  "endpoints": {},
  "crawl_start": "2017-06-11T14:40:29.248358",
  "crawl_end": "2017-06-11T14:40:29.248358",
  "links_out": 0,
  "links_in": 5,
  "links": {
    "indieweb.org": {
      "in": {
        "other": 4
      },
      "score": 1
    },
    "chat.indieweb.org": {
      "in": {
        "other": 1
      },
      "score": 0
    }
  }
}