{
  "domain": "charlienovemb.re",
  "urls": [
    "http://charlienovemb.re/"
  ],
  "names": [
    "cn's Known"
  ],
  "descriptions": [
    "A social website powered by clown"
  ],
  "pictures": [
    "https://charlienovemb.re/file/9db27b4368a9d87f98d7cdc750434c9a/thumb.jpg"
  ],
  "hcard": {},
  "rel_mes": [],
  "tags": [
    "bridgy"
  ],
  "endpoints": {},
  "crawl_start": "2017-05-19T22:52:19.932540",
  "crawl_end": "2017-05-19T22:52:19.932540",
  "links_out": 0,
  "links_in": 25,
  "links": {
    "vaviblog.com": {
      "in": {
        "in-reply-to": 5,
        "other": 4
      },
      "score": 1
    },
    "brid.gy": {
      "in": {
        "other": 16
      },
      "score": 0.822
    }
  }
}