{
  "domain": "charles.stanho.pe",
  "urls": [
    "http://charles.stanho.pe/"
  ],
  "names": [
    "Charles Stanhope's Brave Little Website"
  ],
  "descriptions": [],
  "pictures": [
    "http://charles.stanho.pe/favicon.ico"
  ],
  "hcard": {},
  "rel_mes": [
    "https://twitter.com/cstanhope",
    "https://github.com/cstanhope",
    "http://blog.cstanhope.com",
    "http://internetclippings.cstanhope.com"
  ],
  "crawl_start": "2017-04-23T23:23:15",
  "crawl_end": "2017-04-23T23:23:23",
  "num_pages": 8,
  "total_html_size": 23659,
  "servers": [
    "Apache"
  ],
  "mf2_classes": [
    "h-entry",
    "h-feed"
  ],
  "tags": [
    "relme",
    "IRC"
  ],
  "endpoints": {},
  "links_out": 45,
  "links_in": 253,
  "links": {
    "werd.io": {
      "in": {
        "other": 140
      },
      "out": {
        "other": 1
      },
      "score": 1
    },
    "stream.boffosocko.com": {
      "in": {
        "other": 42
      },
      "score": 0.754
    },
    "indieweb.org": {
      "in": {
        "other": 19
      },
      "score": 0.593
    },
    "indiewebcamp.com": {
      "out": {
        "other": 6
      },
      "score": 0.5
    },
    "aaronparecki.com": {
      "in": {
        "other": 8
      },
      "score": 0.419
    },
    "adactio.com": {
      "in": {
        "other": 8
      },
      "score": 0.419
    },
    "singpolyma.net": {
      "in": {
        "other": 7
      },
      "score": 0.393
    },
    "chat.indieweb.org": {
      "in": {
        "other": 6
      },
      "score": 0.361
    },
    "en.wikipedia.org": {
      "out": {
        "other": 3
      },
      "score": 0.361
    },
    "tantek.com": {
      "in": {
        "other": 1,
        "like-of": 1
      },
      "out": {
        "other": 1
      },
      "score": 0.325
    },
    "twitter.com/cstanhope": {
      "out": {
        "other": 2
      },
      "score": 0.280
    },
    "eastknow.org": {
      "out": {
        "other": 2
      },
      "score": 0.280
    },
    "waterpigs.co.uk": {
      "in": {
        "other": 4
      },
      "score": 0.280
    },
    "stream.withknown.com": {
      "in": {
        "other": 4
      },
      "score": 0.280
    },
    "kylewm.com": {
      "in": {
        "other": 3
      },
      "score": 0.222
    },
    "04-rough-eyes.jpg": {
      "out": {
        "other": 1
      },
      "score": 0.140
    },
    "08-teeth-detail.jpg": {
      "out": {
        "other": 1
      },
      "score": 0.140
    },
    "www.acm.org": {
      "out": {
        "other": 1
      },
      "score": 0.140
    },
    "updates.kip.pe": {
      "in": {
        "other": 2
      },
      "score": 0.140
    },
    "blog.cstanhope.com": {
      "out": {
        "other": 1
      },
      "score": 0.140
    },
    "cstanhope-resume.pdf": {
      "out": {
        "other": 1
      },
      "score": 0.140
    },
    "www.gimp.org": {
      "out": {
        "other": 1
      },
      "score": 0.140
    },
    "www.nearlyfreespeech.net": {
      "out": {
        "other": 1
      },
      "score": 0.140
    },
    "bio-pic-full.jpg": {
      "out": {
        "other": 1
      },
      "score": 0.140
    },
    "known.kylewm.com": {
      "in": {
        "other": 2
      },
      "score": 0.140
    },
    "01-rough-start.jpg": {
      "out": {
        "other": 1
      },
      "score": 0.140
    },
    "blog.indie.host": {
      "in": {
        "other": 2
      },
      "score": 0.140
    },
    "opensourcebridge.org": {
      "out": {
        "other": 1
      },
      "score": 0.140
    },
    "www.artrage.com": {
      "out": {
        "other": 1
      },
      "score": 0.140
    },
    "microblog.pierre-o.fr": {
      "in": {
        "other": 2
      },
      "score": 0.140
    },
    "03-neck-teeth.jpg": {
      "out": {
        "other": 1
      },
      "score": 0.140
    },
    "05-ears-dimple.jpg": {
      "out": {
        "other": 1
      },
      "score": 0.140
    },
    "withknown.com": {
      "out": {
        "other": 1
      },
      "score": 0.140
    },
    "www.ietf.org": {
      "out": {
        "other": 1
      },
      "score": 0.140
    },
    "www.gandi.net": {
      "out": {
        "other": 1
      },
      "score": 0.140
    },
    "www.sublimetext.com": {
      "out": {
        "other": 1
      },
      "score": 0.140
    },
    "www.wired.com": {
      "out": {
        "other": 1
      },
      "score": 0.140
    },
    "twitter.com/hashtag": {
      "out": {
        "other": 1
      },
      "score": 0.140
    },
    "02-emotions-emerge.jpg": {
      "out": {
        "other": 1
      },
      "score": 0.140
    },
    "erinjo.is": {
      "out": {
        "other": 1
      },
      "score": 0.140
    },
    "06-eye-details.jpg": {
      "out": {
        "other": 1
      },
      "score": 0.140
    },
    "www.w3.org": {
      "out": {
        "other": 1
      },
      "score": 0.140
    },
    "github.com": {
      "out": {
        "other": 1
      },
      "score": 0.140
    },
    "internetclippings.cstanhope.com": {
      "out": {
        "other": 1
      },
      "score": 0.140
    },
    "www.goodreads.com": {
      "out": {
        "other": 1
      },
      "score": 0.140
    },
    "07-hair.jpg": {
      "out": {
        "other": 1
      },
      "score": 0.140
    },
    "09-avatar-scaled.jpg": {
      "out": {
        "other": 1
      },
      "score": 0.140
    },
    "known.kevinmarks.com": {
      "in": {
        "other": 2
      },
      "score": 0.140
    },
    "www.google.com": {
      "out": {
        "other": 1
      },
      "score": 0.140
    },
    "radar.oreilly.com": {
      "out": {
        "other": 1
      },
      "score": 0.140
    }
  }
}