{
  "domain": "chawathe.iprocess.firm.in",
  "urls": [
    "https://chawathe.iprocess.firm.in/"
  ],
  "names": [
    "Vipul S.\nChawathe",
    "engineering personal continuum experiences, ÂµISV: Chawathe, Vipul S."
  ],
  "descriptions": [],
  "pictures": [
    "https://www.iprocess.firm.in/~VSC/VSC.jpg",
    "https://www.iprocess.firm.in/~VSC/me.ico"
  ],
  "hcard": {
    "properties": {
      "name": [
        "Vipul S.\nChawathe"
      ],
      "photo": [
        "https://www.iprocess.firm.in/~VSC/VSC.jpg"
      ],
      "url": [
        "https://chawathe.iprocess.firm.in/"
      ]
    },
    "type": [
      "h-card"
    ],
    "value": "Vipul S.\nChawathe"
  },
  "rel_mes": [
    "https://chawathe.iprocess.firm.in/",
    "https://twitter.com/VSChawathe",
    "https://www.flickr.com/people/vipul_chawathe/",
    "https://www.youtube.com/user/VSChawathe/about",
    "xmpp:VSC@iProcess.firm.In"
  ],
  "tags": [
    "relme"
  ],
  "endpoints": {},
  "crawl_start": "2017-06-11T14:40:33.440768",
  "crawl_end": "2017-06-11T14:40:33.440768",
  "links_out": 0,
  "links_in": 6,
  "links": {
    "indieweb.org": {
      "in": {
        "other": 4
      },
      "score": 1
    },
    "chat.indieweb.org": {
      "in": {
        "other": 2
      },
      "score": 0.499
    }
  }
}