{
  "domain": "cheapsurrealism.com",
  "urls": [
    "http://cheapsurrealism.com/"
  ],
  "names": [
    "Home - Cheapsurrealism",
    "Cheapsurrealism"
  ],
  "descriptions": [],
  "pictures": [
    "http://cheapsurrealism.com/wp-content/uploads/2011/06/highballs-2.jpg"
  ],
  "hcard": {},
  "rel_mes": [
    "https://twitter.com/cheapsurrealist",
    "http://www.nonseqtwitter.com",
    "http://vimeo.com/cheapsurrealist",
    "http://www.youtube.com/user/cheapsurrealistt",
    "http://facebook.com/davenold",
    "http://www.flickr.com/people/cheapsurrealist/",
    "https://plus.google.com/111330671612198869408/",
    "https://github.com/cheapsurrealist"
  ],
  "crawl_start": "2017-06-09T17:34:45",
  "crawl_end": "2017-06-09T17:45:31",
  "num_pages": 284,
  "total_html_size": 11640343,
  "servers": [
    "nginx",
    "WordPress"
  ],
  "mf2_classes": [
    "h-feed",
    "h-entry",
    "h-card"
  ],
  "tags": [
    "relme",
    "WordPress"
  ],
  "endpoints": {},
  "links_out": 3601,
  "links_in": 6,
  "links": {
    "twitter.com/cheapsurrealist": {
      "out": {
        "other": 580
      },
      "score": 1
    },
    "vimeo.com": {
      "out": {
        "other": 368
      },
      "score": 0.935
    },
    "www.youtube.com": {
      "out": {
        "other": 290
      },
      "score": 0.901
    },
    "github.com": {
      "out": {
        "other": 284
      },
      "score": 0.898
    },
    "davenold.net": {
      "out": {
        "other": 284
      },
      "score": 0.898
    },
    "www.flickr.com": {
      "out": {
        "other": 284
      },
      "score": 0.898
    },
    "www.sterling-adventures.co.uk": {
      "out": {
        "other": 284
      },
      "score": 0.898
    },
    "www.ikinoeye.com": {
      "out": {
        "other": 284
      },
      "score": 0.898
    },
    "plus.google.com/111330671612198869408": {
      "out": {
        "other": 284
      },
      "score": 0.898
    },
    "facebook.com/davenold": {
      "out": {
        "other": 284
      },
      "score": 0.898
    },
    "www.nonseqtwitter.com": {
      "out": {
        "other": 284
      },
      "score": 0.898
    },
    "www.cheapsurrealism.com": {
      "out": {
        "other": 65
      },
      "score": 0.690
    },
    "wp.me": {
      "out": {
        "other": 16
      },
      "score": 0.492
    },
    "twitter.com/search": {
      "out": {
        "other": 5
      },
      "score": 0.326
    },
    "huffduffer.com": {
      "in": {
        "other": 6
      },
      "score": 0.254
    },
    "en.wikipedia.org": {
      "out": {
        "other": 2
      },
      "score": 0.197
    },
    "www.filmlinc.com": {
      "out": {
        "other": 1
      },
      "score": 0.0982
    },
    "www.openculture.com": {
      "out": {
        "other": 1
      },
      "score": 0.0982
    },
    "www.greeninteger.com": {
      "out": {
        "other": 1
      },
      "score": 0.0982
    }
  }
}