{
  "domain": "cherrett.digital",
  "urls": [
    "http://cherrett.digital/"
  ],
  "names": [
    "cherrett.digital"
  ],
  "descriptions": [],
  "pictures": [],
  "hcard": {},
  "rel_mes": [],
  "crawl_start": "2017-05-07T06:35:12",
  "crawl_end": "2017-05-07T06:35:22",
  "num_pages": 10,
  "total_html_size": 117577,
  "servers": [
    "nginx"
  ],
  "tags": [],
  "endpoints": {},
  "links_out": 26,
  "links_in": 0,
  "links": {
    "tel": {
      "out": {
        "other": 10
      },
      "score": 1
    },
    "jekyllrb.com": {
      "out": {
        "other": 4
      },
      "score": 0.693
    },
    "twitter.com/andy_head": {
      "out": {
        "other": 3
      },
      "score": 0.597
    },
    "twitter.com/_jamesbeck": {
      "out": {
        "other": 2
      },
      "score": 0.463
    },
    "celsporta.com": {
      "out": {
        "other": 2
      },
      "score": 0.463
    },
    "pages.github.com": {
      "out": {
        "other": 2
      },
      "score": 0.463
    },
    "daringfireball.net": {
      "out": {
        "other": 1
      },
      "score": 0.231
    },
    "github.com": {
      "out": {
        "other": 1
      },
      "score": 0.231
    },
    "jekyll-windows.juthilo.com": {
      "out": {
        "other": 1
      },
      "score": 0.231
    }
  }
}