{
  "domain": "chloesteinbeck.withknown.com",
  "urls": [
    "https://chloesteinbeck.withknown.com/profile/chloe",
    "http://twitter.com/chloesteinbeck",
    "https://www.facebook.com/chloe.steinbeck.9"
  ],
  "names": [
    "Chloe Steinbeck"
  ],
  "descriptions": [
    "I'm a journalism student, I love writing, and I play lacrosse.\nCharlotte, North Carolina\n \n twitter.com/chloesteinbeck\n\n\n www.facebook.com/chloe.steinbeck.9",
    "A social website powered by Known"
  ],
  "pictures": [
    "https://chloesteinbeck.withknown.com/file/0ce0d8de858f8f074c67b8e6f842f595/thumb.jpg",
    "https://chloesteinbeck.withknown.com/gfx/logos/logo_k.png"
  ],
  "hcard": {
    "properties": {
      "name": [
        "Chloe Steinbeck"
      ],
      "note": [
        {
          "html": "<div class=\"highlightedText\"><p>I'm a journalism student, I love writing, and I play lacrosse.</p>\n<p><strong>Charlotte, North Carolina</strong></p>\n</div> <p class=\"url-container\">\n<i class=\"fa fa-twitter\"></i> <a class=\"u-url\" href=\"http://twitter.com/chloesteinbeck\" rel=\"me\">twitter.com/chloesteinbeck</a>\n</p>\n<p class=\"url-container\">\n<i class=\"fa fa-facebook\"></i> <a class=\"u-url\" href=\"https://www.facebook.com/chloe.steinbeck.9\" rel=\"me\">www.facebook.com/chloe.steinbeck.9</a>\n</p>\n",
          "value": "I'm a journalism student, I love writing, and I play lacrosse.\nCharlotte, North Carolina\n \n twitter.com/chloesteinbeck\n\n\n www.facebook.com/chloe.steinbeck.9\n\n"
        }
      ],
      "photo": [
        "https://chloesteinbeck.withknown.com/file/0ce0d8de858f8f074c67b8e6f842f595/thumb.jpg"
      ],
      "profile": [
        "Chloe Steinbeck"
      ],
      "url": [
        "https://chloesteinbeck.withknown.com/profile/chloe",
        "https://chloesteinbeck.withknown.com/profile/chloe",
        "http://twitter.com/chloesteinbeck",
        "https://www.facebook.com/chloe.steinbeck.9"
      ]
    },
    "type": [
      "h-card"
    ]
  },
  "rel_mes": [
    "http://twitter.com/chloesteinbeck",
    "https://www.facebook.com/chloe.steinbeck.9"
  ],
  "crawl_start": "2017-04-28T05:16:18",
  "crawl_end": "2017-04-28T05:17:55",
  "num_pages": 139,
  "total_html_size": 3276106,
  "servers": [
    "Apache",
    "Known"
  ],
  "mf2_classes": [
    "h-card",
    "h-entry"
  ],
  "tags": [
    "relme",
    "bridgy",
    "webmention",
    "websub",
    "Known"
  ],
  "endpoints": {
    "webmention": [
      "https://chloesteinbeck.withknown.com/webmention/"
    ],
    "websub": [
      "http://withknown.superfeedr.com/"
    ]
  },
  "links_out": 1591,
  "links_in": 74,
  "links": {
    "werd.io": {
      "in": {
        "in-reply-to": 60
      },
      "out": {
        "other": 22
      },
      "score": 1
    },
    "twitter.com/chloesteinbeck": {
      "out": {
        "other": 147
      },
      "score": 0.973
    },
    "withknown.com": {
      "out": {
        "other": 139
      },
      "score": 0.964
    },
    "facebook.com/chloe.steinbeck.9": {
      "out": {
        "other": 91
      },
      "score": 0.890
    },
    "www.ted.com": {
      "out": {
        "in-reply-to": 7
      },
      "score": 0.728
    },
    "youtu.be": {
      "out": {
        "other": 18
      },
      "score": 0.613
    },
    "twitter.com/erinjo": {
      "out": {
        "other": 18
      },
      "score": 0.613
    },
    "twitter.com/JudsonTrin": {
      "out": {
        "other": 10
      },
      "score": 0.514
    },
    "twitter.com/atchison78": {
      "out": {
        "other": 10
      },
      "score": 0.514
    },
    "twitter.com/renatac86": {
      "out": {
        "other": 10
      },
      "score": 0.514
    },
    "twitter.com/HasanBugraSrml": {
      "out": {
        "other": 10
      },
      "score": 0.514
    },
    "twitter.com/ttatyana5": {
      "out": {
        "other": 10
      },
      "score": 0.514
    },
    "twitter.com/francis45678846": {
      "out": {
        "other": 10
      },
      "score": 0.514
    },
    "twitter.com/JEFFERSON1243": {
      "out": {
        "other": 10
      },
      "score": 0.514
    },
    "twitter.com/cesar_ami": {
      "out": {
        "other": 10
      },
      "score": 0.514
    },
    "twitter.com/Sophi917": {
      "out": {
        "other": 10
      },
      "score": 0.514
    },
    "twitter.com/Mo0stritha": {
      "out": {
        "other": 10
      },
      "score": 0.514
    },
    "twitter.com/junior_mariane": {
      "out": {
        "other": 10
      },
      "score": 0.514
    },
    "twitter.com/marialiriano2": {
      "out": {
        "other": 10
      },
      "score": 0.514
    },
    "twitter.com/nixon_jaqui": {
      "out": {
        "other": 10
      },
      "score": 0.514
    },
    "twitter.com/josemarestilis": {
      "out": {
        "other": 10
      },
      "score": 0.514
    },
    "twitter.com/GatoHemafrodita": {
      "out": {
        "other": 10
      },
      "score": 0.514
    },
    "twitter.com/juanapadiablo": {
      "out": {
        "other": 10
      },
      "score": 0.514
    },
    "twitter.com/sasadoglas": {
      "out": {
        "other": 10
      },
      "score": 0.514
    },
    "twitter.com/Arasaher": {
      "out": {
        "other": 10
      },
      "score": 0.514
    },
    "twitter.com/Manzahdb": {
      "out": {
        "other": 10
      },
      "score": 0.514
    },
    "twitter.com/benwerd": {
      "out": {
        "other": 10
      },
      "score": 0.514
    },
    "twitter.com/biebeerswagggg": {
      "out": {
        "other": 10
      },
      "score": 0.514
    },
    "twitter.com/RUBCRUZ_": {
      "out": {
        "other": 10
      },
      "score": 0.514
    },
    "twitter.com/EdnaSugden": {
      "out": {
        "other": 10
      },
      "score": 0.514
    },
    "twitter.com/marienealves": {
      "out": {
        "other": 10
      },
      "score": 0.514
    },
    "twitter.com/crazyxartpal": {
      "out": {
        "other": 10
      },
      "score": 0.514
    },
    "twitter.com/netaofc": {
      "out": {
        "other": 10
      },
      "score": 0.514
    },
    "twitter.com/RanielyCustodio": {
      "out": {
        "other": 10
      },
      "score": 0.514
    },
    "twitter.com/nstrjose": {
      "out": {
        "other": 10
      },
      "score": 0.514
    },
    "twitter.com/edsonbq30": {
      "out": {
        "other": 10
      },
      "score": 0.514
    },
    "twitter.com/crislopescz": {
      "out": {
        "other": 10
      },
      "score": 0.514
    },
    "twitter.com/WesleyAmerces": {
      "out": {
        "other": 10
      },
      "score": 0.514
    },
    "twitter.com/soulaislum8004": {
      "out": {
        "other": 10
      },
      "score": 0.514
    },
    "twitter.com/chatreepatum": {
      "out": {
        "other": 10
      },
      "score": 0.514
    },
    "twitter.com/jadsonazevedo": {
      "out": {
        "other": 10
      },
      "score": 0.514
    },
    "twitter.com/Gronhol34": {
      "out": {
        "other": 10
      },
      "score": 0.514
    },
    "twitter.com/tabitasalgador": {
      "out": {
        "other": 10
      },
      "score": 0.514
    },
    "twitter.com/AndresMolina22": {
      "out": {
        "other": 10
      },
      "score": 0.514
    },
    "twitter.com/vano_argonaut": {
      "out": {
        "other": 10
      },
      "score": 0.514
    },
    "twitter.com/mendezjuan1705": {
      "out": {
        "other": 10
      },
      "score": 0.514
    },
    "twitter.com/JavierFuentesT": {
      "out": {
        "other": 10
      },
      "score": 0.514
    },
    "twitter.com/karly51290": {
      "out": {
        "other": 10
      },
      "score": 0.514
    },
    "twitter.com/JtJhonathan": {
      "out": {
        "other": 10
      },
      "score": 0.514
    },
    "twitter.com/castilloyesica1": {
      "out": {
        "other": 10
      },
      "score": 0.514
    },
    "twitter.com/ulyakup": {
      "out": {
        "other": 10
      },
      "score": 0.514
    },
    "www.youtube.com": {
      "out": {
        "other": 9
      },
      "score": 0.495
    },
    "www.brainpickings.org": {
      "out": {
        "other": 8
      },
      "score": 0.474
    },
    "brid.gy": {
      "in": {
        "other": 14
      },
      "score": 0.452
    },
    "twitter.com/elzithacarmona": {
      "out": {
        "other": 6
      },
      "score": 0.425
    },
    "twitter.com/LUZFANALLISON": {
      "out": {
        "other": 6
      },
      "score": 0.425
    },
    "twitter.com/SeanHoward_": {
      "out": {
        "other": 6
      },
      "score": 0.425
    },
    "twitter.com/DjB05s": {
      "out": {
        "other": 6
      },
      "score": 0.425
    },
    "twitter.com/barrabonita": {
      "out": {
        "other": 6
      },
      "score": 0.425
    },
    "twitter.com/_Valteir_": {
      "out": {
        "other": 6
      },
      "score": 0.425
    },
    "erinjo.is": {
      "out": {
        "other": 6
      },
      "score": 0.425
    },
    "www.citizen-times.com": {
      "out": {
        "other": 6
      },
      "score": 0.425
    },
    "twitter.com/Banger26": {
      "out": {
        "other": 6
      },
      "score": 0.425
    },
    "twitter.com/MiGuElHuLk": {
      "out": {
        "other": 6
      },
      "score": 0.425
    },
    "www.npr.org": {
      "out": {
        "other": 6
      },
      "score": 0.425
    },
    "twitter.com/aldemar147890": {
      "out": {
        "other": 6
      },
      "score": 0.425
    },
    "twitter.com/jaishell02": {
      "out": {
        "other": 5
      },
      "score": 0.394
    },
    "twitter.com/chovis_2003": {
      "out": {
        "other": 5
      },
      "score": 0.394
    },
    "twitter.com/frankdiaz6": {
      "out": {
        "other": 5
      },
      "score": 0.394
    },
    "twitter.com/ketty76it": {
      "out": {
        "other": 5
      },
      "score": 0.394
    },
    "twitter.com/mckay0707": {
      "out": {
        "other": 5
      },
      "score": 0.394
    },
    "twitter.com/ceci_gitana": {
      "out": {
        "other": 5
      },
      "score": 0.394
    },
    "twitter.com/israbjr": {
      "out": {
        "other": 5
      },
      "score": 0.394
    },
    "twitter.com/simsek5271": {
      "out": {
        "other": 5
      },
      "score": 0.394
    },
    "twitter.com/305Amr": {
      "out": {
        "other": 5
      },
      "score": 0.394
    },
    "twitter.com/dudu1075": {
      "out": {
        "other": 5
      },
      "score": 0.394
    },
    "twitter.com/gisilainepinhei": {
      "out": {
        "other": 5
      },
      "score": 0.394
    },
    "twitter.com/mogtaba837135": {
      "out": {
        "other": 5
      },
      "score": 0.394
    },
    "twitter.com/warnervazquez": {
      "out": {
        "other": 5
      },
      "score": 0.394
    },
    "twitter.com/JOAOALVESFY": {
      "out": {
        "other": 5
      },
      "score": 0.394
    },
    "twitter.com/guijarro_953": {
      "out": {
        "other": 5
      },
      "score": 0.394
    },
    "twitter.com/valmorf": {
      "out": {
        "other": 5
      },
      "score": 0.394
    },
    "twitter.com/inepsy72187": {
      "out": {
        "other": 5
      },
      "score": 0.394
    },
    "twitter.com/irishboyjames1": {
      "out": {
        "other": 5
      },
      "score": 0.394
    },
    "twitter.com/Deborasigi": {
      "out": {
        "other": 5
      },
      "score": 0.394
    },
    "twitter.com/estibalizf76": {
      "out": {
        "other": 5
      },
      "score": 0.394
    },
    "twitter.com/Homer181818": {
      "out": {
        "other": 5
      },
      "score": 0.394
    },
    "twitter.com/kozzzjap": {
      "out": {
        "other": 5
      },
      "score": 0.394
    },
    "twitter.com/medicen_yoye": {
      "out": {
        "other": 5
      },
      "score": 0.394
    },
    "twitter.com/vaneee_martinez": {
      "out": {
        "other": 5
      },
      "score": 0.394
    },
    "twitter.com/LascanosG": {
      "out": {
        "other": 5
      },
      "score": 0.394
    },
    "twitter.com/saulotaffarelbe": {
      "out": {
        "other": 5
      },
      "score": 0.394
    },
    "twitter.com/andreamster": {
      "out": {
        "other": 5
      },
      "score": 0.394
    },
    "twitter.com/amigao780": {
      "out": {
        "other": 5
      },
      "score": 0.394
    },
    "twitter.com/Mizy_Matos": {
      "out": {
        "other": 5
      },
      "score": 0.394
    },
    "twitter.com/TaKeRsItO": {
      "out": {
        "other": 5
      },
      "score": 0.394
    },
    "twitter.com/carlosrafael56": {
      "out": {
        "other": 5
      },
      "score": 0.394
    },
    "twitter.com/medelintubeiby": {
      "out": {
        "other": 5
      },
      "score": 0.394
    },
    "twitter.com/realda": {
      "out": {
        "other": 5
      },
      "score": 0.394
    },
    "twitter.com/AndreaAncic": {
      "out": {
        "other": 5
      },
      "score": 0.394
    },
    "twitter.com/Gabiniss": {
      "out": {
        "other": 5
      },
      "score": 0.394
    },
    "twitter.com/morenocarias": {
      "out": {
        "other": 5
      },
      "score": 0.394
    },
    "www.salon.com": {
      "out": {
        "other": 5
      },
      "score": 0.394
    },
    "twitter.com/34Chutluck": {
      "out": {
        "other": 5
      },
      "score": 0.394
    },
    "twitter.com/Krischelle301": {
      "out": {
        "other": 5
      },
      "score": 0.394
    },
    "twitter.com/Teti_zz": {
      "out": {
        "other": 5
      },
      "score": 0.394
    },
    "twitter.com/gabyjas": {
      "out": {
        "other": 5
      },
      "score": 0.394
    },
    "twitter.com/humbver": {
      "out": {
        "other": 5
      },
      "score": 0.394
    },
    "twitter.com/ssscerensss": {
      "out": {
        "other": 5
      },
      "score": 0.394
    },
    "twitter.com/viva_77": {
      "out": {
        "other": 5
      },
      "score": 0.394
    },
    "twitter.com/Joao_Swan": {
      "out": {
        "other": 5
      },
      "score": 0.394
    },
    "twitter.com/wallter1629": {
      "out": {
        "other": 5
      },
      "score": 0.394
    },
    "twitter.com/OsmanYeilufuk": {
      "out": {
        "other": 5
      },
      "score": 0.394
    },
    "twitter.com/maaarimenezes": {
      "out": {
        "other": 5
      },
      "score": 0.394
    },
    "twitter.com/sandra_rubiano": {
      "out": {
        "other": 5
      },
      "score": 0.394
    },
    "twitter.com/Quent77": {
      "out": {
        "other": 5
      },
      "score": 0.394
    },
    "twitter.com/sabbshabs": {
      "out": {
        "other": 5
      },
      "score": 0.394
    },
    "twitter.com/gillybean75": {
      "out": {
        "other": 5
      },
      "score": 0.394
    },
    "twitter.com/julysecret": {
      "out": {
        "other": 5
      },
      "score": 0.394
    },
    "twitter.com/kic1212": {
      "out": {
        "other": 5
      },
      "score": 0.394
    },
    "twitter.com/07fbKars": {
      "out": {
        "other": 5
      },
      "score": 0.394
    },
    "twitter.com/DenisseMendez9": {
      "out": {
        "other": 5
      },
      "score": 0.394
    },
    "twitter.com/cafopaisa_89": {
      "out": {
        "other": 5
      },
      "score": 0.394
    },
    "twitter.com/jhosaf": {
      "out": {
        "other": 5
      },
      "score": 0.394
    },
    "twitter.com/ahmet7784": {
      "out": {
        "other": 5
      },
      "score": 0.394
    },
    "twitter.com/romero_yaruska": {
      "out": {
        "other": 5
      },
      "score": 0.394
    },
    "twitter.com/vural_2": {
      "out": {
        "other": 5
      },
      "score": 0.394
    },
    "twitter.com/elibeve": {
      "out": {
        "other": 5
      },
      "score": 0.394
    },
    "twitter.com/Morgan2o18": {
      "out": {
        "other": 5
      },
      "score": 0.394
    },
    "twitter.com/YaMiLeeT_G18": {
      "out": {
        "other": 5
      },
      "score": 0.394
    },
    "twitter.com/AlexChopper0501": {
      "out": {
        "other": 5
      },
      "score": 0.394
    },
    "twitter.com/felipepoeta1": {
      "out": {
        "other": 5
      },
      "score": 0.394
    },
    "twitter.com/01_giordano": {
      "out": {
        "other": 5
      },
      "score": 0.394
    },
    "twitter.com/MaraRbrito": {
      "out": {
        "other": 5
      },
      "score": 0.394
    },
    "twitter.com/lince_divina": {
      "out": {
        "other": 5
      },
      "score": 0.394
    },
    "twitter.com/CamplinGreg": {
      "out": {
        "other": 5
      },
      "score": 0.394
    },
    "twitter.com/caution_hight": {
      "out": {
        "other": 5
      },
      "score": 0.394
    },
    "twitter.com/NanoVeintedoce": {
      "out": {
        "other": 5
      },
      "score": 0.394
    },
    "twitter.com/ektor1710": {
      "out": {
        "other": 5
      },
      "score": 0.394
    },
    "twitter.com/ayaple393": {
      "out": {
        "other": 5
      },
      "score": 0.394
    },
    "twitter.com/edgarjgch": {
      "out": {
        "other": 5
      },
      "score": 0.394
    },
    "twitter.com/jazminksillas": {
      "out": {
        "other": 5
      },
      "score": 0.394
    },
    "twitter.com/ErikaMonserrate": {
      "out": {
        "other": 5
      },
      "score": 0.394
    },
    "twitter.com/cleoandcassia": {
      "out": {
        "other": 5
      },
      "score": 0.394
    },
    "twitter.com/smallwoodman1": {
      "out": {
        "other": 5
      },
      "score": 0.394
    },
    "twitter.com/Jimoy_JimRon": {
      "out": {
        "other": 5
      },
      "score": 0.394
    },
    "twitter.com/guadalupevirgi1": {
      "out": {
        "other": 5
      },
      "score": 0.394
    },
    "blogs.edweek.org": {
      "out": {
        "other": 5
      },
      "score": 0.394
    },
    "twitter.com/roseChX3009": {
      "out": {
        "other": 5
      },
      "score": 0.394
    },
    "twitter.com/Carl0s_castillo": {
      "out": {
        "other": 5
      },
      "score": 0.394
    },
    "twitter.com/SoyNanoYQUE": {
      "out": {
        "other": 5
      },
      "score": 0.394
    },
    "twitter.com/anamariaserrat2": {
      "out": {
        "other": 5
      },
      "score": 0.394
    },
    "twitter.com/juamso": {
      "out": {
        "other": 5
      },
      "score": 0.394
    },
    "twitter.com/souzette33": {
      "out": {
        "other": 5
      },
      "score": 0.394
    },
    "twitter.com/elsmallville": {
      "out": {
        "other": 5
      },
      "score": 0.394
    },
    "twitter.com/railan21": {
      "out": {
        "other": 5
      },
      "score": 0.394
    },
    "twitter.com/Arrem_": {
      "out": {
        "other": 5
      },
      "score": 0.394
    },
    "twitter.com/sharik20": {
      "out": {
        "other": 5
      },
      "score": 0.394
    },
    "twitter.com/Guifw91": {
      "out": {
        "other": 5
      },
      "score": 0.394
    },
    "twitter.com/bholt987": {
      "out": {
        "other": 5
      },
      "score": 0.394
    },
    "twitter.com/EdgarArrieta": {
      "out": {
        "other": 5
      },
      "score": 0.394
    },
    "twitter.com/gabrielkuca": {
      "out": {
        "other": 5
      },
      "score": 0.394
    },
    "twitter.com/julianatorresjt": {
      "out": {
        "other": 5
      },
      "score": 0.394
    },
    "twitter.com/luzfanrocker": {
      "out": {
        "other": 4
      },
      "score": 0.356
    },
    "www.ritsoft.net": {
      "out": {
        "other": 4
      },
      "score": 0.356
    },
    "twitter.com/ThatEmil": {
      "out": {
        "other": 4
      },
      "score": 0.356
    },
    "facebook.com/valteir.alves": {
      "out": {
        "other": 4
      },
      "score": 0.356
    },
    "www.metroflog.com": {
      "out": {
        "other": 4
      },
      "score": 0.356
    },
    "www.barrabonitatur.com.br": {
      "out": {
        "other": 4
      },
      "score": 0.356
    },
    "facebook.com/100008193948917": {
      "out": {
        "other": 4
      },
      "score": 0.356
    },
    "facebook.com/36802236": {
      "out": {
        "other": 4
      },
      "score": 0.356
    },
    "facebook.com/josemiguel.rimeyjulca": {
      "out": {
        "other": 4
      },
      "score": 0.356
    },
    "www.watch-m3.tk": {
      "out": {
        "other": 4
      },
      "score": 0.356
    },
    "www.reverbnation.com": {
      "out": {
        "other": 4
      },
      "score": 0.356
    },
    "twitter.com/milo_boy": {
      "out": {
        "other": 3
      },
      "score": 0.307
    },
    "twitter.com/victoriamarroqu": {
      "out": {
        "other": 3
      },
      "score": 0.307
    },
    "twitter.com/Sr_Schmidt": {
      "out": {
        "other": 3
      },
      "score": 0.307
    },
    "twitter.com/tb_kerly": {
      "out": {
        "other": 3
      },
      "score": 0.307
    },
    "twitter.com/lrivetz": {
      "out": {
        "other": 3
      },
      "score": 0.307
    },
    "twitter.com/Casadoma": {
      "out": {
        "other": 3
      },
      "score": 0.307
    },
    "twitter.com/ecbravov": {
      "out": {
        "other": 3
      },
      "score": 0.307
    },
    "twitter.com/johnnymansonjr": {
      "out": {
        "other": 3
      },
      "score": 0.307
    },
    "twitter.com/Scapovisk": {
      "out": {
        "other": 3
      },
      "score": 0.307
    },
    "twitter.com/ciberneitor2004": {
      "out": {
        "other": 3
      },
      "score": 0.307
    },
    "twitter.com/vititova69501": {
      "out": {
        "other": 2
      },
      "score": 0.238
    },
    "twitter.com/a_gameon": {
      "out": {
        "other": 2
      },
      "score": 0.238
    },
    "twitter.com/polastano": {
      "out": {
        "other": 2
      },
      "score": 0.238
    },
    "twitter.com/ilefimova66212": {
      "out": {
        "other": 2
      },
      "score": 0.238
    },
    "twitter.com/willywills82": {
      "out": {
        "other": 2
      },
      "score": 0.238
    },
    "twitpic.com": {
      "out": {
        "other": 2
      },
      "score": 0.238
    },
    "twitter.com/elleclarke2001": {
      "out": {
        "other": 2
      },
      "score": 0.238
    },
    "Casadoma.com": {
      "out": {
        "other": 2
      },
      "score": 0.238
    },
    "WWW.VICTORIACLEANING.NET": {
      "out": {
        "other": 2
      },
      "score": 0.238
    },
    "twitter.com/ooorni": {
      "out": {
        "other": 2
      },
      "score": 0.238
    },
    "www.fotolog.com": {
      "out": {
        "other": 2
      },
      "score": 0.238
    },
    "twitter.com/conquesocheddar": {
      "out": {
        "other": 2
      },
      "score": 0.238
    },
    "cleoandcassia.withknown.com": {
      "out": {
        "other": 2
      },
      "score": 0.238
    },
    "twitter.com/Adornallen": {
      "out": {
        "other": 2
      },
      "score": 0.238
    },
    "www.nwpc.cl": {
      "out": {
        "other": 2
      },
      "score": 0.238
    },
    "twitter.com/rwar7": {
      "out": {
        "other": 2
      },
      "score": 0.238
    },
    "mahalkomerlynko.com": {
      "out": {
        "other": 2
      },
      "score": 0.238
    },
    "twitter.com/kakazakova12255": {
      "out": {
        "other": 2
      },
      "score": 0.238
    },
    "twitter.com/irinast44854644": {
      "out": {
        "other": 2
      },
      "score": 0.238
    },
    "www.lrivetz.com": {
      "out": {
        "other": 2
      },
      "score": 0.238
    },
    "seanisarobot.tumblr.com": {
      "out": {
        "other": 2
      },
      "score": 0.238
    },
    "facebook.com": {
      "out": {
        "other": 2
      },
      "score": 0.238
    },
    "twitter.com/pkonechne": {
      "out": {
        "other": 2
      },
      "score": 0.238
    },
    "twitter.com/OwenFrawley": {
      "out": {
        "other": 2
      },
      "score": 0.238
    },
    "www.facebook.com": {
      "out": {
        "other": 2
      },
      "score": 0.238
    },
    "google.com": {
      "out": {
        "other": 2
      },
      "score": 0.238
    },
    "twitter.com/AndersenJenn": {
      "out": {
        "other": 2
      },
      "score": 0.238
    },
    "twitter.com/ChristianDeli54": {
      "out": {
        "other": 2
      },
      "score": 0.238
    },
    "ganandomuchodinero.info": {
      "out": {
        "other": 2
      },
      "score": 0.238
    },
    "pbs.twimg.com": {
      "out": {
        "other": 2
      },
      "score": 0.238
    },
    "graph.facebook.com": {
      "out": {
        "other": 1
      },
      "score": 0.119
    }
  }
}