{
  "domain": "chreekat.net",
  "urls": [
    "http://chreekat.net/"
  ],
  "names": [
    "chreekat.net"
  ],
  "descriptions": [],
  "pictures": [],
  "hcard": {},
  "rel_mes": [
    "https://snowdrift.coop/u/688",
    "https://github.com/chreekat",
    "https://git.gnu.io/chreekat",
    "https://www.trustroots.org/#!/profile/chreekat",
    "https://www.warmshowers.org/users/chreekat",
    "https://www.couchsurfing.com/people/chreekat",
    "https://keybase.io/chreekat",
    "mailto:b@chreekat.net",
    "https://www.instagram.com/chreekat/",
    "https://facebook.com/chreekat",
    "https://twitter.com/chreekat"
  ],
  "tags": [
    "relme",
    "IRC"
  ],
  "endpoints": {},
  "crawl_start": "2017-05-19T22:52:32.064590",
  "crawl_end": "2017-05-19T22:52:32.064590",
  "links_out": 0,
  "links_in": 83,
  "links": {
    "indieweb.org": {
      "in": {
        "other": 44
      },
      "score": 1
    },
    "chat.indieweb.org": {
      "in": {
        "other": 18
      },
      "score": 0.765
    },
    "jeena.net": {
      "in": {
        "other": 12
      },
      "score": 0.656
    },
    "www.chreekat.net": {
      "in": {
        "other": 4
      },
      "score": 0.368
    },
    "www.kevinmarks.com": {
      "in": {
        "other": 2
      },
      "score": 0.183
    },
    "www.kevin-marks.com": {
      "in": {
        "other": 2
      },
      "score": 0.183
    },
    "brid.gy": {
      "in": {
        "other": 1
      },
      "score": 0
    }
  }
}