{
  "domain": "christian-seidl.com",
  "urls": [
    "http://christian-seidl.com",
    "http://christian-seidl.com/"
  ],
  "names": [
    "Christian Seidl",
    "dinosaurs?!"
  ],
  "descriptions": [
    "Christian Seidl, Hypertext technologiste",
    "Premier Baloonist, highest class. Also: freewheelin' slo-fi folk singer and hypertext technologiste extraordinaire."
  ],
  "pictures": [
    "http://christian-seidl.com/img/cowardly-lion.jpg",
    "http://christian-seidl.com/favicon.ico",
    "http://christian-seidl.com/img/app-icons/200x200.jpg"
  ],
  "hcard": {
    "properties": {
      "name": [
        "Christian Seidl"
      ],
      "photo": [
        "http://christian-seidl.com/img/cowardly-lion.jpg"
      ],
      "url": [
        "http://christian-seidl.com"
      ]
    },
    "type": [
      "h-card"
    ]
  },
  "rel_mes": [
    "http://christian-seidl.com",
    "https://github.com/noyoucmon"
  ],
  "crawl_start": "2017-06-09T17:34:47",
  "crawl_end": "2017-06-09T17:34:47",
  "num_pages": 1,
  "total_html_size": 6664,
  "servers": [
    "Apache (Unix)"
  ],
  "mf2_classes": [
    "h-card"
  ],
  "tags": [
    "relme"
  ],
  "endpoints": {},
  "links_out": 33,
  "links_in": 0,
  "links": {
    "www.w3.org": {
      "out": {
        "other": 2
      },
      "score": 1
    },
    "httpd.apache.org": {
      "out": {
        "other": 1
      },
      "score": 0.499
    },
    "sass-lang.com": {
      "out": {
        "other": 1
      },
      "score": 0.499
    },
    "getcomposer.org": {
      "out": {
        "other": 1
      },
      "score": 0.499
    },
    "soundcloud.com": {
      "out": {
        "other": 1
      },
      "score": 0.499
    },
    "jquery.com": {
      "out": {
        "other": 1
      },
      "score": 0.499
    },
    "www.google.com": {
      "out": {
        "other": 1
      },
      "score": 0.499
    },
    "www.typescriptlang.org": {
      "out": {
        "other": 1
      },
      "score": 0.499
    },
    "www.mysql.com": {
      "out": {
        "other": 1
      },
      "score": 0.499
    },
    "www.slimframework.com": {
      "out": {
        "other": 1
      },
      "score": 0.499
    },
    "www.javascript.com": {
      "out": {
        "other": 1
      },
      "score": 0.499
    },
    "nginx.org": {
      "out": {
        "other": 1
      },
      "score": 0.499
    },
    "webcomponents.org": {
      "out": {
        "other": 1
      },
      "score": 0.499
    },
    "angularjs.org": {
      "out": {
        "other": 1
      },
      "score": 0.499
    },
    "php.net": {
      "out": {
        "other": 1
      },
      "score": 0.499
    },
    "www.npmjs.com": {
      "out": {
        "other": 1
      },
      "score": 0.499
    },
    "gulpjs.com": {
      "out": {
        "other": 1
      },
      "score": 0.499
    },
    "facebook.github.io": {
      "out": {
        "other": 1
      },
      "score": 0.499
    },
    "www.polymer-project.org": {
      "out": {
        "other": 1
      },
      "score": 0.499
    },
    "indiewebcamp.com": {
      "out": {
        "other": 1
      },
      "score": 0.499
    },
    "contao.org": {
      "out": {
        "other": 1
      },
      "score": 0.499
    },
    "instagram.com": {
      "out": {
        "other": 1
      },
      "score": 0.499
    },
    "webpack.github.io": {
      "out": {
        "other": 1
      },
      "score": 0.499
    },
    "gruntjs.com": {
      "out": {
        "other": 1
      },
      "score": 0.499
    },
    "nodejs.org": {
      "out": {
        "other": 1
      },
      "score": 0.499
    },
    "brew.sh": {
      "out": {
        "other": 1
      },
      "score": 0.499
    },
    "redux.js.org": {
      "out": {
        "other": 1
      },
      "score": 0.499
    },
    "framework.zend.com": {
      "out": {
        "other": 1
      },
      "score": 0.499
    },
    "git-scm.com": {
      "out": {
        "other": 1
      },
      "score": 0.499
    },
    "lesscss.org": {
      "out": {
        "other": 1
      },
      "score": 0.499
    },
    "bower.io": {
      "out": {
        "other": 1
      },
      "score": 0.499
    },
    "github.com": {
      "out": {
        "other": 1
      },
      "score": 0.499
    }
  }
}