{
  "domain": "chrisbergr.com",
  "urls": [
    "http://chrisbergr.com/"
  ],
  "names": [
    "chrisbergr.com - Playground by Christian Hockenberger",
    "chrisbergr.com"
  ],
  "descriptions": [
    "Playground by Christian Hockenberger",
    "Playground and theme development page by Christian Hockenberger"
  ],
  "pictures": [
    "https://i2.wp.com/chrisbergr.com/wp-content/uploads/cropped-chrisbergr-logo-round-black.png?fit=32%2C32",
    "https://i2.wp.com/chrisbergr.com/wp-content/uploads/cropped-chrisbergr-logo-round-black.png?fit=192%2C192",
    "http://chrisbergr.com/wp-content/uploads/portfolio-logo-chrisbergr-1024x576.jpg"
  ],
  "hcard": {},
  "rel_mes": [
    "https://github.com/https://github.com/chrisbergr",
    "https://plus.google.com/106589368969128043459",
    "https://twitter.com/chrisbergr",
    "https://www.facebook.com/https://www.facebook.com/chrisbergr",
    "https://www.instagram.com/https://instagram.com/chrisbergr/"
  ],
  "crawl_start": "2017-04-28T05:16:18",
  "crawl_end": "2017-04-28T05:24:17",
  "num_pages": 64,
  "total_html_size": 2462175,
  "servers": [
    "Apache (Debian)"
  ],
  "mf2_classes": [
    "h-as-bookmark",
    "h-cite",
    "h-as-image",
    "h-as-article",
    "h-feed",
    "h-card",
    "h-as-mention",
    "h-entry",
    "h-as-note"
  ],
  "tags": [
    "relme",
    "bridgy",
    "webmention",
    "micropub",
    "authorization",
    "token"
  ],
  "endpoints": {
    "webmention": [
      "http://chrisbergr.com/?webmention=endpoint"
    ],
    "micropub": [
      "http://chrisbergr.com/?micropub=endpoint"
    ],
    "authorization": [
      "https://indieauth.com/auth"
    ],
    "token": [
      "https://tokens.indieauth.com/token"
    ]
  },
  "links_out": 349,
  "links_in": 15,
  "links": {
    "mediaberger.com": {
      "out": {
        "other": 67
      },
      "score": 1
    },
    "themeberger.mediaberger.com": {
      "out": {
        "other": 64
      },
      "score": 0.990
    },
    "wordpress.org": {
      "out": {
        "other": 64
      },
      "score": 0.990
    },
    "facebook.com/10207718531778475": {
      "out": {
        "other": 33
      },
      "score": 0.855
    },
    "instagram.com": {
      "out": {
        "other": 21
      },
      "score": 0.763
    },
    "twitter.com/chrisbergr": {
      "out": {
        "other": 17
      },
      "score": 0.720
    },
    "www.instagram.com": {
      "out": {
        "other": 9
      },
      "score": 0.590
    },
    "brid.gy": {
      "in": {
        "other": 11
      },
      "score": 0.490
    },
    "en.wikipedia.org": {
      "out": {
        "other": 5
      },
      "score": 0.469
    },
    "twitter.com/mediaberger": {
      "out": {
        "other": 5
      },
      "score": 0.469
    },
    "de.wikipedia.org": {
      "out": {
        "other": 5
      },
      "score": 0.469
    },
    "facebook.com/1048862738478917": {
      "out": {
        "other": 5
      },
      "score": 0.469
    },
    "indieberger.mediaberger.com": {
      "in": {
        "other": 4
      },
      "out": {
        "other": 2
      },
      "score": 0.424
    },
    "www.google.com": {
      "out": {
        "other": 3
      },
      "score": 0.365
    },
    "facebook.com/10153769386937754": {
      "out": {
        "other": 2
      },
      "score": 0.284
    },
    "notizblog.org": {
      "out": {
        "other": 2
      },
      "score": 0.284
    },
    "www.southerncomfort.de": {
      "out": {
        "other": 2
      },
      "score": 0.284
    },
    "chrisbergr.tumblr.com": {
      "out": {
        "other": 2
      },
      "score": 0.284
    },
    "i1.wp.com": {
      "out": {
        "other": 2
      },
      "score": 0.284
    },
    "facebook.com/1200869059940365": {
      "out": {
        "other": 2
      },
      "score": 0.284
    },
    "facebook.com/903358746420927": {
      "out": {
        "other": 2
      },
      "score": 0.284
    },
    "www.youtube.com": {
      "out": {
        "other": 2
      },
      "score": 0.284
    },
    "aaronparecki.com": {
      "out": {
        "other": 2
      },
      "score": 0.284
    },
    "lidabb.eu": {
      "out": {
        "other": 2
      },
      "score": 0.284
    },
    "facebook.com/1056141827786376": {
      "out": {
        "other": 2
      },
      "score": 0.284
    },
    "facebook.com/760436114100106": {
      "out": {
        "other": 1
      },
      "score": 0.141
    },
    "backtothefuture.wikia.com": {
      "out": {
        "other": 1
      },
      "score": 0.141
    },
    "facebook.com/1027536133963575": {
      "out": {
        "other": 1
      },
      "score": 0.141
    },
    "facebook.com/957910510946219": {
      "out": {
        "other": 1
      },
      "score": 0.141
    },
    "twitter.com/142857Frog": {
      "out": {
        "other": 1
      },
      "score": 0.141
    },
    "facebook.com/1013458975343011": {
      "out": {
        "other": 1
      },
      "score": 0.141
    },
    "facebook.com/1020786814640314": {
      "out": {
        "other": 1
      },
      "score": 0.141
    },
    "facebook.com/10203827541927788": {
      "out": {
        "other": 1
      },
      "score": 0.141
    },
    "facebook.com/10205171148222971": {
      "out": {
        "other": 1
      },
      "score": 0.141
    },
    "facebook.com/450295161842498": {
      "out": {
        "other": 1
      },
      "score": 0.141
    },
    "facebook.com/10206280334780819": {
      "out": {
        "other": 1
      },
      "score": 0.141
    },
    "facebook.com/10208442838567833": {
      "out": {
        "other": 1
      },
      "score": 0.141
    },
    "facebook.com/1000947669956712": {
      "out": {
        "other": 1
      },
      "score": 0.141
    },
    "facebook.com/930390070387767": {
      "out": {
        "other": 1
      },
      "score": 0.141
    },
    "www.amazon.de": {
      "out": {
        "other": 1
      },
      "score": 0.141
    },
    "facebook.com/875882842481535": {
      "out": {
        "other": 1
      },
      "score": 0.141
    },
    "twitter.com/lahotar": {
      "out": {
        "other": 1
      },
      "score": 0.141
    },
    "i0.wp.com": {
      "out": {
        "other": 1
      },
      "score": 0.141
    },
    "facebook.com/1670418183236619": {
      "out": {
        "other": 1
      },
      "score": 0.141
    },
    "facebook.com/1025179390848367": {
      "out": {
        "other": 1
      },
      "score": 0.141
    },
    "facebook.com/925625204140363": {
      "out": {
        "other": 1
      },
      "score": 0.141
    },
    "www.lexus-int.com": {
      "out": {
        "other": 1
      },
      "score": 0.141
    },
    "news.nike.com": {
      "out": {
        "other": 1
      },
      "score": 0.141
    },
    "facebook.com/1001395176594866": {
      "out": {
        "other": 1
      },
      "score": 0.141
    },
    "facebook.com/908995262516322": {
      "out": {
        "other": 1
      },
      "score": 0.141
    },
    "facebook.com/1020605134657766": {
      "out": {
        "other": 1
      },
      "score": 0.141
    },
    "facebook.com/1630926423823982": {
      "out": {
        "other": 1
      },
      "score": 0.141
    }
  }
}