{
  "domain": "chrisroos.co.uk",
  "urls": [
    "http://chrisroos.co.uk/"
  ],
  "names": [
    "Welcome - Chris Roos"
  ],
  "descriptions": [],
  "pictures": [
    "http://chrisroos.co.uk/images/favicon.gif"
  ],
  "hcard": {},
  "rel_mes": [
    "https://github.com/chrisroos"
  ],
  "crawl_start": "2017-04-23T23:23:28",
  "crawl_end": "2017-04-23T23:28:37",
  "num_pages": 339,
  "total_html_size": 2311955,
  "servers": [
    "Apache (FreeBSD) mod_ssl OpenSSLq DAV"
  ],
  "mf2_classes": [
    "h-card",
    "h-review"
  ],
  "tags": [
    "relme",
    "IRC"
  ],
  "endpoints": {},
  "links_out": 2397,
  "links_in": 46,
  "links": {
    "creativecommons.org": {
      "out": {
        "other": 670
      },
      "score": 1
    },
    "en.wikipedia.org": {
      "out": {
        "other": 180
      },
      "score": 0.818
    },
    "github.com": {
      "out": {
        "other": 81
      },
      "score": 0.707
    },
    "www.reevoo.com": {
      "out": {
        "other": 62
      },
      "score": 0.669
    },
    "chrisroos.googlecode.com": {
      "out": {
        "other": 37
      },
      "score": 0.597
    },
    "www.flickr.com": {
      "out": {
        "other": 26
      },
      "score": 0.549
    },
    "addons.mozilla.org": {
      "out": {
        "other": 26
      },
      "score": 0.549
    },
    "interblah.net": {
      "out": {
        "other": 24
      },
      "score": 0.538
    },
    "hashblue.com": {
      "out": {
        "other": 23
      },
      "score": 0.532
    },
    "www.amazon.co.uk": {
      "out": {
        "other": 22
      },
      "score": 0.525
    },
    "del.icio.us": {
      "out": {
        "other": 21
      },
      "score": 0.519
    },
    "flickr.com": {
      "out": {
        "other": 21
      },
      "score": 0.519
    },
    "kalv.co.uk": {
      "out": {
        "other": 21
      },
      "score": 0.519
    },
    "jasoncale.com": {
      "out": {
        "other": 20
      },
      "score": 0.512
    },
    "www.ruby-lang.org": {
      "out": {
        "other": 20
      },
      "score": 0.512
    },
    "httpd.apache.org": {
      "out": {
        "other": 19
      },
      "score": 0.506
    },
    "www.google.com": {
      "out": {
        "other": 19
      },
      "score": 0.506
    },
    "code.google.com": {
      "out": {
        "other": 17
      },
      "score": 0.490
    },
    "www.w3.org": {
      "out": {
        "other": 16
      },
      "score": 0.482
    },
    "groups.google.com": {
      "out": {
        "other": 15
      },
      "score": 0.472
    },
    "tomafro.net": {
      "out": {
        "other": 14
      },
      "score": 0.462
    },
    "curl.haxx.se": {
      "out": {
        "other": 13
      },
      "score": 0.453
    },
    "indieweb.org": {
      "in": {
        "other": 26
      },
      "score": 0.453
    },
    "gofreerange.com": {
      "out": {
        "other": 12
      },
      "score": 0.442
    },
    "twitter.com/chrisroos": {
      "out": {
        "other": 12
      },
      "score": 0.442
    },
    "www.o2.co.uk": {
      "out": {
        "other": 12
      },
      "score": 0.442
    },
    "blog.floehopper.org": {
      "out": {
        "other": 10
      },
      "score": 0.417
    },
    "www.rubyonrails.com": {
      "out": {
        "other": 10
      },
      "score": 0.417
    },
    "www.apple.com": {
      "out": {
        "other": 10
      },
      "score": 0.417
    },
    "www.bbc.co.uk": {
      "out": {
        "other": 10
      },
      "score": 0.417
    },
    "ruby-doc.org": {
      "out": {
        "other": 10
      },
      "score": 0.417
    },
    "userscripts.org": {
      "out": {
        "other": 9
      },
      "score": 0.401
    },
    "www.wesabe.com": {
      "out": {
        "other": 9
      },
      "score": 0.401
    },
    "www.google.co.uk": {
      "out": {
        "other": 9
      },
      "score": 0.401
    },
    "developer.apple.com": {
      "out": {
        "other": 9
      },
      "score": 0.401
    },
    "api.rubyonrails.com": {
      "out": {
        "other": 8
      },
      "score": 0.385
    },
    "www.mozilla.com": {
      "out": {
        "other": 8
      },
      "score": 0.385
    },
    "jamesmead.org": {
      "out": {
        "other": 8
      },
      "score": 0.385
    },
    "wikipedia.org": {
      "out": {
        "other": 8
      },
      "score": 0.385
    },
    "seagul.co.uk": {
      "out": {
        "other": 7
      },
      "score": 0.367
    },
    "www.rubyonrails.org": {
      "out": {
        "other": 7
      },
      "score": 0.367
    },
    "microformats.org": {
      "out": {
        "other": 7
      },
      "score": 0.367
    },
    "www.puppetlabs.com": {
      "out": {
        "other": 7
      },
      "score": 0.367
    },
    "blade.nagaokaut.ac.jp": {
      "out": {
        "other": 7
      },
      "score": 0.367
    },
    "www.wikipedia.org": {
      "out": {
        "other": 6
      },
      "score": 0.344
    },
    "rubyforge.org": {
      "out": {
        "other": 6
      },
      "score": 0.344
    },
    "aws.amazon.com": {
      "out": {
        "other": 6
      },
      "score": 0.344
    },
    "subversion.tigris.org": {
      "out": {
        "other": 6
      },
      "score": 0.344
    },
    "chat.indieweb.org": {
      "in": {
        "other": 12
      },
      "score": 0.344
    },
    "www.modrails.com": {
      "out": {
        "other": 5
      },
      "score": 0.319
    },
    "rubyonrails.org": {
      "out": {
        "other": 5
      },
      "score": 0.319
    },
    "api.rubyonrails.org": {
      "out": {
        "other": 5
      },
      "score": 0.319
    },
    "nubyonrails.com": {
      "out": {
        "other": 5
      },
      "score": 0.319
    },
    "www.pwdhash.com": {
      "out": {
        "other": 5
      },
      "score": 0.319
    },
    "www.freebsd.org": {
      "out": {
        "other": 5
      },
      "score": 0.319
    },
    "mongrel.rubyforge.org": {
      "out": {
        "other": 5
      },
      "score": 0.319
    },
    "wiki.rubyonrails.org": {
      "out": {
        "other": 5
      },
      "score": 0.319
    },
    "adwords.google.com": {
      "out": {
        "other": 5
      },
      "score": 0.319
    },
    "www.typosphere.org": {
      "out": {
        "other": 5
      },
      "score": 0.319
    },
    "www.hmrc.gov.uk": {
      "out": {
        "other": 5
      },
      "score": 0.319
    },
    "www.ofx.net": {
      "out": {
        "other": 5
      },
      "score": 0.319
    },
    "netgear.co.uk": {
      "out": {
        "other": 4
      },
      "score": 0.289
    },
    "www.imdb.com": {
      "out": {
        "other": 4
      },
      "score": 0.289
    },
    "twitter.com": {
      "out": {
        "other": 4
      },
      "score": 0.289
    },
    "code.whytheluckystiff.net": {
      "out": {
        "other": 4
      },
      "score": 0.289
    },
    "www.mysql.org": {
      "out": {
        "other": 4
      },
      "score": 0.289
    },
    "www.fngtps.com": {
      "out": {
        "other": 4
      },
      "score": 0.289
    },
    "www.backpackit.com": {
      "out": {
        "other": 4
      },
      "score": 0.289
    },
    "www.ebay.co.uk": {
      "out": {
        "other": 4
      },
      "score": 0.289
    },
    "chimprawk.blogspot.com": {
      "out": {
        "other": 4
      },
      "score": 0.289
    },
    "nationalrail.co.uk": {
      "out": {
        "other": 4
      },
      "score": 0.289
    },
    "vimeo.com": {
      "out": {
        "other": 4
      },
      "score": 0.289
    },
    "docs.amazonwebservices.com": {
      "out": {
        "other": 4
      },
      "score": 0.289
    },
    "www.printeriordesign.co.uk": {
      "out": {
        "other": 4
      },
      "score": 0.289
    },
    "www.dropbox.com": {
      "out": {
        "other": 3
      },
      "score": 0.249
    },
    "wiki.rubyonrails.com": {
      "out": {
        "other": 3
      },
      "score": 0.249
    },
    "about": {
      "out": {
        "other": 3
      },
      "score": 0.249
    },
    "claimid.com": {
      "out": {
        "other": 3
      },
      "score": 0.249
    },
    "rake.rubyforge.org": {
      "out": {
        "other": 3
      },
      "score": 0.249
    },
    "www.strongspace.com": {
      "out": {
        "other": 3
      },
      "score": 0.249
    },
    "thames-time-lapse.chrisroos.co.uk": {
      "out": {
        "other": 3
      },
      "score": 0.249
    },
    "www.hpl.hp.com": {
      "out": {
        "other": 3
      },
      "score": 0.249
    },
    "blog.hashblue.com": {
      "out": {
        "other": 3
      },
      "score": 0.249
    },
    "southeasternrailway.co.uk": {
      "out": {
        "other": 3
      },
      "score": 0.249
    },
    "www.youtube.com": {
      "out": {
        "other": 3
      },
      "score": 0.249
    },
    "tech.groups.yahoo.com": {
      "out": {
        "other": 3
      },
      "score": 0.249
    },
    "www.techcrunch.com": {
      "out": {
        "other": 3
      },
      "score": 0.249
    },
    "www.ruby-doc.org": {
      "out": {
        "other": 3
      },
      "score": 0.249
    },
    "tsung.erlang-projects.org": {
      "out": {
        "other": 3
      },
      "score": 0.249
    },
    "delicious.com": {
      "out": {
        "other": 3
      },
      "score": 0.249
    },
    "buildconf.com": {
      "out": {
        "other": 3
      },
      "score": 0.249
    },
    "dev.mysql.com": {
      "out": {
        "other": 3
      },
      "score": 0.249
    },
    "www.faqs.org": {
      "out": {
        "other": 3
      },
      "score": 0.249
    },
    "www.scripting.com": {
      "out": {
        "other": 3
      },
      "score": 0.249
    },
    "chrisjroos.stikipad.com": {
      "out": {
        "other": 3
      },
      "score": 0.249
    },
    "pwdhash.com": {
      "out": {
        "other": 3
      },
      "score": 0.249
    },
    "po-ru.com": {
      "out": {
        "other": 3
      },
      "score": 0.249
    },
    "s3.amazonaws.com": {
      "out": {
        "other": 3
      },
      "score": 0.249
    },
    "scottstuff.net": {
      "out": {
        "other": 3
      },
      "score": 0.249
    },
    "www.eliotfineberg.com": {
      "out": {
        "other": 3
      },
      "score": 0.249
    },
    "www.shopping.com": {
      "out": {
        "other": 3
      },
      "score": 0.249
    },
    "www.twitter.com": {
      "out": {
        "other": 3
      },
      "score": 0.249
    },
    "activeplaces.com": {
      "out": {
        "other": 3
      },
      "score": 0.249
    },
    "www.nationalrail.co.uk": {
      "out": {
        "other": 3
      },
      "score": 0.249
    },
    "rubygems.org": {
      "out": {
        "other": 3
      },
      "score": 0.249
    },
    "www.cs.wisc.edu": {
      "out": {
        "other": 3
      },
      "score": 0.249
    },
    "cm.buildconf.com": {
      "out": {
        "other": 3
      },
      "score": 0.249
    },
    "www.sixapart.com": {
      "out": {
        "other": 3
      },
      "score": 0.249
    },
    "jquery.com": {
      "out": {
        "other": 3
      },
      "score": 0.249
    },
    "developer.yahoo.com": {
      "out": {
        "other": 3
      },
      "score": 0.249
    },
    "webby.rubyforge.org": {
      "out": {
        "other": 3
      },
      "score": 0.249
    },
    "www.beerintheevening.com": {
      "out": {
        "other": 3
      },
      "score": 0.249
    },
    "pajhome.org.uk": {
      "out": {
        "other": 2
      },
      "score": 0.193
    },
    "allconsuming.net": {
      "out": {
        "other": 2
      },
      "score": 0.193
    },
    "dev.rubyonrails.org": {
      "out": {
        "other": 2
      },
      "score": 0.193
    },
    "play.google.com": {
      "out": {
        "other": 2
      },
      "score": 0.193
    },
    "www.basecamphq.com": {
      "out": {
        "other": 2
      },
      "score": 0.193
    },
    "jakarta.apache.org": {
      "out": {
        "other": 2
      },
      "score": 0.193
    },
    "blogs.law.harvard.edu": {
      "out": {
        "other": 2
      },
      "score": 0.193
    },
    "mongoid.org": {
      "out": {
        "other": 2
      },
      "score": 0.193
    },
    "www.fastcgi.com": {
      "out": {
        "other": 2
      },
      "score": 0.193
    },
    "behaviour-driven.org": {
      "out": {
        "other": 2
      },
      "score": 0.193
    },
    "news.bbc.co.uk": {
      "out": {
        "other": 2
      },
      "score": 0.193
    },
    "asg.web.cmu.edu": {
      "out": {
        "other": 2
      },
      "score": 0.193
    },
    "www.skype.com": {
      "out": {
        "other": 2
      },
      "score": 0.193
    },
    "www.riffs.com": {
      "out": {
        "other": 2
      },
      "score": 0.193
    },
    "www.android.com": {
      "out": {
        "other": 2
      },
      "score": 0.193
    },
    "www.exonetric.com": {
      "out": {
        "other": 2
      },
      "score": 0.193
    },
    "sqlite.org": {
      "out": {
        "other": 2
      },
      "score": 0.193
    },
    "git-scm.com": {
      "out": {
        "other": 2
      },
      "score": 0.193
    },
    "googlewebmastercentral.blogspot.com": {
      "out": {
        "other": 2
      },
      "score": 0.193
    },
    "printer-bookmarks.heroku.com": {
      "out": {
        "other": 2
      },
      "score": 0.193
    },
    "trackbacks.seagul.co.uk": {
      "out": {
        "other": 2
      },
      "score": 0.193
    },
    "www.audible.co.uk": {
      "out": {
        "other": 2
      },
      "score": 0.193
    },
    "www.thinkbroadband.com": {
      "out": {
        "other": 2
      },
      "score": 0.193
    },
    "www.adobe.com": {
      "out": {
        "other": 2
      },
      "score": 0.193
    },
    "getfirebug.com": {
      "out": {
        "other": 2
      },
      "score": 0.193
    },
    "www.tadalist.com": {
      "out": {
        "other": 2
      },
      "score": 0.193
    },
    "www.centos.org": {
      "out": {
        "other": 2
      },
      "score": 0.193
    },
    "www.pivotaltracker.com": {
      "out": {
        "other": 2
      },
      "score": 0.193
    },
    "www.guardian.co.uk": {
      "out": {
        "other": 2
      },
      "score": 0.193
    },
    "www.macports.org": {
      "out": {
        "other": 2
      },
      "score": 0.193
    },
    "streetmap.co.uk": {
      "out": {
        "other": 2
      },
      "score": 0.193
    },
    "www.wayfaring.com": {
      "out": {
        "other": 2
      },
      "score": 0.193
    },
    "www.json.org": {
      "out": {
        "other": 2
      },
      "score": 0.193
    },
    "www.techbelly.com": {
      "out": {
        "other": 2
      },
      "score": 0.193
    },
    "answers.yahoo.com": {
      "out": {
        "other": 2
      },
      "score": 0.193
    },
    "www.claimid.com": {
      "out": {
        "other": 2
      },
      "score": 0.193
    },
    "www.interestingnorth.com": {
      "out": {
        "other": 2
      },
      "score": 0.193
    },
    "www.webrick.org": {
      "out": {
        "other": 2
      },
      "score": 0.193
    },
    "www.ingdirect.co.uk": {
      "out": {
        "other": 2
      },
      "score": 0.193
    },
    "www.t-mobileg1.com": {
      "out": {
        "other": 2
      },
      "score": 0.193
    },
    "ademdjemil.co.uk": {
      "out": {
        "other": 2
      },
      "score": 0.193
    },
    "crypto.stanford.edu": {
      "out": {
        "other": 2
      },
      "score": 0.193
    },
    "webkit.org": {
      "out": {
        "other": 2
      },
      "score": 0.193
    },
    "www.bloglines.com": {
      "out": {
        "other": 2
      },
      "score": 0.193
    },
    "www.netgear.co.uk": {
      "out": {
        "other": 2
      },
      "score": 0.193
    },
    "livehttpheaders.mozdev.org": {
      "out": {
        "other": 2
      },
      "score": 0.193
    },
    "www.microid.org": {
      "out": {
        "other": 2
      },
      "score": 0.193
    },
    "www.thisiskent.co.uk": {
      "out": {
        "other": 2
      },
      "score": 0.193
    },
    "fleetingideas.com": {
      "out": {
        "other": 2
      },
      "score": 0.193
    },
    "twitter.com/dmitrykandalov": {
      "out": {
        "other": 2
      },
      "score": 0.193
    },
    "global": {
      "out": {
        "other": 2
      },
      "score": 0.193
    },
    "simonwillison.net": {
      "out": {
        "other": 2
      },
      "score": 0.193
    },
    "the-local-paper.co.uk": {
      "out": {
        "other": 2
      },
      "score": 0.193
    },
    "bugs.webkit.org": {
      "out": {
        "other": 2
      },
      "score": 0.193
    },
    "maps.google.co.uk": {
      "out": {
        "other": 2
      },
      "score": 0.193
    },
    "www.ietf.org": {
      "out": {
        "other": 2
      },
      "score": 0.193
    },
    "ticosa.org": {
      "out": {
        "other": 2
      },
      "score": 0.193
    },
    "www.martinfowler.com": {
      "out": {
        "other": 2
      },
      "score": 0.193
    },
    "ghouston.blogspot.com": {
      "out": {
        "other": 2
      },
      "score": 0.193
    },
    "seashore.sourceforge.net": {
      "out": {
        "other": 2
      },
      "score": 0.193
    },
    "www.rojo.com": {
      "out": {
        "other": 2
      },
      "score": 0.193
    },
    "blogs.pragprog.com": {
      "out": {
        "other": 2
      },
      "score": 0.193
    },
    "reevoo.com": {
      "out": {
        "other": 2
      },
      "score": 0.193
    },
    "www.heroku.com": {
      "out": {
        "other": 2
      },
      "score": 0.193
    },
    "twitter.com/serenamchugh": {
      "out": {
        "other": 2
      },
      "score": 0.193
    },
    "andylangton.co.uk": {
      "out": {
        "other": 2
      },
      "score": 0.193
    },
    "macromates.com": {
      "out": {
        "other": 2
      },
      "score": 0.193
    },
    "mail.google.com": {
      "out": {
        "other": 2
      },
      "score": 0.193
    },
    "www.freshports.org": {
      "out": {
        "other": 2
      },
      "score": 0.193
    },
    "www.macromates.com": {
      "out": {
        "other": 2
      },
      "score": 0.193
    },
    "www.theyworkforyou.com": {
      "out": {
        "other": 2
      },
      "score": 0.193
    },
    "www.mozilla.org": {
      "out": {
        "other": 2
      },
      "score": 0.193
    },
    "blog.claimid.com": {
      "out": {
        "other": 2
      },
      "score": 0.193
    },
    "bugs.launchpad.net": {
      "out": {
        "other": 2
      },
      "score": 0.193
    },
    "earth.google.com": {
      "out": {
        "other": 2
      },
      "score": 0.193
    },
    "rails.lighthouseapp.com": {
      "out": {
        "other": 2
      },
      "score": 0.193
    },
    "deliciolytics.co.uk": {
      "out": {
        "other": 2
      },
      "score": 0.193
    },
    "docs.jquery.com": {
      "out": {
        "other": 2
      },
      "score": 0.193
    },
    "www.t-mobile.co.uk": {
      "out": {
        "other": 2
      },
      "score": 0.193
    },
    "www.snowdoniaslateman.com": {
      "out": {
        "other": 2
      },
      "score": 0.193
    },
    "gist.github.com": {
      "out": {
        "other": 2
      },
      "score": 0.193
    },
    "www.gnupg.org": {
      "out": {
        "other": 2
      },
      "score": 0.193
    },
    "www.adiumx.com": {
      "out": {
        "other": 2
      },
      "score": 0.193
    },
    "www.joedog.org": {
      "out": {
        "other": 2
      },
      "score": 0.193
    },
    "www.linode.com": {
      "out": {
        "other": 2
      },
      "score": 0.193
    },
    "pragmaticprogrammer.com": {
      "out": {
        "other": 2
      },
      "score": 0.193
    },
    "twitter.com/natrailenq": {
      "out": {
        "other": 2
      },
      "score": 0.193
    },
    "www.sqlite.org": {
      "out": {
        "other": 2
      },
      "score": 0.193
    },
    "birchington.blogspot.com": {
      "out": {
        "other": 2
      },
      "score": 0.193
    },
    "www.instiki.org": {
      "out": {
        "other": 2
      },
      "score": 0.193
    },
    "typo.leetsoft.com": {
      "out": {
        "other": 2
      },
      "score": 0.193
    },
    "www.identity20.com": {
      "out": {
        "other": 2
      },
      "score": 0.193
    },
    "jpreardon.com": {
      "in": {
        "other": 3
      },
      "score": 0.153
    },
    "tommorris.org": {
      "in": {
        "other": 3
      },
      "score": 0.153
    },
    "127.0.0.1": {
      "out": {
        "other": 1
      },
      "score": 0.0962
    },
    "bloglines.com": {
      "out": {
        "other": 1
      },
      "score": 0.0962
    },
    "gears.google.com": {
      "out": {
        "other": 1
      },
      "score": 0.0962
    },
    "twitter.com/help": {
      "out": {
        "other": 1
      },
      "score": 0.0962
    },
    "www.haysgalleria.co.uk": {
      "out": {
        "other": 1
      },
      "score": 0.0962
    },
    "www.newhamlondonrun.org": {
      "out": {
        "other": 1
      },
      "score": 0.0962
    },
    "www.unicode.org": {
      "out": {
        "other": 1
      },
      "score": 0.0962
    },
    "example.com": {
      "out": {
        "other": 1
      },
      "score": 0.0962
    },
    "support.garmin.com": {
      "out": {
        "other": 1
      },
      "score": 0.0962
    },
    "theyworkforyou.com": {
      "out": {
        "other": 1
      },
      "score": 0.0962
    },
    "www.disqus.com": {
      "out": {
        "other": 1
      },
      "score": 0.0962
    },
    "www.fastmail.co.uk": {
      "out": {
        "other": 1
      },
      "score": 0.0962
    },
    "www.picturehouses.co.uk": {
      "out": {
        "other": 1
      },
      "score": 0.0962
    },
    "www.trackbackr.com": {
      "out": {
        "other": 1
      },
      "score": 0.0962
    },
    "www.tumblr.com": {
      "out": {
        "other": 1
      },
      "score": 0.0962
    },
    "blog.phusion.nl": {
      "out": {
        "other": 1
      },
      "score": 0.0962
    },
    "downloads.tonicsystems.com": {
      "out": {
        "other": 1
      },
      "score": 0.0962
    },
    "json.org": {
      "out": {
        "other": 1
      },
      "score": 0.0962
    },
    "www.airjam.co.uk": {
      "out": {
        "other": 1
      },
      "score": 0.0962
    },
    "www.kernelthread.com": {
      "out": {
        "other": 1
      },
      "score": 0.0962
    },
    "www.rubyquiz.com": {
      "out": {
        "other": 1
      },
      "score": 0.0962
    },
    "www.textism.com": {
      "out": {
        "other": 1
      },
      "score": 0.0962
    },
    "www.theoutdoorsshow.co.uk": {
      "out": {
        "other": 1
      },
      "score": 0.0962
    },
    "campfirenow.com": {
      "out": {
        "other": 1
      },
      "score": 0.0962
    },
    "three.co.uk": {
      "out": {
        "other": 1
      },
      "score": 0.0962
    },
    "twitter.com/adem": {
      "out": {
        "other": 1
      },
      "score": 0.0962
    },
    "www.asterisk.org": {
      "out": {
        "other": 1
      },
      "score": 0.0962
    },
    "www.encodex.com": {
      "out": {
        "other": 1
      },
      "score": 0.0962
    },
    "www.macosxautomation.com": {
      "out": {
        "other": 1
      },
      "score": 0.0962
    },
    "www.royalmail.co.uk": {
      "out": {
        "other": 1
      },
      "score": 0.0962
    },
    "www.webdeavour.co.uk": {
      "out": {
        "other": 1
      },
      "score": 0.0962
    },
    "google.com": {
      "out": {
        "other": 1
      },
      "score": 0.0962
    },
    "nytimes.rubyforge.org": {
      "out": {
        "other": 1
      },
      "score": 0.0962
    },
    "www.floehopper.org": {
      "out": {
        "other": 1
      },
      "score": 0.0962
    },
    "www.newtonfaulkner.com": {
      "out": {
        "other": 1
      },
      "score": 0.0962
    },
    "www.revieworld.com": {
      "out": {
        "other": 1
      },
      "score": 0.0962
    },
    "www.swig.org": {
      "out": {
        "other": 1
      },
      "score": 0.0962
    },
    "feed-tank.com": {
      "out": {
        "other": 1
      },
      "score": 0.0962
    },
    "groups-beta.google.com": {
      "out": {
        "other": 1
      },
      "score": 0.0962
    },
    "rspec.info": {
      "out": {
        "other": 1
      },
      "score": 0.0962
    },
    "simon.incutio.com": {
      "out": {
        "other": 1
      },
      "score": 0.0962
    },
    "www.maharajah-restaurant.co.uk": {
      "out": {
        "other": 1
      },
      "score": 0.0962
    },
    "barryfrost.com": {
      "in": {
        "other": 2
      },
      "score": 0.0962
    },
    "akismet.com": {
      "out": {
        "other": 1
      },
      "score": 0.0962
    },
    "www.allegrosoft.com": {
      "out": {
        "other": 1
      },
      "score": 0.0962
    },
    "www.feedshow.com": {
      "out": {
        "other": 1
      },
      "score": 0.0962
    },
    "www.peepcode.org": {
      "out": {
        "other": 1
      },
      "score": 0.0962
    },
    "www.prototypejs.org": {
      "out": {
        "other": 1
      },
      "score": 0.0962
    },
    "www.thecamplondon.com": {
      "out": {
        "other": 1
      },
      "score": 0.0962
    },
    "lazyatom.com": {
      "out": {
        "other": 1
      },
      "score": 0.0962
    },
    "reader.google.com": {
      "out": {
        "other": 1
      },
      "score": 0.0962
    },
    "rooreynolds.com": {
      "out": {
        "other": 1
      },
      "score": 0.0962
    },
    "www.brazenmonkey.co.uk": {
      "out": {
        "other": 1
      },
      "score": 0.0962
    },
    "www.stunnel.org": {
      "out": {
        "other": 1
      },
      "score": 0.0962
    },
    "egg.com": {
      "out": {
        "other": 1
      },
      "score": 0.0962
    },
    "gcc.gnu.org": {
      "out": {
        "other": 1
      },
      "score": 0.0962
    },
    "maps.google.com": {
      "out": {
        "other": 1
      },
      "score": 0.0962
    },
    "www.ademweb.co.uk": {
      "out": {
        "other": 1
      },
      "score": 0.0962
    },
    "www.amoi.com": {
      "out": {
        "other": 1
      },
      "score": 0.0962
    },
    "www.jroller.com": {
      "out": {
        "other": 1
      },
      "score": 0.0962
    },
    "www.lerup.com": {
      "out": {
        "other": 1
      },
      "score": 0.0962
    },
    "www.madebymany.co.uk": {
      "out": {
        "other": 1
      },
      "score": 0.0962
    },
    "www.newnet.co.uk": {
      "out": {
        "other": 1
      },
      "score": 0.0962
    },
    "www.openswan.org": {
      "out": {
        "other": 1
      },
      "score": 0.0962
    },
    "www.smallthought.com": {
      "out": {
        "other": 1
      },
      "score": 0.0962
    },
    "mubi.com": {
      "out": {
        "other": 1
      },
      "score": 0.0962
    },
    "piston.rubyforge.org": {
      "out": {
        "other": 1
      },
      "score": 0.0962
    },
    "svnbook.red-bean.com": {
      "out": {
        "other": 1
      },
      "score": 0.0962
    },
    "weblog.jamisbuck.org": {
      "out": {
        "other": 1
      },
      "score": 0.0962
    },
    "www.keeganjones.com": {
      "out": {
        "other": 1
      },
      "score": 0.0962
    },
    "www.memespring.co.uk": {
      "out": {
        "other": 1
      },
      "score": 0.0962
    },
    "www.slideshare.net": {
      "out": {
        "other": 1
      },
      "score": 0.0962
    },
    "support.getexceptional.com": {
      "out": {
        "other": 1
      },
      "score": 0.0962
    },
    "weblog.rubyonrails.com": {
      "out": {
        "other": 1
      },
      "score": 0.0962
    },
    "www.allthingsdistributed.com": {
      "out": {
        "other": 1
      },
      "score": 0.0962
    },
    "www.firstascentseries.com": {
      "out": {
        "other": 1
      },
      "score": 0.0962
    },
    "www.freespire.org": {
      "out": {
        "other": 1
      },
      "score": 0.0962
    },
    "www.gimp.org": {
      "out": {
        "other": 1
      },
      "score": 0.0962
    },
    "www.tonicsystems.com": {
      "out": {
        "other": 1
      },
      "score": 0.0962
    },
    "xbmc.org": {
      "out": {
        "other": 1
      },
      "score": 0.0962
    },
    "nokogiri.org": {
      "out": {
        "other": 1
      },
      "score": 0.0962
    },
    "rubyonrails.com": {
      "out": {
        "other": 1
      },
      "score": 0.0962
    },
    "www.emmamulqueeny.com": {
      "out": {
        "other": 1
      },
      "score": 0.0962
    },
    "www.tempest-technology.com": {
      "out": {
        "other": 1
      },
      "score": 0.0962
    },
    "www.waggr.com": {
      "out": {
        "other": 1
      },
      "score": 0.0962
    },
    "twaud.io": {
      "out": {
        "other": 1
      },
      "score": 0.0962
    },
    "unixhelp.ed.ac.uk": {
      "out": {
        "other": 1
      },
      "score": 0.0962
    },
    "www.eribium.org": {
      "out": {
        "other": 1
      },
      "score": 0.0962
    },
    "www.htc.com": {
      "out": {
        "other": 1
      },
      "score": 0.0962
    },
    "www.slashdot.com": {
      "out": {
        "other": 1
      },
      "score": 0.0962
    },
    "www.theasgardproject.com": {
      "out": {
        "other": 1
      },
      "score": 0.0962
    },
    "deisui.org": {
      "out": {
        "other": 1
      },
      "score": 0.0962
    },
    "www.feedlounge.com": {
      "out": {
        "other": 1
      },
      "score": 0.0962
    },
    "www.phusionpassenger.com": {
      "out": {
        "other": 1
      },
      "score": 0.0962
    },
    "www.rockbox.org": {
      "out": {
        "other": 1
      },
      "score": 0.0962
    },
    "coupde.com": {
      "out": {
        "other": 1
      },
      "score": 0.0962
    },
    "hudson-ci.org": {
      "out": {
        "other": 1
      },
      "score": 0.0962
    },
    "ryandaigle.com": {
      "out": {
        "other": 1
      },
      "score": 0.0962
    },
    "swimmingpools.iamnear.net": {
      "out": {
        "other": 1
      },
      "score": 0.0962
    },
    "tomtaylor.co.uk": {
      "out": {
        "other": 1
      },
      "score": 0.0962
    },
    "twitter.com/chrisoldwood": {
      "out": {
        "other": 1
      },
      "score": 0.0962
    },
    "www.paolonutini.com": {
      "out": {
        "other": 1
      },
      "score": 0.0962
    },
    "www.pearsonified.com": {
      "out": {
        "other": 1
      },
      "score": 0.0962
    },
    "www.sinatrarb.com": {
      "out": {
        "other": 1
      },
      "score": 0.0962
    },
    "mac.github.com": {
      "out": {
        "other": 1
      },
      "score": 0.0962
    },
    "solwise.co.uk": {
      "out": {
        "other": 1
      },
      "score": 0.0962
    },
    "weed.rbse.com": {
      "out": {
        "other": 1
      },
      "score": 0.0962
    },
    "www.ash-official.com": {
      "out": {
        "other": 1
      },
      "score": 0.0962
    },
    "www.scottmatthewsmusic.co.uk": {
      "out": {
        "other": 1
      },
      "score": 0.0962
    },
    "www.twonkyvision.de": {
      "out": {
        "other": 1
      },
      "score": 0.0962
    },
    "peepcode.com": {
      "out": {
        "other": 1
      },
      "score": 0.0962
    },
    "railsblob.blogspot.com": {
      "out": {
        "other": 1
      },
      "score": 0.0962
    },
    "www.2rss.com": {
      "out": {
        "other": 1
      },
      "score": 0.0962
    },
    "www.channelswimmingassociation.com": {
      "out": {
        "other": 1
      },
      "score": 0.0962
    },
    "www.rapidtask.com": {
      "out": {
        "other": 1
      },
      "score": 0.0962
    },
    "www.sportengland.org": {
      "out": {
        "other": 1
      },
      "score": 0.0962
    },
    "mmonit.com": {
      "out": {
        "other": 1
      },
      "score": 0.0962
    },
    "opensearch.org": {
      "out": {
        "other": 1
      },
      "score": 0.0962
    },
    "rubygems.rubyforge.org": {
      "out": {
        "other": 1
      },
      "score": 0.0962
    },
    "seleniumhq.org": {
      "out": {
        "other": 1
      },
      "score": 0.0962
    },
    "www.dailymugshot.com": {
      "out": {
        "other": 1
      },
      "score": 0.0962
    },
    "www.egg.com": {
      "out": {
        "other": 1
      },
      "score": 0.0962
    },
    "www.foxitsoftware.com": {
      "out": {
        "other": 1
      },
      "score": 0.0962
    },
    "www.labnol.org": {
      "out": {
        "other": 1
      },
      "score": 0.0962
    },
    "www.london2012.com": {
      "out": {
        "other": 1
      },
      "score": 0.0962
    },
    "www.soocial.com": {
      "out": {
        "other": 1
      },
      "score": 0.0962
    },
    "www.theo2.co.uk": {
      "out": {
        "other": 1
      },
      "score": 0.0962
    },
    "www.thethreepeakschallenge.co.uk": {
      "out": {
        "other": 1
      },
      "score": 0.0962
    },
    "www.traintimes.org.uk": {
      "out": {
        "other": 1
      },
      "score": 0.0962
    },
    "www.tripwolf.com": {
      "out": {
        "other": 1
      },
      "score": 0.0962
    },
    "blog.outer-court.com": {
      "out": {
        "other": 1
      },
      "score": 0.0962
    },
    "daftpixel.wordpress.com": {
      "out": {
        "other": 1
      },
      "score": 0.0962
    },
    "firefox.com": {
      "out": {
        "other": 1
      },
      "score": 0.0962
    },
    "itunes.apple.com": {
      "out": {
        "other": 1
      },
      "score": 0.0962
    },
    "jungledisk.com": {
      "out": {
        "other": 1
      },
      "score": 0.0962
    },
    "mailme.uk2net.com": {
      "out": {
        "other": 1
      },
      "score": 0.0962
    },
    "smtp2web.com": {
      "out": {
        "other": 1
      },
      "score": 0.0962
    },
    "tubejp.co.uk": {
      "out": {
        "other": 1
      },
      "score": 0.0962
    },
    "www.dropsend.com": {
      "out": {
        "other": 1
      },
      "score": 0.0962
    },
    "www.greatswim.org": {
      "out": {
        "other": 1
      },
      "score": 0.0962
    },
    "www.handlebarclub.co.uk": {
      "out": {
        "other": 1
      },
      "score": 0.0962
    },
    "www.linspire.com": {
      "out": {
        "other": 1
      },
      "score": 0.0962
    },
    "www.mb7.com": {
      "out": {
        "other": 1
      },
      "score": 0.0962
    },
    "www.opensearch.org": {
      "out": {
        "other": 1
      },
      "score": 0.0962
    },
    "ccmenu.sourceforge.net": {
      "out": {
        "other": 1
      },
      "score": 0.0962
    },
    "developer.amazonwebservices.com": {
      "out": {
        "other": 1
      },
      "score": 0.0962
    },
    "gforge.org": {
      "out": {
        "other": 1
      },
      "score": 0.0962
    },
    "help.twitter.com": {
      "out": {
        "other": 1
      },
      "score": 0.0962
    },
    "openid.net": {
      "out": {
        "other": 1
      },
      "score": 0.0962
    },
    "prote.in": {
      "out": {
        "other": 1
      },
      "score": 0.0962
    },
    "twitter.com/bensales": {
      "out": {
        "other": 1
      },
      "score": 0.0962
    },
    "www.allconsuming.net": {
      "out": {
        "other": 1
      },
      "score": 0.0962
    },
    "www.edgewall.com": {
      "out": {
        "other": 1
      },
      "score": 0.0962
    },
    "www.fistral-blu.co.uk": {
      "out": {
        "other": 1
      },
      "score": 0.0962
    },
    "www.po-ru.com": {
      "out": {
        "other": 1
      },
      "score": 0.0962
    },
    "www.ripcurlboardmasters.com": {
      "out": {
        "other": 1
      },
      "score": 0.0962
    },
    "downforeveryoneorjustme.com": {
      "out": {
        "other": 1
      },
      "score": 0.0962
    },
    "img.dailymail.co.uk": {
      "out": {
        "other": 1
      },
      "score": 0.0962
    },
    "www.blinksale.com": {
      "out": {
        "other": 1
      },
      "score": 0.0962
    },
    "www.bloxor.com": {
      "out": {
        "other": 1
      },
      "score": 0.0962
    },
    "www.sharpreader.com": {
      "out": {
        "other": 1
      },
      "score": 0.0962
    },
    "www.tolcarnebeach.com": {
      "out": {
        "other": 1
      },
      "score": 0.0962
    },
    "www.trencreekholidaypark.co.uk": {
      "out": {
        "other": 1
      },
      "score": 0.0962
    },
    "am.rubyonrails.org": {
      "out": {
        "other": 1
      },
      "score": 0.0962
    },
    "madeleine.sourceforge.net": {
      "out": {
        "other": 1
      },
      "score": 0.0962
    },
    "platitudesundone.blogspot.co.uk": {
      "out": {
        "other": 1
      },
      "score": 0.0962
    },
    "www.rss-feed.org": {
      "out": {
        "other": 1
      },
      "score": 0.0962
    },
    "www.smallthought": {
      "out": {
        "other": 1
      },
      "score": 0.0962
    },
    "www.tightvnc.com": {
      "out": {
        "other": 1
      },
      "score": 0.0962
    },
    "ar.rubyonrails.org": {
      "out": {
        "other": 1
      },
      "score": 0.0962
    },
    "cruisecontrolrb.thoughtworks.com": {
      "out": {
        "other": 1
      },
      "score": 0.0962
    },
    "dev.ctor.org": {
      "out": {
        "other": 1
      },
      "score": 0.0962
    },
    "railspikes.com": {
      "out": {
        "other": 1
      },
      "score": 0.0962
    },
    "s3tools.org": {
      "out": {
        "other": 1
      },
      "score": 0.0962
    },
    "twitter.com/mfeathers": {
      "out": {
        "other": 1
      },
      "score": 0.0962
    },
    "www.portoframsgate.co.uk": {
      "out": {
        "other": 1
      },
      "score": 0.0962
    },
    "www.rssfreaks.com": {
      "out": {
        "other": 1
      },
      "score": 0.0962
    },
    "www.workingwithrails.com": {
      "out": {
        "other": 1
      },
      "score": 0.0962
    },
    "www.yahoo.com": {
      "out": {
        "other": 1
      },
      "score": 0.0962
    },
    "www.zenadsl.co.uk": {
      "out": {
        "other": 1
      },
      "score": 0.0962
    },
    "aim": {
      "out": {
        "other": 1
      },
      "score": 0.0962
    },
    "decenturl.com": {
      "out": {
        "other": 1
      },
      "score": 0.0962
    },
    "euroferries.co.uk": {
      "out": {
        "other": 1
      },
      "score": 0.0962
    },
    "habtm.com": {
      "out": {
        "other": 1
      },
      "score": 0.0962
    },
    "jgarber.lighthouseapp.com": {
      "out": {
        "other": 1
      },
      "score": 0.0962
    },
    "openqa.org": {
      "out": {
        "other": 1
      },
      "score": 0.0962
    },
    "projects.rewiredstate.org": {
      "out": {
        "other": 1
      },
      "score": 0.0962
    },
    "russelldavies.typepad.com": {
      "out": {
        "other": 1
      },
      "score": 0.0962
    },
    "twitter.com/stephaneducasse": {
      "out": {
        "other": 1
      },
      "score": 0.0962
    },
    "www.43things.com": {
      "out": {
        "other": 1
      },
      "score": 0.0962
    },
    "www.engadget.com": {
      "out": {
        "other": 1
      },
      "score": 0.0962
    },
    "www.fatvat.co.uk": {
      "out": {
        "other": 1
      },
      "score": 0.0962
    },
    "www.gnu.org": {
      "out": {
        "other": 1
      },
      "score": 0.0962
    },
    "www.intempodigital.com": {
      "out": {
        "other": 1
      },
      "score": 0.0962
    },
    "www.squarefree.com": {
      "out": {
        "other": 1
      },
      "score": 0.0962
    },
    "hotmail.com": {
      "out": {
        "other": 1
      },
      "score": 0.0962
    },
    "mocko.org.uk": {
      "out": {
        "other": 1
      },
      "score": 0.0962
    },
    "tbaggery.com": {
      "out": {
        "other": 1
      },
      "score": 0.0962
    },
    "www.benfogle.com": {
      "out": {
        "other": 1
      },
      "score": 0.0962
    },
    "www.interblah.net": {
      "out": {
        "other": 1
      },
      "score": 0.0962
    },
    "www.ryandaigle.com": {
      "out": {
        "other": 1
      },
      "score": 0.0962
    },
    "www.tadalists.com": {
      "out": {
        "other": 1
      },
      "score": 0.0962
    },
    "209.85.229.132": {
      "out": {
        "other": 1
      },
      "score": 0.0962
    },
    "rewiredstate.org": {
      "out": {
        "other": 1
      },
      "score": 0.0962
    },
    "rspec.rubyforge.org": {
      "out": {
        "other": 1
      },
      "score": 0.0962
    },
    "web2.wsj2.com": {
      "out": {
        "other": 1
      },
      "score": 0.0962
    },
    "www.odeo.com": {
      "out": {
        "other": 1
      },
      "score": 0.0962
    },
    "blog.webhooks.org": {
      "out": {
        "other": 1
      },
      "score": 0.0962
    },
    "danielsiddle.co.uk": {
      "out": {
        "other": 1
      },
      "score": 0.0962
    },
    "diveintomark.org": {
      "out": {
        "other": 1
      },
      "score": 0.0962
    },
    "moinmoin.wikiwikiweb.de": {
      "out": {
        "other": 1
      },
      "score": 0.0962
    },
    "redcloth.org": {
      "out": {
        "other": 1
      },
      "score": 0.0962
    },
    "upcoming.yahoo.com": {
      "out": {
        "other": 1
      },
      "score": 0.0962
    },
    "www.37signals.com": {
      "out": {
        "other": 1
      },
      "score": 0.0962
    },
    "www.43places.com": {
      "out": {
        "other": 1
      },
      "score": 0.0962
    },
    "www.blooberry.com": {
      "out": {
        "other": 1
      },
      "score": 0.0962
    },
    "www.chriscleave.com": {
      "out": {
        "other": 1
      },
      "score": 0.0962
    },
    "www.dataflame.co.uk": {
      "out": {
        "other": 1
      },
      "score": 0.0962
    },
    "www.ikea.com": {
      "out": {
        "other": 1
      },
      "score": 0.0962
    },
    "www.openqa.org": {
      "out": {
        "other": 1
      },
      "score": 0.0962
    },
    "www.tlphn.com": {
      "out": {
        "other": 1
      },
      "score": 0.0962
    },
    "chrome.google.com": {
      "out": {
        "other": 1
      },
      "score": 0.0962
    },
    "dmiessler.com": {
      "out": {
        "other": 1
      },
      "score": 0.0962
    },
    "last.fm": {
      "out": {
        "other": 1
      },
      "score": 0.0962
    },
    "twitter.com/stuartcurran": {
      "out": {
        "other": 1
      },
      "score": 0.0962
    },
    "www.hamachi.cc": {
      "out": {
        "other": 1
      },
      "score": 0.0962
    },
    "www.newsgator.com": {
      "out": {
        "other": 1
      },
      "score": 0.0962
    },
    "www.wired.com": {
      "out": {
        "other": 1
      },
      "score": 0.0962
    },
    "delicious-trackbacks.googlegroups.com": {
      "out": {
        "other": 1
      },
      "score": 0.0962
    },
    "gdisk.sourceforge.net": {
      "out": {
        "other": 1
      },
      "score": 0.0962
    },
    "opensource.apple.com": {
      "out": {
        "other": 1
      },
      "score": 0.0962
    },
    "www.amazon.com": {
      "out": {
        "other": 1
      },
      "score": 0.0962
    },
    "www.hsbc.co.uk": {
      "out": {
        "other": 1
      },
      "score": 0.0962
    },
    "chadfowler.com": {
      "out": {
        "other": 1
      },
      "score": 0.0962
    },
    "connect.garmin.com": {
      "out": {
        "other": 1
      },
      "score": 0.0962
    },
    "info.linspire.com": {
      "out": {
        "other": 1
      },
      "score": 0.0962
    },
    "urn": {
      "out": {
        "other": 1
      },
      "score": 0.0962
    },
    "www.elgato.com": {
      "out": {
        "other": 1
      },
      "score": 0.0962
    },
    "www.multimap.com": {
      "out": {
        "other": 1
      },
      "score": 0.0962
    },
    "www.sysinternals.com": {
      "out": {
        "other": 1
      },
      "score": 0.0962
    },
    "www.technorati.com": {
      "out": {
        "other": 1
      },
      "score": 0.0962
    },
    "www.weblogs.com": {
      "out": {
        "other": 1
      },
      "score": 0.0962
    },
    "dev.seagul.co.uk": {
      "out": {
        "other": 1
      },
      "score": 0.0962
    },
    "graticule.rubyforge.org": {
      "out": {
        "other": 1
      },
      "score": 0.0962
    },
    "svn.ruby-lang.org": {
      "out": {
        "other": 1
      },
      "score": 0.0962
    },
    "trac.edgewall.org": {
      "out": {
        "other": 1
      },
      "score": 0.0962
    },
    "twitter.com/danielbrolund": {
      "out": {
        "other": 1
      },
      "score": 0.0962
    },
    "www.bluehost.com": {
      "out": {
        "other": 1
      },
      "score": 0.0962
    },
    "www.canon.co.uk": {
      "out": {
        "other": 1
      },
      "score": 0.0962
    },
    "www.headshift.com": {
      "out": {
        "other": 1
      },
      "score": 0.0962
    },
    "www.iliumsoft.com": {
      "out": {
        "other": 1
      },
      "score": 0.0962
    },
    "adhearsion.com": {
      "out": {
        "other": 1
      },
      "score": 0.0962
    },
    "blame.ca": {
      "out": {
        "other": 1
      },
      "score": 0.0962
    },
    "google.co.uk": {
      "out": {
        "other": 1
      },
      "score": 0.0962
    },
    "jamesandre.ws": {
      "out": {
        "other": 1
      },
      "score": 0.0962
    },
    "rails.techno-weenie.net": {
      "out": {
        "other": 1
      },
      "score": 0.0962
    },
    "reader.bloogz.com": {
      "out": {
        "other": 1
      },
      "score": 0.0962
    },
    "www.chainreactioncycles.com": {
      "out": {
        "other": 1
      },
      "score": 0.0962
    },
    "www.lloydstsb.com": {
      "out": {
        "other": 1
      },
      "score": 0.0962
    },
    "www.mattandkimmusic.com": {
      "out": {
        "other": 1
      },
      "score": 0.0962
    },
    "www.niksargent.com": {
      "out": {
        "other": 1
      },
      "score": 0.0962
    },
    "twitter.com/ivanrmoore": {
      "out": {
        "other": 1
      },
      "score": 0.0962
    },
    "www.bigupproductions.com": {
      "out": {
        "other": 1
      },
      "score": 0.0962
    },
    "www.chadfowler.com": {
      "out": {
        "other": 1
      },
      "score": 0.0962
    },
    "www.daveastels.com": {
      "out": {
        "other": 1
      },
      "score": 0.0962
    },
    "www.geonames.org": {
      "out": {
        "other": 1
      },
      "score": 0.0962
    },
    "www.relentlessenergy.com": {
      "out": {
        "other": 1
      },
      "score": 0.0962
    },
    "beanrocket.com": {
      "out": {
        "other": 1
      },
      "score": 0.0962
    },
    "en.poderosa.org": {
      "out": {
        "other": 1
      },
      "score": 0.0962
    },
    "gembundler.com": {
      "out": {
        "other": 1
      },
      "score": 0.0962
    },
    "www.ffaf.co.uk": {
      "out": {
        "other": 1
      },
      "score": 0.0962
    },
    "www.iamnear.net": {
      "out": {
        "other": 1
      },
      "score": 0.0962
    },
    "www.lifehacker.com": {
      "out": {
        "other": 1
      },
      "score": 0.0962
    },
    "www.onyourbike.com": {
      "out": {
        "other": 1
      },
      "score": 0.0962
    },
    "www.raymears.com": {
      "out": {
        "other": 1
      },
      "score": 0.0962
    },
    "youtube.com": {
      "out": {
        "other": 1
      },
      "score": 0.0962
    },
    "mysql.com": {
      "out": {
        "other": 1
      },
      "score": 0.0962
    },
    "podcast.rubyonrails.com": {
      "out": {
        "other": 1
      },
      "score": 0.0962
    },
    "puttingtheteaintoteam.blogspot.co.uk": {
      "out": {
        "other": 1
      },
      "score": 0.0962
    },
    "services.google.com": {
      "out": {
        "other": 1
      },
      "score": 0.0962
    },
    "skype": {
      "out": {
        "other": 1
      },
      "score": 0.0962
    },
    "svn.collab.net": {
      "out": {
        "other": 1
      },
      "score": 0.0962
    },
    "trac.typosphere.org": {
      "out": {
        "other": 1
      },
      "score": 0.0962
    },
    "www.activeplaces.com": {
      "out": {
        "other": 1
      },
      "score": 0.0962
    },
    "www.collaboa.org": {
      "out": {
        "other": 1
      },
      "score": 0.0962
    },
    "www.iana.org": {
      "out": {
        "other": 1
      },
      "score": 0.0962
    },
    "www.jamesmurty.com": {
      "out": {
        "other": 1
      },
      "score": 0.0962
    },
    "www.myhammer.co.uk": {
      "out": {
        "other": 1
      },
      "score": 0.0962
    },
    "www.peterlynnkites.co.nz": {
      "out": {
        "other": 1
      },
      "score": 0.0962
    },
    "affiliate-program.amazon.co.uk": {
      "out": {
        "other": 1
      },
      "score": 0.0962
    },
    "agiledox.sourceforge.net": {
      "out": {
        "other": 1
      },
      "score": 0.0962
    },
    "books.google.co.uk": {
      "out": {
        "other": 1
      },
      "score": 0.0962
    },
    "www.imagemagick.org": {
      "out": {
        "other": 1
      },
      "score": 0.0962
    },
    "dashblog.theonelab.com": {
      "out": {
        "other": 1
      },
      "score": 0.0962
    },
    "dev.w3.org": {
      "out": {
        "other": 1
      },
      "score": 0.0962
    },
    "sitemaps.org": {
      "out": {
        "other": 1
      },
      "score": 0.0962
    },
    "voo2do.com": {
      "out": {
        "other": 1
      },
      "score": 0.0962
    },
    "www.albionbroadstairs.co.uk": {
      "out": {
        "other": 1
      },
      "score": 0.0962
    },
    "www.guillemots.com": {
      "out": {
        "other": 1
      },
      "score": 0.0962
    },
    "www.mysociety.org": {
      "out": {
        "other": 1
      },
      "score": 0.0962
    },
    "blog.daveastels.com": {
      "out": {
        "other": 1
      },
      "score": 0.0962
    },
    "blog.newhumanist.org.uk": {
      "out": {
        "other": 1
      },
      "score": 0.0962
    },
    "life.chrisroos.co.uk": {
      "out": {
        "other": 1
      },
      "score": 0.0962
    },
    "www.digg.com": {
      "out": {
        "other": 1
      },
      "score": 0.0962
    },
    "www.gooogie.co.uk": {
      "out": {
        "other": 1
      },
      "score": 0.0962
    },
    "www.nestoria.co.uk": {
      "out": {
        "other": 1
      },
      "score": 0.0962
    },
    "www.photobox.co.uk": {
      "out": {
        "other": 1
      },
      "score": 0.0962
    },
    "www.southeasternrailway.co.uk": {
      "out": {
        "other": 1
      },
      "score": 0.0962
    },
    "www.teamviewer.com": {
      "out": {
        "other": 1
      },
      "score": 0.0962
    },
    "ymsgr": {
      "out": {
        "other": 1
      },
      "score": 0.0962
    },
    "ademblog.blogspot.com": {
      "out": {
        "other": 1
      },
      "score": 0.0962
    },
    "ademweb.co.uk": {
      "out": {
        "other": 1
      },
      "score": 0.0962
    },
    "agilewebsolutions.com": {
      "out": {
        "other": 1
      },
      "score": 0.0962
    },
    "ping.fm": {
      "out": {
        "other": 1
      },
      "score": 0.0962
    },
    "printer.gofreerange.com": {
      "out": {
        "other": 1
      },
      "score": 0.0962
    },
    "search.cpan.org": {
      "out": {
        "other": 1
      },
      "score": 0.0962
    },
    "twittervision.com": {
      "out": {
        "other": 1
      },
      "score": 0.0962
    },
    "www.sharpreader.net": {
      "out": {
        "other": 1
      },
      "score": 0.0962
    },
    "www.t3.co.uk": {
      "out": {
        "other": 1
      },
      "score": 0.0962
    },
    "www.ubuntu.com": {
      "out": {
        "other": 1
      },
      "score": 0.0962
    },
    "microid.org": {
      "out": {
        "other": 1
      },
      "score": 0.0962
    },
    "www.asmallorange.com": {
      "out": {
        "other": 1
      },
      "score": 0.0962
    },
    "www.copilot.com": {
      "out": {
        "other": 1
      },
      "score": 0.0962
    },
    "www.davy.co.uk": {
      "out": {
        "other": 1
      },
      "score": 0.0962
    },
    "www.epson.co.uk": {
      "out": {
        "other": 1
      },
      "score": 0.0962
    },
    "www.georss.org": {
      "out": {
        "other": 1
      },
      "score": 0.0962
    },
    "www.stikipad.com": {
      "out": {
        "other": 1
      },
      "score": 0.0962
    },
    "a9.com": {
      "out": {
        "other": 1
      },
      "score": 0.0962
    },
    "gitx.frim.nl": {
      "out": {
        "other": 1
      },
      "score": 0.0962
    },
    "help.ubuntu.com": {
      "out": {
        "other": 1
      },
      "score": 0.0962
    },
    "m.twitter.com": {
      "out": {
        "other": 1
      },
      "score": 0.0962
    },
    "www.chiark.greenend.org.uk": {
      "out": {
        "other": 1
      },
      "score": 0.0962
    },
    "www.mattcutts.com": {
      "out": {
        "other": 1
      },
      "score": 0.0962
    },
    "www.myspace.com": {
      "out": {
        "other": 1
      },
      "score": 0.0962
    },
    "www.ofcom.org.uk": {
      "out": {
        "other": 1
      },
      "score": 0.0962
    },
    "www.rememberthemilk.com": {
      "out": {
        "other": 1
      },
      "score": 0.0962
    },
    "www.telegraph.co.uk": {
      "out": {
        "other": 1
      },
      "score": 0.0962
    },
    "direct.gov.uk": {
      "out": {
        "other": 1
      },
      "score": 0.0962
    },
    "forums.garmin.com": {
      "out": {
        "other": 1
      },
      "score": 0.0962
    },
    "getsatisfaction.com": {
      "out": {
        "other": 1
      },
      "score": 0.0962
    },
    "heroku.com": {
      "out": {
        "other": 1
      },
      "score": 0.0962
    },
    "rails-json-cors-and-http-auth.herokuapp.com": {
      "out": {
        "other": 1
      },
      "score": 0.0962
    },
    "roy.gbiv.com": {
      "out": {
        "other": 1
      },
      "score": 0.0962
    },
    "tinyurl.com": {
      "out": {
        "other": 1
      },
      "score": 0.0962
    },
    "www.facesaerch.com": {
      "out": {
        "other": 1
      },
      "score": 0.0962
    },
    "www.kernel.org": {
      "out": {
        "other": 1
      },
      "score": 0.0962
    },
    "www.marin.co.uk": {
      "out": {
        "other": 1
      },
      "score": 0.0962
    },
    "www.newsisfree.com": {
      "out": {
        "other": 1
      },
      "score": 0.0962
    },
    "ar.rubyonrails.com": {
      "out": {
        "other": 1
      },
      "score": 0.0962
    },
    "ebay.co.uk": {
      "out": {
        "other": 1
      },
      "score": 0.0962
    },
    "twitter.com/robsmallshire": {
      "out": {
        "other": 1
      },
      "score": 0.0962
    },
    "www.nokia.com": {
      "out": {
        "other": 1
      },
      "score": 0.0962
    },
    "www.nullriver.com": {
      "out": {
        "other": 1
      },
      "score": 0.0962
    },
    "javascript": {
      "out": {
        "other": 1
      },
      "score": 0.0962
    },
    "listen.googlelabs.com": {
      "out": {
        "other": 1
      },
      "score": 0.0962
    },
    "wiki.welldesignedurls.org": {
      "out": {
        "other": 1
      },
      "score": 0.0962
    },
    "www.culture.gov.uk": {
      "out": {
        "other": 1
      },
      "score": 0.0962
    },
    "www.douban.net": {
      "out": {
        "other": 1
      },
      "score": 0.0962
    },
    "www.easypeasy.com": {
      "out": {
        "other": 1
      },
      "score": 0.0962
    },
    "www.fogcreek.com": {
      "out": {
        "other": 1
      },
      "score": 0.0962
    },
    "www.getfirebug.com": {
      "out": {
        "other": 1
      },
      "score": 0.0962
    },
    "www.sendmail.org": {
      "out": {
        "other": 1
      },
      "score": 0.0962
    },
    "delicious-permalinks.googlegroups.com": {
      "out": {
        "other": 1
      },
      "score": 0.0962
    },
    "developer.mozilla.org": {
      "out": {
        "other": 1
      },
      "score": 0.0962
    },
    "diveintoaccessibility.org": {
      "out": {
        "other": 1
      },
      "score": 0.0962
    },
    "pipes.yahoo.com": {
      "out": {
        "other": 1
      },
      "score": 0.0962
    },
    "twitter.com/mattwynne": {
      "out": {
        "other": 1
      },
      "score": 0.0962
    },
    "uk.moo.com": {
      "out": {
        "other": 1
      },
      "score": 0.0962
    },
    "www.acmqueue.com": {
      "out": {
        "other": 1
      },
      "score": 0.0962
    },
    "www.last.fm": {
      "out": {
        "other": 1
      },
      "score": 0.0962
    },
    "blog.wesabe.com": {
      "out": {
        "other": 1
      },
      "score": 0.0962
    },
    "greasemonkey.mozdev.org": {
      "out": {
        "other": 1
      },
      "score": 0.0962
    },
    "guides.rubyonrails.org": {
      "out": {
        "other": 1
      },
      "score": 0.0962
    },
    "postcodes.easypeasy.com": {
      "out": {
        "other": 1
      },
      "score": 0.0962
    },
    "rubyquiz.com": {
      "out": {
        "other": 1
      },
      "score": 0.0962
    },
    "wanderingbarque.com": {
      "out": {
        "other": 1
      },
      "score": 0.0962
    },
    "wrath.rubyonrails.org": {
      "out": {
        "other": 1
      },
      "score": 0.0962
    },
    "www.bt.com": {
      "out": {
        "other": 1
      },
      "score": 0.0962
    },
    "ffmpeg.mplayerhq.hu": {
      "out": {
        "other": 1
      },
      "score": 0.0962
    },
    "passingcuriosity.com": {
      "out": {
        "other": 1
      },
      "score": 0.0962
    },
    "rack.rubyforge.org": {
      "out": {
        "other": 1
      },
      "score": 0.0962
    },
    "technorati.com": {
      "out": {
        "other": 1
      },
      "score": 0.0962
    },
    "twitter.com/keithb_b": {
      "out": {
        "other": 1
      },
      "score": 0.0962
    },
    "www.allsonsuming.net": {
      "out": {
        "other": 1
      },
      "score": 0.0962
    },
    "www.direct.gov.uk": {
      "out": {
        "other": 1
      },
      "score": 0.0962
    },
    "www.sitemaps.org": {
      "out": {
        "other": 1
      },
      "score": 0.0962
    },
    "www.ticketmaster.co.uk": {
      "out": {
        "other": 1
      },
      "score": 0.0962
    },
    "www.westtek.com": {
      "out": {
        "other": 1
      },
      "score": 0.0962
    },
    "dabbledb.com": {
      "out": {
        "other": 1
      },
      "score": 0.0962
    },
    "www.comedycafe.co.uk": {
      "out": {
        "other": 1
      },
      "score": 0.0962
    },
    "www.fastmail.fm": {
      "out": {
        "other": 1
      },
      "score": 0.0962
    },
    "www.openssl.org": {
      "out": {
        "other": 1
      },
      "score": 0.0962
    },
    "www.rickkiddle.com": {
      "out": {
        "other": 1
      },
      "score": 0.0962
    },
    "3skypephone.com": {
      "out": {
        "other": 1
      },
      "score": 0.0962
    },
    "browser": {
      "out": {
        "other": 1
      },
      "score": 0.0962
    },
    "cgi.ebay.co.uk": {
      "out": {
        "other": 1
      },
      "score": 0.0962
    },
    "en.wikiquote.org": {
      "out": {
        "other": 1
      },
      "score": 0.0962
    },
    "www.mysql.com": {
      "out": {
        "other": 1
      },
      "score": 0.0962
    },
    "www.theoriginaltour.com": {
      "out": {
        "other": 1
      },
      "score": 0.0962
    },
    "adwordsapi.blogspot.com": {
      "out": {
        "other": 1
      },
      "score": 0.0962
    },
    "diveintohtml5.org": {
      "out": {
        "other": 1
      },
      "score": 0.0962
    },
    "involution.com": {
      "out": {
        "other": 1
      },
      "score": 0.0962
    },
    "smallthought.com": {
      "out": {
        "other": 1
      },
      "score": 0.0962
    },
    "www.getexceptional.com": {
      "out": {
        "other": 1
      },
      "score": 0.0962
    },
    "www.gmail.com": {
      "out": {
        "other": 1
      },
      "score": 0.0962
    },
    "www.rubyforge.org": {
      "out": {
        "other": 1
      },
      "score": 0.0962
    },
    "www.shozu.com": {
      "out": {
        "other": 1
      },
      "score": 0.0962
    },
    "www.urbandictionary.com": {
      "out": {
        "other": 1
      },
      "score": 0.0962
    }
  }
}