{
  "domain": "christophe.ducamp.me",
  "urls": [
    "https://christophe.ducamp.me/"
  ],
  "names": [
    "Christophe Ducamp"
  ],
  "descriptions": [
    "Un premier pas pour étudier la configuration d'un site statique avec l'appui de la communauté JamStatic. Apprendre à configurer un site personnel pour mes en..."
  ],
  "pictures": [],
  "hcard": {},
  "rel_mes": [],
  "crawl_start": "2017-06-09T17:34:50",
  "crawl_end": "2017-06-09T17:35:00",
  "num_pages": 16,
  "total_html_size": 117147,
  "servers": [
    "Netlify"
  ],
  "mf2_classes": [
    "h-cite",
    "h-card"
  ],
  "tags": [],
  "endpoints": {},
  "links_out": 122,
  "links_in": 92,
  "links": {
    "indieweb.org": {
      "in": {
        "other": 56
      },
      "out": {
        "other": 5
      },
      "score": 1
    },
    "github.com": {
      "out": {
        "other": 24
      },
      "score": 0.924
    },
    "ducamp.me": {
      "out": {
        "other": 20
      },
      "score": 0.881
    },
    "twitter.com/xtof_party": {
      "out": {
        "other": 17
      },
      "score": 0.842
    },
    "chat.indieweb.org": {
      "in": {
        "other": 29
      },
      "score": 0.804
    },
    "adactio.com": {
      "out": {
        "other": 4
      },
      "in": {
        "other": 4
      },
      "score": 0.592
    },
    "jamstatic.fr": {
      "out": {
        "other": 4
      },
      "score": 0.496
    },
    "christopheducamp.com": {
      "out": {
        "other": 3
      },
      "score": 0.427
    },
    "www.netlify.com": {
      "out": {
        "other": 3
      },
      "score": 0.427
    },
    "t.co": {
      "out": {
        "other": 3
      },
      "score": 0.427
    },
    "resilientwebdesign.com": {
      "out": {
        "other": 3
      },
      "score": 0.427
    },
    "vimeo.com": {
      "out": {
        "other": 3
      },
      "score": 0.427
    },
    "jekyllrb.com": {
      "out": {
        "other": 3
      },
      "score": 0.427
    },
    "help.github.com": {
      "out": {
        "other": 2
      },
      "score": 0.332
    },
    "www.sosolimited.com": {
      "out": {
        "other": 2
      },
      "score": 0.332
    },
    "aaronparecki.com": {
      "out": {
        "other": 2
      },
      "score": 0.332
    },
    "draftin.com": {
      "out": {
        "other": 2
      },
      "score": 0.332
    },
    "indiewebify.me": {
      "out": {
        "other": 2
      },
      "score": 0.332
    },
    "www.lesdigiteurs.fr": {
      "out": {
        "other": 1
      },
      "score": 0.165
    },
    "twitter.com/edgarmorinparis": {
      "out": {
        "other": 1
      },
      "score": 0.165
    },
    "jamstack.org": {
      "out": {
        "other": 1
      },
      "score": 0.165
    },
    "prose.io": {
      "out": {
        "other": 1
      },
      "score": 0.165
    },
    "jekyll-fr.org": {
      "out": {
        "other": 1
      },
      "score": 0.165
    },
    "bertrandkeller.info": {
      "out": {
        "other": 1
      },
      "score": 0.165
    },
    "jamstatic-fr.slack.com": {
      "out": {
        "other": 1
      },
      "score": 0.165
    },
    "siteleaf.com": {
      "out": {
        "other": 1
      },
      "score": 0.165
    },
    "twitter.com/xtof_fr": {
      "out": {
        "other": 1
      },
      "score": 0.165
    },
    "jekyll.github.io": {
      "out": {
        "other": 1
      },
      "score": 0.165
    },
    "frank.taillandier.me": {
      "out": {
        "other": 1
      },
      "score": 0.165
    },
    "www.siteleaf.com": {
      "out": {
        "other": 1
      },
      "score": 0.165
    },
    "twitter.com/jamstatic_fr": {
      "out": {
        "other": 1
      },
      "score": 0.165
    },
    "talk.jekyllrb.com": {
      "out": {
        "other": 1
      },
      "score": 0.165
    },
    "twitter.com/craigeley": {
      "out": {
        "other": 1
      },
      "score": 0.165
    },
    "fr.wikipedia.org": {
      "out": {
        "other": 1
      },
      "score": 0.165
    },
    "known.kevinmarks.com": {
      "in": {
        "other": 2
      },
      "score": 0.165
    },
    "docs.google.com": {
      "out": {
        "other": 1
      },
      "score": 0.165
    },
    "forestry.io": {
      "out": {
        "other": 1
      },
      "score": 0.165
    },
    "netlify.com": {
      "out": {
        "other": 1
      },
      "score": 0.165
    },
    "www.zadkine.paris.fr": {
      "out": {
        "other": 1
      },
      "score": 0.165
    },
    "brid.gy": {
      "in": {
        "other": 1
      },
      "score": 0
    }
  }
}