{
  "domain": "christiaanconover.com",
  "urls": [
    "http://christiaanconover.com/"
  ],
  "names": [
    "Christiaan Conover"
  ],
  "descriptions": [
    "Web developer and general Internet geek."
  ],
  "pictures": [
    "https://www.christiaanconover.com/img/logo/CCLogo.png"
  ],
  "hcard": {},
  "rel_mes": [],
  "tags": [
    "bridgy"
  ],
  "endpoints": {},
  "crawl_start": "2017-05-19T22:52:45.961950",
  "crawl_end": "2017-05-19T22:52:45.961950",
  "links_out": 0,
  "links_in": 46,
  "links": {
    "epeus.blogspot.com": {
      "in": {
        "other": 20
      },
      "score": 1
    },
    "adactio.com": {
      "in": {
        "other": 9
      },
      "score": 0.733
    },
    "indieweb.org": {
      "in": {
        "other": 8
      },
      "score": 0.693
    },
    "brid.gy": {
      "in": {
        "other": 4
      },
      "score": 0.463
    },
    "chat.indieweb.org": {
      "in": {
        "other": 2
      },
      "score": 0.231
    },
    "pygillier.me": {
      "in": {
        "other": 1
      },
      "score": 0
    },
    "www.kevin-marks.com": {
      "in": {
        "other": 1
      },
      "score": 0
    },
    "www.kevinmarks.com": {
      "in": {
        "other": 1
      },
      "score": 0
    }
  }
}