{
  "domain": "chrisaldrich.withknown.com",
  "urls": [
    "https://chrisaldrich.withknown.com/profile/chrisaldrich",
    "http://boffosocko.com",
    "http://twitter.com/chrisaldrich",
    "http://facebook.com/chrisaldrich",
    "https://plus.google.com/u/0/+ChrisAldrich1/about",
    "http://www.last.fm/user/snark35"
  ],
  "names": [
    "Chris Aldrich"
  ],
  "descriptions": [
    "Cyberneticist, Mathematician, Big Historian",
    "Chris Aldrich's indieweb stream powered by Known"
  ],
  "pictures": [
    "https://chrisaldrich.withknown.com/file/afec0d4d5e1739808152e16657c09fb5/thumb.jpg"
  ],
  "hcard": {
    "properties": {
      "email": [
        "mailto:chris@boffosocko.com"
      ],
      "name": [
        "Chris Aldrich"
      ],
      "note": [
        {
          "html": "<div class=\"highlightedText\">\n<p>Cyberneticist, Mathematician, Big Historian</p>\n</div>",
          "value": "\nCyberneticist, Mathematician, Big Historian\n"
        }
      ],
      "photo": [
        "https://chrisaldrich.withknown.com/file/afec0d4d5e1739808152e16657c09fb5/thumb.jpg"
      ],
      "profile": [
        "Chris Aldrich"
      ],
      "tel": [
        "+13107510548"
      ],
      "url": [
        "https://chrisaldrich.withknown.com/profile/chrisaldrich",
        "https://chrisaldrich.withknown.com/profile/chrisaldrich",
        "http://boffosocko.com",
        "http://twitter.com/chrisaldrich",
        "http://facebook.com/chrisaldrich",
        "https://plus.google.com/u/0/+ChrisAldrich1/about",
        "http://www.last.fm/user/snark35"
      ]
    },
    "type": [
      "h-card"
    ]
  },
  "rel_mes": [
    "http://boffosocko.com",
    "http://twitter.com/chrisaldrich",
    "http://facebook.com/chrisaldrich",
    "tel:+13107510548",
    "mailto:chris@boffosocko.com",
    "https://plus.google.com/u/0/+ChrisAldrich1/about",
    "http://www.last.fm/user/snark35"
  ],
  "crawl_start": "2017-04-28T05:16:18",
  "crawl_end": "2017-04-28T05:22:59",
  "num_pages": 462,
  "total_html_size": 12447628,
  "servers": [
    "Apache",
    "Known"
  ],
  "mf2_classes": [
    "h-card",
    "h-entry",
    "h-cite"
  ],
  "tags": [
    "relme",
    "bridgy",
    "webmention",
    "micropub",
    "authorization",
    "token",
    "websub",
    "Known"
  ],
  "endpoints": {
    "webmention": [
      "https://chrisaldrich.withknown.com/webmention/"
    ],
    "micropub": [
      "https://chrisaldrich.withknown.com/micropub/endpoint"
    ],
    "authorization": [
      "https://chrisaldrich.withknown.com/indieauth/auth"
    ],
    "token": [
      "https://chrisaldrich.withknown.com/indieauth/token"
    ],
    "websub": [
      "http://withknown.superfeedr.com/"
    ]
  },
  "links_out": 3608,
  "links_in": 102,
  "links": {
    "boffosocko.com": {
      "in": {
        "other": 16
      },
      "out": {
        "other": 652,
        "in-reply-to": 21
      },
      "score": 1
    },
    "twitter.com/chrisaldrich": {
      "out": {
        "other": 294
      },
      "score": 0.870
    },
    "tel": {
      "out": {
        "other": 294
      },
      "score": 0.870
    },
    "www.last.fm": {
      "out": {
        "other": 294
      },
      "score": 0.870
    },
    "facebook.com/chrisaldrich": {
      "out": {
        "other": 294
      },
      "score": 0.870
    },
    "plus.google.com/u": {
      "out": {
        "other": 294
      },
      "score": 0.870
    },
    "facebook.com/5410052": {
      "out": {
        "other": 240
      },
      "score": 0.842
    },
    "www.youtube.com": {
      "out": {
        "in-reply-to": 27,
        "other": 15
      },
      "score": 0.778
    },
    "indiewebcamp.com": {
      "out": {
        "in-reply-to": 29,
        "other": 1
      },
      "score": 0.775
    },
    "techlifeweb.com": {
      "in": {
        "in-reply-to": 4,
        "like-of": 12,
        "other": 2
      },
      "out": {
        "in-reply-to": 19,
        "other": 4
      },
      "score": 0.750
    },
    "selfstarter.pt": {
      "out": {
        "in-reply-to": 24
      },
      "score": 0.748
    },
    "github.com": {
      "out": {
        "other": 19,
        "in-reply-to": 19
      },
      "score": 0.741
    },
    "www.yammer.com": {
      "out": {
        "in-reply-to": 22
      },
      "score": 0.735
    },
    "medium.com": {
      "out": {
        "in-reply-to": 14,
        "other": 29
      },
      "score": 0.722
    },
    "ello.co": {
      "out": {
        "in-reply-to": 19
      },
      "score": 0.716
    },
    "leoville.net": {
      "out": {
        "in-reply-to": 19
      },
      "score": 0.716
    },
    "stream.withknown.com": {
      "out": {
        "in-reply-to": 19
      },
      "score": 0.716
    },
    "werd.io": {
      "out": {
        "other": 9,
        "in-reply-to": 14
      },
      "in": {
        "other": 8
      },
      "score": 0.697
    },
    "www.brid.gy": {
      "out": {
        "other": 81
      },
      "score": 0.694
    },
    "www.forbes.com": {
      "out": {
        "in-reply-to": 14,
        "other": 5
      },
      "score": 0.683
    },
    "twitter.com/johnhawks": {
      "out": {
        "in-reply-to": 11,
        "other": 11
      },
      "score": 0.666
    },
    "ifttt.com": {
      "out": {
        "in-reply-to": 9,
        "other": 9
      },
      "score": 0.638
    },
    "www.washingtonpost.com": {
      "out": {
        "in-reply-to": 10
      },
      "score": 0.629
    },
    "www.amazon.com": {
      "out": {
        "other": 48
      },
      "score": 0.622
    },
    "hub.jhu.edu": {
      "out": {
        "in-reply-to": 5,
        "other": 21
      },
      "score": 0.617
    },
    "www.hhmi.org": {
      "out": {
        "other": 40
      },
      "score": 0.598
    },
    "twitter.com/withknown": {
      "out": {
        "other": 12,
        "in-reply-to": 5
      },
      "score": 0.587
    },
    "www.facebook.com": {
      "out": {
        "in-reply-to": 7
      },
      "score": 0.580
    },
    "math.stackexchange.com": {
      "out": {
        "in-reply-to": 7
      },
      "score": 0.580
    },
    "www.scotthyoung.com": {
      "out": {
        "in-reply-to": 7
      },
      "score": 0.580
    },
    "www.simonsfoundation.org": {
      "out": {
        "other": 8,
        "in-reply-to": 5
      },
      "score": 0.572
    },
    "www.indiewire.com": {
      "out": {
        "in-reply-to": 5,
        "other": 5
      },
      "score": 0.558
    },
    "grampaandgrandmasterflash.tumblr.com": {
      "out": {
        "other": 5,
        "in-reply-to": 5
      },
      "score": 0.558
    },
    "twitter.com/dougmckown": {
      "out": {
        "in-reply-to": 5,
        "other": 5
      },
      "score": 0.558
    },
    "schneider.ncifcrf.gov": {
      "out": {
        "other": 5,
        "in-reply-to": 5
      },
      "score": 0.558
    },
    "www.goodreads.com": {
      "out": {
        "other": 5,
        "in-reply-to": 5
      },
      "score": 0.558
    },
    "www.nytimes.com": {
      "out": {
        "in-reply-to": 5,
        "other": 5
      },
      "score": 0.558
    },
    "twitter.com/kevinmarks": {
      "out": {
        "other": 2,
        "in-reply-to": 5
      },
      "score": 0.544
    },
    "liorpachter.wordpress.com": {
      "out": {
        "in-reply-to": 5
      },
      "score": 0.533
    },
    "known.kevinmarks.com": {
      "out": {
        "other": 23
      },
      "in": {
        "other": 4
      },
      "score": 0.533
    },
    "facebook.com/mostermeier": {
      "out": {
        "in-reply-to": 5
      },
      "score": 0.533
    },
    "facebook.com/j.todd.harris.1": {
      "out": {
        "in-reply-to": 5
      },
      "score": 0.533
    },
    "www.brainchildmag.com": {
      "out": {
        "in-reply-to": 5
      },
      "score": 0.533
    },
    "rightcoast.typepad.com": {
      "out": {
        "in-reply-to": 5
      },
      "score": 0.533
    },
    "facebook.com/amermathsoc": {
      "out": {
        "in-reply-to": 5
      },
      "score": 0.533
    },
    "krieger.jhu.edu": {
      "out": {
        "in-reply-to": 5
      },
      "score": 0.533
    },
    "twit.tv": {
      "out": {
        "other": 19
      },
      "score": 0.497
    },
    "twitter.com/ChrisAldrich": {
      "out": {
        "other": 17
      },
      "score": 0.482
    },
    "stream.boffosocko.com": {
      "out": {
        "other": 2
      },
      "in": {
        "other": 30
      },
      "score": 0.482
    },
    "www.mendeley.com": {
      "out": {
        "other": 17
      },
      "score": 0.482
    },
    "arxiv.org": {
      "out": {
        "other": 15
      },
      "score": 0.464
    },
    "facebook.com/100002260726645": {
      "out": {
        "other": 14
      },
      "score": 0.454
    },
    "chronicle.com": {
      "out": {
        "other": 14
      },
      "score": 0.454
    },
    "twitter.com/hashtag": {
      "out": {
        "other": 13
      },
      "score": 0.445
    },
    "trackchanges.postlight.com": {
      "out": {
        "other": 13
      },
      "score": 0.445
    },
    "facebook.com/787336428018374": {
      "out": {
        "other": 12
      },
      "score": 0.434
    },
    "open.spotify.com": {
      "out": {
        "other": 10
      },
      "score": 0.409
    },
    "online.stanford.edu": {
      "out": {
        "other": 10
      },
      "score": 0.409
    },
    "kylewm.com": {
      "out": {
        "other": 4
      },
      "in": {
        "other": 4,
        "like-of": 3
      },
      "score": 0.394
    },
    "www.quantamagazine.org": {
      "out": {
        "other": 9
      },
      "score": 0.394
    },
    "www.biodiverseperspectives.com": {
      "out": {
        "other": 9
      },
      "score": 0.394
    },
    "facebook.com/10100711052427085": {
      "out": {
        "other": 8
      },
      "score": 0.378
    },
    "mcpress.media-commons.org": {
      "out": {
        "other": 7
      },
      "score": 0.360
    },
    "withknown.com": {
      "out": {
        "other": 7
      },
      "score": 0.360
    },
    "opus.lib.uts.edu.au": {
      "out": {
        "other": 7
      },
      "score": 0.360
    },
    "facebook.com/2517258": {
      "out": {
        "other": 6
      },
      "score": 0.338
    },
    "www.charlierose.com": {
      "out": {
        "other": 6
      },
      "score": 0.338
    },
    "facebook.com/29002146": {
      "out": {
        "other": 6
      },
      "score": 0.338
    },
    "www.rockefellerfoundation.org": {
      "out": {
        "other": 6
      },
      "score": 0.338
    },
    "facebook.com/10104185675828906": {
      "out": {
        "other": 6
      },
      "score": 0.338
    },
    "www.insidehighered.com": {
      "out": {
        "other": 5
      },
      "score": 0.314
    },
    "facebook.com/settings": {
      "out": {
        "other": 5
      },
      "score": 0.314
    },
    "physics-astronomy.jhu.edu": {
      "out": {
        "other": 5
      },
      "score": 0.314
    },
    "twitter.com/LeoLaporte": {
      "out": {
        "other": 5
      },
      "score": 0.314
    },
    "pocket.co": {
      "out": {
        "other": 5
      },
      "score": 0.314
    },
    "twitter.com/zazensoto": {
      "out": {
        "other": 5
      },
      "score": 0.314
    },
    "www.hollywoodreporter.com": {
      "out": {
        "other": 5
      },
      "score": 0.314
    },
    "www.indiewebcamp.com": {
      "out": {
        "other": 5
      },
      "score": 0.314
    },
    "mitpress.mit.edu": {
      "out": {
        "other": 5
      },
      "score": 0.314
    },
    "twitter.com/JohnWFarrell": {
      "out": {
        "other": 5
      },
      "score": 0.314
    },
    "www.nimbios.org": {
      "out": {
        "other": 5
      },
      "score": 0.314
    },
    "dougmckown.withknown.com": {
      "out": {
        "other": 4
      },
      "score": 0.284
    },
    "facebook.com/10100763226624524": {
      "out": {
        "other": 4
      },
      "score": 0.284
    },
    "facebook.com/1011203369": {
      "out": {
        "other": 4
      },
      "score": 0.284
    },
    "erinjo.is": {
      "out": {
        "other": 4
      },
      "score": 0.284
    },
    "www.leoville.net": {
      "in": {
        "other": 8
      },
      "score": 0.284
    },
    "facebook.com/302780": {
      "out": {
        "other": 4
      },
      "score": 0.284
    },
    "facebook.com/10152702524627828": {
      "out": {
        "other": 4
      },
      "score": 0.284
    },
    "www.myinstantsearch.in": {
      "out": {
        "other": 4
      },
      "score": 0.284
    },
    "facebook.com/10100301349335601": {
      "out": {
        "other": 4
      },
      "score": 0.284
    },
    "facebook.com/100001772890458": {
      "out": {
        "other": 4
      },
      "score": 0.284
    },
    "facebook.com/1663394134": {
      "out": {
        "other": 4
      },
      "score": 0.284
    },
    "facebook.com/10152721695556365": {
      "out": {
        "other": 4
      },
      "score": 0.284
    },
    "facebook.com/1077558975": {
      "out": {
        "other": 4
      },
      "score": 0.284
    },
    "indieweb.org": {
      "in": {
        "other": 6
      },
      "score": 0.244
    },
    "twitter.com/jjmajava": {
      "out": {
        "other": 3
      },
      "score": 0.244
    },
    "facebook.com/10100711052412115": {
      "out": {
        "other": 2
      },
      "score": 0.190
    },
    "facebook.com/1201018342": {
      "out": {
        "other": 2
      },
      "score": 0.190
    },
    "facebook.com/10206183899900364": {
      "out": {
        "other": 2
      },
      "score": 0.190
    },
    "facebook.com/10153057471182980": {
      "out": {
        "other": 2
      },
      "score": 0.190
    },
    "facebook.com/1270189823": {
      "out": {
        "other": 2
      },
      "score": 0.190
    },
    "facebook.com/10152994478325340": {
      "out": {
        "other": 2
      },
      "score": 0.190
    },
    "facebook.com/10153675668044498": {
      "out": {
        "other": 2
      },
      "score": 0.190
    },
    "facebook.com/541587979": {
      "out": {
        "other": 2
      },
      "score": 0.190
    },
    "facebook.com/10204736426743141": {
      "out": {
        "other": 2
      },
      "score": 0.190
    },
    "facebook.com/10100711052422095": {
      "out": {
        "other": 2
      },
      "score": 0.190
    },
    "facebook.com/10153188838971535": {
      "out": {
        "other": 2
      },
      "score": 0.190
    },
    "twitter.com/anavasiliu": {
      "out": {
        "other": 2
      },
      "score": 0.190
    },
    "facebook.com/1217203600": {
      "out": {
        "other": 2
      },
      "score": 0.190
    },
    "facebook.com/717743014": {
      "out": {
        "other": 2
      },
      "score": 0.190
    },
    "facebook.com/980620141963321": {
      "out": {
        "other": 2
      },
      "score": 0.190
    },
    "facebook.com/1032304270": {
      "out": {
        "other": 2
      },
      "score": 0.190
    },
    "facebook.com/1350151001": {
      "out": {
        "other": 2
      },
      "score": 0.190
    },
    "facebook.com/960625170616500": {
      "out": {
        "other": 2
      },
      "score": 0.190
    },
    "facebook.com/10205953686991212": {
      "out": {
        "other": 2
      },
      "score": 0.190
    },
    "facebook.com/1530972132": {
      "out": {
        "other": 2
      },
      "score": 0.190
    },
    "facebook.com/1032171070133226": {
      "out": {
        "other": 2
      },
      "score": 0.190
    },
    "facebook.com/10206127931216750": {
      "out": {
        "other": 2
      },
      "score": 0.190
    },
    "facebook.com/5405665": {
      "out": {
        "other": 2
      },
      "score": 0.190
    },
    "facebook.com/747673033": {
      "out": {
        "other": 2
      },
      "score": 0.190
    },
    "jjmajava.throwww.com": {
      "out": {
        "other": 2
      },
      "score": 0.190
    },
    "facebook.com/10153131463403115": {
      "out": {
        "other": 2
      },
      "score": 0.190
    },
    "facebook.com/737940663": {
      "out": {
        "other": 2
      },
      "score": 0.190
    },
    "facebook.com/100000070789352": {
      "out": {
        "other": 2
      },
      "score": 0.190
    },
    "facebook.com/10152694607798015": {
      "out": {
        "other": 2
      },
      "score": 0.190
    },
    "facebook.com/10153019247877254": {
      "out": {
        "other": 2
      },
      "score": 0.190
    },
    "facebook.com/10204720658154690": {
      "out": {
        "other": 2
      },
      "score": 0.190
    },
    "facebook.com/10205844307928955": {
      "out": {
        "other": 2
      },
      "score": 0.190
    },
    "facebook.com/540747253": {
      "out": {
        "other": 2
      },
      "score": 0.190
    },
    "facebook.com/10203293754655127": {
      "out": {
        "other": 2
      },
      "score": 0.190
    },
    "twitter.com/JezzaTrev": {
      "out": {
        "other": 2
      },
      "score": 0.190
    },
    "Array": {
      "out": {
        "other": 2
      },
      "score": 0.190
    },
    "facebook.com/671194497": {
      "out": {
        "other": 2
      },
      "score": 0.190
    },
    "facebook.com/100000210298770": {
      "out": {
        "other": 2
      },
      "score": 0.190
    },
    "facebook.com/5407261": {
      "out": {
        "other": 2
      },
      "score": 0.190
    },
    "facebook.com/100003301251833": {
      "out": {
        "other": 2
      },
      "score": 0.190
    },
    "facebook.com/10204892940862343": {
      "out": {
        "other": 2
      },
      "score": 0.190
    },
    "facebook.com/100000460324379": {
      "out": {
        "other": 2
      },
      "score": 0.190
    },
    "facebook.com/10153168818712323": {
      "out": {
        "other": 2
      },
      "score": 0.190
    },
    "facebook.com/10205020317701977": {
      "out": {
        "other": 2
      },
      "score": 0.190
    },
    "facebook.com/1295496784": {
      "out": {
        "other": 2
      },
      "score": 0.190
    },
    "facebook.com/5407742": {
      "out": {
        "other": 2
      },
      "score": 0.190
    },
    "facebook.com/607646364": {
      "out": {
        "other": 2
      },
      "score": 0.190
    },
    "facebook.com/10153125795189390": {
      "out": {
        "other": 2
      },
      "score": 0.190
    },
    "facebook.com/10206016640674016": {
      "out": {
        "other": 2
      },
      "score": 0.190
    },
    "facebook.com/698575339": {
      "out": {
        "other": 2
      },
      "score": 0.190
    },
    "facebook.com/5410108": {
      "out": {
        "other": 2
      },
      "score": 0.190
    },
    "facebook.com/10100711052417105": {
      "out": {
        "other": 2
      },
      "score": 0.190
    },
    "facebook.com/1547790754": {
      "out": {
        "other": 2
      },
      "score": 0.190
    },
    "facebook.com/561993114": {
      "out": {
        "other": 2
      },
      "score": 0.190
    },
    "facebook.com/100002750089415": {
      "out": {
        "other": 2
      },
      "score": 0.190
    },
    "facebook.com/10204884796973008": {
      "out": {
        "other": 2
      },
      "score": 0.190
    },
    "facebook.com/1204609814": {
      "out": {
        "other": 2
      },
      "score": 0.190
    },
    "facebook.com/10152740472953034": {
      "out": {
        "other": 2
      },
      "score": 0.190
    },
    "facebook.com/580574339": {
      "out": {
        "other": 2
      },
      "score": 0.190
    },
    "facebook.com/579536389": {
      "out": {
        "other": 2
      },
      "score": 0.190
    },
    "facebook.com/10205774774509819": {
      "out": {
        "other": 2
      },
      "score": 0.190
    },
    "facebook.com/632554389": {
      "out": {
        "other": 2
      },
      "score": 0.190
    },
    "facebook.com/1183807643": {
      "out": {
        "other": 2
      },
      "score": 0.190
    },
    "facebook.com/643882322": {
      "out": {
        "other": 2
      },
      "score": 0.190
    },
    "facebook.com/690827084370660": {
      "out": {
        "other": 2
      },
      "score": 0.190
    },
    "facebook.com/10152839285509340": {
      "out": {
        "other": 2
      },
      "score": 0.190
    },
    "facebook.com/609826534": {
      "out": {
        "other": 2
      },
      "score": 0.190
    },
    "twitter.com/cyber_octopus": {
      "out": {
        "other": 2
      },
      "score": 0.190
    },
    "facebook.com/10153030231320664": {
      "out": {
        "other": 2
      },
      "score": 0.190
    },
    "chat.indieweb.org": {
      "in": {
        "other": 3
      },
      "score": 0.150
    },
    "facebook.com/13012333374": {
      "out": {
        "other": 1
      },
      "score": 0.0945
    },
    "reclaimhosting.com": {
      "out": {
        "other": 1
      },
      "score": 0.0945
    },
    "brid.gy": {
      "in": {
        "other": 2
      },
      "score": 0.0945
    }
  }
}