{
  "domain": "christopheducamp.com",
  "urls": [
    "http://christopheducamp.com/"
  ],
  "names": [
    " - Sur la route de l'IndieWeb"
  ],
  "descriptions": [
    "Explorations UXDesign et IndieWeb"
  ],
  "pictures": [
    "https://www.christopheducamp.com/logo.jpg"
  ],
  "hcard": {},
  "rel_mes": [
    "sms:+33632039796",
    "mailto:christophe.ducamp@gmail.com",
    "https://twitter.com/xtof_party",
    "https://www.facebook.com/christophe.ducamp",
    "https://github.com/christopheducamp"
  ],
  "tags": [
    "relme",
    "bridgy",
    "elder",
    "IRC"
  ],
  "endpoints": {},
  "crawl_start": "2017-05-19T22:52:48.363079",
  "crawl_end": "2017-05-19T22:52:48.363079",
  "links_out": 0,
  "links_in": 9007,
  "links": {
    "xtof.withknown.com": {
      "in": {
        "other": 7182
      },
      "score": 1
    },
    "indieweb.org": {
      "in": {
        "other": 1173
      },
      "score": 0.795
    },
    "chat.indieweb.org": {
      "in": {
        "other": 568
      },
      "score": 0.714
    },
    "aaronparecki.com": {
      "in": {
        "other": 15,
        "in-reply-to": 8
      },
      "score": 0.452
    },
    "tantek.com": {
      "in": {
        "other": 11
      },
      "score": 0.270
    },
    "waterpigs.co.uk": {
      "in": {
        "other": 10
      },
      "score": 0.259
    },
    "mabulledu.net": {
      "in": {
        "other": 6
      },
      "score": 0.202
    },
    "caseorganic.com": {
      "in": {
        "other": 6
      },
      "score": 0.202
    },
    "standblog.org": {
      "in": {
        "other": 5
      },
      "score": 0.181
    },
    "werd.io": {
      "in": {
        "other": 4
      },
      "score": 0.157
    },
    "huffduffer.com": {
      "in": {
        "other": 4
      },
      "score": 0.157
    },
    "christophe.ducamp.me": {
      "in": {
        "other": 3
      },
      "score": 0.124
    },
    "brid.gy": {
      "in": {
        "other": 3
      },
      "score": 0.124
    },
    "stream.withknown.com": {
      "in": {
        "other": 2
      },
      "score": 0.0780
    },
    "techlifeweb.com": {
      "in": {
        "other": 2
      },
      "score": 0.0780
    },
    "stream.tapestrymaker.net": {
      "in": {
        "other": 2
      },
      "score": 0.0780
    },
    "t37.net": {
      "in": {
        "other": 1
      },
      "score": 0
    },
    "www.christopheducamp.com": {
      "in": {
        "other": 1
      },
      "score": 0
    },
    "www.aaron-gustafson.com": {
      "in": {
        "other": 1
      },
      "score": 0
    }
  }
}