{
  "domain": "christianzehetner.at",
  "urls": [
    "http://christianzehetner.at/"
  ],
  "names": [
    "Home - Christian Zehetner"
  ],
  "descriptions": [],
  "pictures": [
    "http://christianzehetner.at/assets/images/favicons/favicon.ico",
    "http://christianzehetner.at/assets/images/favicons/favicon-196x196.png",
    "http://christianzehetner.at/assets/images/favicons/favicon-160x160.png",
    "http://christianzehetner.at/assets/images/favicons/favicon-96x96.png",
    "http://christianzehetner.at/assets/images/favicons/favicon-16x16.png",
    "http://christianzehetner.at/assets/images/favicons/favicon-32x32.png"
  ],
  "hcard": {},
  "rel_mes": [
    "https://www.facebook.com/seehat/about",
    "https://twitter.com/seehat",
    "https://github.com/seehat",
    "https://plus.google.com/+ChristianZehetner/about"
  ],
  "crawl_start": "2017-06-09T17:34:48",
  "crawl_end": "2017-06-09T17:34:48",
  "num_pages": 1,
  "total_html_size": 3933,
  "servers": [
    "Apache (CentOS)"
  ],
  "tags": [
    "relme"
  ],
  "endpoints": {},
  "links_out": 4,
  "links_in": 0,
  "links": {
    "facebook.com/seehat": {
      "out": {
        "other": 1
      },
      "score": 1
    },
    "twitter.com/seehat": {
      "out": {
        "other": 1
      },
      "score": 1
    },
    "github.com": {
      "out": {
        "other": 1
      },
      "score": 1
    },
    "plus.google.com/+ChristianZehetner": {
      "out": {
        "other": 1
      },
      "score": 1
    }
  }
}