{
  "domain": "chrischerrett.co.uk",
  "urls": [
    "http://chrischerrett.co.uk/"
  ],
  "names": [
    "chrischerrett.co.uk"
  ],
  "descriptions": [],
  "pictures": [],
  "hcard": {},
  "rel_mes": [],
  "tags": [
    "IRC"
  ],
  "endpoints": {},
  "crawl_start": "2017-05-19T22:52:39.614550",
  "crawl_end": "2017-05-19T22:52:39.614550",
  "links_out": 0,
  "links_in": 15,
  "links": {
    "indieweb.org": {
      "in": {
        "other": 12
      },
      "score": 1
    },
    "chat.indieweb.org": {
      "in": {
        "other": 3
      },
      "score": 0.444
    }
  }
}