{
  "domain": "clarkenciel.com",
  "urls": [
    "http://clarkenciel.com/"
  ],
  "names": [
    "clarkenciel.com"
  ],
  "descriptions": [],
  "pictures": [],
  "hcard": {},
  "rel_mes": [],
  "crawl_start": "2017-06-09T17:34:56",
  "crawl_end": "2017-06-09T17:34:56",
  "num_pages": 1,
  "total_html_size": 4925,
  "servers": [
    "cloudflare-nginx"
  ],
  "tags": [],
  "endpoints": {},
  "links_out": 0,
  "links_in": 2,
  "links": {
    "brid.gy": {
      "in": {
        "other": 2
      },
      "score": 1
    }
  }
}