{
  "domain": "clburlison.com",
  "urls": [
    "https://clburlison.com/"
  ],
  "names": [
    "clburlison ",
    "clburlison"
  ],
  "descriptions": [],
  "pictures": [
    "https://clburlison.com/favicon.png"
  ],
  "hcard": {},
  "rel_mes": [],
  "crawl_start": "2017-04-30T01:57:41",
  "crawl_end": "2017-04-30T01:59:08",
  "num_pages": 88,
  "total_html_size": 1139140,
  "servers": [
    "cloudflare-nginx",
    "Hugo"
  ],
  "tags": [
    "webmention.io"
  ],
  "endpoints": {},
  "links_out": 815,
  "links_in": 0,
  "links": {
    "github.com": {
      "out": {
        "other": 230
      },
      "score": 1
    },
    "gohugo.io": {
      "out": {
        "other": 88
      },
      "score": 0.843
    },
    "twitter.com/clburlison": {
      "out": {
        "other": 88
      },
      "score": 0.843
    },
    "www.linkedin.com": {
      "out": {
        "other": 87
      },
      "score": 0.842
    },
    "disqus.com": {
      "out": {
        "other": 51
      },
      "score": 0.754
    },
    "macadmins.slack.com": {
      "out": {
        "other": 23
      },
      "score": 0.625
    },
    "groups.google.com": {
      "out": {
        "other": 11
      },
      "score": 0.504
    },
    "support.apple.com": {
      "out": {
        "other": 8
      },
      "score": 0.452
    },
    "www.ustream.tv": {
      "out": {
        "other": 7
      },
      "score": 0.431
    },
    "www.digitalocean.com": {
      "out": {
        "other": 6
      },
      "score": 0.405
    },
    "gist.github.com": {
      "out": {
        "other": 6
      },
      "score": 0.405
    },
    "macadmins.software": {
      "out": {
        "other": 6
      },
      "score": 0.405
    },
    "www.uta.edu": {
      "out": {
        "other": 5
      },
      "score": 0.375
    },
    "en.wikipedia.org": {
      "out": {
        "other": 4
      },
      "score": 0.339
    },
    "docs.puppetlabs.com": {
      "out": {
        "other": 4
      },
      "score": 0.339
    },
    "macops.ca": {
      "out": {
        "other": 4
      },
      "score": 0.339
    },
    "jamfnation.jamfsoftware.com": {
      "out": {
        "other": 4
      },
      "score": 0.339
    },
    "derflounder.wordpress.com": {
      "out": {
        "other": 4
      },
      "score": 0.339
    },
    "osxbytes.wordpress.com": {
      "out": {
        "other": 3
      },
      "score": 0.292
    },
    "brunosan.eu": {
      "out": {
        "other": 3
      },
      "score": 0.292
    },
    "slack.com": {
      "out": {
        "other": 3
      },
      "score": 0.292
    },
    "waffle.io": {
      "out": {
        "other": 3
      },
      "score": 0.292
    },
    "yourserver.example.com": {
      "out": {
        "other": 3
      },
      "score": 0.292
    },
    "coreos.com": {
      "out": {
        "other": 3
      },
      "score": 0.292
    },
    "www.microsoft.com": {
      "out": {
        "other": 3
      },
      "score": 0.292
    },
    "www.cloudflare.com": {
      "out": {
        "other": 2
      },
      "score": 0.227
    },
    "macbrained.org": {
      "out": {
        "other": 2
      },
      "score": 0.227
    },
    "wiki.nginx.org": {
      "out": {
        "other": 2
      },
      "score": 0.227
    },
    "tldp.org": {
      "out": {
        "other": 2
      },
      "score": 0.227
    },
    "www.freeformatter.com": {
      "out": {
        "other": 2
      },
      "score": 0.227
    },
    "jerome.co.za": {
      "out": {
        "other": 2
      },
      "score": 0.227
    },
    "krypted.com": {
      "out": {
        "other": 2
      },
      "score": 0.227
    },
    "stream.lib.utah.edu": {
      "out": {
        "other": 2
      },
      "score": 0.227
    },
    "developer.apple.com": {
      "out": {
        "other": 2
      },
      "score": 0.227
    },
    "www.afp548.com": {
      "out": {
        "other": 2
      },
      "score": 0.227
    },
    "helpx.adobe.com": {
      "out": {
        "other": 2
      },
      "score": 0.227
    },
    "support.zendesk.com": {
      "out": {
        "other": 2
      },
      "score": 0.227
    },
    "circleci.com": {
      "out": {
        "other": 2
      },
      "score": 0.227
    },
    "macadmins.psu.edu": {
      "out": {
        "other": 2
      },
      "score": 0.227
    },
    "stackoverflow.com": {
      "out": {
        "other": 2
      },
      "score": 0.227
    },
    "www.narga.net": {
      "out": {
        "other": 2
      },
      "score": 0.227
    },
    "macadmins.org": {
      "out": {
        "other": 2
      },
      "score": 0.227
    },
    "www.richard-purves.com": {
      "out": {
        "other": 2
      },
      "score": 0.227
    },
    "tgoode.com": {
      "out": {
        "other": 2
      },
      "score": 0.227
    },
    "www.apple.com": {
      "out": {
        "other": 2
      },
      "score": 0.227
    },
    "twitter.com/chilcote": {
      "out": {
        "other": 2
      },
      "score": 0.227
    },
    "twitter.com/tvsutton": {
      "out": {
        "other": 2
      },
      "score": 0.227
    },
    "apple.stackexchange.com": {
      "out": {
        "other": 2
      },
      "score": 0.227
    },
    "maclovin.org": {
      "out": {
        "other": 2
      },
      "score": 0.227
    },
    "twitter.com/meck": {
      "out": {
        "other": 2
      },
      "score": 0.227
    },
    "octopress.org": {
      "out": {
        "other": 2
      },
      "score": 0.227
    },
    "www.office4mac.com": {
      "out": {
        "other": 2
      },
      "score": 0.227
    },
    "twitter.com/mrexchange": {
      "out": {
        "other": 2
      },
      "score": 0.227
    },
    "alvinalexander.com": {
      "out": {
        "other": 1
      },
      "score": 0.113
    },
    "twitter.com/kieransenior": {
      "out": {
        "other": 1
      },
      "score": 0.113
    },
    "www.macitconf.com": {
      "out": {
        "other": 1
      },
      "score": 0.113
    },
    "eastmanreference.com": {
      "out": {
        "other": 1
      },
      "score": 0.113
    },
    "meraki.com": {
      "out": {
        "other": 1
      },
      "score": 0.113
    },
    "support.office.com": {
      "out": {
        "other": 1
      },
      "score": 0.113
    },
    "twitter.com/patgmac": {
      "out": {
        "other": 1
      },
      "score": 0.113
    },
    "warpedvisions.org": {
      "out": {
        "other": 1
      },
      "score": 0.113
    },
    "coffeecupblog.com": {
      "out": {
        "other": 1
      },
      "score": 0.113
    },
    "twitter.com/harryfike": {
      "out": {
        "other": 1
      },
      "score": 0.113
    },
    "crystal.uta.edu": {
      "out": {
        "other": 1
      },
      "score": 0.113
    },
    "dev.to": {
      "out": {
        "other": 1
      },
      "score": 0.113
    },
    "www.macworld.com": {
      "out": {
        "other": 1
      },
      "score": 0.113
    },
    "puphpet.com": {
      "out": {
        "other": 1
      },
      "score": 0.113
    },
    "twofactorauth.org": {
      "out": {
        "other": 1
      },
      "score": 0.113
    },
    "www.jerome-bernard.com": {
      "out": {
        "other": 1
      },
      "score": 0.113
    },
    "coderwall.com": {
      "out": {
        "other": 1
      },
      "score": 0.113
    },
    "www.elastic.co": {
      "out": {
        "other": 1
      },
      "score": 0.113
    },
    "example.com": {
      "out": {
        "other": 1
      },
      "score": 0.113
    },
    "biancarelli.org": {
      "out": {
        "other": 1
      },
      "score": 0.113
    },
    "cnedelcu.blogspot.com": {
      "out": {
        "other": 1
      },
      "score": 0.113
    },
    "help.ubuntu.com": {
      "out": {
        "other": 1
      },
      "score": 0.113
    },
    "vimium.github.io": {
      "out": {
        "other": 1
      },
      "score": 0.113
    },
    "www.openssl.org": {
      "out": {
        "other": 1
      },
      "score": 0.113
    },
    "www.deploystudio.com": {
      "out": {
        "other": 1
      },
      "score": 0.113
    },
    "www.tekrevue.com": {
      "out": {
        "other": 1
      },
      "score": 0.113
    },
    "www.macstories.net": {
      "out": {
        "other": 1
      },
      "score": 0.113
    },
    "www.us-cert.gov": {
      "out": {
        "other": 1
      },
      "score": 0.113
    },
    "confluence.atlassian.com": {
      "out": {
        "other": 1
      },
      "score": 0.113
    },
    "www.google.com": {
      "out": {
        "other": 1
      },
      "score": 0.113
    },
    "www.mothersruin.com": {
      "out": {
        "other": 1
      },
      "score": 0.113
    },
    "denisonmac.wordpress.com": {
      "out": {
        "other": 1
      },
      "score": 0.113
    },
    "robotcloud.screenstepslive.com": {
      "out": {
        "other": 1
      },
      "score": 0.113
    },
    "twitter.com/schwieb": {
      "out": {
        "other": 1
      },
      "score": 0.113
    },
    "console.aws.amazon.com": {
      "out": {
        "other": 1
      },
      "score": 0.113
    },
    "googleenterprise.blogspot.com": {
      "out": {
        "other": 1
      },
      "score": 0.113
    },
    "blog.slaunchaman.com": {
      "out": {
        "other": 1
      },
      "score": 0.113
    },
    "michaellynn.github.io": {
      "out": {
        "other": 1
      },
      "score": 0.113
    },
    "webdesign.tutsplus.com": {
      "out": {
        "other": 1
      },
      "score": 0.113
    },
    "winginx.com": {
      "out": {
        "other": 1
      },
      "score": 0.113
    },
    "www.dropbox.com": {
      "out": {
        "other": 1
      },
      "score": 0.113
    },
    "pages.github.com": {
      "out": {
        "other": 1
      },
      "score": 0.113
    },
    "docs.chef.io": {
      "out": {
        "other": 1
      },
      "score": 0.113
    },
    "www.barebones.com": {
      "out": {
        "other": 1
      },
      "score": 0.113
    },
    "www.webopedia.com": {
      "out": {
        "other": 1
      },
      "score": 0.113
    },
    "babodee.wordpress.com": {
      "out": {
        "other": 1
      },
      "score": 0.113
    },
    "sourceforge.net": {
      "out": {
        "other": 1
      },
      "score": 0.113
    },
    "www.vagrantup.com": {
      "out": {
        "other": 1
      },
      "score": 0.113
    },
    "yourmunkiserver": {
      "out": {
        "other": 1
      },
      "score": 0.113
    },
    "documentation.macsysadmin.se": {
      "out": {
        "other": 1
      },
      "score": 0.113
    },
    "raw.githubusercontent.com": {
      "out": {
        "other": 1
      },
      "score": 0.113
    },
    "su.example.com": {
      "out": {
        "other": 1
      },
      "score": 0.113
    },
    "www.cloudberrylab.com": {
      "out": {
        "other": 1
      },
      "score": 0.113
    },
    "git-scm.com": {
      "out": {
        "other": 1
      },
      "score": 0.113
    },
    "www.mactech.com": {
      "out": {
        "other": 1
      },
      "score": 0.113
    },
    "products.office.com": {
      "out": {
        "other": 1
      },
      "score": 0.113
    },
    "www.imore.com": {
      "out": {
        "other": 1
      },
      "score": 0.113
    },
    "youserver.example.com": {
      "out": {
        "other": 1
      },
      "score": 0.113
    },
    "twitter.com/eholtam": {
      "out": {
        "other": 1
      },
      "score": 0.113
    },
    "blog.jacobelder.com": {
      "out": {
        "other": 1
      },
      "score": 0.113
    },
    "ilostmynotes.blogspot.com": {
      "out": {
        "other": 1
      },
      "score": 0.113
    },
    "twitter.com/Adobe_ITToolkit": {
      "out": {
        "other": 1
      },
      "score": 0.113
    },
    "twitter.com/bruienne": {
      "out": {
        "other": 1
      },
      "score": 0.113
    },
    "www.iotopia.com": {
      "out": {
        "other": 1
      },
      "score": 0.113
    },
    "cve.mitre.org": {
      "out": {
        "other": 1
      },
      "score": 0.113
    },
    "cyberduck.io": {
      "out": {
        "other": 1
      },
      "score": 0.113
    },
    "www.oracle.com": {
      "out": {
        "other": 1
      },
      "score": 0.113
    },
    "t.co": {
      "out": {
        "other": 1
      },
      "score": 0.113
    },
    "www.docker.com": {
      "out": {
        "other": 1
      },
      "score": 0.113
    },
    "www.webreference.com": {
      "out": {
        "other": 1
      },
      "score": 0.113
    },
    "osquery.io": {
      "out": {
        "other": 1
      },
      "score": 0.113
    },
    "downloads.puppetlabs.com": {
      "out": {
        "other": 1
      },
      "score": 0.113
    },
    "kb.vmware.com": {
      "out": {
        "other": 1
      },
      "score": 0.113
    },
    "aijazansari.com": {
      "out": {
        "other": 1
      },
      "score": 0.113
    },
    "arstechnica.com": {
      "out": {
        "other": 1
      },
      "score": 0.113
    },
    "mac.github.com": {
      "out": {
        "other": 1
      },
      "score": 0.113
    },
    "macadmins.herokuapp.com": {
      "out": {
        "other": 1
      },
      "score": 0.113
    },
    "projects.tynsoe.org": {
      "out": {
        "other": 1
      },
      "score": 0.113
    },
    "s3tools.org": {
      "out": {
        "other": 1
      },
      "score": 0.113
    },
    "www.virtualbox.org": {
      "out": {
        "other": 1
      },
      "score": 0.113
    },
    "vim.rtorr.com": {
      "out": {
        "other": 1
      },
      "score": 0.113
    },
    "www.icloud.com": {
      "out": {
        "other": 1
      },
      "score": 0.113
    },
    "www.pcworld.com": {
      "out": {
        "other": 1
      },
      "score": 0.113
    },
    "scn.sap.com": {
      "out": {
        "other": 1
      },
      "score": 0.113
    },
    "blog.aitrus.com": {
      "out": {
        "other": 1
      },
      "score": 0.113
    },
    "lucasjhall.com": {
      "out": {
        "other": 1
      },
      "score": 0.113
    },
    "boxen.github.com": {
      "out": {
        "other": 1
      },
      "score": 0.113
    },
    "linuxconfig.org": {
      "out": {
        "other": 1
      },
      "score": 0.113
    },
    "munki": {
      "out": {
        "other": 1
      },
      "score": 0.113
    },
    "su.example.com](": {
      "out": {
        "other": 1
      },
      "score": 0.113
    },
    "vpn.uta.edu": {
      "out": {
        "other": 1
      },
      "score": 0.113
    },
    "www.cnet.com": {
      "out": {
        "other": 1
      },
      "score": 0.113
    },
    "www.cultofmac.com": {
      "out": {
        "other": 1
      },
      "score": 0.113
    },
    "www.nbalonso.com": {
      "out": {
        "other": 1
      },
      "score": 0.113
    },
    "docs.docker.com": {
      "out": {
        "other": 1
      },
      "score": 0.113
    },
    "garylarizza.com": {
      "out": {
        "other": 1
      },
      "score": 0.113
    },
    "jekyllrb.com": {
      "out": {
        "other": 1
      },
      "score": 0.113
    },
    "ryansechrest.com": {
      "out": {
        "other": 1
      },
      "score": 0.113
    },
    "aws.amazon.com": {
      "out": {
        "other": 1
      },
      "score": 0.113
    },
    "blog.martinfenner.org": {
      "out": {
        "other": 1
      },
      "score": 0.113
    },
    "www.sourcetreeapp.com": {
      "out": {
        "other": 1
      },
      "score": 0.113
    },
    "flask.pocoo.org": {
      "out": {
        "other": 1
      },
      "score": 0.113
    }
  }
}