{
  "domain": "cldstr.com",
  "urls": [
    "http://cldstr.com/"
  ],
  "names": [
    "Create your Personal Cloud : cldstr.com"
  ],
  "descriptions": [],
  "pictures": [],
  "hcard": {},
  "rel_mes": [],
  "crawl_start": "2017-06-07T17:36:29",
  "crawl_end": "2017-06-07T17:36:54",
  "num_pages": 62,
  "total_html_size": 422326,
  "servers": [
    "Apache"
  ],
  "tags": [
    "tool"
  ],
  "endpoints": {},
  "links_out": 237,
  "links_in": 1519,
  "links": {
    "upon2020.com": {
      "in": {
        "other": 1502
      },
      "score": 1
    },
    "javascript": {
      "out": {
        "other": 91
      },
      "score": 0.711
    },
    "en.wikipedia.org": {
      "out": {
        "other": 64
      },
      "score": 0.663
    },
    "twitter.com/cldstr": {
      "out": {
        "other": 62
      },
      "score": 0.659
    },
    "indieweb.org": {
      "in": {
        "other": 13
      },
      "score": 0.350
    },
    "wordpress.org": {
      "out": {
        "other": 5
      },
      "score": 0.315
    },
    "rackspace.com": {
      "out": {
        "other": 3
      },
      "score": 0.245
    },
    "wikimediafoundation.org": {
      "out": {
        "other": 2
      },
      "score": 0.190
    },
    "www.flutterby.com": {
      "in": {
        "other": 3
      },
      "score": 0.150
    },
    "productforums.google.com": {
      "out": {
        "other": 1
      },
      "score": 0.0948
    },
    "support.godaddy.com": {
      "out": {
        "other": 1
      },
      "score": 0.0948
    },
    "aws.amazon.com": {
      "out": {
        "other": 1
      },
      "score": 0.0948
    },
    "www.me.com": {
      "out": {
        "other": 1
      },
      "score": 0.0948
    },
    "www.technolog.msnbc.msn.com": {
      "out": {
        "other": 1
      },
      "score": 0.0948
    },
    "aws-portal.amazon.com": {
      "out": {
        "other": 1
      },
      "score": 0.0948
    },
    "httpd.apache.org": {
      "out": {
        "other": 1
      },
      "score": 0.0948
    },
    "www.rackspace.com": {
      "out": {
        "other": 1
      },
      "score": 0.0948
    },
    "personal-clouds.org": {
      "out": {
        "other": 1
      },
      "score": 0.0948
    },
    "www.mediawiki.org": {
      "out": {
        "other": 1
      },
      "score": 0.0948
    },
    "chat.indieweb.org": {
      "in": {
        "other": 1
      },
      "score": 0
    }
  }
}