{
  "domain": "clement.desmidt.fr",
  "urls": [
    "http://clement.desmidt.fr/"
  ],
  "names": [
    "En cas d'invasion zombie…"
  ],
  "descriptions": [
    "Pensées, histoires et idées."
  ],
  "pictures": [
    "https://clement.desmidt.fr/favicon.ico"
  ],
  "hcard": {},
  "rel_mes": [],
  "crawl_start": "2017-04-28T05:16:18",
  "crawl_end": "2017-04-28T05:17:28",
  "num_pages": 102,
  "total_html_size": 1239508,
  "servers": [
    "Apache",
    "Ghost"
  ],
  "tags": [
    "bridgy"
  ],
  "endpoints": {},
  "links_out": 1232,
  "links_in": 0,
  "links": {
    "shikiryu.com": {
      "out": {
        "other": 118
      },
      "score": 1
    },
    "git.shikiryu.com": {
      "out": {
        "other": 106
      },
      "score": 0.982
    },
    "twitter.com/shikiryu": {
      "out": {
        "other": 105
      },
      "score": 0.980
    },
    "steamcommunity.com": {
      "out": {
        "other": 105
      },
      "score": 0.980
    },
    "github.com": {
      "out": {
        "other": 105
      },
      "score": 0.980
    },
    "www.linkedin.com": {
      "out": {
        "other": 102
      },
      "score": 0.974
    },
    "ghost.org": {
      "out": {
        "other": 102
      },
      "score": 0.974
    },
    "plus.google.com/share": {
      "out": {
        "other": 80
      },
      "score": 0.930
    },
    "facebook.com/sharer": {
      "out": {
        "other": 80
      },
      "score": 0.930
    },
    "twitter.com/intent": {
      "out": {
        "other": 80
      },
      "score": 0.930
    },
    "www.chromium.org": {
      "out": {
        "other": 6
      },
      "score": 0.454
    },
    "owncloud.org": {
      "out": {
        "other": 6
      },
      "score": 0.454
    },
    "www.channelate.com": {
      "out": {
        "other": 6
      },
      "score": 0.454
    },
    "www.youtube.com": {
      "out": {
        "other": 6
      },
      "score": 0.454
    },
    "lite.qwant.com": {
      "out": {
        "other": 6
      },
      "score": 0.454
    },
    "degooglisons-internet.org": {
      "out": {
        "other": 6
      },
      "score": 0.454
    },
    "piwik.org": {
      "out": {
        "other": 6
      },
      "score": 0.454
    },
    "framapad.org": {
      "out": {
        "other": 6
      },
      "score": 0.454
    },
    "www.openstreetmap.org": {
      "out": {
        "other": 6
      },
      "score": 0.454
    },
    "leafletjs.com": {
      "out": {
        "other": 6
      },
      "score": 0.454
    },
    "etherpad.org": {
      "out": {
        "other": 6
      },
      "score": 0.454
    },
    "links.shikiryu.com": {
      "out": {
        "other": 6
      },
      "score": 0.454
    },
    "nextcloud.com": {
      "out": {
        "other": 6
      },
      "score": 0.454
    },
    "stackoverflow.com": {
      "out": {
        "other": 6
      },
      "score": 0.454
    },
    "framablog.org": {
      "out": {
        "other": 6
      },
      "score": 0.454
    },
    "www.privacytools.io": {
      "out": {
        "other": 6
      },
      "score": 0.454
    },
    "www.seafile.com": {
      "out": {
        "other": 6
      },
      "score": 0.454
    },
    "spiraledigitale.com": {
      "out": {
        "other": 6
      },
      "score": 0.454
    },
    "prism-break.org": {
      "out": {
        "other": 6
      },
      "score": 0.454
    },
    "www.fastmail.com": {
      "out": {
        "other": 6
      },
      "score": 0.454
    },
    "web.archive.org": {
      "out": {
        "other": 6
      },
      "score": 0.454
    },
    "www.mozilla.org": {
      "out": {
        "other": 6
      },
      "score": 0.454
    },
    "duckduckgo.com": {
      "out": {
        "other": 6
      },
      "score": 0.454
    },
    "www.jacoduplessis.co.za": {
      "out": {
        "other": 6
      },
      "score": 0.454
    },
    "lezohtml.eu": {
      "out": {
        "other": 6
      },
      "score": 0.454
    },
    "www.lunarbaboon.com": {
      "out": {
        "other": 3
      },
      "score": 0.328
    },
    "docs.google.com": {
      "out": {
        "other": 3
      },
      "score": 0.328
    },
    "autopsy.io": {
      "out": {
        "other": 3
      },
      "score": 0.328
    },
    "hmm-la-bd.eu": {
      "out": {
        "other": 3
      },
      "score": 0.328
    },
    "play.spotify.com": {
      "out": {
        "other": 3
      },
      "score": 0.328
    },
    "www.nicoptere.net": {
      "out": {
        "other": 3
      },
      "score": 0.328
    },
    "explosm.net": {
      "out": {
        "other": 3
      },
      "score": 0.328
    },
    "38.media.tumblr.com": {
      "out": {
        "other": 3
      },
      "score": 0.328
    },
    "jenairienacacher.fr": {
      "out": {
        "other": 3
      },
      "score": 0.328
    },
    "www.numerama.com": {
      "out": {
        "other": 3
      },
      "score": 0.328
    },
    "webkay.robinlinus.com": {
      "out": {
        "other": 3
      },
      "score": 0.328
    },
    "bizarro.com": {
      "out": {
        "other": 3
      },
      "score": 0.328
    },
    "www.autostraddle.com": {
      "out": {
        "other": 3
      },
      "score": 0.328
    },
    "www.topachat.com": {
      "out": {
        "other": 3
      },
      "score": 0.328
    },
    "pack.resetthenet.org": {
      "out": {
        "other": 3
      },
      "score": 0.328
    },
    "www.git-tower.com": {
      "out": {
        "other": 3
      },
      "score": 0.328
    },
    "www.leboncoin.fr": {
      "out": {
        "other": 3
      },
      "score": 0.328
    },
    "book.shikiryu.com": {
      "out": {
        "other": 3
      },
      "score": 0.328
    },
    "medieval.mrugala.net": {
      "out": {
        "other": 3
      },
      "score": 0.328
    },
    "community.letsencrypt.org": {
      "out": {
        "other": 3
      },
      "score": 0.328
    },
    "imgs.xkcd.com": {
      "out": {
        "other": 3
      },
      "score": 0.328
    },
    "quandmonchat.tumblr.com": {
      "out": {
        "other": 3
      },
      "score": 0.328
    },
    "lehollandaisvolant.net": {
      "out": {
        "other": 3
      },
      "score": 0.328
    },
    "standblog.org": {
      "out": {
        "other": 3
      },
      "score": 0.328
    },
    "codepen.io": {
      "out": {
        "other": 3
      },
      "score": 0.328
    },
    "www.behance.net": {
      "out": {
        "other": 3
      },
      "score": 0.328
    },
    "byte.kde.org": {
      "out": {
        "other": 3
      },
      "score": 0.328
    },
    "lwn.net": {
      "out": {
        "other": 3
      },
      "score": 0.328
    },
    "www.geekologie.me": {
      "out": {
        "other": 3
      },
      "score": 0.328
    },
    "143th.net": {
      "out": {
        "other": 3
      },
      "score": 0.328
    },
    "fr.wikipedia.org": {
      "out": {
        "other": 3
      },
      "score": 0.328
    },
    "archive.org": {
      "out": {
        "other": 3
      },
      "score": 0.328
    },
    "blog.genma.fr": {
      "out": {
        "other": 3
      },
      "score": 0.328
    }
  }
}