{
  "domain": "cleverdevil.io",
  "urls": [
    "https://cleverdevil.io/profile/cleverdevil",
    "https://twitter.com/cleverdevil",
    "https://www.linkedin.com/in/cleverdevil",
    "https://keybase.io/cleverdevil",
    "https://github.com/cleverdevil",
    "https://instagram.com/cleverdevil",
    "http://facebook.com/cleverdevil",
    "https://micro.blog/cleverdevil"
  ],
  "names": [
    "Jonathan LaCour",
    "cleverdevil"
  ],
  "descriptions": [
    "PGP: C756 2813 F881 06E2 6F1F 547B 003F 530D 3859 B702\nLearn more about me. Email me at \n<!--\ndocument.write('<a href=\"mai');\ndocument.write('lto');\ndocument.write(':&#106;&#111;&#110;&#97;&#116;&#104;&#97;&#110;');\ndocument.write('@');\ndocument.write('&#99;&#108;&#101;&#118;&#101;&#114;&#100;&#101;&#118;&#105;&#108;&#46;&#111;&#114;&#103;\">');\ndocument.write('&#106;&#111;&#110;&#97;&#116;&#104;&#97;&#110;');\ndocument.write('@');\ndocument.write('&#99;&#108;&#101;&#118;&#101;&#114;&#100;&#101;&#118;&#105;&#108;&#46;&#111;&#114;&#103;<\\/a>');\n// -->\n\njonathan at \ncleverdevil dot org Share with me via Nextcloud",
    "one clever devil"
  ],
  "pictures": [
    "https://cleverdevil.io/file/2fa19f964fb8970faaf20b909c69d6cb/thumb.png"
  ],
  "hcard": {
    "properties": {
      "name": [
        "Jonathan LaCour"
      ],
      "note": [
        {
          "html": "<div class=\"highlightedText\">\n<p>PGP: C756 2813 F881 06E2 6F1F 547B 003F 530D 3859 B702</p>\n<p><a href=\"https://cleverdevil.io/pages/about\">Learn more about me</a>. Email me at <script language=\"Javascript\" type=\"text/javascript\">\n<!--\ndocument.write('<a href=\"mai');\ndocument.write('lto');\ndocument.write(':&#106;&#111;&#110;&#97;&#116;&#104;&#97;&#110;');\ndocument.write('@');\ndocument.write('&#99;&#108;&#101;&#118;&#101;&#114;&#100;&#101;&#118;&#105;&#108;&#46;&#111;&#114;&#103;\">');\ndocument.write('&#106;&#111;&#110;&#97;&#116;&#104;&#97;&#110;');\ndocument.write('@');\ndocument.write('&#99;&#108;&#101;&#118;&#101;&#114;&#100;&#101;&#118;&#105;&#108;&#46;&#111;&#114;&#103;<\\/a>');\n// -->\n</script></p>\n<noscript>jonathan at \ncleverdevil dot org</noscript><div style=\"margin: 30px 0;\"><a href=\"https://nextcloud.com/federation#cleverdevil@cloud.cleverdevil.io\" rel=\"noreferrer\" style=\"padding: 10px; background-color: #0082c9; color: #fff; border-radius: 3px; padding-left: 4px;\" target=\"_blank\"><img alt=\"\" src=\"https://cloud.cleverdevil.io/core/img/logo-icon.svg\" style=\"width: 50px; position: relative;\"/> Share with me via Nextcloud<br/></a></div></div> ",
          "value": "\nPGP: C756 2813 F881 06E2 6F1F 547B 003F 530D 3859 B702\nLearn more about me. Email me at \n<!--\ndocument.write('<a href=\"mai');\ndocument.write('lto');\ndocument.write(':&#106;&#111;&#110;&#97;&#116;&#104;&#97;&#110;');\ndocument.write('@');\ndocument.write('&#99;&#108;&#101;&#118;&#101;&#114;&#100;&#101;&#118;&#105;&#108;&#46;&#111;&#114;&#103;\">');\ndocument.write('&#106;&#111;&#110;&#97;&#116;&#104;&#97;&#110;');\ndocument.write('@');\ndocument.write('&#99;&#108;&#101;&#118;&#101;&#114;&#100;&#101;&#118;&#105;&#108;&#46;&#111;&#114;&#103;<\\/a>');\n// -->\n\njonathan at \ncleverdevil dot org Share with me via Nextcloud "
        }
      ],
      "photo": [
        "https://cleverdevil.io/file/2fa19f964fb8970faaf20b909c69d6cb/thumb.png"
      ],
      "profile": [
        "Jonathan LaCour"
      ],
      "url": [
        "https://cleverdevil.io/profile/cleverdevil",
        "https://cleverdevil.io/profile/cleverdevil",
        "https://twitter.com/cleverdevil",
        "https://www.linkedin.com/in/cleverdevil",
        "https://keybase.io/cleverdevil",
        "https://github.com/cleverdevil",
        "https://instagram.com/cleverdevil",
        "http://facebook.com/cleverdevil",
        "https://micro.blog/cleverdevil"
      ]
    },
    "type": [
      "h-card"
    ]
  },
  "rel_mes": [
    "https://twitter.com/cleverdevil",
    "https://www.linkedin.com/in/cleverdevil",
    "https://keybase.io/cleverdevil",
    "https://github.com/cleverdevil",
    "https://instagram.com/cleverdevil",
    "http://facebook.com/cleverdevil",
    "https://micro.blog/cleverdevil"
  ],
  "crawl_start": "2017-04-23T23:37:11",
  "crawl_end": "2017-04-24T01:37:00",
  "num_pages": 1371,
  "total_html_size": 44351611,
  "servers": [
    "Apache (Ubuntu)",
    "Known"
  ],
  "mf2_classes": [
    "h-cite",
    "h-review",
    "h-card",
    "h-entry",
    "h-food",
    "h-recipe"
  ],
  "tags": [
    "relme",
    "bridgy",
    "IRC",
    "IWS2017",
    "webmention",
    "micropub",
    "authorization",
    "token",
    "websub",
    "Known"
  ],
  "endpoints": {
    "webmention": [
      "https://cleverdevil.io/webmention/"
    ],
    "micropub": [
      "https://cleverdevil.io/micropub/endpoint"
    ],
    "authorization": [
      "https://cleverdevil.io/indieauth/auth"
    ],
    "token": [
      "https://cleverdevil.io/indieauth/token"
    ],
    "websub": [
      "https://withknown.superfeedr.com/"
    ]
  },
  "links_out": 20758,
  "links_in": 3740,
  "links": {
    "facebook.com/10101418101899349": {
      "out": {
        "other": 5628
      },
      "score": 1
    },
    "twitter.com/cleverdevil": {
      "out": {
        "other": 1506,
        "in-reply-to": 6
      },
      "score": 0.861
    },
    "chat.indieweb.org": {
      "in": {
        "other": 2099
      },
      "score": 0.820
    },
    "indieweb.org": {
      "out": {
        "other": 235
      },
      "in": {
        "other": 1190
      },
      "score": 0.794
    },
    "github.com": {
      "out": {
        "other": 450
      },
      "score": 0.729
    },
    "t.co": {
      "out": {
        "other": 426
      },
      "score": 0.723
    },
    "instagram.com": {
      "out": {
        "other": 352
      },
      "score": 0.703
    },
    "stream.boffosocko.com": {
      "in": {
        "in-reply-to": 64,
        "like-of": 24,
        "other": 12
      },
      "out": {
        "in-reply-to": 15,
        "other": 51
      },
      "score": 0.691
    },
    "facebook.com/10152980455081516": {
      "out": {
        "other": 312
      },
      "score": 0.690
    },
    "keybase.io": {
      "out": {
        "other": 303
      },
      "score": 0.687
    },
    "www.linkedin.com": {
      "out": {
        "other": 295
      },
      "score": 0.684
    },
    "facebook.com/cleverdevil": {
      "out": {
        "other": 293
      },
      "score": 0.683
    },
    "nextcloud.com": {
      "out": {
        "other": 293
      },
      "score": 0.683
    },
    "ownyourswarm.p3k.io": {
      "out": {
        "other": 278
      },
      "score": 0.677
    },
    "boffosocko.com": {
      "out": {
        "other": 2,
        "in-reply-to": 53
      },
      "in": {
        "other": 18
      },
      "score": 0.676
    },
    "swarmapp.com": {
      "out": {
        "other": 270
      },
      "score": 0.674
    },
    "facebook.com/930842360287863": {
      "out": {
        "other": 182
      },
      "score": 0.632
    },
    "facebook.com/10153153300451936": {
      "out": {
        "other": 178
      },
      "score": 0.629
    },
    "tantek.com": {
      "out": {
        "other": 46,
        "in-reply-to": 22
      },
      "score": 0.615
    },
    "facebook.com/10205079130162633": {
      "out": {
        "other": 154
      },
      "score": 0.614
    },
    "twitter.com/benwerd": {
      "out": {
        "in-reply-to": 19,
        "other": 52
      },
      "score": 0.609
    },
    "en.wikipedia.org": {
      "out": {
        "other": 138
      },
      "score": 0.602
    },
    "facebook.com/10153054624666027": {
      "out": {
        "other": 134
      },
      "score": 0.599
    },
    "aaronparecki.com": {
      "in": {
        "like-of": 21,
        "other": 80
      },
      "out": {
        "other": 20,
        "in-reply-to": 10
      },
      "score": 0.597
    },
    "twitter.com/EddieHinkle": {
      "out": {
        "in-reply-to": 14,
        "other": 56
      },
      "score": 0.593
    },
    "facebook.com/10151979431780906": {
      "out": {
        "other": 122
      },
      "score": 0.589
    },
    "keithjgrant.com": {
      "in": {
        "in-reply-to": 3,
        "like-of": 1,
        "repost-of": 2,
        "other": 1
      },
      "out": {
        "other": 31,
        "in-reply-to": 15
      },
      "score": 0.585
    },
    "twitter.com/DreamHostBrett": {
      "out": {
        "other": 76,
        "in-reply-to": 8
      },
      "score": 0.584
    },
    "facebook.com/411479512376225": {
      "out": {
        "other": 114
      },
      "score": 0.582
    },
    "withknown.com": {
      "out": {
        "other": 106
      },
      "score": 0.574
    },
    "twitter.com/vmbrasseur": {
      "out": {
        "in-reply-to": 10,
        "other": 48
      },
      "score": 0.566
    },
    "facebook.com/10207569318697184": {
      "out": {
        "other": 92
      },
      "score": 0.558
    },
    "2017.indieweb.org": {
      "out": {
        "in-reply-to": 18
      },
      "in": {
        "other": 3
      },
      "score": 0.558
    },
    "twitter.com/hashtag": {
      "out": {
        "other": 84
      },
      "score": 0.549
    },
    "news.indieweb.org": {
      "out": {
        "other": 75
      },
      "in": {
        "other": 16
      },
      "score": 0.548
    },
    "twitter.com/thismissy": {
      "out": {
        "other": 80
      },
      "score": 0.544
    },
    "twitter.com/doughellmann": {
      "out": {
        "in-reply-to": 8,
        "other": 37
      },
      "score": 0.540
    },
    "indiewebcamp.com": {
      "out": {
        "other": 74
      },
      "score": 0.536
    },
    "facebook.com/10206493611912960": {
      "out": {
        "other": 74
      },
      "score": 0.536
    },
    "facebook.com/1646164805665121": {
      "out": {
        "other": 74
      },
      "score": 0.536
    },
    "facebook.com/10153119013903175": {
      "out": {
        "other": 72
      },
      "score": 0.533
    },
    "facebook.com/10153412700467936": {
      "out": {
        "other": 68
      },
      "score": 0.526
    },
    "twitter.com/sparkycollier": {
      "out": {
        "other": 13,
        "in-reply-to": 11
      },
      "score": 0.526
    },
    "wordpress.org": {
      "out": {
        "other": 68
      },
      "score": 0.526
    },
    "facebook.com/10207593167420442": {
      "out": {
        "other": 66
      },
      "score": 0.523
    },
    "twitter.com/keithjgrant": {
      "out": {
        "other": 63
      },
      "score": 0.519
    },
    "facebook.com/10103717336260153": {
      "out": {
        "other": 62
      },
      "score": 0.517
    },
    "facebook.com/10152938274876059": {
      "out": {
        "other": 62
      },
      "score": 0.517
    },
    "werd.io": {
      "out": {
        "other": 2,
        "in-reply-to": 9
      },
      "in": {
        "other": 28
      },
      "score": 0.514
    },
    "arstechnica.com": {
      "out": {
        "other": 15,
        "in-reply-to": 9
      },
      "score": 0.513
    },
    "facebook.com/10153635644627780": {
      "out": {
        "other": 60
      },
      "score": 0.513
    },
    "www.imdb.com": {
      "out": {
        "other": 59
      },
      "score": 0.511
    },
    "www.theverge.com": {
      "out": {
        "other": 59
      },
      "score": 0.511
    },
    "david.shanske.com": {
      "out": {
        "other": 57
      },
      "score": 0.508
    },
    "facebook.com/10153048699588587": {
      "out": {
        "other": 56
      },
      "score": 0.506
    },
    "facebook.com/10154216800774852": {
      "out": {
        "other": 56
      },
      "score": 0.506
    },
    "facebook.com/10153594759394468": {
      "out": {
        "other": 56
      },
      "score": 0.506
    },
    "thetvdb.com": {
      "out": {
        "other": 54
      },
      "score": 0.502
    },
    "twitter.com/jilljubs": {
      "out": {
        "other": 54
      },
      "score": 0.502
    },
    "facebook.com/10206870139652662": {
      "out": {
        "other": 54
      },
      "score": 0.502
    },
    "facebook.com/10153419527957931": {
      "out": {
        "other": 54
      },
      "score": 0.502
    },
    "twitter.com": {
      "out": {
        "other": 52
      },
      "score": 0.497
    },
    "facebook.com": {
      "out": {
        "other": 52
      },
      "score": 0.497
    },
    "facebook.com/10153508653223638": {
      "out": {
        "other": 52
      },
      "score": 0.497
    },
    "facebook.com/10104391224787228": {
      "out": {
        "other": 50
      },
      "score": 0.494
    },
    "www.eventbrite.com": {
      "out": {
        "in-reply-to": 10
      },
      "score": 0.494
    },
    "twitter.com/Darchmare": {
      "out": {
        "other": 48
      },
      "score": 0.489
    },
    "facebook.com/10207328165107315": {
      "out": {
        "other": 46
      },
      "score": 0.484
    },
    "facebook.com/880516462036472": {
      "out": {
        "other": 46
      },
      "score": 0.484
    },
    "facebook.com/10153440182905661": {
      "out": {
        "other": 46
      },
      "score": 0.484
    },
    "facebook.com/10152899212147315": {
      "out": {
        "other": 46
      },
      "score": 0.484
    },
    "snarfed.org": {
      "out": {
        "other": 39
      },
      "in": {
        "other": 2,
        "in-reply-to": 1,
        "like-of": 3
      },
      "score": 0.483
    },
    "facebook.com/10101423498304909": {
      "out": {
        "other": 44
      },
      "score": 0.480
    },
    "facebook.com/10155938645270013": {
      "out": {
        "other": 44
      },
      "score": 0.480
    },
    "facebook.com/10153067589297467": {
      "out": {
        "other": 44
      },
      "score": 0.480
    },
    "stream.jeremycherfas.net": {
      "in": {
        "in-reply-to": 12,
        "other": 8
      },
      "out": {
        "other": 8
      },
      "score": 0.475
    },
    "twitter.com/schnarfed": {
      "out": {
        "other": 42
      },
      "score": 0.475
    },
    "facebook.com/919614468112166": {
      "out": {
        "other": 42
      },
      "score": 0.475
    },
    "facebook.com/10206104373522507": {
      "out": {
        "other": 42
      },
      "score": 0.475
    },
    "mozilla.org": {
      "out": {
        "other": 42
      },
      "score": 0.475
    },
    "dreamhost.com": {
      "out": {
        "other": 42
      },
      "score": 0.475
    },
    "upcoming.org": {
      "out": {
        "in-reply-to": 8
      },
      "score": 0.469
    },
    "facebook.com/10153252938126837": {
      "out": {
        "other": 40
      },
      "score": 0.469
    },
    "twitter.com/e_monty": {
      "out": {
        "other": 10,
        "in-reply-to": 6
      },
      "score": 0.469
    },
    "medium.com": {
      "out": {
        "other": 39
      },
      "score": 0.467
    },
    "twitter.com/askForCharon": {
      "out": {
        "other": 38
      },
      "score": 0.464
    },
    "bitsplitting.org": {
      "out": {
        "other": 38
      },
      "score": 0.464
    },
    "facebook.com/10100658207818449": {
      "out": {
        "other": 38
      },
      "score": 0.464
    },
    "facebook.com/10156141046140316": {
      "out": {
        "other": 38
      },
      "score": 0.464
    },
    "eddiehinkle.com": {
      "in": {
        "other": 13
      },
      "out": {
        "other": 31
      },
      "score": 0.463
    },
    "michael.runcieman.com": {
      "out": {
        "other": 4
      },
      "in": {
        "like-of": 32
      },
      "score": 0.459
    },
    "tinokremer.nl": {
      "out": {
        "other": 36
      },
      "score": 0.459
    },
    "facebook.com/10103615380670011": {
      "out": {
        "other": 36
      },
      "score": 0.459
    },
    "www.editorial-workflows.com": {
      "out": {
        "other": 36
      },
      "score": 0.459
    },
    "facebook.com/10153145257143380": {
      "out": {
        "other": 36
      },
      "score": 0.459
    },
    "facebook.com/10153467415193954": {
      "out": {
        "other": 36
      },
      "score": 0.459
    },
    "facebook.com/10103320377269140": {
      "out": {
        "other": 36
      },
      "score": 0.459
    },
    "facebook.com/1038698479482050": {
      "out": {
        "other": 36
      },
      "score": 0.459
    },
    "facebook.com/10207425110566023": {
      "out": {
        "other": 34
      },
      "score": 0.452
    },
    "facebook.com/10156514554260574": {
      "out": {
        "other": 34
      },
      "score": 0.452
    },
    "facebook.com/10153468959125575": {
      "out": {
        "other": 32
      },
      "score": 0.446
    },
    "facebook.com/10101423498374769": {
      "out": {
        "other": 32
      },
      "score": 0.446
    },
    "twitter.com/robbat2": {
      "out": {
        "other": 32
      },
      "score": 0.446
    },
    "facebook.com/1018976771448061": {
      "out": {
        "other": 32
      },
      "score": 0.446
    },
    "facebook.com/10153172911472266": {
      "out": {
        "other": 32
      },
      "score": 0.446
    },
    "facebook.com/10100624266576969": {
      "out": {
        "other": 32
      },
      "score": 0.446
    },
    "facebook.com/10152863329552202": {
      "out": {
        "other": 32
      },
      "score": 0.446
    },
    "www.amazon.com": {
      "out": {
        "other": 31
      },
      "score": 0.443
    },
    "twitter.com/BeardOps": {
      "out": {
        "other": 31
      },
      "score": 0.443
    },
    "facebook.com/10153446590615821": {
      "out": {
        "other": 30
      },
      "score": 0.438
    },
    "facebook.com/786901547469": {
      "out": {
        "other": 30
      },
      "score": 0.438
    },
    "facebook.com/1006110589421053": {
      "out": {
        "other": 30
      },
      "score": 0.438
    },
    "facebook.com/10153622486989912": {
      "out": {
        "other": 30
      },
      "score": 0.438
    },
    "facebook.com/10156189784630532": {
      "out": {
        "other": 30
      },
      "score": 0.438
    },
    "facebook.com/10152871296972132": {
      "out": {
        "other": 30
      },
      "score": 0.438
    },
    "twitter.com/GetSource": {
      "out": {
        "other": 28
      },
      "score": 0.432
    },
    "facebook.com/1037054622973512": {
      "out": {
        "other": 28
      },
      "score": 0.432
    },
    "facebook.com/1038474359528743": {
      "out": {
        "other": 28
      },
      "score": 0.432
    },
    "facebook.com/1635461233358567": {
      "out": {
        "other": 28
      },
      "score": 0.432
    },
    "twitter.com/cashlock": {
      "out": {
        "other": 28
      },
      "score": 0.432
    },
    "www.dreamhost.com": {
      "out": {
        "other": 28
      },
      "score": 0.432
    },
    "www.vulture.com": {
      "out": {
        "other": 27
      },
      "score": 0.428
    },
    "facebook.com/10100543326875514": {
      "out": {
        "other": 26
      },
      "score": 0.423
    },
    "blog.jaredsinclair.com": {
      "out": {
        "other": 26
      },
      "score": 0.423
    },
    "t.umblr.com": {
      "out": {
        "other": 26
      },
      "score": 0.423
    },
    "plex.tv": {
      "out": {
        "other": 26
      },
      "score": 0.423
    },
    "twitter.com/ryanpetrello": {
      "out": {
        "other": 26
      },
      "score": 0.423
    },
    "facebook.com/10155145477020710": {
      "out": {
        "other": 26
      },
      "score": 0.423
    },
    "twitter.com/liewegas": {
      "out": {
        "other": 26
      },
      "score": 0.423
    },
    "support.plex.tv": {
      "out": {
        "other": 26
      },
      "score": 0.423
    },
    "twitter.com/slashclee": {
      "out": {
        "other": 26
      },
      "score": 0.423
    },
    "facebook.com/10205849926662267": {
      "out": {
        "other": 26
      },
      "score": 0.423
    },
    "facebook.com/10101423498364789": {
      "out": {
        "other": 26
      },
      "score": 0.423
    },
    "facebook.com/10207529345656757": {
      "out": {
        "other": 26
      },
      "score": 0.423
    },
    "twitter.com/Ipstenu": {
      "out": {
        "other": 25
      },
      "score": 0.419
    },
    "facebook.com/10208381007099038": {
      "out": {
        "other": 24
      },
      "score": 0.415
    },
    "facebook.com/10204354205213672": {
      "out": {
        "other": 24
      },
      "score": 0.415
    },
    "facebook.com/10204904404551807": {
      "out": {
        "other": 24
      },
      "score": 0.415
    },
    "twitter.com/mj_langford": {
      "out": {
        "other": 24
      },
      "score": 0.415
    },
    "facebook.com/10153663565059369": {
      "out": {
        "other": 24
      },
      "score": 0.415
    },
    "facebook.com/10206389340406660": {
      "out": {
        "other": 24
      },
      "score": 0.415
    },
    "facebook.com/10153523803745270": {
      "out": {
        "other": 24
      },
      "score": 0.415
    },
    "quill.p3k.io": {
      "out": {
        "other": 23
      },
      "score": 0.411
    },
    "kottke.org": {
      "out": {
        "other": 23
      },
      "score": 0.411
    },
    "facebook.com/10102311345257701": {
      "out": {
        "other": 22
      },
      "score": 0.405
    },
    "facebook.com/10152936629746269": {
      "out": {
        "other": 22
      },
      "score": 0.405
    },
    "facebook.com/10101236657306069": {
      "out": {
        "other": 22
      },
      "score": 0.405
    },
    "facebook.com/10156276356150346": {
      "out": {
        "other": 22
      },
      "score": 0.405
    },
    "twitter.com/hamidnejadian": {
      "out": {
        "other": 22
      },
      "score": 0.405
    },
    "micro.blog": {
      "out": {
        "other": 21
      },
      "score": 0.401
    },
    "2017.atlanta.wordcamp.org": {
      "out": {
        "other": 21
      },
      "score": 0.401
    },
    "iconfactory.com": {
      "out": {
        "other": 21
      },
      "score": 0.401
    },
    "manton.org": {
      "out": {
        "other": 21
      },
      "score": 0.401
    },
    "roots.io": {
      "out": {
        "other": 21
      },
      "score": 0.401
    },
    "www.atebits.com": {
      "out": {
        "other": 21
      },
      "score": 0.401
    },
    "www.google.com": {
      "out": {
        "other": 21
      },
      "score": 0.401
    },
    "granary-demo.appspot.com": {
      "out": {
        "other": 21
      },
      "score": 0.401
    },
    "scontent.xx.fbcdn.net": {
      "out": {
        "other": 21
      },
      "score": 0.401
    },
    "twitter.com/dissolve333": {
      "out": {
        "other": 21
      },
      "score": 0.401
    },
    "daringfireball.net": {
      "out": {
        "other": 21
      },
      "score": 0.401
    },
    "inklings.io": {
      "out": {
        "other": 21
      },
      "score": 0.401
    },
    "twitterrific.com": {
      "out": {
        "other": 21
      },
      "score": 0.401
    },
    "facebook.com/10156215777115607": {
      "out": {
        "other": 20
      },
      "score": 0.395
    },
    "brid-gy.appspot.com": {
      "out": {
        "other": 20
      },
      "score": 0.395
    },
    "facebook.com/10153345592743889": {
      "out": {
        "other": 20
      },
      "score": 0.395
    },
    "facebook.com/10155877993770632": {
      "out": {
        "other": 20
      },
      "score": 0.395
    },
    "facebook.com/10153211585049915": {
      "out": {
        "other": 20
      },
      "score": 0.395
    },
    "facebook.com/857782790943330": {
      "out": {
        "other": 20
      },
      "score": 0.395
    },
    "facebook.com/10153503501348879": {
      "out": {
        "other": 20
      },
      "score": 0.395
    },
    "facebook.com/10152946354372484": {
      "out": {
        "other": 20
      },
      "score": 0.395
    },
    "twitter.com/robertcunningha": {
      "out": {
        "other": 20
      },
      "score": 0.395
    },
    "twitter.com/TheNextWeb": {
      "out": {
        "other": 19
      },
      "score": 0.390
    },
    "www.apple.com": {
      "out": {
        "other": 19
      },
      "score": 0.390
    },
    "facebook.com/1163670676983103": {
      "out": {
        "other": 18
      },
      "score": 0.384
    },
    "facebook.com/829342224496": {
      "out": {
        "other": 18
      },
      "score": 0.384
    },
    "omz-software.com": {
      "out": {
        "other": 18
      },
      "score": 0.384
    },
    "facebook.com/10205439642938048": {
      "out": {
        "other": 18
      },
      "score": 0.384
    },
    "facebook.com/741966137538": {
      "out": {
        "other": 18
      },
      "score": 0.384
    },
    "twitter.com/Justin_Lund": {
      "out": {
        "other": 18
      },
      "score": 0.384
    },
    "webmention.org": {
      "out": {
        "other": 18
      },
      "score": 0.384
    },
    "facebook.com/10101423498424669": {
      "out": {
        "other": 18
      },
      "score": 0.384
    },
    "twitter.com/jmckenty": {
      "out": {
        "other": 17
      },
      "score": 0.378
    },
    "gist.github.com": {
      "out": {
        "other": 16
      },
      "score": 0.372
    },
    "facebook.com/10153413726016710": {
      "out": {
        "other": 16
      },
      "score": 0.372
    },
    "twitter.com/cfbIV": {
      "out": {
        "other": 16
      },
      "score": 0.372
    },
    "facebook.com/10206591273334085": {
      "out": {
        "other": 16
      },
      "score": 0.372
    },
    "twitter.com/mdxi": {
      "out": {
        "other": 16
      },
      "score": 0.372
    },
    "facebook.com/10154065603922802": {
      "out": {
        "other": 16
      },
      "score": 0.372
    },
    "facebook.com/10153881777739924": {
      "out": {
        "other": 16
      },
      "score": 0.372
    },
    "facebook.com/10154622800120185": {
      "out": {
        "other": 16
      },
      "score": 0.372
    },
    "facebook.com/10153546450584207": {
      "out": {
        "other": 16
      },
      "score": 0.372
    },
    "facebook.com/10207773007828857": {
      "out": {
        "other": 16
      },
      "score": 0.372
    },
    "facebook.com/10101282904745600": {
      "out": {
        "other": 16
      },
      "score": 0.372
    },
    "twitter.com/ben_colo": {
      "out": {
        "other": 16
      },
      "score": 0.372
    },
    "twitter.com/gtmbagirl": {
      "out": {
        "other": 16
      },
      "score": 0.372
    },
    "facebook.com/10152969344230877": {
      "out": {
        "other": 16
      },
      "score": 0.372
    },
    "facebook.com/10153676945267360": {
      "out": {
        "other": 16
      },
      "score": 0.372
    },
    "facebook.com/10154106947592926": {
      "out": {
        "other": 16
      },
      "score": 0.372
    },
    "twitter.com/ssjbeeno": {
      "out": {
        "other": 16
      },
      "score": 0.372
    },
    "superuser.openstack.org": {
      "out": {
        "other": 15
      },
      "score": 0.364
    },
    "idallas.com": {
      "in": {
        "other": 2,
        "like-of": 5
      },
      "out": {
        "other": 9
      },
      "score": 0.364
    },
    "facebook.com/10153155858457807": {
      "out": {
        "other": 14
      },
      "score": 0.357
    },
    "www.economist.com": {
      "out": {
        "other": 14
      },
      "score": 0.357
    },
    "facebook.com/10154773474034886": {
      "out": {
        "other": 14
      },
      "score": 0.357
    },
    "facebook.com/10207236683054838": {
      "out": {
        "other": 14
      },
      "score": 0.357
    },
    "facebook.com/10207849407175706": {
      "out": {
        "other": 14
      },
      "score": 0.357
    },
    "twitter.com/yehudasa": {
      "out": {
        "other": 14
      },
      "score": 0.357
    },
    "www.atlredline.com": {
      "out": {
        "other": 14
      },
      "score": 0.357
    },
    "facebook.com/10200882929073372": {
      "out": {
        "other": 14
      },
      "score": 0.357
    },
    "twitter.com/eddiehinkle": {
      "out": {
        "other": 14
      },
      "score": 0.357
    },
    "facebook.com/10207321285450828": {
      "out": {
        "other": 14
      },
      "score": 0.357
    },
    "www.slackware.com": {
      "out": {
        "other": 14
      },
      "score": 0.357
    },
    "facebook.com/10155204537473018": {
      "out": {
        "other": 14
      },
      "score": 0.357
    },
    "facebook.com/10104724464557000": {
      "out": {
        "other": 14
      },
      "score": 0.357
    },
    "halfelf.org": {
      "out": {
        "other": 14
      },
      "score": 0.357
    },
    "facebook.com/10153675364194610": {
      "out": {
        "other": 14
      },
      "score": 0.357
    },
    "facebook.com/10157183235100008": {
      "out": {
        "other": 14
      },
      "score": 0.357
    },
    "twitter.com/mattmc10": {
      "out": {
        "other": 14
      },
      "score": 0.357
    },
    "facebook.com/10203763410525743": {
      "out": {
        "other": 14
      },
      "score": 0.357
    },
    "facebook.com/10205451942950371": {
      "out": {
        "other": 14
      },
      "score": 0.357
    },
    "luckypeach.com": {
      "out": {
        "other": 14
      },
      "score": 0.357
    },
    "opentranscripts.org": {
      "out": {
        "other": 14
      },
      "score": 0.357
    },
    "facebook.com/10153505139083834": {
      "out": {
        "other": 14
      },
      "score": 0.357
    },
    "facebook.com/10155923342880483": {
      "out": {
        "other": 14
      },
      "score": 0.357
    },
    "facebook.com/10207194932968935": {
      "out": {
        "other": 14
      },
      "score": 0.357
    },
    "twitter.com/jodyrobert": {
      "out": {
        "other": 14
      },
      "score": 0.357
    },
    "www.foreignaffairs.com": {
      "out": {
        "other": 14
      },
      "score": 0.357
    },
    "hostadvice.com": {
      "out": {
        "other": 14
      },
      "score": 0.357
    },
    "brid.gy": {
      "in": {
        "other": 28
      },
      "score": 0.357
    },
    "facebook.com/10211117667397490": {
      "out": {
        "other": 14
      },
      "score": 0.357
    },
    "mattfelten.com": {
      "out": {
        "other": 14
      },
      "score": 0.357
    },
    "www.thisiscolossal.com": {
      "out": {
        "other": 14
      },
      "score": 0.357
    },
    "facebook.com/10210984622400554": {
      "out": {
        "other": 14
      },
      "score": 0.357
    },
    "twitter.com/mattfelten": {
      "out": {
        "other": 14
      },
      "score": 0.357
    },
    "www.slate.com": {
      "out": {
        "other": 14
      },
      "score": 0.357
    },
    "facebook.com/10207227156222933": {
      "out": {
        "other": 14
      },
      "score": 0.357
    },
    "twitter.com/rsimplicio": {
      "out": {
        "other": 14
      },
      "score": 0.357
    },
    "unicyclic.com": {
      "out": {
        "other": 4
      },
      "in": {
        "in-reply-to": 3,
        "other": 3
      },
      "score": 0.349
    },
    "twitter.com/benjaminws": {
      "out": {
        "other": 13
      },
      "score": 0.349
    },
    "twitter.com/ChrisAldrich": {
      "out": {
        "other": 13
      },
      "score": 0.349
    },
    "stream.withknown.com": {
      "in": {
        "other": 11
      },
      "out": {
        "other": 7
      },
      "score": 0.345
    },
    "hylozoist.ascraeus.org": {
      "in": {
        "like-of": 8
      },
      "out": {
        "other": 4
      },
      "score": 0.341
    },
    "twitter.com/economyofspace": {
      "out": {
        "other": 12
      },
      "score": 0.341
    },
    "www.JillJubinski.com": {
      "out": {
        "other": 12
      },
      "score": 0.341
    },
    "facebook.com/10204594105763626": {
      "out": {
        "other": 12
      },
      "score": 0.341
    },
    "vmbrasseur.com": {
      "out": {
        "other": 12
      },
      "score": 0.341
    },
    "twitter.com/LinaLingonberry": {
      "out": {
        "other": 12
      },
      "score": 0.341
    },
    "facebook.com/10156006000375601": {
      "out": {
        "other": 12
      },
      "score": 0.341
    },
    "facebook.com/10204637162038256": {
      "out": {
        "other": 12
      },
      "score": 0.341
    },
    "www.nytimes.com": {
      "out": {
        "other": 12
      },
      "score": 0.341
    },
    "facebook.com/862316753848679": {
      "out": {
        "other": 12
      },
      "score": 0.341
    },
    "facebook.com/10205971850389650": {
      "out": {
        "other": 12
      },
      "score": 0.341
    },
    "slack.com": {
      "out": {
        "other": 12
      },
      "score": 0.341
    },
    "test.tinokremer.nl": {
      "out": {
        "other": 12
      },
      "score": 0.341
    },
    "facebook.com/10101423498349819": {
      "out": {
        "other": 12
      },
      "score": 0.341
    },
    "astrodoughnuts.com": {
      "out": {
        "other": 12
      },
      "score": 0.341
    },
    "known.kevinmarks.com": {
      "in": {
        "other": 23
      },
      "score": 0.337
    },
    "scripting.com": {
      "out": {
        "other": 11
      },
      "score": 0.331
    },
    "www.kickstarter.com": {
      "out": {
        "other": 11
      },
      "score": 0.331
    },
    "twitter.com/dallas": {
      "out": {
        "other": 11
      },
      "score": 0.331
    },
    "twitter.com/markwaters": {
      "out": {
        "other": 11
      },
      "score": 0.331
    },
    "twitter.com/mpirnat": {
      "out": {
        "other": 11
      },
      "score": 0.331
    },
    "twitter.com/alfredodeza": {
      "out": {
        "other": 11
      },
      "score": 0.331
    },
    "facebook.com/10153097339433697": {
      "out": {
        "other": 10
      },
      "score": 0.322
    },
    "facebook.com/10155889474075114": {
      "out": {
        "other": 10
      },
      "score": 0.322
    },
    "facebook.com/10153474473682208": {
      "out": {
        "other": 10
      },
      "score": 0.322
    },
    "facebook.com/10153566772078631": {
      "out": {
        "other": 10
      },
      "score": 0.322
    },
    "twitter.com/HatfieldWoolsey": {
      "out": {
        "other": 10
      },
      "score": 0.322
    },
    "www.latimes.com": {
      "out": {
        "other": 10
      },
      "score": 0.322
    },
    "facebook.com/10101423498354809": {
      "out": {
        "other": 10
      },
      "score": 0.322
    },
    "twitter.com/mmgaggle": {
      "out": {
        "other": 10
      },
      "score": 0.322
    },
    "facebook.com/10207167154199191": {
      "out": {
        "other": 10
      },
      "score": 0.322
    },
    "www.tesora.com": {
      "out": {
        "other": 10
      },
      "score": 0.322
    },
    "facebook.com/10206496044298085": {
      "out": {
        "other": 10
      },
      "score": 0.322
    },
    "facebook.com/10155940264325191": {
      "out": {
        "other": 10
      },
      "score": 0.322
    },
    "twitter.com/jamescosta": {
      "out": {
        "other": 10
      },
      "score": 0.322
    },
    "facebook.com/10208841108003795": {
      "out": {
        "other": 10
      },
      "score": 0.322
    },
    "twitter.com/Moltz": {
      "out": {
        "other": 10
      },
      "score": 0.322
    },
    "twitter.com/fkarlitschek": {
      "out": {
        "other": 10
      },
      "score": 0.322
    },
    "facebook.com/10207156552378351": {
      "out": {
        "other": 10
      },
      "score": 0.322
    },
    "twitter.com/squorch": {
      "out": {
        "other": 10
      },
      "score": 0.322
    },
    "facebook.com/10153948320158283": {
      "out": {
        "other": 10
      },
      "score": 0.322
    },
    "twitter.com/bobbylikeslinux": {
      "out": {
        "other": 10
      },
      "score": 0.322
    },
    "twitter.com/admiyoung": {
      "out": {
        "other": 10
      },
      "score": 0.322
    },
    "twitter.com/CTGardiner": {
      "out": {
        "other": 9
      },
      "score": 0.310
    },
    "pygments.org": {
      "out": {
        "other": 9
      },
      "score": 0.310
    },
    "twitter.com/cinnamontoastk": {
      "out": {
        "other": 9
      },
      "score": 0.310
    },
    "miklb.com": {
      "out": {
        "other": 7
      },
      "in": {
        "other": 4
      },
      "score": 0.310
    },
    "twitter.com/kopertop": {
      "out": {
        "other": 9
      },
      "score": 0.310
    },
    "twitter.com/Whoospy": {
      "out": {
        "other": 9
      },
      "score": 0.310
    },
    "twitter.com/dnvolz": {
      "out": {
        "other": 9
      },
      "score": 0.310
    },
    "knowinggarden.org": {
      "out": {
        "other": 9
      },
      "score": 0.310
    },
    "twitter.com/TVMcGee": {
      "out": {
        "other": 9
      },
      "score": 0.310
    },
    "facebook.com/1216337091713077": {
      "out": {
        "other": 8
      },
      "score": 0.297
    },
    "twitter.com/kittenhotep": {
      "out": {
        "other": 8
      },
      "score": 0.297
    },
    "www.theatlantic.com": {
      "out": {
        "other": 8
      },
      "score": 0.297
    },
    "facebook.com/1000140380037974": {
      "out": {
        "other": 8
      },
      "score": 0.297
    },
    "mike.pirnat.com": {
      "out": {
        "other": 8
      },
      "score": 0.297
    },
    "twitter.com/singletary": {
      "out": {
        "other": 8
      },
      "score": 0.297
    },
    "facebook.com/10206968272238210": {
      "out": {
        "other": 8
      },
      "score": 0.297
    },
    "twitter.com/iamlei": {
      "out": {
        "other": 8
      },
      "score": 0.297
    },
    "twitter.com/kevinmarks": {
      "out": {
        "other": 8
      },
      "score": 0.297
    },
    "facebook.com/10153177717607761": {
      "out": {
        "other": 8
      },
      "score": 0.297
    },
    "mxuribe.com": {
      "out": {
        "other": 8
      },
      "score": 0.297
    },
    "colinwalker.blog": {
      "in": {
        "like-of": 6,
        "other": 4
      },
      "score": 0.297
    },
    "facebook.com/10153186982722893": {
      "out": {
        "other": 8
      },
      "score": 0.297
    },
    "facebook.com/150301598690021": {
      "out": {
        "other": 8
      },
      "score": 0.297
    },
    "facebook.com/10156808566130503": {
      "out": {
        "other": 8
      },
      "score": 0.297
    },
    "twitter.com/missmariss": {
      "out": {
        "other": 8
      },
      "score": 0.297
    },
    "twitter.com/rosenfeld_jeff": {
      "out": {
        "other": 8
      },
      "score": 0.297
    },
    "decknetwork.net": {
      "out": {
        "other": 8
      },
      "score": 0.297
    },
    "facebook.com/10206315705505279": {
      "out": {
        "other": 8
      },
      "score": 0.297
    },
    "www.doughellmann.com": {
      "out": {
        "other": 8
      },
      "score": 0.297
    },
    "facebook.com/10153915978964155": {
      "out": {
        "other": 8
      },
      "score": 0.297
    },
    "facebook.com/10207554220121956": {
      "out": {
        "other": 8
      },
      "score": 0.297
    },
    "facebook.com/10206774699542577": {
      "out": {
        "other": 8
      },
      "score": 0.297
    },
    "facebook.com/10204710792480828": {
      "out": {
        "other": 8
      },
      "score": 0.297
    },
    "facebook.com/1727112094174185": {
      "out": {
        "other": 8
      },
      "score": 0.297
    },
    "ownyourgram.com": {
      "out": {
        "other": 8
      },
      "score": 0.297
    },
    "facebook.com/10102312726165023": {
      "out": {
        "other": 8
      },
      "score": 0.297
    },
    "facebook.com/10152860269311377": {
      "out": {
        "other": 8
      },
      "score": 0.297
    },
    "facebook.com/10154792428445921": {
      "out": {
        "other": 8
      },
      "score": 0.297
    },
    "twitter.com/dreamhostbrett": {
      "out": {
        "other": 8
      },
      "score": 0.297
    },
    "facebook.com/10101423611627986": {
      "out": {
        "other": 8
      },
      "score": 0.297
    },
    "twitter.com/itskevin": {
      "out": {
        "other": 8
      },
      "score": 0.297
    },
    "markwaters.eu": {
      "out": {
        "other": 8
      },
      "score": 0.297
    },
    "c133.org": {
      "out": {
        "other": 8
      },
      "score": 0.297
    },
    "facebook.com/10206501389866459": {
      "out": {
        "other": 8
      },
      "score": 0.297
    },
    "theunrecruiter.wordpress.com": {
      "out": {
        "other": 8
      },
      "score": 0.297
    },
    "kylewm.com": {
      "in": {
        "other": 1
      },
      "out": {
        "other": 7
      },
      "score": 0.290
    },
    "mailchimp.com": {
      "out": {
        "other": 7
      },
      "score": 0.283
    },
    "twitter.com/neilwlevine": {
      "out": {
        "other": 7
      },
      "score": 0.283
    },
    "www.reuters.com": {
      "out": {
        "other": 7
      },
      "score": 0.283
    },
    "bit.ly": {
      "out": {
        "other": 7
      },
      "score": 0.283
    },
    "oysterbarny.com": {
      "out": {
        "other": 7
      },
      "score": 0.283
    },
    "bearhacks.com": {
      "out": {
        "other": 7
      },
      "score": 0.283
    },
    "twitter.com/flasportsbuzz": {
      "out": {
        "other": 7
      },
      "score": 0.283
    },
    "twitter.com/withknown": {
      "out": {
        "other": 7
      },
      "score": 0.283
    },
    "qz.com": {
      "out": {
        "other": 7
      },
      "score": 0.283
    },
    "www.salon.com": {
      "out": {
        "other": 7
      },
      "score": 0.283
    },
    "www.theguardian.com": {
      "out": {
        "other": 7
      },
      "score": 0.283
    },
    "creativecommons.org": {
      "out": {
        "other": 7
      },
      "score": 0.283
    },
    "trello.com": {
      "out": {
        "other": 7
      },
      "score": 0.283
    },
    "twitter.com/ColetteLaCour": {
      "out": {
        "other": 7
      },
      "score": 0.283
    },
    "summit.oshwa.org": {
      "out": {
        "other": 7
      },
      "score": 0.283
    },
    "troydean.com.au": {
      "out": {
        "other": 7
      },
      "score": 0.283
    },
    "twitter.com/ceph": {
      "out": {
        "other": 7
      },
      "score": 0.283
    },
    "www.distributed.net": {
      "out": {
        "other": 7
      },
      "score": 0.283
    },
    "nytimes.com": {
      "out": {
        "other": 7
      },
      "score": 0.283
    },
    "www.break.com": {
      "out": {
        "other": 7
      },
      "score": 0.283
    },
    "www.decontextualize.com": {
      "out": {
        "other": 7
      },
      "score": 0.283
    },
    "www.williams-sonoma.com": {
      "out": {
        "other": 7
      },
      "score": 0.283
    },
    "twitter.com/williamlacour": {
      "out": {
        "other": 7
      },
      "score": 0.283
    },
    "www.yahoo.com": {
      "out": {
        "other": 7
      },
      "score": 0.283
    },
    "twitter.com/WilliamLaCour": {
      "out": {
        "other": 7
      },
      "score": 0.283
    },
    "www.citylab.com": {
      "out": {
        "other": 7
      },
      "score": 0.283
    },
    "www.newyorker.com": {
      "out": {
        "other": 7
      },
      "score": 0.283
    },
    "www.rsasecurity.com": {
      "out": {
        "other": 7
      },
      "score": 0.283
    },
    "twitter.com/ianbremmer": {
      "out": {
        "other": 7
      },
      "score": 0.283
    },
    "wpbeaverbuilder.com": {
      "out": {
        "other": 7
      },
      "score": 0.283
    },
    "loopconf.com": {
      "out": {
        "other": 7
      },
      "score": 0.283
    },
    "feelingrestful.com": {
      "out": {
        "other": 7
      },
      "score": 0.283
    },
    "underscores.me": {
      "out": {
        "other": 7
      },
      "score": 0.283
    },
    "twitter.com/MarkRicht": {
      "out": {
        "other": 7
      },
      "score": 0.283
    },
    "www.lyft.com": {
      "out": {
        "other": 7
      },
      "score": 0.283
    },
    "ifttt.com": {
      "out": {
        "other": 7
      },
      "score": 0.283
    },
    "www.flickr.com": {
      "out": {
        "other": 7
      },
      "score": 0.283
    },
    "www.clickhole.com": {
      "out": {
        "other": 7
      },
      "score": 0.283
    },
    "gravityforms.com": {
      "out": {
        "other": 7
      },
      "score": 0.283
    },
    "my.studiopress.com": {
      "out": {
        "other": 7
      },
      "score": 0.283
    },
    "orangeblossommedia.com": {
      "out": {
        "other": 7
      },
      "score": 0.283
    },
    "facebook.com/967562929957143": {
      "out": {
        "other": 6
      },
      "score": 0.266
    },
    "facebook.com/10153175246854492": {
      "out": {
        "other": 6
      },
      "score": 0.266
    },
    "twitter.com/manton2": {
      "out": {
        "other": 6
      },
      "score": 0.266
    },
    "twitter.com/misterarnie": {
      "out": {
        "other": 6
      },
      "score": 0.266
    },
    "hellofromthemagictavern.com": {
      "out": {
        "other": 6
      },
      "score": 0.266
    },
    "term.ie": {
      "out": {
        "other": 6
      },
      "score": 0.266
    },
    "www.daveliepmann.com": {
      "out": {
        "other": 6
      },
      "score": 0.266
    },
    "facebook.com/10154665288632649": {
      "out": {
        "other": 6
      },
      "score": 0.266
    },
    "twitter.com/mozulamt": {
      "out": {
        "other": 6
      },
      "score": 0.266
    },
    "facebook.com/10101477648746989": {
      "out": {
        "other": 6
      },
      "score": 0.266
    },
    "facebook.com/10154110628581995": {
      "out": {
        "other": 6
      },
      "score": 0.266
    },
    "facebook.com/717869791658080": {
      "out": {
        "other": 6
      },
      "score": 0.266
    },
    "twitter.com/JFSIV": {
      "out": {
        "other": 6
      },
      "score": 0.266
    },
    "twitter.com/eweirdguy": {
      "out": {
        "other": 6
      },
      "score": 0.266
    },
    "beckyhansmeyer.com": {
      "out": {
        "other": 6
      },
      "score": 0.266
    },
    "developer.apple.com": {
      "out": {
        "other": 6
      },
      "score": 0.266
    },
    "facebook.com/10207246976433761": {
      "out": {
        "other": 6
      },
      "score": 0.266
    },
    "facebook.com/10153252570742218": {
      "out": {
        "other": 6
      },
      "score": 0.266
    },
    "facebook.com/10103385641928357": {
      "out": {
        "other": 6
      },
      "score": 0.266
    },
    "facebook.com/10157820272600245": {
      "out": {
        "other": 6
      },
      "score": 0.266
    },
    "facebook.com/10205874748240400": {
      "out": {
        "other": 6
      },
      "score": 0.266
    },
    "twitter.com/jaymonsf": {
      "out": {
        "other": 6
      },
      "score": 0.266
    },
    "hienpham.artstation.com": {
      "out": {
        "other": 6
      },
      "score": 0.266
    },
    "twitter.com/MsMiyayo305": {
      "out": {
        "other": 6
      },
      "score": 0.266
    },
    "twitter.com/charleshooper": {
      "out": {
        "other": 6
      },
      "score": 0.266
    },
    "rclone.org": {
      "out": {
        "other": 6
      },
      "score": 0.266
    },
    "foursquare.com": {
      "out": {
        "other": 6
      },
      "score": 0.266
    },
    "twitter.com/magictavern": {
      "out": {
        "other": 6
      },
      "score": 0.266
    },
    "twitter.com/jacewbrown": {
      "out": {
        "other": 6
      },
      "score": 0.266
    },
    "twitter.com/usidoretheblue": {
      "out": {
        "other": 6
      },
      "score": 0.266
    },
    "facebook.com/10212012399887449": {
      "out": {
        "other": 6
      },
      "score": 0.266
    },
    "facebook.com/10207565637249196": {
      "out": {
        "other": 6
      },
      "score": 0.266
    },
    "twitter.com/tedlieu": {
      "out": {
        "other": 6
      },
      "score": 0.266
    },
    "facebook.com/10154002794343833": {
      "out": {
        "other": 6
      },
      "score": 0.266
    },
    "facebook.com/1650031408610688": {
      "out": {
        "other": 6
      },
      "score": 0.266
    },
    "facebook.com/10153103951090997": {
      "out": {
        "other": 6
      },
      "score": 0.266
    },
    "facebook.com/1034951273182412": {
      "out": {
        "other": 6
      },
      "score": 0.266
    },
    "twitter.com/chuntttttt": {
      "out": {
        "other": 6
      },
      "score": 0.266
    },
    "facebook.com/10102766075848813": {
      "out": {
        "other": 6
      },
      "score": 0.266
    },
    "twitter.com/termie": {
      "out": {
        "other": 6
      },
      "score": 0.266
    },
    "michael.singletary.me": {
      "out": {
        "other": 6
      },
      "score": 0.266
    },
    "twitter.com/10Niel": {
      "out": {
        "other": 6
      },
      "score": 0.266
    },
    "twitter.com/delta": {
      "out": {
        "other": 6
      },
      "score": 0.266
    },
    "twitter.com/jjgalvez": {
      "out": {
        "other": 6
      },
      "score": 0.266
    },
    "facebook.com/10204943128687253": {
      "out": {
        "other": 6
      },
      "score": 0.266
    },
    "vomitron.com": {
      "out": {
        "other": 6
      },
      "score": 0.266
    },
    "twitter.com/Hckia": {
      "out": {
        "other": 6
      },
      "score": 0.266
    },
    "facebook.com/10153492096443157": {
      "out": {
        "other": 6
      },
      "score": 0.266
    },
    "m.imdb.com": {
      "out": {
        "other": 6
      },
      "score": 0.266
    },
    "twitter.com/united": {
      "out": {
        "other": 6
      },
      "score": 0.266
    },
    "facebook.com/10204862575991978": {
      "out": {
        "other": 6
      },
      "score": 0.266
    },
    "imdb.com": {
      "out": {
        "other": 6
      },
      "score": 0.266
    },
    "plus.google.com/100495265516664466121": {
      "out": {
        "other": 5
      },
      "score": 0.247
    },
    "twitter.com/WorldBlu": {
      "out": {
        "other": 5
      },
      "score": 0.247
    },
    "twitter.com/_mwc": {
      "out": {
        "other": 5
      },
      "score": 0.247
    },
    "www.nydailynews.com": {
      "out": {
        "other": 5
      },
      "score": 0.247
    },
    "twitter.com/smaffulli": {
      "out": {
        "other": 5
      },
      "score": 0.247
    },
    "twitter.com/ShaunKing": {
      "out": {
        "other": 5
      },
      "score": 0.247
    },
    "twitter.com/jonostrower": {
      "out": {
        "other": 5
      },
      "score": 0.247
    },
    "twitter.com/zellyn": {
      "out": {
        "other": 5
      },
      "score": 0.247
    },
    "twitter.com/akandaio": {
      "out": {
        "other": 5
      },
      "score": 0.247
    },
    "iwantmyname.com": {
      "out": {
        "other": 5
      },
      "score": 0.247
    },
    "carpeaqua.com": {
      "out": {
        "other": 5
      },
      "score": 0.247
    },
    "twitter.com/cjoyner": {
      "out": {
        "other": 5
      },
      "score": 0.247
    },
    "twitter.com/digundiv": {
      "out": {
        "other": 5
      },
      "score": 0.247
    },
    "twitter.com/hochstadt": {
      "out": {
        "other": 5
      },
      "score": 0.247
    },
    "twitter.com/AngryBlackLady": {
      "out": {
        "other": 5
      },
      "score": 0.247
    },
    "twitter.com/HollyAnderson": {
      "out": {
        "other": 5
      },
      "score": 0.247
    },
    "twitter.com/edsbs": {
      "out": {
        "other": 5
      },
      "score": 0.247
    },
    "pbs.twimg.com": {
      "out": {
        "other": 5
      },
      "score": 0.247
    },
    "twitter.com/NingaAnon": {
      "out": {
        "other": 5
      },
      "score": 0.247
    },
    "twitter.com/RambaKy": {
      "out": {
        "other": 5
      },
      "score": 0.247
    },
    "twitter.com/danielpunkass": {
      "out": {
        "other": 5
      },
      "score": 0.247
    },
    "twitter.com/kumailn": {
      "out": {
        "other": 5
      },
      "score": 0.247
    },
    "www.tesla.com": {
      "out": {
        "other": 5
      },
      "score": 0.247
    },
    "instantpot.com": {
      "out": {
        "other": 5
      },
      "score": 0.247
    },
    "twitter.com/_JohnGonz": {
      "out": {
        "other": 5
      },
      "score": 0.247
    },
    "twitter.com/gomezr": {
      "out": {
        "other": 5
      },
      "score": 0.247
    },
    "twitter.com/starwars": {
      "out": {
        "other": 5
      },
      "score": 0.247
    },
    "twitter.com/AstroKatie": {
      "out": {
        "other": 5
      },
      "score": 0.247
    },
    "twitter.com/Gwenda": {
      "out": {
        "other": 5
      },
      "score": 0.247
    },
    "twitter.com/verge": {
      "out": {
        "other": 5
      },
      "score": 0.247
    },
    "twitter.com/Recode": {
      "out": {
        "other": 5
      },
      "score": 0.247
    },
    "twitter.com/ditzkoff": {
      "out": {
        "other": 5
      },
      "score": 0.247
    },
    "twitter.com/heytherejeffro": {
      "out": {
        "other": 5
      },
      "score": 0.247
    },
    "twitter.com/matthew_d_green": {
      "out": {
        "other": 5
      },
      "score": 0.247
    },
    "marco.org": {
      "out": {
        "other": 5
      },
      "score": 0.247
    },
    "twitter.com/JeremyClarkson": {
      "out": {
        "other": 5
      },
      "score": 0.247
    },
    "twitter.com/NinjaEconomics": {
      "out": {
        "other": 5
      },
      "score": 0.247
    },
    "twitter.com/tira_son": {
      "out": {
        "other": 5
      },
      "score": 0.247
    },
    "www.razoremporium.com": {
      "out": {
        "other": 5
      },
      "score": 0.247
    },
    "twitter.com/billypollina": {
      "out": {
        "other": 5
      },
      "score": 0.247
    },
    "twitter.com/markimbriaco": {
      "out": {
        "other": 5
      },
      "score": 0.247
    },
    "twitter.com/martin_casado": {
      "out": {
        "other": 5
      },
      "score": 0.247
    },
    "twitter.com/shr0s": {
      "out": {
        "other": 5
      },
      "score": 0.247
    },
    "electron.atom.io": {
      "out": {
        "other": 5
      },
      "score": 0.247
    },
    "twitter.com/DKThomp": {
      "out": {
        "other": 5
      },
      "score": 0.247
    },
    "josephg.com": {
      "out": {
        "other": 5
      },
      "score": 0.247
    },
    "twitter.com/ASlavitt": {
      "out": {
        "other": 5
      },
      "score": 0.247
    },
    "twitter.com/Nextclouders": {
      "out": {
        "other": 5
      },
      "score": 0.247
    },
    "twitter.com/DeanLand": {
      "out": {
        "other": 5
      },
      "score": 0.247
    },
    "twitter.com/crucially": {
      "out": {
        "other": 5
      },
      "score": 0.247
    },
    "twitter.com/xeni": {
      "out": {
        "other": 5
      },
      "score": 0.247
    },
    "twitter.com/GetLostWeirdo": {
      "out": {
        "other": 5
      },
      "score": 0.247
    },
    "twitter.com/bobbyfinger": {
      "out": {
        "other": 5
      },
      "score": 0.247
    },
    "twitter.com/RikMende": {
      "out": {
        "other": 5
      },
      "score": 0.247
    },
    "twitter.com/nikkissnow": {
      "out": {
        "other": 5
      },
      "score": 0.247
    },
    "twitter.com/vanschneider": {
      "out": {
        "other": 5
      },
      "score": 0.247
    },
    "twitter.com/bltxrAdventures": {
      "out": {
        "other": 5
      },
      "score": 0.247
    },
    "facebook.github.io": {
      "out": {
        "other": 5
      },
      "score": 0.247
    },
    "www.statista.com": {
      "out": {
        "other": 5
      },
      "score": 0.247
    },
    "facebook.com/632353278785": {
      "out": {
        "other": 4
      },
      "score": 0.223
    },
    "twitter.com/DreamHost": {
      "out": {
        "other": 4
      },
      "score": 0.223
    },
    "stream.tinokremer.nl": {
      "out": {
        "other": 4
      },
      "score": 0.223
    },
    "facebook.com/10153082691506288": {
      "out": {
        "other": 4
      },
      "score": 0.223
    },
    "twitter.com/August_Support": {
      "out": {
        "other": 4
      },
      "score": 0.223
    },
    "facebook.com/1211053052260704": {
      "out": {
        "other": 4
      },
      "score": 0.223
    },
    "facebook.com/10153514455226456": {
      "out": {
        "other": 4
      },
      "score": 0.223
    },
    "twitter.com/_p0pr0ck5_": {
      "out": {
        "other": 4
      },
      "score": 0.223
    },
    "facebook.com/10208646010163038": {
      "out": {
        "other": 4
      },
      "score": 0.223
    },
    "twitter.com/aaronorosen": {
      "out": {
        "other": 4
      },
      "score": 0.223
    },
    "twitter.com/jbryce": {
      "out": {
        "other": 4
      },
      "score": 0.223
    },
    "twitter.com/edm3": {
      "out": {
        "other": 4
      },
      "score": 0.223
    },
    "facebook.com/876382295731910": {
      "out": {
        "other": 4
      },
      "score": 0.223
    },
    "twitter.com/fitzage": {
      "out": {
        "other": 4
      },
      "score": 0.223
    },
    "facebook.com/10205998657474923": {
      "out": {
        "other": 4
      },
      "score": 0.223
    },
    "facebook.com/10153145232237563": {
      "out": {
        "other": 4
      },
      "score": 0.223
    },
    "facebook.com/447611735418875": {
      "out": {
        "other": 4
      },
      "score": 0.223
    },
    "fightcf.cff.org": {
      "out": {
        "other": 4
      },
      "score": 0.223
    },
    "twitter.com/Get_Rikt": {
      "out": {
        "other": 4
      },
      "score": 0.223
    },
    "facebook.com/10153863944018816": {
      "out": {
        "other": 4
      },
      "score": 0.223
    },
    "facebook.com/10153543622554314": {
      "out": {
        "other": 4
      },
      "score": 0.223
    },
    "twitter.com/mchelen": {
      "out": {
        "other": 4
      },
      "score": 0.223
    },
    "facebook.com/10101077899852050": {
      "out": {
        "other": 4
      },
      "score": 0.223
    },
    "facebook.com/10153391812607035": {
      "out": {
        "other": 4
      },
      "score": 0.223
    },
    "about.me": {
      "out": {
        "other": 4
      },
      "score": 0.223
    },
    "twitter.com/canary": {
      "out": {
        "other": 4
      },
      "score": 0.223
    },
    "twitter.com/robinvdf": {
      "out": {
        "other": 4
      },
      "score": 0.223
    },
    "twitter.com/ryagas": {
      "out": {
        "other": 4
      },
      "score": 0.223
    },
    "facebook.com/10154618757177619": {
      "out": {
        "other": 4
      },
      "score": 0.223
    },
    "support.august.com": {
      "out": {
        "other": 4
      },
      "score": 0.223
    },
    "facebook.com/10208768604158339": {
      "out": {
        "other": 4
      },
      "score": 0.223
    },
    "facebook.com/1666424280050086": {
      "out": {
        "other": 4
      },
      "score": 0.223
    },
    "twitter.com/wwitzel3": {
      "out": {
        "other": 4
      },
      "score": 0.223
    },
    "courses.thelacours.org": {
      "out": {
        "other": 4
      },
      "score": 0.223
    },
    "twitter.com/dr_wahl": {
      "out": {
        "other": 4
      },
      "score": 0.223
    },
    "facebook.com/959463196000": {
      "out": {
        "other": 4
      },
      "score": 0.223
    },
    "facebook.com/10153582725678450": {
      "out": {
        "other": 4
      },
      "score": 0.223
    },
    "facebook.com/10155316601404558": {
      "out": {
        "other": 4
      },
      "score": 0.223
    },
    "facebook.com/10207059041496312": {
      "out": {
        "other": 4
      },
      "score": 0.223
    },
    "twitter.com/esouthard": {
      "out": {
        "other": 4
      },
      "score": 0.223
    },
    "facebook.com/894351827325442": {
      "out": {
        "other": 4
      },
      "score": 0.223
    },
    "waynewitzel.com": {
      "out": {
        "other": 4
      },
      "score": 0.223
    },
    "facebook.com/10207595403952493": {
      "out": {
        "other": 4
      },
      "score": 0.223
    },
    "twitter.com/qayshp": {
      "out": {
        "other": 4
      },
      "score": 0.223
    },
    "twitter.com/erinspice": {
      "out": {
        "other": 4
      },
      "score": 0.223
    },
    "twitter.com/drewmaust": {
      "out": {
        "other": 4
      },
      "score": 0.223
    },
    "facebook.com/10153725463068855": {
      "out": {
        "other": 4
      },
      "score": 0.223
    },
    "facebook.com/10207965227302428": {
      "out": {
        "other": 4
      },
      "score": 0.223
    },
    "facebook.com/2481888241737": {
      "out": {
        "other": 4
      },
      "score": 0.223
    },
    "facebook.com/10100548938838972": {
      "out": {
        "other": 4
      },
      "score": 0.223
    },
    "www.rowdylabs.com": {
      "out": {
        "other": 4
      },
      "score": 0.223
    },
    "facebook.com/10153096262590736": {
      "out": {
        "other": 4
      },
      "score": 0.223
    },
    "calumryan.com": {
      "out": {
        "other": 4
      },
      "score": 0.223
    },
    "facebook.com/10153387989423303": {
      "out": {
        "other": 4
      },
      "score": 0.223
    },
    "facebook.com/10153705695240555": {
      "out": {
        "other": 4
      },
      "score": 0.223
    },
    "maffulli.net": {
      "out": {
        "other": 4
      },
      "score": 0.223
    },
    "twitter.com/indiewebcamp": {
      "out": {
        "other": 4
      },
      "score": 0.223
    },
    "fitzage.com": {
      "out": {
        "other": 4
      },
      "score": 0.223
    },
    "www.krisbernard.com": {
      "out": {
        "other": 4
      },
      "score": 0.223
    },
    "facebook.com/10101423498329859": {
      "out": {
        "other": 4
      },
      "score": 0.223
    },
    "twitter.com/mattwodrich": {
      "out": {
        "other": 4
      },
      "score": 0.223
    },
    "www.calumryan.com": {
      "out": {
        "other": 4
      },
      "score": 0.223
    },
    "coredumped.org": {
      "out": {
        "other": 4
      },
      "score": 0.223
    },
    "twitter.com/None": {
      "out": {
        "other": 4
      },
      "score": 0.223
    },
    "twitter.com/mestery": {
      "out": {
        "other": 4
      },
      "score": 0.223
    },
    "facebook.com/10153015908828483": {
      "out": {
        "other": 4
      },
      "score": 0.223
    },
    "test": {
      "out": {
        "other": 4
      },
      "score": 0.223
    },
    "twitter.com/NolanCumulus": {
      "out": {
        "other": 4
      },
      "score": 0.223
    },
    "twitter.com/PansySymons": {
      "out": {
        "other": 4
      },
      "score": 0.223
    },
    "facebook.com/10153377458080852": {
      "out": {
        "other": 4
      },
      "score": 0.223
    },
    "facebook.com/10153746671530769": {
      "out": {
        "other": 4
      },
      "score": 0.223
    },
    "twitter.com/LyleD4D": {
      "out": {
        "other": 4
      },
      "score": 0.223
    },
    "twitter.com/JoachimAntonsen": {
      "out": {
        "other": 4
      },
      "score": 0.223
    },
    "twitter.com/TheVictorAllen": {
      "out": {
        "other": 4
      },
      "score": 0.223
    },
    "known.kylewm.com": {
      "in": {
        "other": 7
      },
      "score": 0.209
    },
    "twitter.com/NoteworthyWifey": {
      "out": {
        "other": 3
      },
      "score": 0.192
    },
    "twitter.com/pchaganti": {
      "out": {
        "other": 3
      },
      "score": 0.192
    },
    "twitter.com/ea247": {
      "out": {
        "other": 3
      },
      "score": 0.192
    },
    "twitter.com/lusis": {
      "out": {
        "other": 3
      },
      "score": 0.192
    },
    "facebook.com/10154717663511255": {
      "out": {
        "other": 2
      },
      "score": 0.149
    },
    "facebook.com/880042865524": {
      "out": {
        "other": 2
      },
      "score": 0.149
    },
    "twitter.com/aFidato": {
      "out": {
        "other": 2
      },
      "score": 0.149
    },
    "twitter.com/rachellacour": {
      "out": {
        "other": 2
      },
      "score": 0.149
    },
    "twitter.com/tenspadesmedia": {
      "out": {
        "other": 2
      },
      "score": 0.149
    },
    "CurationSuite.com": {
      "out": {
        "other": 2
      },
      "score": 0.149
    },
    "facebook.com/10100127215830828": {
      "out": {
        "other": 2
      },
      "score": 0.149
    },
    "facebook.com/10155019810727853": {
      "out": {
        "other": 2
      },
      "score": 0.149
    },
    "facebook.com/10156930195425621": {
      "out": {
        "other": 2
      },
      "score": 0.149
    },
    "twitter.com/ODT_M": {
      "out": {
        "other": 2
      },
      "score": 0.149
    },
    "www.worldblu.com": {
      "out": {
        "other": 2
      },
      "score": 0.149
    },
    "facebook.com/10209003670233303": {
      "out": {
        "other": 2
      },
      "score": 0.149
    },
    "media1.giphy.com": {
      "out": {
        "other": 2
      },
      "score": 0.149
    },
    "twitter.com/ecrosstexas": {
      "out": {
        "other": 2
      },
      "score": 0.149
    },
    "facebook.com/10100925528815029": {
      "out": {
        "other": 2
      },
      "score": 0.149
    },
    "facebook.com/10206851286493537": {
      "out": {
        "other": 2
      },
      "score": 0.149
    },
    "twitter.com/johnmanko": {
      "out": {
        "other": 2
      },
      "score": 0.149
    },
    "facebook.com/10154502601949211": {
      "out": {
        "other": 2
      },
      "score": 0.149
    },
    "facebook.com/10205224738200003": {
      "out": {
        "other": 2
      },
      "score": 0.149
    },
    "facebook.com/10206748328480843": {
      "out": {
        "other": 2
      },
      "score": 0.149
    },
    "twitter.com/eyepv6": {
      "out": {
        "other": 2
      },
      "score": 0.149
    },
    "www.sontek.net": {
      "out": {
        "other": 2
      },
      "score": 0.149
    },
    "facebook.com/10153489178226153": {
      "out": {
        "other": 2
      },
      "score": 0.149
    },
    "facebook.com/10207625844237538": {
      "out": {
        "other": 2
      },
      "score": 0.149
    },
    "google.com": {
      "out": {
        "other": 2
      },
      "score": 0.149
    },
    "facebook.com/10206851246057443": {
      "out": {
        "other": 2
      },
      "score": 0.149
    },
    "facebook.com/10101709129318069": {
      "out": {
        "other": 2
      },
      "score": 0.149
    },
    "facebook.com/10208208472400239": {
      "out": {
        "other": 2
      },
      "score": 0.149
    },
    "www.elcompadrerestaurant.com": {
      "out": {
        "other": 2
      },
      "score": 0.149
    },
    "facebook.com/10154499942578546": {
      "out": {
        "other": 2
      },
      "score": 0.149
    },
    "twitter.com/dstanek": {
      "out": {
        "other": 2
      },
      "score": 0.149
    },
    "twitter.com/themetrisbak": {
      "out": {
        "other": 2
      },
      "score": 0.149
    },
    "facebook.com/10100624266591939": {
      "out": {
        "other": 2
      },
      "score": 0.149
    },
    "facebook.com/10102297941428751": {
      "out": {
        "other": 2
      },
      "score": 0.149
    },
    "facebook.com/10153287868108355": {
      "out": {
        "other": 2
      },
      "score": 0.149
    },
    "facebook.com/1608194279482635": {
      "out": {
        "other": 2
      },
      "score": 0.149
    },
    "thegestalt.org": {
      "out": {
        "other": 2
      },
      "score": 0.149
    },
    "twitter.com/cdevroe": {
      "out": {
        "other": 2
      },
      "score": 0.149
    },
    "facebook.com/10208614623663006": {
      "out": {
        "other": 2
      },
      "score": 0.149
    },
    "facebook.com/1049206201785488": {
      "out": {
        "other": 2
      },
      "score": 0.149
    },
    "twitter.com/KetoLiciousFood": {
      "out": {
        "other": 2
      },
      "score": 0.149
    },
    "twitter.com/coderpete": {
      "out": {
        "other": 2
      },
      "score": 0.149
    },
    "twitter.com/robertcathey": {
      "out": {
        "other": 2
      },
      "score": 0.149
    },
    "www.boffosocko.com": {
      "out": {
        "other": 2
      },
      "score": 0.149
    },
    "facebook.com/10104116316006581": {
      "out": {
        "other": 2
      },
      "score": 0.149
    },
    "twitter.com/JoeJoyce": {
      "out": {
        "other": 2
      },
      "score": 0.149
    },
    "facebook.com/10155037905256703": {
      "out": {
        "other": 2
      },
      "score": 0.149
    },
    "facebook.com/10156256561920096": {
      "out": {
        "other": 2
      },
      "score": 0.149
    },
    "facebook.com/10157728729665174": {
      "out": {
        "other": 2
      },
      "score": 0.149
    },
    "facebook.com/10207299564196916": {
      "out": {
        "other": 2
      },
      "score": 0.149
    },
    "twitter.com/Allbirds": {
      "out": {
        "other": 2
      },
      "score": 0.149
    },
    "twitter.com/BtheDean": {
      "out": {
        "other": 2
      },
      "score": 0.149
    },
    "www.youtube.com": {
      "out": {
        "other": 2
      },
      "score": 0.149
    },
    "facebook.com/10102554506430558": {
      "out": {
        "other": 2
      },
      "score": 0.149
    },
    "facebook.com/10153228759983811": {
      "out": {
        "other": 2
      },
      "score": 0.149
    },
    "facebook.com/10153291449688719": {
      "out": {
        "other": 2
      },
      "score": 0.149
    },
    "twitter.com/Kfidei123": {
      "out": {
        "other": 2
      },
      "score": 0.149
    },
    "twitter.com/yjxiangling": {
      "out": {
        "other": 2
      },
      "score": 0.149
    },
    "facebook.com/10100234611164584": {
      "out": {
        "other": 2
      },
      "score": 0.149
    },
    "getsource.net": {
      "out": {
        "other": 2
      },
      "score": 0.149
    },
    "twitter.com/kylewmahan": {
      "out": {
        "other": 2
      },
      "score": 0.149
    },
    "twitter.com/mortimermarker": {
      "out": {
        "other": 2
      },
      "score": 0.149
    },
    "twitter.com/toddmcraw": {
      "out": {
        "other": 2
      },
      "score": 0.149
    },
    "facebook.com/10102430685528737": {
      "out": {
        "other": 2
      },
      "score": 0.149
    },
    "facebook.com/10153676437382625": {
      "out": {
        "other": 2
      },
      "score": 0.149
    },
    "facebook.com/10205500206009921": {
      "out": {
        "other": 2
      },
      "score": 0.149
    },
    "thornelabs.net": {
      "out": {
        "other": 2
      },
      "score": 0.149
    },
    "twitter.com/theMLW": {
      "out": {
        "other": 2
      },
      "score": 0.149
    },
    "facebook.com/1006773356011588": {
      "out": {
        "other": 2
      },
      "score": 0.149
    },
    "facebook.com/503217499843607": {
      "out": {
        "other": 2
      },
      "score": 0.149
    },
    "twitter.com/AndrewVest": {
      "out": {
        "other": 2
      },
      "score": 0.149
    },
    "facebook.com/10154531623744745": {
      "out": {
        "other": 2
      },
      "score": 0.149
    },
    "facebook.com/10212492139160865": {
      "out": {
        "other": 2
      },
      "score": 0.149
    },
    "ylastic.com": {
      "out": {
        "other": 2
      },
      "score": 0.149
    },
    "nikkisnow.com": {
      "out": {
        "other": 2
      },
      "score": 0.149
    },
    "facebook.com/10207960336505020": {
      "out": {
        "other": 2
      },
      "score": 0.149
    },
    "facebook.com/10204887826546988": {
      "out": {
        "other": 2
      },
      "score": 0.149
    },
    "gigofham.com": {
      "out": {
        "other": 2
      },
      "score": 0.149
    },
    "twitter.com/deflatermouse": {
      "out": {
        "other": 2
      },
      "score": 0.149
    },
    "twitter.com/macgenie": {
      "out": {
        "other": 2
      },
      "score": 0.149
    },
    "www.rmendes.net": {
      "out": {
        "other": 2
      },
      "score": 0.149
    },
    "facebook.com/10208722115308477": {
      "out": {
        "other": 2
      },
      "score": 0.149
    },
    "facebook.com/2072423586177260": {
      "out": {
        "other": 2
      },
      "score": 0.149
    },
    "twitter.com/DanielaAVega": {
      "out": {
        "other": 2
      },
      "score": 0.149
    },
    "twitter.com/drocco007": {
      "out": {
        "other": 2
      },
      "score": 0.149
    },
    "twitter.com/mdegerne": {
      "out": {
        "other": 2
      },
      "score": 0.149
    },
    "twitter.com/miklb": {
      "out": {
        "other": 2
      },
      "score": 0.149
    },
    "twitter.com/shaynestubbs": {
      "out": {
        "other": 2
      },
      "score": 0.149
    },
    "facebook.com/10204498540097807": {
      "out": {
        "other": 2
      },
      "score": 0.149
    },
    "facebook.com/10204760990887694": {
      "out": {
        "other": 2
      },
      "score": 0.149
    },
    "facebook.com/10210527302511587": {
      "out": {
        "other": 2
      },
      "score": 0.149
    },
    "facebook.com/10210861841056014": {
      "out": {
        "other": 2
      },
      "score": 0.149
    },
    "facebook.com/1222463411098890": {
      "out": {
        "other": 2
      },
      "score": 0.149
    },
    "twitter.com/BeckyMaeW": {
      "out": {
        "other": 2
      },
      "score": 0.149
    },
    "twitter.com/rosario_dis": {
      "out": {
        "other": 2
      },
      "score": 0.149
    },
    "cashlock.cash": {
      "out": {
        "other": 2
      },
      "score": 0.149
    },
    "facebook.com/10101821276419379": {
      "out": {
        "other": 2
      },
      "score": 0.149
    },
    "facebook.com/10153700168050845": {
      "out": {
        "other": 2
      },
      "score": 0.149
    },
    "facebook.com/10157728722415104": {
      "out": {
        "other": 2
      },
      "score": 0.149
    },
    "facebook.com/10206628339856182": {
      "out": {
        "other": 2
      },
      "score": 0.149
    },
    "facebook.com/1143780455643584": {
      "out": {
        "other": 2
      },
      "score": 0.149
    },
    "twitter.com/AshNathens": {
      "out": {
        "other": 2
      },
      "score": 0.149
    },
    "twitter.com/jgoldschrafe": {
      "out": {
        "other": 2
      },
      "score": 0.149
    },
    "twitter.com/linkgard": {
      "out": {
        "other": 2
      },
      "score": 0.149
    },
    "twitter.com/brienthess": {
      "out": {
        "other": 2
      },
      "score": 0.149
    },
    "twitter.com/bryanrbeal": {
      "out": {
        "other": 2
      },
      "score": 0.149
    },
    "twitter.com/club_is_open": {
      "out": {
        "other": 2
      },
      "score": 0.149
    },
    "blog.kitchen.io": {
      "out": {
        "other": 2
      },
      "score": 0.149
    },
    "facebook.com/10155900937510321": {
      "out": {
        "other": 2
      },
      "score": 0.149
    },
    "twitter.com/pedahzur_ak": {
      "out": {
        "other": 2
      },
      "score": 0.149
    },
    "twitter.com/rsrchboy": {
      "out": {
        "other": 2
      },
      "score": 0.149
    },
    "www.akanda.io": {
      "out": {
        "other": 2
      },
      "score": 0.149
    },
    "twitter.com/HarrensLab": {
      "out": {
        "other": 2
      },
      "score": 0.149
    },
    "twitter.com/sontek": {
      "out": {
        "other": 2
      },
      "score": 0.149
    },
    "twitter.com/thedreamtrainer": {
      "out": {
        "other": 2
      },
      "score": 0.149
    },
    "facebook.com/10101275578821637": {
      "out": {
        "other": 2
      },
      "score": 0.149
    },
    "facebook.com/270881853361930": {
      "out": {
        "other": 2
      },
      "score": 0.149
    },
    "twitter.com/agentultra": {
      "out": {
        "other": 2
      },
      "score": 0.149
    },
    "canary.is": {
      "out": {
        "other": 2
      },
      "score": 0.149
    },
    "twitter.com/cshl1": {
      "out": {
        "other": 2
      },
      "score": 0.149
    },
    "twitter.com/julie_wdc": {
      "out": {
        "other": 2
      },
      "score": 0.149
    },
    "twitter.com/ossronny": {
      "out": {
        "other": 2
      },
      "score": 0.149
    },
    "facebook.com/10102381066335955": {
      "out": {
        "other": 2
      },
      "score": 0.149
    },
    "facebook.com/10206938808653332": {
      "out": {
        "other": 2
      },
      "score": 0.149
    },
    "twitter.com/jimmymcarthur": {
      "out": {
        "other": 2
      },
      "score": 0.149
    },
    "facebook.com/10154794386446204": {
      "out": {
        "other": 2
      },
      "score": 0.149
    },
    "twitter.com/AugustSmartLock": {
      "out": {
        "other": 2
      },
      "score": 0.149
    },
    "facebook.com/10104724464537040": {
      "out": {
        "other": 2
      },
      "score": 0.149
    },
    "facebook.com/10156076405260381": {
      "out": {
        "other": 2
      },
      "score": 0.149
    },
    "facebook.com/10156081349525200": {
      "out": {
        "other": 2
      },
      "score": 0.149
    },
    "robbat2.livejournal.com": {
      "out": {
        "other": 2
      },
      "score": 0.149
    },
    "twitter.com/Canesfreak": {
      "out": {
        "other": 2
      },
      "score": 0.149
    },
    "twitter.com/aronprins": {
      "out": {
        "other": 2
      },
      "score": 0.149
    },
    "twitter.com/jordan_tardif": {
      "out": {
        "other": 2
      },
      "score": 0.149
    },
    "facebook.com/10102311345247721": {
      "out": {
        "other": 2
      },
      "score": 0.149
    },
    "facebook.com/10154272608637627": {
      "out": {
        "other": 2
      },
      "score": 0.149
    },
    "facebook.com/10203346210012808": {
      "out": {
        "other": 2
      },
      "score": 0.149
    },
    "facebook.com/995567270463699": {
      "out": {
        "other": 2
      },
      "score": 0.149
    },
    "twitter.com/gtcaz": {
      "out": {
        "other": 2
      },
      "score": 0.149
    },
    "twitter.com/jordansissel": {
      "out": {
        "other": 2
      },
      "score": 0.149
    },
    "twitter.com/kitchen": {
      "out": {
        "other": 2
      },
      "score": 0.149
    },
    "twitter.com/nicolibrarian": {
      "out": {
        "other": 2
      },
      "score": 0.149
    },
    "www.kevinmarks.com": {
      "out": {
        "other": 2
      },
      "score": 0.149
    },
    "www.semicomplete.com": {
      "out": {
        "other": 2
      },
      "score": 0.149
    },
    "twitter.com/davidandgoliath": {
      "out": {
        "other": 2
      },
      "score": 0.149
    },
    "facebook.com/10153735364999365": {
      "out": {
        "other": 2
      },
      "score": 0.149
    },
    "facebook.com/10205776146951316": {
      "out": {
        "other": 2
      },
      "score": 0.149
    },
    "facebook.com/10208196232287115": {
      "out": {
        "other": 2
      },
      "score": 0.149
    },
    "facebook.com/1395409580486099": {
      "out": {
        "other": 2
      },
      "score": 0.149
    },
    "twitter.com/8bitdad": {
      "out": {
        "other": 2
      },
      "score": 0.149
    },
    "twitter.com/KnowingGarden": {
      "out": {
        "other": 2
      },
      "score": 0.149
    },
    "facebook.com/10155190069424673": {
      "out": {
        "other": 2
      },
      "score": 0.149
    },
    "facebook.com/10155501994046874": {
      "out": {
        "other": 2
      },
      "score": 0.149
    },
    "facebook.com/10208703761366367": {
      "out": {
        "other": 2
      },
      "score": 0.149
    },
    "facebook.com/10206322460633524": {
      "out": {
        "other": 2
      },
      "score": 0.149
    },
    "twitter.com/addie_harlot": {
      "out": {
        "other": 2
      },
      "score": 0.149
    },
    "twitter.com/daiyitastic": {
      "out": {
        "other": 2
      },
      "score": 0.149
    },
    "twitter.com/tinokremer": {
      "out": {
        "other": 2
      },
      "score": 0.149
    },
    "blog.deanland.com": {
      "out": {
        "other": 2
      },
      "score": 0.149
    },
    "facebook.com/10153847942051412": {
      "out": {
        "other": 2
      },
      "score": 0.149
    },
    "facebook.com/10154983441185610": {
      "out": {
        "other": 2
      },
      "score": 0.149
    },
    "facebook.com/10209480113946319": {
      "out": {
        "other": 2
      },
      "score": 0.149
    },
    "facebook.com/1217512188339648": {
      "out": {
        "other": 2
      },
      "score": 0.149
    },
    "twitter.com/ELCOMPADRE_DTLA": {
      "out": {
        "other": 2
      },
      "score": 0.149
    },
    "twitter.com/jalbertbowdenii": {
      "out": {
        "other": 2
      },
      "score": 0.149
    },
    "twitter.com/jameswthorne": {
      "out": {
        "other": 2
      },
      "score": 0.149
    },
    "facebook.com/10101423498339839": {
      "out": {
        "other": 2
      },
      "score": 0.149
    },
    "facebook.com/10101780560773859": {
      "out": {
        "other": 2
      },
      "score": 0.149
    },
    "facebook.com/10153943745450837": {
      "out": {
        "other": 2
      },
      "score": 0.149
    },
    "facebook.com/922593787778194": {
      "out": {
        "other": 2
      },
      "score": 0.149
    },
    "twitter.com/AmitKeswaniMD": {
      "out": {
        "other": 2
      },
      "score": 0.149
    },
    "twitter.com/hanzouzach": {
      "out": {
        "other": 2
      },
      "score": 0.149
    },
    "facebook.com/10205716247039096": {
      "out": {
        "other": 2
      },
      "score": 0.149
    },
    "karlitschek.de": {
      "out": {
        "other": 2
      },
      "score": 0.149
    },
    "twitter.com/Maighdiln_0168": {
      "out": {
        "other": 2
      },
      "score": 0.149
    },
    "twitter.com/saloonbox": {
      "out": {
        "other": 2
      },
      "score": 0.149
    },
    "facebook.com/10107491960672651": {
      "out": {
        "other": 2
      },
      "score": 0.149
    },
    "facebook.com/10153676266217726": {
      "out": {
        "other": 2
      },
      "score": 0.149
    },
    "facebook.com/10154068407146180": {
      "out": {
        "other": 2
      },
      "score": 0.149
    },
    "www.lingonberrys.com": {
      "out": {
        "other": 2
      },
      "score": 0.149
    },
    "www.redapt.com": {
      "out": {
        "other": 2
      },
      "score": 0.149
    },
    "facebook.com/10107615372494291": {
      "out": {
        "other": 2
      },
      "score": 0.149
    },
    "facebook.com/10206200288677570": {
      "out": {
        "other": 2
      },
      "score": 0.149
    },
    "facebook.com/10211727773295608": {
      "out": {
        "other": 2
      },
      "score": 0.149
    },
    "twitter.com/BrentScotten": {
      "out": {
        "other": 2
      },
      "score": 0.149
    },
    "facebook.com/10209144953008052": {
      "out": {
        "other": 2
      },
      "score": 0.149
    },
    "facebook.com/10211291507185495": {
      "out": {
        "other": 2
      },
      "score": 0.149
    },
    "facebook.com/1043392762350063": {
      "out": {
        "other": 2
      },
      "score": 0.149
    },
    "facebook.com/1051919758159804": {
      "out": {
        "other": 2
      },
      "score": 0.149
    },
    "HostAdvice.com": {
      "out": {
        "other": 2
      },
      "score": 0.149
    },
    "facebook.com/10154853314293891": {
      "out": {
        "other": 2
      },
      "score": 0.149
    },
    "facebook.com/10208363218906371": {
      "out": {
        "other": 2
      },
      "score": 0.149
    },
    "facebook.com/10212046020488014": {
      "out": {
        "other": 2
      },
      "score": 0.149
    },
    "joshuakugler.com": {
      "out": {
        "other": 2
      },
      "score": 0.149
    },
    "twitter.com/S1monAnd": {
      "out": {
        "other": 2
      },
      "score": 0.149
    },
    "twitter.com/edolnx": {
      "out": {
        "other": 2
      },
      "score": 0.149
    },
    "facebook.com/10206822901203515": {
      "out": {
        "other": 2
      },
      "score": 0.149
    },
    "facebook.com/10154704872948650": {
      "out": {
        "other": 2
      },
      "score": 0.149
    },
    "facebook.com/10155108210147971": {
      "out": {
        "other": 2
      },
      "score": 0.149
    },
    "facebook.com/10210930124749093": {
      "out": {
        "other": 2
      },
      "score": 0.149
    },
    "facebook.com/1156125051083139": {
      "out": {
        "other": 2
      },
      "score": 0.149
    },
    "facebook.com/1604368639589078": {
      "out": {
        "other": 2
      },
      "score": 0.149
    },
    "twitter.com/danieldolan": {
      "out": {
        "other": 2
      },
      "score": 0.149
    },
    "twitter.com/jdsboston": {
      "out": {
        "other": 2
      },
      "score": 0.149
    },
    "youtu.be": {
      "out": {
        "other": 1
      },
      "score": 0.0743
    },
    "www.simpsondoor.com": {
      "out": {
        "other": 1
      },
      "score": 0.0743
    },
    "pictage.com": {
      "out": {
        "other": 1
      },
      "score": 0.0743
    },
    "gatech.edu": {
      "out": {
        "other": 1
      },
      "score": 0.0743
    },
    "deltaechorazors.com": {
      "out": {
        "other": 1
      },
      "score": 0.0743
    },
    "fbcdn-sphotos-c-a.akamaihd.net": {
      "out": {
        "other": 1
      },
      "score": 0.0743
    },
    "shootq.com": {
      "out": {
        "other": 1
      },
      "score": 0.0743
    },
    "graphics.latimes.com": {
      "out": {
        "other": 1
      },
      "score": 0.0743
    },
    "headcrash.ascraeus.org": {
      "in": {
        "like-of": 1
      },
      "score": 0.0743
    },
    "twitter.com/colettelacour": {
      "out": {
        "other": 1
      },
      "score": 0.0743
    },
    "twitter.com/cleverangel": {
      "out": {
        "other": 1
      },
      "score": 0.0743
    },
    "45.media.tumblr.com": {
      "out": {
        "other": 1
      },
      "score": 0.0743
    },
    "www.hospitalityholdings.com": {
      "out": {
        "other": 1
      },
      "score": 0.0743
    },
    "boghop.com": {
      "in": {
        "other": 1
      },
      "score": 0
    }
  }
}