{
  "domain": "clint.withknown.com",
  "urls": [
    "https://clint.withknown.com/profile/ctkennedy",
    "http://clintkennedy.wordpress.com",
    "http://newliteracies.uconn.edu",
    "http://www.nlstmhs.org",
    "http://www.twitter.com/ctkennedy"
  ],
  "names": [
    "Clint Kennedy",
    "Hello World!"
  ],
  "descriptions": [
    "Hello World!",
    "A social website powered by Known and Clint"
  ],
  "pictures": [
    "https://clint.withknown.com/file/8e37acd69b9de752749e3371e46919d7"
  ],
  "hcard": {
    "properties": {
      "name": [
        "Clint Kennedy"
      ],
      "note": [
        {
          "html": "<div class=\"highlightedText\">\n<p>Hello World!</p>\n</div>",
          "value": "\nHello World!\n"
        }
      ],
      "photo": [
        "https://clint.withknown.com/file/8e37acd69b9de752749e3371e46919d7"
      ],
      "profile": [
        "Clint Kennedy"
      ],
      "url": [
        "https://clint.withknown.com/profile/ctkennedy",
        "https://clint.withknown.com/profile/ctkennedy",
        "http://clintkennedy.wordpress.com",
        "http://newliteracies.uconn.edu",
        "http://www.nlstmhs.org",
        "http://www.twitter.com/ctkennedy"
      ]
    },
    "type": [
      "h-card"
    ]
  },
  "rel_mes": [
    "http://clintkennedy.wordpress.com",
    "http://newliteracies.uconn.edu",
    "http://www.nlstmhs.org",
    "http://www.twitter.com/ctkennedy"
  ],
  "crawl_start": "2017-04-28T05:16:19",
  "crawl_end": "2017-04-28T07:26:16",
  "num_pages": 7096,
  "total_html_size": 175902731,
  "servers": [
    "Apache",
    "Known"
  ],
  "mf2_classes": [
    "h-card",
    "h-entry"
  ],
  "tags": [
    "relme",
    "bridgy",
    "webmention",
    "websub",
    "Known"
  ],
  "endpoints": {
    "webmention": [
      "https://clint.withknown.com/webmention/"
    ],
    "websub": [
      "http://withknown.superfeedr.com/"
    ]
  },
  "links_out": 36067,
  "links_in": 1,
  "links": {
    "withknown.com": {
      "out": {
        "other": 7096
      },
      "score": 1
    },
    "twitter.com/ctkennedy": {
      "out": {
        "other": 2474
      },
      "score": 0.890
    },
    "clintkennedy.wordpress.com": {
      "out": {
        "other": 2474
      },
      "score": 0.890
    },
    "newliteracies.uconn.edu": {
      "out": {
        "other": 2474
      },
      "score": 0.890
    },
    "www.nlstmhs.org": {
      "out": {
        "other": 2474
      },
      "score": 0.890
    },
    "www.washingtonpost.com": {
      "out": {
        "other": 1793
      },
      "score": 0.857
    },
    "www.nytimes.com": {
      "out": {
        "other": 1554
      },
      "score": 0.841
    },
    "www.cnn.com": {
      "out": {
        "other": 915
      },
      "score": 0.786
    },
    "www.yahoo.com": {
      "out": {
        "other": 891
      },
      "score": 0.782
    },
    "www.politico.com": {
      "out": {
        "other": 808
      },
      "score": 0.773
    },
    "thehill.com": {
      "out": {
        "other": 513
      },
      "score": 0.726
    },
    "www.huffingtonpost.com": {
      "out": {
        "other": 494
      },
      "score": 0.722
    },
    "www.theverge.com": {
      "out": {
        "other": 488
      },
      "score": 0.720
    },
    "mobile.nytimes.com": {
      "out": {
        "other": 381
      },
      "score": 0.695
    },
    "www.theguardian.com": {
      "out": {
        "other": 364
      },
      "score": 0.689
    },
    "time.com": {
      "out": {
        "other": 353
      },
      "score": 0.686
    },
    "mashable.com": {
      "out": {
        "other": 328
      },
      "score": 0.679
    },
    "www.theday.com": {
      "out": {
        "other": 295
      },
      "score": 0.667
    },
    "finance.yahoo.com": {
      "out": {
        "other": 286
      },
      "score": 0.664
    },
    "www.slate.com": {
      "out": {
        "other": 277
      },
      "score": 0.661
    },
    "www.nbcnews.com": {
      "out": {
        "other": 275
      },
      "score": 0.660
    },
    "boingboing.net": {
      "out": {
        "other": 238
      },
      "score": 0.645
    },
    "www.thedailybeast.com": {
      "out": {
        "other": 230
      },
      "score": 0.641
    },
    "www.vox.com": {
      "out": {
        "other": 225
      },
      "score": 0.639
    },
    "www.theatlantic.com": {
      "out": {
        "other": 194
      },
      "score": 0.623
    },
    "talkingpointsmemo.com": {
      "out": {
        "other": 189
      },
      "score": 0.620
    },
    "www.businessinsider.com": {
      "out": {
        "other": 180
      },
      "score": 0.616
    },
    "www.engadget.com": {
      "out": {
        "other": 178
      },
      "score": 0.614
    },
    "www.bloomberg.com": {
      "out": {
        "other": 165
      },
      "score": 0.607
    },
    "www.buzzfeed.com": {
      "out": {
        "other": 164
      },
      "score": 0.606
    },
    "www.rawstory.com": {
      "out": {
        "other": 160
      },
      "score": 0.604
    },
    "thinkprogress.org": {
      "out": {
        "other": 159
      },
      "score": 0.603
    },
    "www.latimes.com": {
      "out": {
        "other": 157
      },
      "score": 0.601
    },
    "www.wsj.com": {
      "out": {
        "other": 151
      },
      "score": 0.597
    },
    "abcnews.go.com": {
      "out": {
        "other": 146
      },
      "score": 0.594
    },
    "money.cnn.com": {
      "out": {
        "other": 144
      },
      "score": 0.592
    },
    "arstechnica.com": {
      "out": {
        "other": 137
      },
      "score": 0.587
    },
    "amp.cnn.com": {
      "out": {
        "other": 134
      },
      "score": 0.585
    },
    "www.usatoday.com": {
      "out": {
        "other": 133
      },
      "score": 0.584
    },
    "www.salon.com": {
      "out": {
        "other": 130
      },
      "score": 0.582
    },
    "gizmodo.com": {
      "out": {
        "other": 127
      },
      "score": 0.579
    },
    "www.independent.co.uk": {
      "out": {
        "other": 124
      },
      "score": 0.576
    },
    "www.reuters.com": {
      "out": {
        "other": 113
      },
      "score": 0.567
    },
    "www.cbsnews.com": {
      "out": {
        "other": 100
      },
      "score": 0.554
    },
    "www.newsweek.com": {
      "out": {
        "other": 100
      },
      "score": 0.554
    },
    "www.cnet.com": {
      "out": {
        "other": 98
      },
      "score": 0.552
    },
    "theintercept.com": {
      "out": {
        "other": 98
      },
      "score": 0.552
    },
    "www.mediaite.com": {
      "out": {
        "other": 97
      },
      "score": 0.551
    },
    "medium.com": {
      "out": {
        "other": 87
      },
      "score": 0.540
    },
    "nymag.com": {
      "out": {
        "other": 85
      },
      "score": 0.538
    },
    "www.npr.org": {
      "out": {
        "other": 84
      },
      "score": 0.536
    },
    "www.motherjones.com": {
      "out": {
        "other": 84
      },
      "score": 0.536
    },
    "techcrunch.com": {
      "out": {
        "other": 83
      },
      "score": 0.535
    },
    "www.foxnews.com": {
      "out": {
        "other": 80
      },
      "score": 0.531
    },
    "www.wired.com": {
      "out": {
        "other": 79
      },
      "score": 0.529
    },
    "www.cnbc.com": {
      "out": {
        "other": 78
      },
      "score": 0.528
    },
    "www.newyorker.com": {
      "out": {
        "other": 75
      },
      "score": 0.524
    },
    "theweek.com": {
      "out": {
        "other": 73
      },
      "score": 0.521
    },
    "www.eff.org": {
      "out": {
        "other": 65
      },
      "score": 0.509
    },
    "www.msnbc.com": {
      "out": {
        "other": 59
      },
      "score": 0.499
    },
    "www.nydailynews.com": {
      "out": {
        "other": 59
      },
      "score": 0.499
    },
    "www.bbc.com": {
      "out": {
        "other": 55
      },
      "score": 0.492
    },
    "bigthink.com": {
      "out": {
        "other": 55
      },
      "score": 0.492
    },
    "secure.politico.com": {
      "out": {
        "other": 51
      },
      "score": 0.483
    },
    "www.chicagotribune.com": {
      "out": {
        "other": 50
      },
      "score": 0.482
    },
    "fivethirtyeight.com": {
      "out": {
        "other": 50
      },
      "score": 0.482
    },
    "firstlook.org": {
      "out": {
        "other": 43
      },
      "score": 0.465
    },
    "www.miamiherald.com": {
      "out": {
        "other": 40
      },
      "score": 0.458
    },
    "www.bostonglobe.com": {
      "out": {
        "other": 40
      },
      "score": 0.458
    },
    "digg.com": {
      "out": {
        "other": 40
      },
      "score": 0.458
    },
    "www.dailymail.co.uk": {
      "out": {
        "other": 40
      },
      "score": 0.458
    },
    "www.espn.com": {
      "out": {
        "other": 37
      },
      "score": 0.450
    },
    "www.washingtonexaminer.com": {
      "out": {
        "other": 37
      },
      "score": 0.450
    },
    "amp.usatoday.com": {
      "out": {
        "other": 35
      },
      "score": 0.445
    },
    "www.youtube.com": {
      "out": {
        "other": 35
      },
      "score": 0.445
    },
    "www.vanityfair.com": {
      "out": {
        "other": 35
      },
      "score": 0.445
    },
    "www.forbes.com": {
      "out": {
        "other": 35
      },
      "score": 0.445
    },
    "www.politicususa.com": {
      "out": {
        "other": 35
      },
      "score": 0.445
    },
    "gma.yahoo.com": {
      "out": {
        "other": 35
      },
      "score": 0.445
    },
    "nypost.com": {
      "out": {
        "other": 35
      },
      "score": 0.445
    },
    "www.esquire.com": {
      "out": {
        "other": 34
      },
      "score": 0.441
    },
    "espn.go.com": {
      "out": {
        "other": 33
      },
      "score": 0.438
    },
    "gigaom.com": {
      "out": {
        "other": 33
      },
      "score": 0.438
    },
    "www.newsmax.com": {
      "out": {
        "other": 32
      },
      "score": 0.435
    },
    "mediamatters.org": {
      "out": {
        "other": 30
      },
      "score": 0.428
    },
    "m.huffpost.com": {
      "out": {
        "other": 30
      },
      "score": 0.428
    },
    "qz.com": {
      "out": {
        "other": 30
      },
      "score": 0.428
    },
    "www.techdirt.com": {
      "out": {
        "other": 30
      },
      "score": 0.428
    },
    "www.redstate.com": {
      "out": {
        "other": 30
      },
      "score": 0.428
    },
    "www.propublica.org": {
      "out": {
        "other": 30
      },
      "score": 0.428
    },
    "www.nationalreview.com": {
      "out": {
        "other": 29
      },
      "score": 0.425
    },
    "news.yahoo.com": {
      "out": {
        "other": 29
      },
      "score": 0.425
    },
    "theslot.jezebel.com": {
      "out": {
        "other": 29
      },
      "score": 0.425
    },
    "mobile.reuters.com": {
      "out": {
        "other": 28
      },
      "score": 0.422
    },
    "bits.blogs.nytimes.com": {
      "out": {
        "other": 26
      },
      "score": 0.413
    },
    "www.pcgamer.com": {
      "out": {
        "other": 25
      },
      "score": 0.409
    },
    "www.politifact.com": {
      "out": {
        "other": 25
      },
      "score": 0.409
    },
    "www.telegraph.co.uk": {
      "out": {
        "other": 25
      },
      "score": 0.409
    },
    "www.gq.com": {
      "out": {
        "other": 25
      },
      "score": 0.409
    },
    "fortune.com": {
      "out": {
        "other": 25
      },
      "score": 0.409
    },
    "theconcourse.deadspin.com": {
      "out": {
        "other": 25
      },
      "score": 0.409
    },
    "www.dailydot.com": {
      "out": {
        "other": 25
      },
      "score": 0.409
    },
    "variety.com": {
      "out": {
        "other": 25
      },
      "score": 0.409
    },
    "recode.net": {
      "out": {
        "other": 24
      },
      "score": 0.405
    },
    "www.charlotteobserver.com": {
      "out": {
        "other": 24
      },
      "score": 0.405
    },
    "consumerist.com": {
      "out": {
        "other": 23
      },
      "score": 0.401
    },
    "www.people-press.org": {
      "out": {
        "other": 20
      },
      "score": 0.386
    },
    "www.dallasnews.com": {
      "out": {
        "other": 20
      },
      "score": 0.386
    },
    "m.motherjones.com": {
      "out": {
        "other": 20
      },
      "score": 0.386
    },
    "www.pewresearch.org": {
      "out": {
        "other": 20
      },
      "score": 0.386
    },
    "www.rollingstone.com": {
      "out": {
        "other": 20
      },
      "score": 0.386
    },
    "gawker.com": {
      "out": {
        "other": 20
      },
      "score": 0.386
    },
    "www.theregister.co.uk": {
      "out": {
        "other": 20
      },
      "score": 0.386
    },
    "www.cjr.org": {
      "out": {
        "other": 20
      },
      "score": 0.386
    },
    "bigstory.ap.org": {
      "out": {
        "other": 20
      },
      "score": 0.386
    },
    "newrepublic.com": {
      "out": {
        "other": 20
      },
      "score": 0.386
    },
    "thenextweb.com": {
      "out": {
        "other": 19
      },
      "score": 0.381
    },
    "www.inc.com": {
      "out": {
        "other": 18
      },
      "score": 0.374
    },
    "www.iphoneincanada.ca": {
      "out": {
        "other": 17
      },
      "score": 0.369
    },
    "www.schneier.com": {
      "out": {
        "other": 17
      },
      "score": 0.369
    },
    "www.nationalgeographic.com": {
      "out": {
        "other": 17
      },
      "score": 0.369
    },
    "www.dispatch.com": {
      "out": {
        "other": 17
      },
      "score": 0.369
    },
    "publicpolicy.verizon.com": {
      "out": {
        "other": 17
      },
      "score": 0.369
    },
    "www.thestar.com": {
      "out": {
        "other": 15
      },
      "score": 0.356
    },
    "www.zdnet.com": {
      "out": {
        "other": 15
      },
      "score": 0.356
    },
    "bluenationreview.com": {
      "out": {
        "other": 15
      },
      "score": 0.356
    },
    "edition.cnn.com": {
      "out": {
        "other": 15
      },
      "score": 0.356
    },
    "arstechnica.co.uk": {
      "out": {
        "other": 15
      },
      "score": 0.356
    },
    "blog.macademic.org": {
      "out": {
        "other": 15
      },
      "score": 0.356
    },
    "motherboard.vice.com": {
      "out": {
        "other": 15
      },
      "score": 0.356
    },
    "www.hollywoodreporter.com": {
      "out": {
        "other": 15
      },
      "score": 0.356
    },
    "www.nationaljournal.com": {
      "out": {
        "other": 15
      },
      "score": 0.356
    },
    "yro.slashdot.org": {
      "out": {
        "other": 15
      },
      "score": 0.356
    },
    "www.gallup.com": {
      "out": {
        "other": 15
      },
      "score": 0.356
    },
    "www.axios.com": {
      "out": {
        "other": 15
      },
      "score": 0.356
    },
    "origin-nyi.thehill.com": {
      "out": {
        "other": 15
      },
      "score": 0.356
    },
    "www.mcclatchydc.com": {
      "out": {
        "other": 15
      },
      "score": 0.356
    },
    "www.computerworld.com": {
      "out": {
        "other": 15
      },
      "score": 0.356
    },
    "www.pewinternet.org": {
      "out": {
        "other": 15
      },
      "score": 0.356
    },
    "www.usnews.com": {
      "out": {
        "other": 15
      },
      "score": 0.356
    },
    "bipartisanreport.com": {
      "out": {
        "other": 15
      },
      "score": 0.356
    },
    "esportsobserver.com": {
      "out": {
        "other": 15
      },
      "score": 0.356
    },
    "www.thenation.com": {
      "out": {
        "other": 15
      },
      "score": 0.356
    },
    "crooksandliars.com": {
      "out": {
        "other": 15
      },
      "score": 0.356
    },
    "www.csmonitor.com": {
      "out": {
        "other": 15
      },
      "score": 0.356
    },
    "www.whitehouse.gov": {
      "out": {
        "other": 15
      },
      "score": 0.356
    },
    "observer.com": {
      "out": {
        "other": 14
      },
      "score": 0.348
    },
    "hosted.ap.org": {
      "out": {
        "other": 14
      },
      "score": 0.348
    },
    "www.al.com": {
      "out": {
        "other": 14
      },
      "score": 0.348
    },
    "www.newrepublic.com": {
      "out": {
        "other": 14
      },
      "score": 0.348
    },
    "bgr.com": {
      "out": {
        "other": 14
      },
      "score": 0.348
    },
    "www.spiegel.de": {
      "out": {
        "other": 13
      },
      "score": 0.341
    },
    "blog.gsmarena.com": {
      "out": {
        "other": 13
      },
      "score": 0.341
    },
    "defensesystems.com": {
      "out": {
        "other": 13
      },
      "score": 0.341
    },
    "www.multichannel.com": {
      "out": {
        "other": 13
      },
      "score": 0.341
    },
    "www.cpbj.com": {
      "out": {
        "other": 13
      },
      "score": 0.341
    },
    "www.instructables.com": {
      "out": {
        "other": 13
      },
      "score": 0.341
    },
    "teslacrash.com": {
      "out": {
        "other": 13
      },
      "score": 0.341
    },
    "blog.torproject.org": {
      "out": {
        "other": 13
      },
      "score": 0.341
    },
    "www.barstoolsports.com": {
      "out": {
        "other": 13
      },
      "score": 0.341
    },
    "blog.erratasec.com": {
      "out": {
        "other": 13
      },
      "score": 0.341
    },
    "winningdemocrats.com": {
      "out": {
        "other": 10
      },
      "score": 0.314
    },
    "www.nybooks.com": {
      "out": {
        "other": 10
      },
      "score": 0.314
    },
    "www.pcworld.com": {
      "out": {
        "other": 10
      },
      "score": 0.314
    },
    "lawfareblog.com": {
      "out": {
        "other": 10
      },
      "score": 0.314
    },
    "www.techtimes.com": {
      "out": {
        "other": 10
      },
      "score": 0.314
    },
    "billmoyers.com": {
      "out": {
        "other": 10
      },
      "score": 0.314
    },
    "www.ew.com": {
      "out": {
        "other": 10
      },
      "score": 0.314
    },
    "foreignpolicy.com": {
      "out": {
        "other": 10
      },
      "score": 0.314
    },
    "www.cato.org": {
      "out": {
        "other": 10
      },
      "score": 0.314
    },
    "blogs.scientificamerican.com": {
      "out": {
        "other": 10
      },
      "score": 0.314
    },
    "profootballtalk.nbcsports.com": {
      "out": {
        "other": 10
      },
      "score": 0.314
    },
    "www.pewglobal.org": {
      "out": {
        "other": 10
      },
      "score": 0.314
    },
    "www.aljazeera.com": {
      "out": {
        "other": 10
      },
      "score": 0.314
    },
    "www.aol.com": {
      "out": {
        "other": 10
      },
      "score": 0.314
    },
    "sports.yahoo.com": {
      "out": {
        "other": 10
      },
      "score": 0.314
    },
    "www.ibtimes.co.uk": {
      "out": {
        "other": 10
      },
      "score": 0.314
    },
    "www.cosmopolitan.com": {
      "out": {
        "other": 10
      },
      "score": 0.314
    },
    "www.sfgate.com": {
      "out": {
        "other": 10
      },
      "score": 0.314
    },
    "www.timesofisrael.com": {
      "out": {
        "other": 10
      },
      "score": 0.314
    },
    "fusion.net": {
      "out": {
        "other": 10
      },
      "score": 0.314
    },
    "dailycaller.com": {
      "out": {
        "other": 10
      },
      "score": 0.314
    },
    "www.azcentral.com": {
      "out": {
        "other": 10
      },
      "score": 0.314
    },
    "www.sfchronicle.com": {
      "out": {
        "other": 10
      },
      "score": 0.314
    },
    "aeon.co": {
      "out": {
        "other": 10
      },
      "score": 0.314
    },
    "reason.com": {
      "out": {
        "other": 10
      },
      "score": 0.314
    },
    "www.realclearpolitics.com": {
      "out": {
        "other": 10
      },
      "score": 0.314
    },
    "blogs.edweek.org": {
      "out": {
        "other": 10
      },
      "score": 0.314
    },
    "m.dailykos.com": {
      "out": {
        "other": 10
      },
      "score": 0.314
    },
    "www.insurancejournal.com": {
      "out": {
        "other": 10
      },
      "score": 0.314
    },
    "www.scientificamerican.com": {
      "out": {
        "other": 10
      },
      "score": 0.314
    },
    "amp.slate.com": {
      "out": {
        "other": 10
      },
      "score": 0.314
    },
    "thefederalist.com": {
      "out": {
        "other": 10
      },
      "score": 0.314
    },
    "www.marketwatch.com": {
      "out": {
        "other": 10
      },
      "score": 0.314
    },
    "people.com": {
      "out": {
        "other": 10
      },
      "score": 0.314
    },
    "news.vice.com": {
      "out": {
        "other": 10
      },
      "score": 0.314
    },
    "www.bbc.co.uk": {
      "out": {
        "other": 10
      },
      "score": 0.314
    },
    "www.dailykos.com": {
      "out": {
        "other": 10
      },
      "score": 0.314
    },
    "ftw.usatoday.com": {
      "out": {
        "other": 10
      },
      "score": 0.314
    },
    "www.upi.com": {
      "out": {
        "other": 10
      },
      "score": 0.314
    },
    "www.ibtimes.com": {
      "out": {
        "other": 10
      },
      "score": 0.314
    },
    "www.recode.net": {
      "out": {
        "other": 10
      },
      "score": 0.314
    },
    "www.denverpost.com": {
      "out": {
        "other": 10
      },
      "score": 0.314
    },
    "www.sciencemag.org": {
      "out": {
        "other": 10
      },
      "score": 0.314
    },
    "online.wsj.com": {
      "out": {
        "other": 10
      },
      "score": 0.314
    },
    "www.cbc.ca": {
      "out": {
        "other": 10
      },
      "score": 0.314
    },
    "www.ted.com": {
      "out": {
        "other": 10
      },
      "score": 0.314
    },
    "kotaku.com": {
      "out": {
        "other": 9
      },
      "score": 0.302
    },
    "www.locusmag.com": {
      "out": {
        "other": 9
      },
      "score": 0.302
    },
    "m.theinquirer.net": {
      "out": {
        "other": 9
      },
      "score": 0.302
    },
    "www.thetakeaway.org": {
      "out": {
        "other": 9
      },
      "score": 0.302
    },
    "www.universityherald.com": {
      "out": {
        "other": 9
      },
      "score": 0.302
    },
    "www.cityam.com": {
      "out": {
        "other": 9
      },
      "score": 0.302
    },
    "www.journalism.org": {
      "out": {
        "other": 9
      },
      "score": 0.302
    },
    "aviationweek.com": {
      "out": {
        "other": 9
      },
      "score": 0.302
    },
    "arxiv.org": {
      "out": {
        "other": 9
      },
      "score": 0.302
    },
    "m.whitehouse.gov": {
      "out": {
        "other": 9
      },
      "score": 0.302
    },
    "www.businessweek.com": {
      "out": {
        "other": 9
      },
      "score": 0.302
    },
    "www.backersofhate.org": {
      "out": {
        "other": 9
      },
      "score": 0.302
    },
    "www.justsecurity.org": {
      "out": {
        "other": 9
      },
      "score": 0.302
    },
    "www.sanders.senate.gov": {
      "out": {
        "other": 9
      },
      "score": 0.302
    },
    "www.theamericanconservative.com": {
      "out": {
        "other": 9
      },
      "score": 0.302
    },
    "www.ancientsocieties.com": {
      "out": {
        "other": 9
      },
      "score": 0.302
    },
    "amp.businessinsider.com": {
      "out": {
        "other": 5
      },
      "score": 0.241
    },
    "theundefeated.com": {
      "out": {
        "other": 5
      },
      "score": 0.241
    },
    "www.hillaryclinton.com": {
      "out": {
        "other": 5
      },
      "score": 0.241
    },
    "www.nj.com": {
      "out": {
        "other": 5
      },
      "score": 0.241
    },
    "www.today.com": {
      "out": {
        "other": 5
      },
      "score": 0.241
    },
    "freebeacon.com": {
      "out": {
        "other": 5
      },
      "score": 0.241
    },
    "liberalsociety.com": {
      "out": {
        "other": 5
      },
      "score": 0.241
    },
    "theringer.com": {
      "out": {
        "other": 5
      },
      "score": 0.241
    },
    "www.americanprogress.org": {
      "out": {
        "other": 5
      },
      "score": 0.241
    },
    "www.globalresearch.ca": {
      "out": {
        "other": 5
      },
      "score": 0.241
    },
    "www.hurriyetdailynews.com": {
      "out": {
        "other": 5
      },
      "score": 0.241
    },
    "www.jsonline.com": {
      "out": {
        "other": 5
      },
      "score": 0.241
    },
    "reverbpress.com": {
      "out": {
        "other": 5
      },
      "score": 0.241
    },
    "www.freerepublic.com": {
      "out": {
        "other": 5
      },
      "score": 0.241
    },
    "www.goldenstateofmind.com": {
      "out": {
        "other": 5
      },
      "score": 0.241
    },
    "www.yesmagazine.org": {
      "out": {
        "other": 5
      },
      "score": 0.241
    },
    "blogs.wsj.com": {
      "out": {
        "other": 5
      },
      "score": 0.241
    },
    "m.chron.com": {
      "out": {
        "other": 5
      },
      "score": 0.241
    },
    "www.aikenstandard.com": {
      "out": {
        "other": 5
      },
      "score": 0.241
    },
    "www.citizensforethics.org": {
      "out": {
        "other": 5
      },
      "score": 0.241
    },
    "www.kentucky.com": {
      "out": {
        "other": 5
      },
      "score": 0.241
    },
    "www.statecolumn.com": {
      "out": {
        "other": 5
      },
      "score": 0.241
    },
    "krugman.blogs.nytimes.com": {
      "out": {
        "other": 5
      },
      "score": 0.241
    },
    "www.advocate.com": {
      "out": {
        "other": 5
      },
      "score": 0.241
    },
    "9to5google.com": {
      "out": {
        "other": 5
      },
      "score": 0.241
    },
    "donate.creativecommons.org": {
      "out": {
        "other": 5
      },
      "score": 0.241
    },
    "www.out.com": {
      "out": {
        "other": 5
      },
      "score": 0.241
    },
    "www.reddit.com": {
      "out": {
        "other": 5
      },
      "score": 0.241
    },
    "www.theblaze.com": {
      "out": {
        "other": 5
      },
      "score": 0.241
    },
    "www.webpronews.com": {
      "out": {
        "other": 5
      },
      "score": 0.241
    },
    "www.westernjournalism.com": {
      "out": {
        "other": 5
      },
      "score": 0.241
    },
    "mobile.wnd.com": {
      "out": {
        "other": 5
      },
      "score": 0.241
    },
    "www.bostonmagazine.com": {
      "out": {
        "other": 5
      },
      "score": 0.241
    },
    "www.democracynow.org": {
      "out": {
        "other": 5
      },
      "score": 0.241
    },
    "arizona.typepad.com": {
      "out": {
        "other": 5
      },
      "score": 0.241
    },
    "malialitman.com": {
      "out": {
        "other": 5
      },
      "score": 0.241
    },
    "www.fastcompany.com": {
      "out": {
        "other": 5
      },
      "score": 0.241
    },
    "www.technologyreview.com": {
      "out": {
        "other": 5
      },
      "score": 0.241
    },
    "www.xojane.com": {
      "out": {
        "other": 5
      },
      "score": 0.241
    },
    "www.aclu.org": {
      "out": {
        "other": 5
      },
      "score": 0.241
    },
    "backchannel.com": {
      "out": {
        "other": 5
      },
      "score": 0.241
    },
    "en.greatfire.org": {
      "out": {
        "other": 5
      },
      "score": 0.241
    },
    "rameznaam.com": {
      "out": {
        "other": 5
      },
      "score": 0.241
    },
    "www.joemygod.com": {
      "out": {
        "other": 5
      },
      "score": 0.241
    },
    "jstreet.org": {
      "out": {
        "other": 5
      },
      "score": 0.241
    },
    "www.thespainreport.com": {
      "out": {
        "other": 5
      },
      "score": 0.241
    },
    "prospect.org": {
      "out": {
        "other": 5
      },
      "score": 0.241
    },
    "www.digitalspy.com": {
      "out": {
        "other": 5
      },
      "score": 0.241
    },
    "scripting.com": {
      "out": {
        "other": 5
      },
      "score": 0.241
    },
    "www.fastcoexist.com": {
      "out": {
        "other": 5
      },
      "score": 0.241
    },
    "electionlawblog.org": {
      "out": {
        "other": 5
      },
      "score": 0.241
    },
    "mlb.nbcsports.com": {
      "out": {
        "other": 5
      },
      "score": 0.241
    },
    "mobile.abc.net.au": {
      "out": {
        "other": 5
      },
      "score": 0.241
    },
    "occupydemocrats.com": {
      "out": {
        "other": 5
      },
      "score": 0.241
    },
    "stevecheney.com": {
      "out": {
        "other": 5
      },
      "score": 0.241
    },
    "www.truthdig.com": {
      "out": {
        "other": 5
      },
      "score": 0.241
    },
    "www.un.org": {
      "out": {
        "other": 5
      },
      "score": 0.241
    },
    "www.wtsp.com": {
      "out": {
        "other": 5
      },
      "score": 0.241
    },
    "firstround.com": {
      "out": {
        "other": 5
      },
      "score": 0.241
    },
    "www8.nationalacademies.org": {
      "out": {
        "other": 5
      },
      "score": 0.241
    },
    "www.armed-services.senate.gov": {
      "out": {
        "other": 5
      },
      "score": 0.241
    },
    "www.sltrib.com": {
      "out": {
        "other": 5
      },
      "score": 0.241
    },
    "www.mediamatters.org": {
      "out": {
        "other": 5
      },
      "score": 0.241
    },
    "www.michaelgeist.ca": {
      "out": {
        "other": 5
      },
      "score": 0.241
    },
    "beta.theglobeandmail.com": {
      "out": {
        "other": 5
      },
      "score": 0.241
    },
    "takingnote.blogs.nytimes.com": {
      "out": {
        "other": 5
      },
      "score": 0.241
    },
    "uproxx.com": {
      "out": {
        "other": 5
      },
      "score": 0.241
    },
    "www.oregonlive.com": {
      "out": {
        "other": 5
      },
      "score": 0.241
    },
    "grist.org": {
      "out": {
        "other": 5
      },
      "score": 0.241
    },
    "mainenewsonline.com": {
      "out": {
        "other": 5
      },
      "score": 0.241
    },
    "theconversation.com": {
      "out": {
        "other": 5
      },
      "score": 0.241
    },
    "www.opposingviews.com": {
      "out": {
        "other": 5
      },
      "score": 0.241
    },
    "jezebel.com": {
      "out": {
        "other": 5
      },
      "score": 0.241
    },
    "recombu.com": {
      "out": {
        "other": 5
      },
      "score": 0.241
    },
    "twitchy.com": {
      "out": {
        "other": 5
      },
      "score": 0.241
    },
    "www.boston.com": {
      "out": {
        "other": 5
      },
      "score": 0.241
    },
    "www.patspulpit.com": {
      "out": {
        "other": 5
      },
      "score": 0.241
    },
    "www.popsci.com": {
      "out": {
        "other": 5
      },
      "score": 0.241
    },
    "www.weeklystandard.com": {
      "out": {
        "other": 5
      },
      "score": 0.241
    },
    "thedailybanter.com": {
      "out": {
        "other": 5
      },
      "score": 0.241
    },
    "m.wsj.com": {
      "out": {
        "other": 5
      },
      "score": 0.241
    },
    "ninerswire.usatoday.com": {
      "out": {
        "other": 5
      },
      "score": 0.241
    },
    "www.texastribune.org": {
      "out": {
        "other": 5
      },
      "score": 0.241
    },
    "www.voanews.com": {
      "out": {
        "other": 5
      },
      "score": 0.241
    },
    "politicalwire.com": {
      "out": {
        "other": 5
      },
      "score": 0.241
    },
    "www.powerlineblog.com": {
      "out": {
        "other": 5
      },
      "score": 0.241
    },
    "blog.dilbert.com": {
      "out": {
        "other": 5
      },
      "score": 0.241
    },
    "europe.newsweek.com": {
      "out": {
        "other": 5
      },
      "score": 0.241
    },
    "dissenter.firedoglake.com": {
      "out": {
        "other": 5
      },
      "score": 0.241
    },
    "realtime.blog.palmbeachpost.com": {
      "out": {
        "other": 5
      },
      "score": 0.241
    },
    "sendto.mozilla.org": {
      "out": {
        "other": 5
      },
      "score": 0.241
    },
    "www.extremetech.com": {
      "out": {
        "other": 5
      },
      "score": 0.241
    },
    "www.newser.com": {
      "out": {
        "other": 5
      },
      "score": 0.241
    },
    "www.pbs.org": {
      "out": {
        "other": 5
      },
      "score": 0.241
    },
    "www.rickey.org": {
      "out": {
        "other": 5
      },
      "score": 0.241
    },
    "today.uconn.edu": {
      "out": {
        "other": 5
      },
      "score": 0.241
    },
    "www.benjerry.com": {
      "out": {
        "other": 5
      },
      "score": 0.241
    },
    "www.teenvogue.com": {
      "out": {
        "other": 5
      },
      "score": 0.241
    },
    "www.triplepundit.com": {
      "out": {
        "other": 5
      },
      "score": 0.241
    },
    "insider.foxnews.com": {
      "out": {
        "other": 5
      },
      "score": 0.241
    },
    "scroll.in": {
      "out": {
        "other": 5
      },
      "score": 0.241
    },
    "video.foxbusiness.com": {
      "out": {
        "other": 5
      },
      "score": 0.241
    },
    "www.giss.nasa.gov": {
      "out": {
        "other": 5
      },
      "score": 0.241
    },
    "blog.wikimedia.org": {
      "out": {
        "other": 5
      },
      "score": 0.241
    },
    "e360.yale.edu": {
      "out": {
        "other": 5
      },
      "score": 0.241
    },
    "grantland.com": {
      "out": {
        "other": 5
      },
      "score": 0.241
    },
    "securelist.com": {
      "out": {
        "other": 5
      },
      "score": 0.241
    },
    "www.christianpost.com": {
      "out": {
        "other": 5
      },
      "score": 0.241
    },
    "www.mrctv.org": {
      "out": {
        "other": 5
      },
      "score": 0.241
    },
    "www.oreilly.com": {
      "out": {
        "other": 5
      },
      "score": 0.241
    },
    "www.towleroad.com": {
      "out": {
        "other": 5
      },
      "score": 0.241
    },
    "theintellectualist.co": {
      "out": {
        "other": 5
      },
      "score": 0.241
    },
    "forward.com": {
      "out": {
        "other": 5
      },
      "score": 0.241
    },
    "powerandlightpress.bigcartel.com": {
      "out": {
        "other": 5
      },
      "score": 0.241
    },
    "www.pressherald.com": {
      "out": {
        "other": 5
      },
      "score": 0.241
    },
    "www.publicintegrity.org": {
      "out": {
        "other": 5
      },
      "score": 0.241
    },
    "anildash.com": {
      "out": {
        "other": 5
      },
      "score": 0.241
    },
    "azdailysun.com": {
      "out": {
        "other": 5
      },
      "score": 0.241
    },
    "business.transworld.net": {
      "out": {
        "other": 5
      },
      "score": 0.241
    },
    "vitals.lifehacker.com": {
      "out": {
        "other": 5
      },
      "score": 0.241
    },
    "en.rsf.org": {
      "out": {
        "other": 5
      },
      "score": 0.241
    },
    "lifehacker.com": {
      "out": {
        "other": 5
      },
      "score": 0.241
    },
    "news.indiana.edu": {
      "out": {
        "other": 5
      },
      "score": 0.241
    },
    "www.bizjournals.com": {
      "out": {
        "other": 5
      },
      "score": 0.241
    },
    "www.dailywire.com": {
      "out": {
        "other": 5
      },
      "score": 0.241
    },
    "www.irishexaminer.com": {
      "out": {
        "other": 5
      },
      "score": 0.241
    },
    "www.organicauthority.com": {
      "out": {
        "other": 5
      },
      "score": 0.241
    },
    "static.theintercept.com": {
      "out": {
        "other": 5
      },
      "score": 0.241
    },
    "www.alternet.org": {
      "out": {
        "other": 5
      },
      "score": 0.241
    },
    "www.freep.com": {
      "out": {
        "other": 5
      },
      "score": 0.241
    },
    "harpers.org": {
      "out": {
        "other": 5
      },
      "score": 0.241
    },
    "healthaffairs.org": {
      "out": {
        "other": 5
      },
      "score": 0.241
    },
    "joi.ito.com": {
      "out": {
        "other": 5
      },
      "score": 0.241
    },
    "pagesix.com": {
      "out": {
        "other": 5
      },
      "score": 0.241
    },
    "www.cispaisback.org": {
      "out": {
        "other": 5
      },
      "score": 0.241
    },
    "www.crainsnewyork.com": {
      "out": {
        "other": 5
      },
      "score": 0.241
    },
    "www.palmerreport.com": {
      "out": {
        "other": 5
      },
      "score": 0.241
    },
    "www.bna.com": {
      "out": {
        "other": 5
      },
      "score": 0.241
    },
    "health.usnews.com": {
      "out": {
        "other": 5
      },
      "score": 0.241
    },
    "sealedabstract.com": {
      "out": {
        "other": 5
      },
      "score": 0.241
    },
    "ben-evans.com": {
      "out": {
        "other": 5
      },
      "score": 0.241
    },
    "in.reuters.com": {
      "out": {
        "other": 5
      },
      "score": 0.241
    },
    "www.pewsocialtrends.org": {
      "out": {
        "other": 5
      },
      "score": 0.241
    },
    "extratv.com": {
      "out": {
        "other": 5
      },
      "score": 0.241
    },
    "www.philly.com": {
      "out": {
        "other": 5
      },
      "score": 0.241
    },
    "www.smithandsinclair.co.uk": {
      "out": {
        "other": 5
      },
      "score": 0.241
    },
    "www.stamfordadvocate.com": {
      "out": {
        "other": 5
      },
      "score": 0.241
    },
    "thebiglead.com": {
      "out": {
        "other": 5
      },
      "score": 0.241
    },
    "www.chron.com": {
      "out": {
        "other": 5
      },
      "score": 0.241
    },
    "www.smh.com.au": {
      "out": {
        "other": 5
      },
      "score": 0.241
    },
    "facebook.com/sarahpalin": {
      "out": {
        "other": 5
      },
      "score": 0.241
    },
    "www.indy100.com": {
      "out": {
        "other": 5
      },
      "score": 0.241
    },
    "www.justintarte.com": {
      "out": {
        "other": 5
      },
      "score": 0.241
    },
    "www.thenewcivilrightsmovement.com": {
      "out": {
        "other": 5
      },
      "score": 0.241
    },
    "obvious-ventures-prod.herokuapp.com": {
      "out": {
        "other": 5
      },
      "score": 0.241
    },
    "www.mintpressnews.com": {
      "out": {
        "other": 5
      },
      "score": 0.241
    },
    "www.syracuse.com": {
      "out": {
        "other": 5
      },
      "score": 0.241
    },
    "www.theweek.com": {
      "out": {
        "other": 5
      },
      "score": 0.241
    },
    "lawnewz.com": {
      "out": {
        "other": 5
      },
      "score": 0.241
    },
    "m.sfgate.com": {
      "out": {
        "other": 5
      },
      "score": 0.241
    },
    "shareblue.com": {
      "out": {
        "other": 5
      },
      "score": 0.241
    },
    "thelongandshort.org": {
      "out": {
        "other": 5
      },
      "score": 0.241
    },
    "amp.timeinc.net": {
      "out": {
        "other": 5
      },
      "score": 0.241
    },
    "nautil.us": {
      "out": {
        "other": 5
      },
      "score": 0.241
    },
    "www.baltimoresun.com": {
      "out": {
        "other": 5
      },
      "score": 0.241
    },
    "www.sbnation.com": {
      "out": {
        "other": 5
      },
      "score": 0.241
    },
    "www.thecipherbrief.com": {
      "out": {
        "other": 5
      },
      "score": 0.241
    },
    "littlegreenfootballs.com": {
      "out": {
        "other": 5
      },
      "score": 0.241
    },
    "vrscout.com": {
      "out": {
        "other": 5
      },
      "score": 0.241
    },
    "www.bustle.com": {
      "out": {
        "other": 5
      },
      "score": 0.241
    },
    "www.indystar.com": {
      "out": {
        "other": 5
      },
      "score": 0.241
    },
    "www.rightwingwatch.org": {
      "out": {
        "other": 5
      },
      "score": 0.241
    },
    "www.wionews.com": {
      "out": {
        "other": 5
      },
      "score": 0.241
    },
    "kdvr.com": {
      "out": {
        "other": 5
      },
      "score": 0.241
    },
    "motto.time.com": {
      "out": {
        "other": 5
      },
      "score": 0.241
    },
    "uk.businessinsider.com": {
      "out": {
        "other": 5
      },
      "score": 0.241
    },
    "www.entrepreneur.com": {
      "out": {
        "other": 5
      },
      "score": 0.241
    },
    "www.gamespot.com": {
      "out": {
        "other": 5
      },
      "score": 0.241
    },
    "www.foxsports.com": {
      "out": {
        "other": 5
      },
      "score": 0.241
    },
    "www.sun-sentinel.com": {
      "out": {
        "other": 5
      },
      "score": 0.241
    },
    "www.truthexaminer.com": {
      "out": {
        "other": 5
      },
      "score": 0.241
    },
    "www.wallstreetotc.com": {
      "out": {
        "other": 5
      },
      "score": 0.241
    },
    "www.washingtonmonthly.com": {
      "out": {
        "other": 5
      },
      "score": 0.241
    },
    "news.mpbn.net": {
      "out": {
        "other": 5
      },
      "score": 0.241
    },
    "peoplesclimate.org": {
      "out": {
        "other": 5
      },
      "score": 0.241
    },
    "www.dnaindia.com": {
      "out": {
        "other": 5
      },
      "score": 0.241
    },
    "www.game-debate.com": {
      "out": {
        "other": 5
      },
      "score": 0.241
    },
    "www.politico.eu": {
      "out": {
        "other": 5
      },
      "score": 0.241
    },
    "www.sandiegouniontribune.com": {
      "out": {
        "other": 5
      },
      "score": 0.241
    },
    "cleantechnica.com": {
      "out": {
        "other": 5
      },
      "score": 0.241
    },
    "esports.yahoo.com": {
      "out": {
        "other": 5
      },
      "score": 0.241
    },
    "gdeltproject.org": {
      "out": {
        "other": 5
      },
      "score": 0.241
    },
    "i.kinja-img.com": {
      "out": {
        "other": 5
      },
      "score": 0.241
    },
    "khn.org": {
      "out": {
        "other": 5
      },
      "score": 0.241
    },
    "m.aljazeera.com": {
      "out": {
        "other": 5
      },
      "score": 0.241
    },
    "m.voanews.com": {
      "out": {
        "other": 5
      },
      "score": 0.241
    },
    "mic.com": {
      "out": {
        "other": 5
      },
      "score": 0.241
    },
    "www.doteveryone.org.uk": {
      "out": {
        "other": 5
      },
      "score": 0.241
    },
    "www.popsugar.com": {
      "out": {
        "other": 5
      },
      "score": 0.241
    },
    "www.trumpisnotateamplayer.com": {
      "out": {
        "other": 5
      },
      "score": 0.241
    },
    "d262ilb51hltx0.cloudfront.net": {
      "out": {
        "other": 4
      },
      "score": 0.218
    },
    "rack.3.mshcdn.com": {
      "out": {
        "other": 4
      },
      "score": 0.218
    },
    "cdn3.vox-cdn.com": {
      "out": {
        "other": 4
      },
      "score": 0.218
    },
    "assets.documentcloud.org": {
      "out": {
        "other": 4
      },
      "score": 0.218
    },
    "fingfx.thomsonreuters.com": {
      "out": {
        "other": 4
      },
      "score": 0.218
    },
    "chat.indieweb.org": {
      "in": {
        "other": 1
      },
      "score": 0
    }
  }
}