{
  "domain": "clneagu.com",
  "urls": [
    "http://clneagu.com/"
  ],
  "names": [
    "Despre | Cosmin L. Neagu"
  ],
  "descriptions": [],
  "pictures": [
    "http://clneagu.com/favicon.ico"
  ],
  "hcard": {},
  "rel_mes": [],
  "crawl_start": "2017-06-09T17:34:57",
  "crawl_end": "2017-06-09T17:35:23",
  "num_pages": 23,
  "total_html_size": 217118,
  "servers": [
    "Apache",
    "DocPad v"
  ],
  "tags": [],
  "endpoints": {},
  "links_out": 154,
  "links_in": 3,
  "links": {
    "github.com": {
      "out": {
        "other": 23
      },
      "score": 1
    },
    "google.com": {
      "out": {
        "other": 23
      },
      "score": 1
    },
    "twitter.com/clneagu": {
      "out": {
        "other": 23
      },
      "score": 1
    },
    "youtube.com": {
      "out": {
        "other": 10
      },
      "score": 0.783
    },
    "gitolite.com": {
      "out": {
        "other": 9
      },
      "score": 0.755
    },
    "en.wikipedia.org": {
      "out": {
        "other": 8
      },
      "score": 0.723
    },
    "play.google.com": {
      "out": {
        "other": 7
      },
      "score": 0.689
    },
    "www.youtube.com": {
      "out": {
        "other": 6
      },
      "score": 0.648
    },
    "legi-internet.ro": {
      "out": {
        "other": 3
      },
      "score": 0.467
    },
    "docs.docker.com": {
      "out": {
        "other": 2
      },
      "score": 0.363
    },
    "www.uwgb.edu": {
      "out": {
        "other": 2
      },
      "score": 0.363
    },
    "www.ted.com": {
      "out": {
        "other": 2
      },
      "score": 0.363
    },
    "www.terminal.com": {
      "out": {
        "other": 1
      },
      "score": 0.181
    },
    "www.faqs.org": {
      "out": {
        "other": 1
      },
      "score": 0.181
    },
    "durdn.com": {
      "out": {
        "other": 1
      },
      "score": 0.181
    },
    "ripple.com": {
      "out": {
        "other": 1
      },
      "score": 0.181
    },
    "stackoverflow.com": {
      "out": {
        "other": 1
      },
      "score": 0.181
    },
    "sandstorm.io": {
      "out": {
        "other": 1
      },
      "score": 0.181
    },
    "www.wolframalpha.com": {
      "out": {
        "other": 1
      },
      "score": 0.181
    },
    "bigthink.com": {
      "out": {
        "other": 1
      },
      "score": 0.181
    },
    "addons.mozilla.org": {
      "out": {
        "other": 1
      },
      "score": 0.181
    },
    "stumbleupon.com": {
      "out": {
        "other": 1
      },
      "score": 0.181
    },
    "www.pewinternet.org": {
      "out": {
        "other": 1
      },
      "score": 0.181
    },
    "fora.tv": {
      "out": {
        "other": 1
      },
      "score": 0.181
    },
    "www.bitstamp.net": {
      "out": {
        "other": 1
      },
      "score": 0.181
    },
    "ideas.sydneyoperahouse.com": {
      "out": {
        "other": 1
      },
      "score": 0.181
    },
    "www.ethereum.org": {
      "out": {
        "other": 1
      },
      "score": 0.181
    },
    "docker.com": {
      "out": {
        "other": 1
      },
      "score": 0.181
    },
    "news.ycombinator.com": {
      "out": {
        "other": 1
      },
      "score": 0.181
    },
    "thesciencenetwork.org": {
      "out": {
        "other": 1
      },
      "score": 0.181
    },
    "apti.ro": {
      "out": {
        "other": 1
      },
      "score": 0.181
    },
    "maps.google.com": {
      "out": {
        "other": 1
      },
      "score": 0.181
    },
    "datanode.eu": {
      "out": {
        "other": 1
      },
      "score": 0.181
    },
    "docpad.org": {
      "out": {
        "other": 1
      },
      "score": 0.181
    },
    "indieweb.org": {
      "in": {
        "other": 2
      },
      "score": 0.181
    },
    "www.freedomainradio.com": {
      "out": {
        "other": 1
      },
      "score": 0.181
    },
    "vimeo.com": {
      "out": {
        "other": 1
      },
      "score": 0.181
    },
    "www.cyanogenmod.org": {
      "out": {
        "other": 1
      },
      "score": 0.181
    },
    "www.reddit.com": {
      "out": {
        "other": 1
      },
      "score": 0.181
    },
    "sonic-developers.com": {
      "out": {
        "other": 1
      },
      "score": 0.181
    },
    "www.slimroms.net": {
      "out": {
        "other": 1
      },
      "score": 0.181
    },
    "www.packtpub.com": {
      "out": {
        "other": 1
      },
      "score": 0.181
    },
    "rohost.com": {
      "out": {
        "other": 1
      },
      "score": 0.181
    },
    "deepbytestudios.com": {
      "out": {
        "other": 1
      },
      "score": 0.181
    },
    "www.zerotier.com": {
      "out": {
        "other": 1
      },
      "score": 0.181
    },
    "bitcoin.org": {
      "out": {
        "other": 1
      },
      "score": 0.181
    },
    "justcoin.com": {
      "out": {
        "other": 1
      },
      "score": 0.181
    },
    "ipfs.io": {
      "out": {
        "other": 1
      },
      "score": 0.181
    },
    "aokp.co": {
      "out": {
        "other": 1
      },
      "score": 0.181
    },
    "chat.indieweb.org": {
      "in": {
        "other": 1
      },
      "score": 0
    }
  }
}