{
  "domain": "closetgeekshow.withknown.com",
  "urls": [
    "https://closetgeekshow.withknown.com/profile/closetgeekshow",
    "http://closetgeekshow.ca",
    "http://twitter.com/closetgeekshow"
  ],
  "names": [
    "Brent Morris",
    "The Closet Geek Show Linkblog",
    "Closet Geek Show"
  ],
  "descriptions": [
    "A personal linkblog about the strange things people obsess about.",
    "A social website powered by Known"
  ],
  "pictures": [
    "https://closetgeekshow.withknown.com/file/52ce2ae4157712e6715920c9663546fd",
    "https://closetgeekshow.withknown.com/gfx/logos/logo_k.png"
  ],
  "hcard": {
    "properties": {
      "name": [
        "Brent Morris"
      ],
      "note": [
        {
          "html": "<div class=\"highlightedText\">\n<p>A personal linkblog about the strange things people obsess about.</p>\n</div>",
          "value": "\nA personal linkblog about the strange things people obsess about.\n"
        }
      ],
      "photo": [
        "https://closetgeekshow.withknown.com/file/52ce2ae4157712e6715920c9663546fd"
      ],
      "profile": [
        "Brent Morris"
      ],
      "url": [
        "https://closetgeekshow.withknown.com/profile/closetgeekshow",
        "https://closetgeekshow.withknown.com/profile/closetgeekshow",
        "http://closetgeekshow.ca",
        "http://twitter.com/closetgeekshow"
      ]
    },
    "type": [
      "h-card"
    ]
  },
  "rel_mes": [
    "http://closetgeekshow.ca",
    "http://twitter.com/closetgeekshow"
  ],
  "crawl_start": "2017-04-28T05:16:19",
  "crawl_end": "2017-04-28T05:23:56",
  "num_pages": 404,
  "total_html_size": 10396011,
  "servers": [
    "Apache",
    "Known"
  ],
  "mf2_classes": [
    "h-entry",
    "h-card"
  ],
  "tags": [
    "relme",
    "bridgy",
    "webmention",
    "websub",
    "Known"
  ],
  "endpoints": {
    "webmention": [
      "https://closetgeekshow.withknown.com/webmention/"
    ],
    "websub": [
      "http://withknown.superfeedr.com/"
    ]
  },
  "links_out": 1369,
  "links_in": 2,
  "links": {
    "www.youtube.com": {
      "out": {
        "other": 180
      },
      "score": 1
    },
    "twitter.com/closetgeekshow": {
      "out": {
        "other": 93
      },
      "score": 0.888
    },
    "closetgeekshow.ca": {
      "out": {
        "other": 91
      },
      "score": 0.883
    },
    "www.assetstore.unity3d.com": {
      "out": {
        "other": 32
      },
      "score": 0.706
    },
    "www.theguardian.com": {
      "out": {
        "other": 31
      },
      "score": 0.701
    },
    "the-toast.net": {
      "out": {
        "other": 31
      },
      "score": 0.701
    },
    "www.cbsnews.com": {
      "out": {
        "other": 4,
        "in-reply-to": 5
      },
      "score": 0.689
    },
    "imgur.com": {
      "out": {
        "other": 28
      },
      "score": 0.684
    },
    "medium.com": {
      "out": {
        "other": 20
      },
      "score": 0.626
    },
    "motherboard.vice.com": {
      "out": {
        "other": 19
      },
      "score": 0.618
    },
    "www.theglobeandmail.com": {
      "out": {
        "other": 16
      },
      "score": 0.589
    },
    "www.rockpapershotgun.com": {
      "out": {
        "other": 16
      },
      "score": 0.589
    },
    "www.cbc.ca": {
      "out": {
        "other": 16
      },
      "score": 0.589
    },
    "soundcloud.com": {
      "out": {
        "other": 12
      },
      "score": 0.540
    },
    "www.bbc.com": {
      "out": {
        "other": 12
      },
      "score": 0.540
    },
    "www.kickstarter.com": {
      "out": {
        "other": 12
      },
      "score": 0.540
    },
    "www.atlasobscura.com": {
      "out": {
        "other": 12
      },
      "score": 0.540
    },
    "www.nytimes.com": {
      "out": {
        "other": 12
      },
      "score": 0.540
    },
    "www.smbc-comics.com": {
      "out": {
        "other": 12
      },
      "score": 0.540
    },
    "i.imgur.com": {
      "out": {
        "other": 12
      },
      "score": 0.540
    },
    "store.steampowered.com": {
      "out": {
        "other": 12
      },
      "score": 0.540
    },
    "www.theatlantic.com": {
      "out": {
        "other": 12
      },
      "score": 0.540
    },
    "www.reddit.com": {
      "out": {
        "other": 12
      },
      "score": 0.540
    },
    "scripting.com": {
      "out": {
        "other": 11
      },
      "score": 0.525
    },
    "www.ibtimes.co.uk": {
      "out": {
        "other": 9
      },
      "score": 0.491
    },
    "io9.gizmodo.com": {
      "out": {
        "other": 8
      },
      "score": 0.470
    },
    "twitter.com/jmoonah": {
      "out": {
        "other": 8
      },
      "score": 0.470
    },
    "www.wired.co.uk": {
      "out": {
        "other": 8
      },
      "score": 0.470
    },
    "www.joeydevilla.com": {
      "out": {
        "other": 8
      },
      "score": 0.470
    },
    "kotaku.com": {
      "out": {
        "other": 8
      },
      "score": 0.470
    },
    "80.lv": {
      "out": {
        "other": 8
      },
      "score": 0.470
    },
    "boingboing.net": {
      "out": {
        "other": 8
      },
      "score": 0.470
    },
    "np.reddit.com": {
      "out": {
        "other": 8
      },
      "score": 0.470
    },
    "www.gameinformer.com": {
      "out": {
        "other": 8
      },
      "score": 0.470
    },
    "www.vg247.com": {
      "out": {
        "other": 8
      },
      "score": 0.470
    },
    "chainsawsuit.com": {
      "out": {
        "other": 8
      },
      "score": 0.470
    },
    "twitter.com/AmayaT": {
      "out": {
        "other": 8
      },
      "score": 0.470
    },
    "www.avclub.com": {
      "out": {
        "other": 8
      },
      "score": 0.470
    },
    "www.fastcodesign.com": {
      "out": {
        "other": 8
      },
      "score": 0.470
    },
    "nautil.us": {
      "out": {
        "other": 8
      },
      "score": 0.470
    },
    "nymag.com": {
      "out": {
        "other": 7
      },
      "score": 0.448
    },
    "www.vice.com": {
      "out": {
        "other": 7
      },
      "score": 0.448
    },
    "twitter.com/GameDevBRbot": {
      "out": {
        "other": 5
      },
      "score": 0.390
    },
    "beadonor.ca": {
      "out": {
        "other": 5
      },
      "score": 0.390
    },
    "dinostomatopie.com": {
      "out": {
        "other": 4
      },
      "score": 0.353
    },
    "www.craveonline.com": {
      "out": {
        "other": 4
      },
      "score": 0.353
    },
    "arstechnica.com": {
      "out": {
        "other": 4
      },
      "score": 0.353
    },
    "flif.info": {
      "out": {
        "other": 4
      },
      "score": 0.353
    },
    "gamasutra.com": {
      "out": {
        "other": 4
      },
      "score": 0.353
    },
    "www.hollywoodreporter.com": {
      "out": {
        "other": 4
      },
      "score": 0.353
    },
    "tommyrefenes.tumblr.com": {
      "out": {
        "other": 4
      },
      "score": 0.353
    },
    "exstreamist.com": {
      "out": {
        "other": 4
      },
      "score": 0.353
    },
    "gamerant.com": {
      "out": {
        "other": 4
      },
      "score": 0.353
    },
    "kitbashed.com": {
      "out": {
        "other": 4
      },
      "score": 0.353
    },
    "twitter.com/PhotoLarissa": {
      "out": {
        "other": 4
      },
      "score": 0.353
    },
    "upcontent.com": {
      "out": {
        "other": 4
      },
      "score": 0.353
    },
    "www.insideedition.com": {
      "out": {
        "other": 4
      },
      "score": 0.353
    },
    "xkcd.com": {
      "out": {
        "other": 4
      },
      "score": 0.353
    },
    "internetofshit.net": {
      "out": {
        "other": 4
      },
      "score": 0.353
    },
    "news.nationalpost.com": {
      "out": {
        "other": 4
      },
      "score": 0.353
    },
    "www.neondystopia.com": {
      "out": {
        "other": 4
      },
      "score": 0.353
    },
    "www.smithsonianmag.com": {
      "out": {
        "other": 4
      },
      "score": 0.353
    },
    "adventurega.me": {
      "out": {
        "other": 4
      },
      "score": 0.353
    },
    "www.thebeaverton.com": {
      "out": {
        "other": 4
      },
      "score": 0.353
    },
    "blog.twitter.com": {
      "out": {
        "other": 4
      },
      "score": 0.353
    },
    "www.thefreebundle.com": {
      "out": {
        "other": 4
      },
      "score": 0.353
    },
    "www.ifc0nfig.com": {
      "out": {
        "other": 4
      },
      "score": 0.353
    },
    "www.polygon.com": {
      "out": {
        "other": 4
      },
      "score": 0.353
    },
    "www.yegor256.com": {
      "out": {
        "other": 4
      },
      "score": 0.353
    },
    "publicintelligence.net": {
      "out": {
        "other": 4
      },
      "score": 0.353
    },
    "hysteriapodcast.blogspot.ca": {
      "out": {
        "other": 4
      },
      "score": 0.353
    },
    "www3.imperial.ac.uk": {
      "out": {
        "other": 4
      },
      "score": 0.353
    },
    "arstechnica.co.uk": {
      "out": {
        "other": 4
      },
      "score": 0.353
    },
    "blog.nowhereprophet.com": {
      "out": {
        "other": 4
      },
      "score": 0.353
    },
    "orteil.dashnet.org": {
      "out": {
        "other": 4
      },
      "score": 0.353
    },
    "www.wolproject.com": {
      "out": {
        "other": 4
      },
      "score": 0.353
    },
    "interactive.fusion.net": {
      "out": {
        "other": 4
      },
      "score": 0.353
    },
    "www.storybookphotostudios.ca": {
      "out": {
        "other": 4
      },
      "score": 0.353
    },
    "www1.toronto.ca": {
      "out": {
        "other": 4
      },
      "score": 0.353
    },
    "www.rogueprocess.run": {
      "out": {
        "other": 4
      },
      "score": 0.353
    },
    "www.digitaltrends.com": {
      "out": {
        "other": 4
      },
      "score": 0.353
    },
    "ookpixels.ca": {
      "out": {
        "other": 4
      },
      "score": 0.353
    },
    "son.gg": {
      "out": {
        "other": 4
      },
      "score": 0.353
    },
    "www.rollingstone.com": {
      "out": {
        "other": 4
      },
      "score": 0.353
    },
    "backchannel.com": {
      "out": {
        "other": 4
      },
      "score": 0.353
    },
    "github.com": {
      "out": {
        "other": 4
      },
      "score": 0.353
    },
    "newromanceforkids.bandcamp.com": {
      "out": {
        "other": 4
      },
      "score": 0.353
    },
    "www.dailydot.com": {
      "out": {
        "other": 4
      },
      "score": 0.353
    },
    "ifttt.com": {
      "out": {
        "other": 4
      },
      "score": 0.353
    },
    "techblog.netflix.com": {
      "out": {
        "other": 4
      },
      "score": 0.353
    },
    "www.ucdavis.edu": {
      "out": {
        "other": 4
      },
      "score": 0.353
    },
    "shkspr.mobi": {
      "out": {
        "other": 4
      },
      "score": 0.353
    },
    "www.escapistmagazine.com": {
      "out": {
        "other": 4
      },
      "score": 0.353
    },
    "www.bloomberg.com": {
      "out": {
        "other": 4
      },
      "score": 0.353
    },
    "www.ctvnews.ca": {
      "out": {
        "other": 4
      },
      "score": 0.353
    },
    "www.sacbee.com": {
      "out": {
        "other": 4
      },
      "score": 0.353
    },
    "indiegames.com": {
      "out": {
        "other": 4
      },
      "score": 0.353
    },
    "twitter.com/JohnMeadows": {
      "out": {
        "other": 4
      },
      "score": 0.353
    },
    "www.mhpbooks.com": {
      "out": {
        "other": 4
      },
      "score": 0.353
    },
    "gpsdoodles.com": {
      "out": {
        "other": 4
      },
      "score": 0.353
    },
    "www.gamasutra.com": {
      "out": {
        "other": 4
      },
      "score": 0.353
    },
    "www.theinquirer.net": {
      "out": {
        "other": 4
      },
      "score": 0.353
    },
    "consortya.com": {
      "out": {
        "other": 4
      },
      "score": 0.353
    },
    "shanghaiist.com": {
      "out": {
        "other": 4
      },
      "score": 0.353
    },
    "southfloridafilmmaker.com": {
      "out": {
        "other": 4
      },
      "score": 0.353
    },
    "www.citynews.ca": {
      "out": {
        "other": 4
      },
      "score": 0.353
    },
    "www.flexboxdefense.com": {
      "out": {
        "other": 4
      },
      "score": 0.353
    },
    "techcrunch.com": {
      "out": {
        "other": 4
      },
      "score": 0.353
    },
    "medicalxpress.com": {
      "out": {
        "other": 4
      },
      "score": 0.353
    },
    "uxmovement.com": {
      "out": {
        "other": 4
      },
      "score": 0.353
    },
    "mienfield.com": {
      "out": {
        "other": 4
      },
      "score": 0.353
    },
    "video-game-foliage.tumblr.com": {
      "out": {
        "other": 4
      },
      "score": 0.353
    },
    "www.newsarama.com": {
      "out": {
        "other": 4
      },
      "score": 0.353
    },
    "gawker.com": {
      "out": {
        "other": 4
      },
      "score": 0.353
    },
    "mjg59.dreamwidth.org": {
      "out": {
        "other": 4
      },
      "score": 0.353
    },
    "news.xbox.com": {
      "out": {
        "other": 4
      },
      "score": 0.353
    },
    "panic.com": {
      "out": {
        "other": 4
      },
      "score": 0.353
    },
    "vapor.fm": {
      "out": {
        "other": 4
      },
      "score": 0.353
    },
    "www.cracked.com": {
      "out": {
        "other": 4
      },
      "score": 0.353
    },
    "www.usatoday.com": {
      "out": {
        "other": 4
      },
      "score": 0.353
    },
    "www.vox.com": {
      "out": {
        "other": 4
      },
      "score": 0.353
    },
    "metatalk.metafilter.com": {
      "out": {
        "other": 4
      },
      "score": 0.353
    },
    "www.theroot.com": {
      "out": {
        "other": 4
      },
      "score": 0.353
    },
    "www.themeatly.com": {
      "out": {
        "other": 4
      },
      "score": 0.353
    },
    "attitude.co.uk": {
      "out": {
        "other": 4
      },
      "score": 0.353
    },
    "www.youredm.com": {
      "out": {
        "other": 4
      },
      "score": 0.353
    },
    "androidtv.news": {
      "out": {
        "other": 4
      },
      "score": 0.353
    },
    "archive.org": {
      "out": {
        "other": 4
      },
      "score": 0.353
    },
    "www.blogto.com": {
      "out": {
        "other": 4
      },
      "score": 0.353
    },
    "www.dailymail.co.uk": {
      "out": {
        "other": 4
      },
      "score": 0.353
    },
    "www.inverse.com": {
      "out": {
        "other": 4
      },
      "score": 0.353
    },
    "www.modernsuperior.com": {
      "out": {
        "other": 4
      },
      "score": 0.353
    },
    "research.microsoft.com": {
      "out": {
        "other": 4
      },
      "score": 0.353
    },
    "news.ycombinator.com": {
      "out": {
        "other": 4
      },
      "score": 0.353
    },
    "www.esquire.co.uk": {
      "out": {
        "other": 4
      },
      "score": 0.353
    },
    "www.listen-tome.com": {
      "out": {
        "other": 4
      },
      "score": 0.353
    },
    "www.wired.com": {
      "out": {
        "other": 4
      },
      "score": 0.353
    },
    "www.macleans.ca": {
      "out": {
        "other": 4
      },
      "score": 0.353
    },
    "unpretty.tumblr.com": {
      "out": {
        "other": 4
      },
      "score": 0.353
    },
    "steamcommunity.com": {
      "out": {
        "other": 4
      },
      "score": 0.353
    },
    "blog.indiegamestand.com": {
      "out": {
        "other": 4
      },
      "score": 0.353
    },
    "blog.pinboard.in": {
      "out": {
        "other": 4
      },
      "score": 0.353
    },
    "designforhackers.com": {
      "out": {
        "other": 4
      },
      "score": 0.353
    },
    "en.wikipedia.org": {
      "out": {
        "other": 4
      },
      "score": 0.353
    },
    "grouplens.org": {
      "out": {
        "other": 4
      },
      "score": 0.353
    },
    "www.forbes.com": {
      "out": {
        "other": 4
      },
      "score": 0.353
    },
    "www.googleplaymusicdesktopplayer.com": {
      "out": {
        "other": 4
      },
      "score": 0.353
    },
    "www.washingtonpost.com": {
      "out": {
        "other": 4
      },
      "score": 0.353
    },
    "spiffspacely.com": {
      "out": {
        "other": 4
      },
      "score": 0.353
    },
    "www.billboard.com": {
      "out": {
        "other": 4
      },
      "score": 0.353
    },
    "orig00.deviantart.net": {
      "out": {
        "other": 4
      },
      "score": 0.353
    },
    "www.buzzfeed.com": {
      "out": {
        "other": 4
      },
      "score": 0.353
    },
    "www.cyberdog.net": {
      "out": {
        "other": 4
      },
      "score": 0.353
    },
    "facebook.com/notes": {
      "out": {
        "other": 4
      },
      "score": 0.353
    },
    "www.artstation.com": {
      "out": {
        "other": 4
      },
      "score": 0.353
    },
    "www.ex-astris-scientia.org": {
      "out": {
        "other": 4
      },
      "score": 0.353
    },
    "owlturd.com": {
      "out": {
        "other": 4
      },
      "score": 0.353
    },
    "qz.com": {
      "out": {
        "other": 4
      },
      "score": 0.353
    },
    "www.newshub.co.nz": {
      "out": {
        "other": 4
      },
      "score": 0.353
    },
    "cinema-suite.com": {
      "out": {
        "other": 4
      },
      "score": 0.353
    },
    "sanandreasanimalcams.com": {
      "out": {
        "other": 4
      },
      "score": 0.353
    },
    "fusion.net": {
      "out": {
        "other": 4
      },
      "score": 0.353
    },
    "portside.org": {
      "out": {
        "other": 4
      },
      "score": 0.353
    },
    "www.toughpigs.com": {
      "out": {
        "other": 4
      },
      "score": 0.353
    },
    "twitter.com/popcultint": {
      "out": {
        "other": 3
      },
      "score": 0.304
    },
    "twitter.com/johnregalado": {
      "out": {
        "other": 2
      },
      "score": 0.236
    },
    "johnmeadowsphotography.com": {
      "out": {
        "other": 2
      },
      "score": 0.236
    },
    "twitter.com/PatPerdue": {
      "out": {
        "other": 2
      },
      "score": 0.236
    },
    "twitter.com/DavidMatisse": {
      "out": {
        "other": 2
      },
      "score": 0.236
    },
    "twitter.com/keysnkrates": {
      "out": {
        "other": 2
      },
      "score": 0.236
    },
    "twitter.com/elephantirish": {
      "out": {
        "other": 2
      },
      "score": 0.236
    },
    "bit.ly": {
      "out": {
        "other": 2
      },
      "score": 0.236
    },
    "twitter.com/Moonah7009": {
      "out": {
        "other": 2
      },
      "score": 0.236
    },
    "twitter.com/Wordburglar": {
      "out": {
        "other": 2
      },
      "score": 0.236
    },
    "twitter.com/AdamTune": {
      "out": {
        "other": 2
      },
      "score": 0.236
    },
    "brid.gy": {
      "in": {
        "other": 2
      },
      "score": 0.118
    }
  }
}