{
  "domain": "cloudmachine.withknown.com",
  "urls": [
    "http://cloudmachine.withknown.com/"
  ],
  "names": [
    "Cloud Machine"
  ],
  "descriptions": [
    "A bit of writing, bit of tech, bit of education"
  ],
  "pictures": [
    "https://cloudmachine.withknown.com/gfx/users/default-05.png"
  ],
  "hcard": {},
  "rel_mes": [],
  "crawl_start": "2017-04-28T05:16:18",
  "crawl_end": "2017-04-28T05:16:28",
  "num_pages": 11,
  "total_html_size": 170151,
  "servers": [
    "Apache",
    "Known"
  ],
  "mf2_classes": [
    "h-card"
  ],
  "tags": [
    "bridgy",
    "webmention",
    "websub",
    "Known"
  ],
  "endpoints": {
    "webmention": [
      "https://cloudmachine.withknown.com/webmention/"
    ],
    "websub": [
      "http://withknown.superfeedr.com/"
    ]
  },
  "links_out": 0,
  "links_in": 4,
  "links": {
    "brid.gy": {
      "in": {
        "other": 4
      },
      "score": 1
    }
  }
}