{
  "domain": "coderdojoerode.networkedlearningcollaborative.com",
  "urls": [
    "http://coderdojoerode.networkedlearningcollaborative.com/"
  ],
  "names": [
    "CoderDojoErode"
  ],
  "descriptions": [
    "A social website powered by Known"
  ],
  "pictures": [
    "http://coderdojoerode.networkedlearningcollaborative.com/gfx/logos/logo_k.png"
  ],
  "hcard": {},
  "rel_mes": [],
  "crawl_start": "2017-04-28T05:16:17",
  "crawl_end": "2017-04-28T05:17:10",
  "num_pages": 52,
  "total_html_size": 1360724,
  "servers": [
    "Apache",
    "Known"
  ],
  "mf2_classes": [
    "h-card",
    "h-entry",
    "h-cite"
  ],
  "tags": [
    "bridgy",
    "webmention",
    "websub",
    "Known"
  ],
  "endpoints": {
    "webmention": [
      "http://coderdojoerode.networkedlearningcollaborative.com/webmention/"
    ],
    "websub": [
      "http://withknown.superfeedr.com/"
    ]
  },
  "links_out": 230,
  "links_in": 1,
  "links": {
    "withknown.com": {
      "out": {
        "other": 53
      },
      "score": 1
    },
    "4.bp.blogspot.com": {
      "out": {
        "other": 21
      },
      "score": 0.803
    },
    "1.bp.blogspot.com": {
      "out": {
        "other": 21
      },
      "score": 0.803
    },
    "coderdojoerode.blogspot.com": {
      "out": {
        "other": 16
      },
      "score": 0.745
    },
    "2.bp.blogspot.com": {
      "out": {
        "other": 14
      },
      "score": 0.715
    },
    "www.youcaring.com": {
      "out": {
        "other": 14
      },
      "score": 0.715
    },
    "3.bp.blogspot.com": {
      "out": {
        "other": 14
      },
      "score": 0.715
    },
    "coderdojo.com": {
      "out": {
        "other": 7
      },
      "score": 0.567
    },
    "t.co": {
      "out": {
        "other": 7
      },
      "score": 0.567
    },
    "twitter.com/CoderDojo": {
      "out": {
        "other": 7
      },
      "score": 0.567
    },
    "twitter.com/CoderdojoErode": {
      "out": {
        "other": 7
      },
      "score": 0.567
    },
    "twitter.com/jgmac1106": {
      "out": {
        "other": 5
      },
      "score": 0.494
    },
    "twitter.com/terrieichholz": {
      "out": {
        "other": 5
      },
      "score": 0.494
    },
    "quickthoughts.jgregorymcverry.com": {
      "out": {
        "other": 5
      },
      "score": 0.494
    },
    "engagetheirminds.com": {
      "out": {
        "other": 4
      },
      "score": 0.446
    },
    "profiles.google.com": {
      "out": {
        "other": 4
      },
      "score": 0.446
    },
    "plus.google.com/+GregMcverry": {
      "out": {
        "other": 4
      },
      "score": 0.446
    },
    "facebook.com/coderdojoerode": {
      "out": {
        "other": 2
      },
      "score": 0.298
    },
    "scontent-lax.xx.fbcdn.net": {
      "out": {
        "other": 2
      },
      "score": 0.298
    },
    "govindsr.blogspot.in": {
      "out": {
        "other": 2
      },
      "score": 0.298
    },
    "fbcdn-sphotos-d-a.akamaihd.net": {
      "out": {
        "other": 2
      },
      "score": 0.298
    },
    "twitter.com/samgvnd": {
      "out": {
        "other": 2
      },
      "score": 0.298
    },
    "aruncoderdojoerd.blogspot.in": {
      "out": {
        "other": 2
      },
      "score": 0.298
    },
    "twitter.com/coderdojoerode": {
      "out": {
        "other": 2
      },
      "score": 0.298
    },
    "jgregorymcverry.com": {
      "in": {
        "other": 1
      },
      "out": {
        "other": 1
      },
      "score": 0.236
    },
    "twitter.com/arunslr": {
      "out": {
        "other": 1
      },
      "score": 0.149
    },
    "facebook.com/govindsrg": {
      "out": {
        "other": 1
      },
      "score": 0.149
    },
    "twitter.com/spmahendran": {
      "out": {
        "other": 1
      },
      "score": 0.149
    },
    "fbcdn-sphotos-e-a.akamaihd.net": {
      "out": {
        "other": 1
      },
      "score": 0.149
    },
    "twitter.com/gauthraj": {
      "out": {
        "other": 1
      },
      "score": 0.149
    },
    "twitter.com/udyahalo": {
      "out": {
        "other": 1
      },
      "score": 0.149
    },
    "twitter.com/smrtprabu": {
      "out": {
        "other": 1
      },
      "score": 0.149
    }
  }
}