{
  "domain": "codemonkey.withknown.com",
  "urls": [
    "http://codemonkey.withknown.com/"
  ],
  "names": [
    "a"
  ],
  "descriptions": [
    "a"
  ],
  "pictures": [
    "https://codemonkey.withknown.com/gfx/logos/logo_k.png"
  ],
  "hcard": {},
  "rel_mes": [],
  "crawl_start": "2017-04-28T05:16:19",
  "crawl_end": "2017-04-28T05:16:32",
  "num_pages": 15,
  "total_html_size": 262532,
  "servers": [
    "Apache",
    "Known"
  ],
  "mf2_classes": [
    "h-entry",
    "h-card"
  ],
  "tags": [
    "bridgy",
    "webmention",
    "micropub",
    "authorization",
    "token",
    "websub",
    "Known"
  ],
  "endpoints": {
    "webmention": [
      "https://codemonkey.withknown.com/webmention/"
    ],
    "micropub": [
      "https://codemonkey.withknown.com/micropub/endpoint"
    ],
    "authorization": [
      "https://codemonkey.withknown.com/indieauth/auth"
    ],
    "token": [
      "https://codemonkey.withknown.com/indieauth/token"
    ],
    "websub": [
      "http://withknown.superfeedr.com/"
    ]
  },
  "links_out": 9,
  "links_in": 23,
  "links": {
    "indieweb.org": {
      "in": {
        "other": 8
      },
      "score": 1
    },
    "t.co": {
      "out": {
        "other": 3
      },
      "score": 0.861
    },
    "kylewm.com": {
      "out": {
        "other": 3
      },
      "score": 0.861
    },
    "twitter.com/stephenfry": {
      "out": {
        "other": 3
      },
      "score": 0.861
    },
    "known.kylewm.com": {
      "in": {
        "other": 5
      },
      "score": 0.774
    },
    "brid.gy": {
      "in": {
        "other": 3
      },
      "score": 0.529
    },
    "chat.indieweb.org": {
      "in": {
        "other": 3
      },
      "score": 0.529
    },
    "aaronparecki.com": {
      "in": {
        "other": 2
      },
      "score": 0.333
    },
    "snarfed.org": {
      "in": {
        "like-of": 1
      },
      "score": 0.333
    },
    "tantek.com": {
      "in": {
        "other": 1
      },
      "score": 0
    }
  }
}