{
  "domain": "coffeemix.withknown.com",
  "urls": [
    "https://coffeemix.withknown.com/profile/dennyfar",
    "http://www.thealmostdone.com/"
  ],
  "names": [
    "Denny Farhan",
    "My Smart Blog"
  ],
  "descriptions": [
    "Hello I'm Denny",
    "A social website powered by Known"
  ],
  "pictures": [
    "https://coffeemix.withknown.com/gfx/users/default-05.png"
  ],
  "hcard": {
    "properties": {
      "name": [
        "Denny Farhan"
      ],
      "note": [
        {
          "html": "<div class=\"highlightedText\">\n<p>Hello I'm Denny</p>\n</div>",
          "value": "\nHello I'm Denny\n"
        }
      ],
      "photo": [
        "https://coffeemix.withknown.com/gfx/users/default-05.png"
      ],
      "profile": [
        "Denny Farhan"
      ],
      "url": [
        "https://coffeemix.withknown.com/profile/dennyfar",
        "https://coffeemix.withknown.com/profile/dennyfar",
        "http://www.thealmostdone.com/"
      ]
    },
    "type": [
      "h-card"
    ]
  },
  "rel_mes": [
    "http://www.thealmostdone.com/"
  ],
  "crawl_start": "2017-04-28T05:16:19",
  "crawl_end": "2017-04-28T05:16:56",
  "num_pages": 47,
  "total_html_size": 1910157,
  "servers": [
    "Apache",
    "Known"
  ],
  "mf2_classes": [
    "h-entry",
    "h-card"
  ],
  "tags": [
    "relme",
    "bridgy",
    "webmention",
    "websub",
    "Known"
  ],
  "endpoints": {
    "webmention": [
      "https://coffeemix.withknown.com/webmention/"
    ],
    "websub": [
      "http://withknown.superfeedr.com/"
    ]
  },
  "links_out": 255,
  "links_in": 0,
  "links": {
    "thealmostdone.com": {
      "out": {
        "other": 54
      },
      "score": 1
    },
    "netsolusiteknologi.produkanda.com": {
      "out": {
        "other": 27
      },
      "score": 0.853
    },
    "visindo-global.indonetwork.co.id": {
      "out": {
        "other": 23
      },
      "score": 0.818
    },
    "www.ctairlink.com": {
      "out": {
        "other": 15
      },
      "score": 0.726
    },
    "netsolusiteknologi.indonetwork.co.id": {
      "out": {
        "other": 15
      },
      "score": 0.726
    },
    "www.thealmostdone.com": {
      "out": {
        "other": 15
      },
      "score": 0.726
    },
    "www.nycairportslimo.com": {
      "out": {
        "other": 10
      },
      "score": 0.641
    },
    "rakgudang.net": {
      "out": {
        "other": 9
      },
      "score": 0.618
    },
    "www.completeandutter.tv": {
      "out": {
        "other": 9
      },
      "score": 0.618
    },
    "visindoglobal.produkanda.com": {
      "out": {
        "other": 9
      },
      "score": 0.618
    },
    "www.jualkitchensetmurah.com": {
      "out": {
        "other": 9
      },
      "score": 0.618
    },
    "www.slimming-center.com": {
      "out": {
        "other": 5
      },
      "score": 0.491
    },
    "rakbesi.com": {
      "out": {
        "other": 5
      },
      "score": 0.491
    },
    "www.lomag.eu": {
      "out": {
        "other": 5
      },
      "score": 0.491
    },
    "www.khasiatobatherbal.com": {
      "out": {
        "other": 5
      },
      "score": 0.491
    },
    "www.sofabagus.com": {
      "out": {
        "other": 5
      },
      "score": 0.491
    },
    "pemancartvfm.com": {
      "out": {
        "other": 5
      },
      "score": 0.491
    },
    "steven-davian.com": {
      "out": {
        "other": 5
      },
      "score": 0.491
    },
    "arifiyaciptakreasi.com": {
      "out": {
        "other": 5
      },
      "score": 0.491
    },
    "acrylickoe.com": {
      "out": {
        "other": 5
      },
      "score": 0.491
    },
    "www.brainfoundation.net": {
      "out": {
        "other": 5
      },
      "score": 0.491
    },
    "www.majalahkecantikan.com": {
      "out": {
        "other": 5
      },
      "score": 0.491
    },
    "twitter.com/blogger371": {
      "out": {
        "other": 3
      },
      "score": 0.382
    },
    "www.dennyfarhan.com": {
      "out": {
        "other": 2
      },
      "score": 0.297
    }
  }
}