{
  "domain": "cog.dog",
  "urls": [
    "http://cog.dog/"
  ],
  "names": [
    "CogDog"
  ],
  "descriptions": [],
  "pictures": [],
  "hcard": {},
  "rel_mes": [],
  "crawl_start": "2017-05-13T14:29:54",
  "crawl_end": "2017-05-13T14:29:54",
  "num_pages": 2,
  "total_html_size": 20186,
  "servers": [
    "Apache"
  ],
  "tags": [],
  "endpoints": {},
  "links_out": 90,
  "links_in": 21903,
  "links": {
    "cogdogblog.com": {
      "in": {
        "other": 21856
      },
      "out": {
        "other": 24
      },
      "score": 1
    },
    "known.networkeffects.ca": {
      "in": {
        "other": 20
      },
      "score": 0.300
    },
    "www.flickr.com": {
      "out": {
        "other": 8
      },
      "score": 0.277
    },
    "github.com": {
      "out": {
        "other": 8
      },
      "score": 0.277
    },
    "werd.io": {
      "in": {
        "other": 16
      },
      "score": 0.277
    },
    "cogdog.wikispaces.com": {
      "out": {
        "other": 6
      },
      "score": 0.248
    },
    "cogdog.info": {
      "out": {
        "other": 6
      },
      "score": 0.248
    },
    "barkingdog.me": {
      "out": {
        "other": 6
      },
      "score": 0.248
    },
    "flickr.com": {
      "out": {
        "other": 4
      },
      "score": 0.208
    },
    "notes.adamcroom.com": {
      "in": {
        "other": 6
      },
      "score": 0.179
    },
    "marianafun.es": {
      "out": {
        "other": 2
      },
      "score": 0.139
    },
    "5card.cogdogblog.com": {
      "out": {
        "other": 2
      },
      "score": 0.139
    },
    "bryanmmathers.com": {
      "out": {
        "other": 2
      },
      "score": 0.139
    },
    "mcli.cogdogblog.com": {
      "out": {
        "other": 2
      },
      "score": 0.139
    },
    "creativecommons.org": {
      "out": {
        "other": 2
      },
      "score": 0.139
    },
    "lab.cogdogblog.com": {
      "out": {
        "other": 2
      },
      "score": 0.139
    },
    "www.youtube.com": {
      "out": {
        "other": 2
      },
      "score": 0.139
    },
    "feed2js.org": {
      "out": {
        "other": 2
      },
      "score": 0.139
    },
    "splot.ca": {
      "out": {
        "other": 2
      },
      "score": 0.139
    },
    "pechaflickr.net": {
      "out": {
        "other": 2
      },
      "score": 0.139
    },
    "wrapbootstrap.com": {
      "out": {
        "other": 2
      },
      "score": 0.139
    },
    "html5up.net": {
      "out": {
        "other": 2
      },
      "score": 0.139
    },
    "twitter.com/cogdog": {
      "out": {
        "other": 2
      },
      "score": 0.139
    },
    "cogdog.github.io": {
      "out": {
        "other": 2
      },
      "score": 0.139
    },
    "stream.withknown.com": {
      "in": {
        "other": 2
      },
      "score": 0.0694
    },
    "www.funnymonkey.com": {
      "in": {
        "other": 2
      },
      "score": 0.0694
    },
    "brid.gy": {
      "in": {
        "other": 1
      },
      "score": 0
    }
  }
}