{
  "domain": "colbyaley.com",
  "urls": [
    "http://aley.me"
  ],
  "names": [
    "Colby Aley",
    "Colby Aley on Svbtle"
  ],
  "descriptions": [
    "Colby Aley | programming + startups / building reflect.io"
  ],
  "pictures": [
    "https://d1yg14i6wd46hx.cloudfront.net/assets/favicon-5ed3591b57f6a4f0d5cb82c6680b33bb1058fe757c71ccb094952824e7e00b17.ico",
    "https://a.svbtleusercontent.com/hZAtBW36IPABZciHrXxtZkmPQA_large.jpg"
  ],
  "hcard": {},
  "rel_mes": [],
  "tags": [],
  "endpoints": {},
  "crawl_start": "2017-06-11T14:41:01.338681",
  "crawl_end": "2017-06-11T14:41:01.338681",
  "links_out": 0,
  "links_in": 11,
  "links": {
    "indieweb.org": {
      "in": {
        "other": 8
      },
      "score": 1
    },
    "chat.indieweb.org": {
      "in": {
        "other": 3
      },
      "score": 0.529
    }
  }
}