{
  "domain": "colepeters.com",
  "urls": [
    "https://colepeters.com/"
  ],
  "names": [
    "Cole Peters",
    "Cole Peters, Photographer"
  ],
  "descriptions": [
    "Cole Peters is a Canadian photographer currently based in London, England."
  ],
  "pictures": [
    "https://colepeters.com/favicon.ico"
  ],
  "hcard": {},
  "rel_mes": [],
  "crawl_start": "2017-06-09T17:35:02",
  "crawl_end": "2017-06-09T17:35:08",
  "num_pages": 9,
  "total_html_size": 623521,
  "servers": [],
  "mf2_classes": [
    "h-entry"
  ],
  "tags": [],
  "endpoints": {},
  "links_out": 43,
  "links_in": 7,
  "links": {
    "twitter.com/cole_peters": {
      "out": {
        "other": 10
      },
      "score": 1
    },
    "facebook.com/ColePetersPhoto": {
      "out": {
        "other": 10
      },
      "score": 1
    },
    "instagram.com": {
      "out": {
        "other": 9
      },
      "score": 0.963
    },
    "indieweb.org": {
      "in": {
        "other": 6
      },
      "score": 0.597
    },
    "www.lensculture.com": {
      "out": {
        "other": 1
      },
      "score": 0.231
    },
    "facebook.com/sharer": {
      "out": {
        "other": 1
      },
      "score": 0.231
    },
    "www.privatephotoreview.com": {
      "out": {
        "other": 1
      },
      "score": 0.231
    },
    "instagr.am": {
      "out": {
        "other": 1
      },
      "score": 0.231
    },
    "issuu.com": {
      "out": {
        "other": 1
      },
      "score": 0.231
    },
    "www.linkedin.com": {
      "out": {
        "other": 1
      },
      "score": 0.231
    },
    "www.stumbleupon.com": {
      "out": {
        "other": 1
      },
      "score": 0.231
    },
    "twitter.com/intent": {
      "out": {
        "other": 1
      },
      "score": 0.231
    },
    "cole-peters-lq74.squarespace.com": {
      "out": {
        "other": 1
      },
      "score": 0.231
    },
    "plus.google.com/share": {
      "out": {
        "other": 1
      },
      "score": 0.231
    },
    "www.reddit.com": {
      "out": {
        "other": 1
      },
      "score": 0.231
    },
    "colepeters.exposure.co": {
      "out": {
        "other": 1
      },
      "score": 0.231
    },
    "www.pinterest.com": {
      "out": {
        "other": 1
      },
      "score": 0.231
    },
    "www.tumblr.com": {
      "out": {
        "other": 1
      },
      "score": 0.231
    },
    "chat.indieweb.org": {
      "in": {
        "other": 1
      },
      "score": 0
    }
  }
}