{
  "domain": "colinwalker.blog",
  "urls": [
    "https://colinwalker.blog",
    "http://colinwalker.blog/"
  ],
  "names": [
    "Colin Walker\ncolin@colinwalker.blog\nThinker, writer, ideas man. Blogger & microcaster.",
    "Colin Walker - Social Thoughts"
  ],
  "descriptions": [
    "Thinker, writer, ideas man. Blogger & microcaster.",
    "Thoughts on social media and related technologies with a philosophical, psychological and sociological slant."
  ],
  "pictures": [
    "https://colinwalker.blog/Colin%20Walker.png",
    "https://colinwalker.blog/wp-content/uploads/2017/02/favicon.png"
  ],
  "hcard": {
    "properties": {
      "email": [
        "mailto:colin@colinwalker.blog"
      ],
      "name": [
        "Colin Walker\ncolin@colinwalker.blog\nThinker, writer, ideas man. Blogger & microcaster."
      ],
      "note": [
        "Thinker, writer, ideas man. Blogger & microcaster."
      ],
      "photo": [
        "https://colinwalker.blog/Colin%20Walker.png"
      ],
      "url": [
        "https://colinwalker.blog"
      ]
    },
    "type": [
      "h-card"
    ]
  },
  "rel_mes": [
    "https://micro.blog/colinwalker",
    "sms:+447720531303",
    "https://twitter.com/ColinWalker",
    "https://colinwalker.blog",
    "mailto:colin@colinwalker.blog"
  ],
  "crawl_start": "2017-05-17T20:59:00",
  "crawl_end": "2017-05-17T22:06:51",
  "num_pages": 1706,
  "total_html_size": 35201744,
  "servers": [
    "Apache"
  ],
  "mf2_classes": [
    "h-entry",
    "h-card",
    "h-as-mention"
  ],
  "tags": [
    "relme",
    "webmention",
    "micropub",
    "authorization",
    "token"
  ],
  "endpoints": {
    "webmention": [
      "https://colinwalker.blog/wp-json/webmention/1.0/endpoint"
    ],
    "micropub": [
      "https://colinwalker.blog/?micropub=endpoint"
    ],
    "authorization": [
      "https://indieauth.com/auth"
    ],
    "token": [
      "https://tokens.indieauth.com/token"
    ]
  },
  "links_out": 5020,
  "links_in": 379,
  "links": {
    "colinwalker.me.uk": {
      "out": {
        "other": 1148
      },
      "score": 1
    },
    "stream.boffosocko.com": {
      "in": {
        "in-reply-to": 91,
        "like-of": 7,
        "other": 108
      },
      "out": {
        "in-reply-to": 34,
        "like-of": 12,
        "other": 46
      },
      "score": 0.901
    },
    "www.flickr.com": {
      "out": {
        "other": 310
      },
      "score": 0.831
    },
    "medium.com": {
      "out": {
        "other": 252,
        "like-of": 12
      },
      "score": 0.815
    },
    "plus.google.com/100732792168944455620": {
      "out": {
        "other": 160
      },
      "score": 0.745
    },
    "micro.blog": {
      "out": {
        "other": 138
      },
      "score": 0.726
    },
    "scripting.com": {
      "out": {
        "like-of": 12,
        "other": 58
      },
      "score": 0.659
    },
    "www.louisgray.com": {
      "out": {
        "other": 68
      },
      "score": 0.634
    },
    "mashable.com": {
      "out": {
        "other": 64
      },
      "score": 0.627
    },
    "flickr.com": {
      "out": {
        "other": 60
      },
      "score": 0.619
    },
    "itunes.apple.com": {
      "out": {
        "other": 60
      },
      "score": 0.619
    },
    "techcrunch.com": {
      "out": {
        "other": 52
      },
      "score": 0.599
    },
    "friendfeed.com": {
      "out": {
        "other": 48
      },
      "score": 0.589
    },
    "blog.twitter.com": {
      "out": {
        "other": 46
      },
      "score": 0.584
    },
    "julianbaldwin.com": {
      "out": {
        "other": 42
      },
      "score": 0.572
    },
    "indieweb.org": {
      "in": {
        "other": 24
      },
      "out": {
        "other": 28
      },
      "score": 0.566
    },
    "www.readwriteweb.com": {
      "out": {
        "other": 38
      },
      "score": 0.559
    },
    "vanelsas.wordpress.com": {
      "out": {
        "other": 38
      },
      "score": 0.559
    },
    "www.desparoz.com": {
      "out": {
        "other": 8
      },
      "in": {
        "like-of": 13,
        "other": 33
      },
      "score": 0.558
    },
    "shegeeks.net": {
      "out": {
        "other": 36
      },
      "score": 0.553
    },
    "www.manton.org": {
      "out": {
        "like-of": 6,
        "other": 22
      },
      "score": 0.545
    },
    "en.wikipedia.org": {
      "out": {
        "other": 34
      },
      "score": 0.545
    },
    "scobleizer.com": {
      "out": {
        "other": 32
      },
      "score": 0.537
    },
    "twitter.com/ColinWalker": {
      "out": {
        "other": 30
      },
      "score": 0.528
    },
    "johnjohnston.info": {
      "in": {
        "other": 2
      },
      "out": {
        "other": 4,
        "like-of": 12
      },
      "score": 0.525
    },
    "huffduffer.com": {
      "in": {
        "other": 56
      },
      "score": 0.521
    },
    "github.com": {
      "out": {
        "other": 26
      },
      "score": 0.510
    },
    "broadcasting-brain.com": {
      "out": {
        "other": 26
      },
      "score": 0.510
    },
    "randomelements.me.uk": {
      "out": {
        "other": 24
      },
      "score": 0.5
    },
    "www.bbc.co.uk": {
      "out": {
        "like-of": 6,
        "other": 12
      },
      "score": 0.5
    },
    "www.theverge.com": {
      "out": {
        "other": 24
      },
      "score": 0.5
    },
    "www.lastpodcast.net": {
      "out": {
        "other": 22
      },
      "score": 0.488
    },
    "www.theatlantic.com": {
      "out": {
        "other": 22
      },
      "score": 0.488
    },
    "regulargeek.com": {
      "out": {
        "other": 22
      },
      "score": 0.488
    },
    "appsto.re": {
      "out": {
        "other": 22
      },
      "score": 0.488
    },
    "www.winextra.com": {
      "out": {
        "other": 22
      },
      "score": 0.488
    },
    "bhc3.wordpress.com": {
      "out": {
        "other": 22
      },
      "score": 0.488
    },
    "www.kickstarter.com": {
      "out": {
        "other": 22
      },
      "score": 0.488
    },
    "stream.jeremycherfas.net": {
      "out": {
        "like-of": 6,
        "other": 4
      },
      "in": {
        "other": 10
      },
      "score": 0.483
    },
    "www.google.com": {
      "out": {
        "other": 20
      },
      "score": 0.477
    },
    "en.m.wikipedia.org": {
      "out": {
        "other": 20
      },
      "score": 0.477
    },
    "www.youtube.com": {
      "out": {
        "other": 20
      },
      "score": 0.477
    },
    "wikity.cc": {
      "out": {
        "other": 20
      },
      "score": 0.477
    },
    "www.businessinsider.com": {
      "out": {
        "other": 20
      },
      "score": 0.477
    },
    "michaelmartine.com": {
      "out": {
        "other": 18
      },
      "score": 0.463
    },
    "stratechery.com": {
      "out": {
        "other": 18
      },
      "score": 0.463
    },
    "thenextweb.com": {
      "out": {
        "other": 18
      },
      "score": 0.463
    },
    "gigaom.com": {
      "out": {
        "other": 18
      },
      "score": 0.463
    },
    "9to5mac.com": {
      "out": {
        "other": 18
      },
      "score": 0.463
    },
    "mediatapper.com": {
      "out": {
        "other": 18
      },
      "score": 0.463
    },
    "cleverdevil.io": {
      "out": {
        "like-of": 6,
        "other": 4
      },
      "score": 0.448
    },
    "staynalive.com": {
      "out": {
        "other": 16
      },
      "score": 0.448
    },
    "appft.uspto.gov": {
      "out": {
        "other": 16
      },
      "score": 0.448
    },
    "www.jeremycherfas.net": {
      "out": {
        "like-of": 6,
        "other": 2
      },
      "in": {
        "other": 1
      },
      "score": 0.435
    },
    "www.enlightapp.com": {
      "out": {
        "other": 14
      },
      "score": 0.430
    },
    "facebook.com/notes": {
      "out": {
        "other": 14
      },
      "score": 0.430
    },
    "www.latimes.com": {
      "out": {
        "other": 14
      },
      "score": 0.430
    },
    "cdevroe.com": {
      "out": {
        "like-of": 6,
        "other": 2
      },
      "score": 0.430
    },
    "sallywalker.me.uk": {
      "out": {
        "other": 14
      },
      "score": 0.430
    },
    "www.vincentschmalbach.com": {
      "out": {
        "other": 14
      },
      "score": 0.430
    },
    "www.forbes.com": {
      "out": {
        "other": 14
      },
      "score": 0.430
    },
    "blog.louisgray.com": {
      "out": {
        "other": 14
      },
      "score": 0.430
    },
    "www.linkedin.com": {
      "out": {
        "other": 14
      },
      "score": 0.430
    },
    "googleblog.blogspot.com": {
      "out": {
        "other": 14
      },
      "score": 0.430
    },
    "hapgood.us": {
      "out": {
        "other": 14
      },
      "score": 0.430
    },
    "www.chrisbrogan.com": {
      "out": {
        "other": 14
      },
      "score": 0.430
    },
    "al3x.net": {
      "out": {
        "other": 14
      },
      "score": 0.430
    },
    "www.allfacebook.com": {
      "out": {
        "other": 12
      },
      "score": 0.411
    },
    "www.sarahintampa.com": {
      "out": {
        "other": 12
      },
      "score": 0.411
    },
    "baty.blog": {
      "out": {
        "like-of": 6
      },
      "score": 0.411
    },
    "adactio.com": {
      "out": {
        "like-of": 6
      },
      "score": 0.411
    },
    "www.waze.com": {
      "out": {
        "other": 12
      },
      "score": 0.411
    },
    "focusontheuser.org": {
      "out": {
        "other": 12
      },
      "score": 0.411
    },
    "wordpress.org": {
      "out": {
        "other": 12
      },
      "score": 0.411
    },
    "www.personalbrandingblog.com": {
      "out": {
        "other": 12
      },
      "score": 0.411
    },
    "venturebeat.com": {
      "out": {
        "other": 12
      },
      "score": 0.411
    },
    "twitter.com/nbashaw": {
      "out": {
        "other": 12
      },
      "score": 0.411
    },
    "www.nytimes.com": {
      "out": {
        "other": 12
      },
      "score": 0.411
    },
    "updates.kip.pe": {
      "out": {
        "like-of": 6
      },
      "score": 0.411
    },
    "t.co": {
      "out": {
        "other": 12
      },
      "score": 0.411
    },
    "iwantmyname.com": {
      "out": {
        "other": 12
      },
      "score": 0.411
    },
    "matthewroach.me": {
      "out": {
        "like-of": 6
      },
      "score": 0.411
    },
    "nymag.com": {
      "out": {
        "other": 12
      },
      "score": 0.411
    },
    "www.buzzfeed.com": {
      "out": {
        "other": 12
      },
      "score": 0.411
    },
    "dev.twitter.com": {
      "out": {
        "other": 12
      },
      "score": 0.411
    },
    "www.bloomberg.com": {
      "out": {
        "other": 12
      },
      "score": 0.411
    },
    "www.tbray.org": {
      "out": {
        "like-of": 6
      },
      "score": 0.411
    },
    "blog.feedly.com": {
      "out": {
        "other": 10
      },
      "score": 0.388
    },
    "www.telegraph.co.uk": {
      "out": {
        "other": 10
      },
      "score": 0.388
    },
    "www.ianmrountree.com": {
      "out": {
        "other": 10
      },
      "score": 0.388
    },
    "goo.gl": {
      "out": {
        "other": 10
      },
      "score": 0.388
    },
    "googlereader.blogspot.co.uk": {
      "out": {
        "other": 10
      },
      "score": 0.388
    },
    "www.socialmedian.com": {
      "out": {
        "other": 10
      },
      "score": 0.388
    },
    "chrisbrowndanceboy19.deviantart.com": {
      "out": {
        "other": 10
      },
      "score": 0.388
    },
    "blog.digg.com": {
      "out": {
        "other": 10
      },
      "score": 0.388
    },
    "fortune.com": {
      "out": {
        "other": 10
      },
      "score": 0.388
    },
    "gab.ai": {
      "out": {
        "other": 10
      },
      "score": 0.388
    },
    "twitter.com/willhoekenga": {
      "out": {
        "other": 10
      },
      "score": 0.388
    },
    "chat.indieweb.org": {
      "in": {
        "other": 17
      },
      "score": 0.366
    },
    "twitter.com/Penenberg": {
      "out": {
        "other": 8
      },
      "score": 0.358
    },
    "aureliusmaximus.wordpress.com": {
      "out": {
        "other": 8
      },
      "score": 0.358
    },
    "www.blindfiveyearold.com": {
      "out": {
        "other": 8
      },
      "score": 0.358
    },
    "www.my6sense.com": {
      "out": {
        "other": 8
      },
      "score": 0.358
    },
    "plus.google.com": {
      "out": {
        "other": 8
      },
      "score": 0.358
    },
    "recode.net": {
      "out": {
        "other": 8
      },
      "score": 0.358
    },
    "tillingthesoil.wordpress.com": {
      "out": {
        "other": 8
      },
      "score": 0.358
    },
    "blogs.harvard.edu": {
      "out": {
        "other": 8
      },
      "score": 0.358
    },
    "marketingland.com": {
      "out": {
        "other": 8
      },
      "score": 0.358
    },
    "daltoncaldwell.com": {
      "out": {
        "other": 8
      },
      "score": 0.358
    },
    "dealbook.blogs.nytimes.com": {
      "out": {
        "other": 8
      },
      "score": 0.358
    },
    "mobilepodcaster.com": {
      "out": {
        "other": 8
      },
      "score": 0.358
    },
    "battellemedia.com": {
      "out": {
        "other": 8
      },
      "score": 0.358
    },
    "wilwheaton.tumblr.com": {
      "out": {
        "other": 8
      },
      "score": 0.358
    },
    "askjelly.com": {
      "out": {
        "other": 8
      },
      "score": 0.358
    },
    "web.archive.org": {
      "out": {
        "other": 8
      },
      "score": 0.358
    },
    "www.techmeme.com": {
      "out": {
        "other": 8
      },
      "score": 0.358
    },
    "googlesocialweb.blogspot.com": {
      "out": {
        "other": 8
      },
      "score": 0.358
    },
    "status.twitter.com": {
      "out": {
        "other": 8
      },
      "score": 0.358
    },
    "Workflow.is": {
      "out": {
        "other": 8
      },
      "score": 0.358
    },
    "chum.ly": {
      "out": {
        "other": 8
      },
      "score": 0.358
    },
    "googlesystem.blogspot.com": {
      "out": {
        "other": 8
      },
      "score": 0.358
    },
    "socialmediamafia.com": {
      "out": {
        "other": 8
      },
      "score": 0.358
    },
    "twitter.com/the_spinmd": {
      "out": {
        "other": 8
      },
      "score": 0.358
    },
    "developers.facebook.com": {
      "out": {
        "other": 8
      },
      "score": 0.358
    },
    "branch.com": {
      "out": {
        "other": 8
      },
      "score": 0.358
    },
    "twitter.com/bitprophet": {
      "out": {
        "other": 8
      },
      "score": 0.358
    },
    "srikanthperinkulam.com": {
      "in": {
        "like-of": 1,
        "other": 1
      },
      "out": {
        "other": 6
      },
      "score": 0.350
    },
    "www.easilydomail.com": {
      "out": {
        "other": 6
      },
      "score": 0.320
    },
    "www.ignitesocialmedia.com": {
      "out": {
        "other": 6
      },
      "score": 0.320
    },
    "overcast.fm": {
      "out": {
        "other": 6
      },
      "score": 0.320
    },
    "wptavern.com": {
      "out": {
        "other": 6
      },
      "score": 0.320
    },
    "twitter.com/remarkablogger": {
      "out": {
        "other": 6
      },
      "score": 0.320
    },
    "haploid.us": {
      "out": {
        "other": 6
      },
      "score": 0.320
    },
    "twitter.com/davewiner": {
      "out": {
        "other": 6
      },
      "score": 0.320
    },
    "www.problogger.net": {
      "out": {
        "other": 6
      },
      "score": 0.320
    },
    "www.wooji-juice.com": {
      "out": {
        "other": 6
      },
      "score": 0.320
    },
    "daringfireball.net": {
      "out": {
        "other": 6
      },
      "score": 0.320
    },
    "http": {
      "out": {
        "other": 6
      },
      "score": 0.320
    },
    "letsencrypt.org": {
      "out": {
        "other": 6
      },
      "score": 0.320
    },
    "www.xmpp.org": {
      "out": {
        "other": 6
      },
      "score": 0.320
    },
    "www.hardbound.co": {
      "out": {
        "other": 6
      },
      "score": 0.320
    },
    "twitter.com/intent": {
      "out": {
        "other": 6
      },
      "score": 0.320
    },
    "licit.li": {
      "out": {
        "other": 4
      },
      "in": {
        "other": 4
      },
      "score": 0.320
    },
    "sketchbookb.com": {
      "out": {
        "other": 6
      },
      "score": 0.320
    },
    "allthingsd.com": {
      "out": {
        "other": 6
      },
      "score": 0.320
    },
    "www.avc.com": {
      "out": {
        "other": 6
      },
      "score": 0.320
    },
    "nownownow.com": {
      "out": {
        "other": 6
      },
      "score": 0.320
    },
    "timetable.manton.org": {
      "out": {
        "other": 6
      },
      "score": 0.320
    },
    "workflow.is": {
      "out": {
        "other": 6
      },
      "score": 0.320
    },
    "twitter.com/hishnash": {
      "out": {
        "other": 6
      },
      "score": 0.320
    },
    "www.ibtimes.com": {
      "out": {
        "other": 6
      },
      "score": 0.320
    },
    "dashes.com": {
      "out": {
        "other": 6
      },
      "score": 0.320
    },
    "jsonfeed.org": {
      "out": {
        "other": 6
      },
      "score": 0.320
    },
    "pushingsocial.com": {
      "out": {
        "other": 6
      },
      "score": 0.320
    },
    "lagesse.org": {
      "out": {
        "other": 6
      },
      "score": 0.320
    },
    "learningseobasics.com": {
      "out": {
        "other": 6
      },
      "score": 0.320
    },
    "en.blog.orkut.com": {
      "out": {
        "other": 6
      },
      "score": 0.320
    },
    "support.twitter.com": {
      "out": {
        "other": 6
      },
      "score": 0.320
    },
    "twitter.com/robdiana": {
      "out": {
        "other": 6
      },
      "score": 0.320
    },
    "matthewgain.com": {
      "out": {
        "other": 6
      },
      "score": 0.320
    },
    "kara.allthingsd.com": {
      "out": {
        "other": 6
      },
      "score": 0.320
    },
    "twitter.com/twitter": {
      "out": {
        "other": 6
      },
      "score": 0.320
    },
    "www.moomag.net": {
      "out": {
        "other": 6
      },
      "score": 0.320
    },
    "plus.google.com/u": {
      "out": {
        "other": 6
      },
      "score": 0.320
    },
    "plus.google.com/+JohnKellden": {
      "out": {
        "other": 6
      },
      "score": 0.320
    },
    "profiles.google.com": {
      "out": {
        "other": 4
      },
      "score": 0.269
    },
    "searchengineland.com": {
      "out": {
        "other": 4
      },
      "score": 0.269
    },
    "www.shootingatbubbles.com": {
      "out": {
        "other": 4
      },
      "score": 0.269
    },
    "fav.or.it": {
      "out": {
        "other": 4
      },
      "score": 0.269
    },
    "snarfed.org": {
      "out": {
        "other": 4
      },
      "score": 0.269
    },
    "colinwalker.wordpress.com": {
      "out": {
        "other": 4
      },
      "score": 0.269
    },
    "fftogo.com": {
      "out": {
        "other": 4
      },
      "score": 0.269
    },
    "twitter.com/pankaj": {
      "out": {
        "other": 4
      },
      "score": 0.269
    },
    "ryanbrymer.com": {
      "out": {
        "other": 4
      },
      "score": 0.269
    },
    "snippets.baty.net": {
      "out": {
        "other": 4
      },
      "score": 0.269
    },
    "blog.fav.or.it": {
      "out": {
        "other": 4
      },
      "score": 0.269
    },
    "app.net": {
      "out": {
        "other": 4
      },
      "score": 0.269
    },
    "www.facebook.com": {
      "out": {
        "other": 4
      },
      "score": 0.269
    },
    "www.seomoz.org": {
      "out": {
        "other": 4
      },
      "score": 0.269
    },
    "www.socialmediaexplorer.com": {
      "out": {
        "other": 4
      },
      "score": 0.269
    },
    "www.techcrunch.com": {
      "out": {
        "other": 4
      },
      "score": 0.269
    },
    "www.web-strategist.com": {
      "out": {
        "other": 4
      },
      "score": 0.269
    },
    "www.zdnet.com": {
      "out": {
        "other": 4
      },
      "score": 0.269
    },
    "unrelenting.technology": {
      "out": {
        "other": 4
      },
      "score": 0.269
    },
    "www.mixx.com": {
      "out": {
        "other": 4
      },
      "score": 0.269
    },
    "blog.socialmedian.com": {
      "out": {
        "other": 4
      },
      "score": 0.269
    },
    "www.computerworld.com": {
      "out": {
        "other": 4
      },
      "score": 0.269
    },
    "appleinsider.com": {
      "out": {
        "other": 4
      },
      "score": 0.269
    },
    "colinwalker.posterous.com": {
      "out": {
        "other": 4
      },
      "score": 0.269
    },
    "readwrite.com": {
      "out": {
        "other": 4
      },
      "score": 0.269
    },
    "twitter.com/corvida": {
      "out": {
        "other": 4
      },
      "score": 0.269
    },
    "twitter.com/hashtag": {
      "out": {
        "other": 4
      },
      "score": 0.269
    },
    "parislemon.com": {
      "out": {
        "other": 4
      },
      "score": 0.269
    },
    "www.searchenginepeople.com": {
      "out": {
        "other": 4
      },
      "score": 0.269
    },
    "www.moblf.com": {
      "out": {
        "other": 4
      },
      "score": 0.269
    },
    "bit.ly": {
      "out": {
        "other": 4
      },
      "score": 0.269
    },
    "blog.app.net": {
      "out": {
        "other": 4
      },
      "score": 0.269
    },
    "hardbound.co": {
      "out": {
        "other": 4
      },
      "score": 0.269
    },
    "alpha.app.net": {
      "out": {
        "other": 4
      },
      "score": 0.269
    },
    "www.merriam-webster.com": {
      "out": {
        "other": 4
      },
      "score": 0.269
    },
    "www.pinglio.com": {
      "out": {
        "other": 4
      },
      "score": 0.269
    },
    "www.staynalive.com": {
      "out": {
        "other": 4
      },
      "score": 0.269
    },
    "www.friendfeed.com": {
      "out": {
        "other": 4
      },
      "score": 0.269
    },
    "plus.google.com/113116318008017777871": {
      "out": {
        "other": 4
      },
      "score": 0.269
    },
    "join.app.net": {
      "out": {
        "other": 4
      },
      "score": 0.269
    },
    "aaronparecki.com": {
      "out": {
        "other": 4
      },
      "score": 0.269
    },
    "chrishambly.com": {
      "out": {
        "other": 4
      },
      "score": 0.269
    },
    "en-gb.wordpress.org": {
      "out": {
        "other": 4
      },
      "score": 0.269
    },
    "www.medium.com": {
      "out": {
        "other": 4
      },
      "score": 0.269
    },
    "jaduncan.com": {
      "in": {
        "other": 6
      },
      "score": 0.231
    },
    "forum.authorityblogger.com": {
      "out": {
        "other": 2
      },
      "score": 0.180
    },
    "plus.google.com/+YonatanZunger": {
      "out": {
        "other": 2
      },
      "score": 0.180
    },
    "static.googleusercontent.com": {
      "out": {
        "other": 2
      },
      "score": 0.180
    },
    "twitter.com/Computerworld": {
      "out": {
        "other": 2
      },
      "score": 0.180
    },
    "benjaminmayo.co.uk": {
      "out": {
        "other": 2
      },
      "score": 0.180
    },
    "jerseysuburbia.com": {
      "out": {
        "other": 2
      },
      "score": 0.180
    },
    "nahumck.me": {
      "out": {
        "other": 2
      },
      "score": 0.180
    },
    "twitter.com/mojosd": {
      "out": {
        "other": 2
      },
      "score": 0.180
    },
    "www.digidave.org": {
      "out": {
        "other": 2
      },
      "score": 0.180
    },
    "youronlinegotogal.weebly.com": {
      "out": {
        "other": 2
      },
      "score": 0.180
    },
    "garyvaynerchuk.com": {
      "out": {
        "other": 2
      },
      "score": 0.180
    },
    "microformats.org": {
      "out": {
        "other": 2
      },
      "score": 0.180
    },
    "newsroom.fb.com": {
      "out": {
        "other": 2
      },
      "score": 0.180
    },
    "patft.uspto.gov": {
      "out": {
        "other": 2
      },
      "score": 0.180
    },
    "picasaweb.google.co.uk": {
      "out": {
        "other": 2
      },
      "score": 0.180
    },
    "trickspanda.com": {
      "out": {
        "other": 2
      },
      "score": 0.180
    },
    "wersm.com": {
      "out": {
        "other": 2
      },
      "score": 0.180
    },
    "yacktrack.com": {
      "out": {
        "other": 2
      },
      "score": 0.180
    },
    "buzz.blogger.com": {
      "out": {
        "other": 2
      },
      "score": 0.180
    },
    "mehack.com": {
      "out": {
        "other": 2
      },
      "score": 0.180
    },
    "qz.com": {
      "out": {
        "other": 2
      },
      "score": 0.180
    },
    "relnofollow.net": {
      "out": {
        "other": 2
      },
      "score": 0.180
    },
    "howardlindzon.com": {
      "out": {
        "other": 2
      },
      "score": 0.180
    },
    "www.chime.in": {
      "out": {
        "other": 2
      },
      "score": 0.180
    },
    "www.hark.com": {
      "out": {
        "other": 2
      },
      "score": 0.180
    },
    "www.wired.com": {
      "out": {
        "other": 2
      },
      "score": 0.180
    },
    "twitter.com/piertown": {
      "out": {
        "other": 2
      },
      "score": 0.180
    },
    "www.cnbc.com": {
      "out": {
        "other": 2
      },
      "score": 0.180
    },
    "www.pewinternet.org": {
      "out": {
        "other": 2
      },
      "score": 0.180
    },
    "www.seobythesea.com": {
      "out": {
        "other": 2
      },
      "score": 0.180
    },
    "googlereader.blogspot.com": {
      "out": {
        "other": 2
      },
      "score": 0.180
    },
    "www.sec.gov": {
      "out": {
        "other": 2
      },
      "score": 0.180
    },
    "www.topsy.com": {
      "out": {
        "other": 2
      },
      "score": 0.180
    },
    "500ish.com": {
      "out": {
        "other": 2
      },
      "score": 0.180
    },
    "twitter.com/gregpinelo": {
      "out": {
        "other": 2
      },
      "score": 0.180
    },
    "vendorblog.weddingwire.com": {
      "out": {
        "other": 2
      },
      "score": 0.180
    },
    "www.feld.com": {
      "out": {
        "other": 2
      },
      "score": 0.180
    },
    "twitter.com/tos": {
      "out": {
        "other": 2
      },
      "score": 0.180
    },
    "www.internetfuse.com": {
      "out": {
        "other": 2
      },
      "score": 0.180
    },
    "www.reuters.com": {
      "out": {
        "other": 2
      },
      "score": 0.180
    },
    "x-callback-url.com": {
      "out": {
        "other": 2
      },
      "score": 0.180
    },
    "advertising.twitter.com": {
      "out": {
        "other": 2
      },
      "score": 0.180
    },
    "corp.klout.com": {
      "out": {
        "other": 2
      },
      "score": 0.180
    },
    "feeds.feedburner.com": {
      "out": {
        "other": 2
      },
      "score": 0.180
    },
    "macsparky.com": {
      "out": {
        "other": 2
      },
      "score": 0.180
    },
    "plus.google.com/explore": {
      "out": {
        "other": 2
      },
      "score": 0.180
    },
    "www.disruptiveconversations.com": {
      "out": {
        "other": 2
      },
      "score": 0.180
    },
    "www.oovoo.com": {
      "out": {
        "other": 2
      },
      "score": 0.180
    },
    "llsocial.com": {
      "out": {
        "other": 2
      },
      "score": 0.180
    },
    "springpad.com": {
      "out": {
        "other": 2
      },
      "score": 0.180
    },
    "www.copingwithdisability.com": {
      "out": {
        "other": 2
      },
      "score": 0.180
    },
    "www.engadget.com": {
      "out": {
        "other": 2
      },
      "score": 0.180
    },
    "www.stonetemple.com": {
      "out": {
        "other": 2
      },
      "score": 0.180
    },
    "www.urbandictionary.com": {
      "out": {
        "other": 2
      },
      "score": 0.180
    },
    "turntable.fm": {
      "out": {
        "other": 2
      },
      "score": 0.180
    },
    "twitter.com/JasonFalls": {
      "out": {
        "other": 2
      },
      "score": 0.180
    },
    "www.scribkin.com": {
      "out": {
        "other": 2
      },
      "score": 0.180
    },
    "commons.wikimedia.org": {
      "out": {
        "other": 2
      },
      "score": 0.180
    },
    "quotably.com": {
      "out": {
        "other": 2
      },
      "score": 0.180
    },
    "www.sheysmith.com": {
      "out": {
        "other": 2
      },
      "score": 0.180
    },
    "www.twhirl.org": {
      "out": {
        "other": 2
      },
      "score": 0.180
    },
    "plus.google.com/108384201920217141722": {
      "out": {
        "other": 2
      },
      "score": 0.180
    },
    "tom.waddington.me": {
      "out": {
        "other": 2
      },
      "score": 0.180
    },
    "twitter.com": {
      "out": {
        "other": 2
      },
      "score": 0.180
    },
    "plus.google.com/112352920206354603958": {
      "out": {
        "other": 2
      },
      "score": 0.180
    },
    "www.htc.com": {
      "out": {
        "other": 2
      },
      "score": 0.180
    },
    "buzzmachine.com": {
      "out": {
        "other": 2
      },
      "score": 0.180
    },
    "twitter.com/MarkDykeman": {
      "out": {
        "other": 2
      },
      "score": 0.180
    },
    "www.mattcutts.com": {
      "out": {
        "other": 2
      },
      "score": 0.180
    },
    "deck.ly": {
      "out": {
        "other": 2
      },
      "score": 0.180
    },
    "plus.google.com/101151078020673275690": {
      "out": {
        "other": 2
      },
      "score": 0.180
    },
    "www.insidefacebook.com": {
      "out": {
        "other": 2
      },
      "score": 0.180
    },
    "leoville.com": {
      "out": {
        "other": 2
      },
      "score": 0.180
    },
    "siliconfilter.com": {
      "out": {
        "other": 2
      },
      "score": 0.180
    },
    "thecreative.cafe": {
      "out": {
        "other": 2
      },
      "score": 0.180
    },
    "www.eff.org": {
      "out": {
        "other": 2
      },
      "score": 0.180
    },
    "www.gapingvoid.com": {
      "out": {
        "other": 2
      },
      "score": 0.180
    },
    "www.marketingmagazine.co.uk": {
      "out": {
        "other": 2
      },
      "score": 0.180
    },
    "hashtags.org": {
      "out": {
        "other": 2
      },
      "score": 0.180
    },
    "www.slideshare.net": {
      "out": {
        "other": 2
      },
      "score": 0.180
    },
    "googleplusplatform.blogspot.co.uk": {
      "out": {
        "other": 2
      },
      "score": 0.180
    },
    "tweetscan.com": {
      "out": {
        "other": 2
      },
      "score": 0.180
    },
    "twitter.com/sbspalding": {
      "out": {
        "other": 2
      },
      "score": 0.180
    },
    "www.twitlonger.com": {
      "out": {
        "other": 2
      },
      "score": 0.180
    },
    "blogs.chron.com": {
      "out": {
        "other": 2
      },
      "score": 0.180
    },
    "blogs.technet.com": {
      "out": {
        "other": 2
      },
      "score": 0.180
    },
    "facebook.com/f8": {
      "out": {
        "other": 2
      },
      "score": 0.180
    },
    "googleblog.blogspot.co.uk": {
      "out": {
        "other": 2
      },
      "score": 0.180
    },
    "plus.google.com/114002129029045363838": {
      "out": {
        "other": 2
      },
      "score": 0.180
    },
    "bits.blogs.nytimes.com": {
      "out": {
        "other": 2
      },
      "score": 0.180
    },
    "blog.slaven.net.au": {
      "out": {
        "other": 2
      },
      "score": 0.180
    },
    "socialmedian.com": {
      "out": {
        "other": 2
      },
      "score": 0.180
    },
    "twitter.com/search": {
      "out": {
        "other": 2
      },
      "score": 0.180
    },
    "www.abundancehighway.com": {
      "out": {
        "other": 2
      },
      "score": 0.180
    },
    "www.jeffkorhan.com": {
      "out": {
        "other": 2
      },
      "score": 0.180
    },
    "correlatedcausation.com": {
      "out": {
        "other": 2
      },
      "score": 0.180
    },
    "gawker.com": {
      "out": {
        "other": 2
      },
      "score": 0.180
    },
    "techshali.com": {
      "out": {
        "other": 2
      },
      "score": 0.180
    },
    "www.fool.com": {
      "out": {
        "other": 2
      },
      "score": 0.180
    },
    "www.imore.com": {
      "out": {
        "other": 2
      },
      "score": 0.180
    },
    "www.ning.com": {
      "out": {
        "other": 2
      },
      "score": 0.180
    },
    "www.parliament.uk": {
      "out": {
        "other": 2
      },
      "score": 0.180
    },
    "www.recode.net": {
      "out": {
        "other": 2
      },
      "score": 0.180
    },
    "www.scripting.com": {
      "out": {
        "other": 2
      },
      "score": 0.180
    },
    "m.slandr.net": {
      "out": {
        "other": 2
      },
      "score": 0.180
    },
    "twitter.com/Scobleizer": {
      "out": {
        "other": 2
      },
      "score": 0.180
    },
    "www.herecomeseverybody.org": {
      "out": {
        "other": 2
      },
      "score": 0.180
    },
    "www.socialmediatoday.com": {
      "out": {
        "other": 2
      },
      "score": 0.180
    },
    "www.spamhaus.org": {
      "out": {
        "other": 2
      },
      "score": 0.180
    },
    "backchannel.com": {
      "out": {
        "other": 2
      },
      "score": 0.180
    },
    "digg.com": {
      "out": {
        "other": 2
      },
      "score": 0.180
    },
    "listen.googlelabs.com": {
      "out": {
        "other": 2
      },
      "score": 0.180
    },
    "www.ampproject.org": {
      "out": {
        "other": 2
      },
      "score": 0.180
    },
    "danatwichell.wordpress.com": {
      "out": {
        "other": 2
      },
      "score": 0.180
    },
    "grack.com": {
      "out": {
        "other": 2
      },
      "score": 0.180
    },
    "plus.google.com/+ColinWalker": {
      "out": {
        "other": 2
      },
      "score": 0.180
    },
    "twitter.com/chrishanaka": {
      "out": {
        "other": 2
      },
      "score": 0.180
    },
    "www.chrishambly.com": {
      "out": {
        "other": 2
      },
      "score": 0.180
    },
    "www.color.com": {
      "out": {
        "other": 2
      },
      "score": 0.180
    },
    "www.feedburner.com": {
      "out": {
        "other": 2
      },
      "score": 0.180
    },
    "facebook.com/zuck": {
      "out": {
        "other": 2
      },
      "score": 0.180
    },
    "www.huffingtonpost.com": {
      "out": {
        "other": 2
      },
      "score": 0.180
    },
    "books.google.com": {
      "out": {
        "other": 2
      },
      "score": 0.180
    },
    "nestivity.com": {
      "out": {
        "other": 2
      },
      "score": 0.180
    },
    "r2.ly": {
      "out": {
        "other": 2
      },
      "score": 0.180
    },
    "twitter.com/newtwitter": {
      "out": {
        "other": 2
      },
      "score": 0.180
    },
    "www.thestandard.com": {
      "out": {
        "other": 2
      },
      "score": 0.180
    },
    "blogs.wsj.com": {
      "out": {
        "other": 2
      },
      "score": 0.180
    },
    "timelines.com": {
      "out": {
        "other": 2
      },
      "score": 0.180
    },
    "twitter.com/marshallk": {
      "out": {
        "other": 2
      },
      "score": 0.180
    },
    "louisgray.com": {
      "out": {
        "other": 2
      },
      "score": 0.180
    },
    "sue.polinsky.com": {
      "out": {
        "other": 2
      },
      "score": 0.180
    },
    "surveymonkey.com": {
      "out": {
        "other": 2
      },
      "score": 0.180
    },
    "twitter.com/cetsell": {
      "out": {
        "other": 2
      },
      "score": 0.180
    },
    "twitter.com/doshdosh": {
      "out": {
        "other": 2
      },
      "score": 0.180
    },
    "www.sphere.com": {
      "out": {
        "other": 2
      },
      "score": 0.180
    },
    "dcurt.is": {
      "out": {
        "other": 2
      },
      "score": 0.180
    },
    "nwn.blogs.com": {
      "out": {
        "other": 2
      },
      "score": 0.180
    },
    "twitter.com/ScepticGeek": {
      "out": {
        "other": 2
      },
      "score": 0.180
    },
    "www.coolsmartphone.com": {
      "out": {
        "other": 2
      },
      "score": 0.180
    },
    "citeseerx.ist.psu.edu": {
      "out": {
        "other": 2
      },
      "score": 0.180
    },
    "couch.tumblr.com": {
      "out": {
        "other": 2
      },
      "score": 0.180
    },
    "rwwmike.posterous.com": {
      "out": {
        "other": 2
      },
      "score": 0.180
    },
    "www.hollywoodreporter.com": {
      "out": {
        "other": 2
      },
      "score": 0.180
    },
    "blogs.bing.com": {
      "out": {
        "other": 2
      },
      "score": 0.180
    },
    "howtosplitanatom.com": {
      "out": {
        "other": 2
      },
      "score": 0.180
    },
    "plus.google.com/hot": {
      "out": {
        "other": 2
      },
      "score": 0.180
    },
    "toluu.com": {
      "out": {
        "other": 2
      },
      "score": 0.180
    },
    "www.alertthingy.com": {
      "out": {
        "other": 2
      },
      "score": 0.180
    },
    "www.getsaga.com": {
      "out": {
        "other": 2
      },
      "score": 0.180
    },
    "www.skepticgeek.com": {
      "out": {
        "other": 2
      },
      "score": 0.180
    },
    "factoryjoe.com": {
      "out": {
        "other": 2
      },
      "score": 0.180
    },
    "sb.mojipage.com": {
      "out": {
        "other": 2
      },
      "score": 0.180
    },
    "www.bing.com": {
      "out": {
        "other": 2
      },
      "score": 0.180
    },
    "googlepublicpolicy.blogspot.com": {
      "out": {
        "other": 2
      },
      "score": 0.180
    },
    "stocktwits.com": {
      "out": {
        "other": 2
      },
      "score": 0.180
    },
    "techmeme.com": {
      "out": {
        "other": 2
      },
      "score": 0.180
    },
    "twitter.com/SteveHanselman": {
      "out": {
        "other": 2
      },
      "score": 0.180
    },
    "www.davidrisley.com": {
      "out": {
        "other": 2
      },
      "score": 0.180
    },
    "www.fftogo.com": {
      "out": {
        "other": 2
      },
      "score": 0.180
    },
    "www.loiclemeur.com": {
      "out": {
        "other": 2
      },
      "score": 0.180
    },
    "www.ubu.com": {
      "out": {
        "other": 2
      },
      "score": 0.180
    },
    "xkcd.com": {
      "out": {
        "other": 2
      },
      "score": 0.180
    },
    "www.pcpro.co.uk": {
      "out": {
        "other": 2
      },
      "score": 0.180
    },
    "www.sphinn.com": {
      "out": {
        "other": 2
      },
      "score": 0.180
    },
    "michaelfruchter.com": {
      "out": {
        "other": 2
      },
      "score": 0.180
    },
    "www.inquisitr.com": {
      "out": {
        "other": 2
      },
      "score": 0.180
    },
    "www.micropersuasion.com": {
      "out": {
        "other": 2
      },
      "score": 0.180
    },
    "www.mobilepodcaster.com": {
      "out": {
        "other": 2
      },
      "score": 0.180
    },
    "www.plurk.com": {
      "out": {
        "other": 2
      },
      "score": 0.180
    },
    "pando.com": {
      "out": {
        "other": 2
      },
      "score": 0.180
    },
    "twitter.com/brandonleblanc": {
      "out": {
        "other": 2
      },
      "score": 0.180
    },
    "twittersentiment.appspot.com": {
      "out": {
        "other": 2
      },
      "score": 0.180
    },
    "www.macstories.net": {
      "out": {
        "other": 2
      },
      "score": 0.180
    },
    "amplify.com": {
      "out": {
        "other": 2
      },
      "score": 0.180
    },
    "twitter.com/jasoncarreira": {
      "out": {
        "other": 2
      },
      "score": 0.180
    },
    "www.cc-chapman.com": {
      "out": {
        "other": 2
      },
      "score": 0.180
    },
    "www.electronicmusicworld.com": {
      "out": {
        "other": 2
      },
      "score": 0.180
    },
    "www.itsallmishegoss.com": {
      "out": {
        "other": 2
      },
      "score": 0.180
    },
    "www.niemanlab.org": {
      "out": {
        "other": 2
      },
      "score": 0.180
    },
    "globalneighbourhoods.net": {
      "out": {
        "other": 2
      },
      "score": 0.180
    },
    "mediamemo.allthingsd.com": {
      "out": {
        "other": 2
      },
      "score": 0.180
    },
    "svbtle.com": {
      "out": {
        "other": 2
      },
      "score": 0.180
    },
    "www.copyblogger.com": {
      "out": {
        "other": 2
      },
      "score": 0.180
    },
    "gapingvoid.com": {
      "out": {
        "other": 2
      },
      "score": 0.180
    },
    "iconfactory.com": {
      "out": {
        "other": 2
      },
      "score": 0.180
    },
    "liesdamnedliesstatistics.com": {
      "out": {
        "other": 2
      },
      "score": 0.180
    },
    "twitter.com/rudy10": {
      "out": {
        "other": 2
      },
      "score": 0.180
    },
    "blog.medium.com": {
      "out": {
        "other": 2
      },
      "score": 0.180
    },
    "dictionary.reference.com": {
      "out": {
        "other": 2
      },
      "score": 0.180
    },
    "polldaddy.com": {
      "out": {
        "other": 2
      },
      "score": 0.180
    },
    "tantek.com": {
      "out": {
        "other": 2
      },
      "score": 0.180
    },
    "twitter.com/ulyssesapp": {
      "out": {
        "other": 2
      },
      "score": 0.180
    },
    "www.nokia.co.uk": {
      "out": {
        "other": 2
      },
      "score": 0.180
    },
    "lowercasecapital.com": {
      "out": {
        "other": 2
      },
      "score": 0.180
    },
    "plus.google.com/105103058358743760661": {
      "out": {
        "other": 2
      },
      "score": 0.180
    },
    "www.newsfromme.com": {
      "out": {
        "other": 2
      },
      "score": 0.180
    },
    "blogaboutyourblog.com": {
      "out": {
        "other": 2
      },
      "score": 0.180
    },
    "uniquefrequency.com": {
      "out": {
        "other": 2
      },
      "score": 0.180
    },
    "www.sallywalker.me.uk": {
      "out": {
        "other": 2
      },
      "score": 0.180
    },
    "www.thevillagewitch.co.uk": {
      "out": {
        "other": 2
      },
      "score": 0.180
    },
    "www.web2summit.com": {
      "out": {
        "other": 2
      },
      "score": 0.180
    },
    "news.cnet.com": {
      "out": {
        "other": 2
      },
      "score": 0.180
    },
    "nsuserview.kopischke.net": {
      "out": {
        "other": 2
      },
      "score": 0.180
    },
    "twitter.com/chrisbrogan": {
      "out": {
        "other": 2
      },
      "score": 0.180
    },
    "www.amazon.co.uk": {
      "out": {
        "other": 2
      },
      "score": 0.180
    },
    "www.neiloliver.com": {
      "out": {
        "other": 2
      },
      "score": 0.180
    },
    "www.quora.com": {
      "out": {
        "other": 2
      },
      "score": 0.180
    },
    "www.scottsigler.com": {
      "out": {
        "other": 2
      },
      "score": 0.180
    },
    "everythingisablaze.com": {
      "out": {
        "other": 2
      },
      "score": 0.180
    },
    "itmanagement.earthweb.com": {
      "out": {
        "other": 2
      },
      "score": 0.180
    },
    "mobileways.de": {
      "out": {
        "other": 2
      },
      "score": 0.180
    },
    "plus.google.com/107170836901331596770": {
      "out": {
        "other": 2
      },
      "score": 0.180
    },
    "plus.google.com/109083396980587151144": {
      "out": {
        "other": 2
      },
      "score": 0.180
    },
    "plus.google.com/112063946124358686266": {
      "out": {
        "other": 2
      },
      "score": 0.180
    },
    "plus.google.com/115620878851836664537": {
      "out": {
        "other": 2
      },
      "score": 0.180
    },
    "twit.tv": {
      "out": {
        "other": 2
      },
      "score": 0.180
    },
    "blog.gowalla.com": {
      "out": {
        "other": 2
      },
      "score": 0.180
    },
    "www.producthunt.com": {
      "out": {
        "other": 2
      },
      "score": 0.180
    },
    "blog.gethop.com": {
      "out": {
        "other": 2
      },
      "score": 0.180
    },
    "bulletin.branch.com": {
      "out": {
        "other": 2
      },
      "score": 0.180
    },
    "code.google.com": {
      "out": {
        "other": 2
      },
      "score": 0.180
    },
    "onlinemediacultist.com": {
      "out": {
        "other": 2
      },
      "score": 0.180
    },
    "twitter.com/markjohn1": {
      "out": {
        "other": 2
      },
      "score": 0.180
    },
    "www.seti.org": {
      "out": {
        "other": 2
      },
      "score": 0.180
    },
    "jothut.com": {
      "in": {
        "other": 3
      },
      "score": 0.142
    },
    "derhess.de": {
      "in": {
        "other": 1
      },
      "score": 0
    },
    "francescoboffa.com": {
      "in": {
        "other": 1
      },
      "score": 0
    }
  }
}