{
  "domain": "colintedford.com",
  "urls": [
    "http://colintedford.com",
    "https://www.facebook.com/profile.php?id=100010738688996",
    "http://www.facebook.com/pages/Colin-Tedford/231529070642",
    "http://colintedford.tumblr.com/",
    "https://twitter.com/ctedfnord",
    "https://zco.mx/ColinTedford",
    "http://tinyletter.com/colintedford/archive"
  ],
  "names": [
    "Colin Tedford"
  ],
  "descriptions": [
    "Colin Tedford makes humor and nonfiction comics. As co-founder of the regional Trees and Hills comics group he edits anthologies, networks with comics folk, and tables a lot. He lives in Winchester, NH."
  ],
  "pictures": [
    "http://colintedford.com/u/2015/cted-px-icon.png"
  ],
  "hcard": {
    "properties": {
      "email": [
        "colin@colintedford.com"
      ],
      "locality": [
        "Winchester"
      ],
      "name": [
        "Colin Tedford"
      ],
      "note": [
        "Colin Tedford makes humor and nonfiction comics. As co-founder of the regional Trees and Hills comics group he edits anthologies, networks with comics folk, and tables a lot. He lives in Winchester, NH."
      ],
      "photo": [
        "http://colintedford.com/u/2015/cted-px-icon.png"
      ],
      "post-office-box": [
        "PO Box 645"
      ],
      "postal-code": [
        "03470"
      ],
      "region": [
        "NH"
      ],
      "url": [
        "http://colintedford.com",
        "https://www.facebook.com/profile.php?id=100010738688996",
        "http://www.facebook.com/pages/Colin-Tedford/231529070642",
        "http://colintedford.tumblr.com/",
        "https://twitter.com/ctedfnord",
        "https://zco.mx/ColinTedford",
        "http://tinyletter.com/colintedford/archive"
      ]
    },
    "type": [
      "h-card"
    ]
  },
  "rel_mes": [
    "http://www.facebook.com/pages/Colin-Tedford/231529070642",
    "http://colintedford.tumblr.com/",
    "https://twitter.com/ctedfnord",
    "https://zco.mx/ColinTedford",
    "http://tinyletter.com/colintedford/archive",
    "https://github.com/colintedford"
  ],
  "crawl_start": "2017-04-24T01:37:31",
  "crawl_end": "2017-04-24T02:26:33",
  "num_pages": 1005,
  "total_html_size": 21083082,
  "servers": [
    "Apache",
    "WordPress"
  ],
  "mf2_classes": [
    "h-feed",
    "h-entry",
    "h-card"
  ],
  "tags": [
    "relme",
    "IRC",
    "WordPress"
  ],
  "endpoints": {},
  "links_out": 18071,
  "links_in": 737,
  "links": {
    "wordpress.org": {
      "out": {
        "other": 2062
      },
      "score": 1
    },
    "tinyletter.com": {
      "out": {
        "other": 2012
      },
      "score": 0.998
    },
    "www.colintedford.com": {
      "out": {
        "other": 1398
      },
      "score": 0.954
    },
    "colintedford.storenvy.com": {
      "out": {
        "other": 1289
      },
      "score": 0.945
    },
    "treesandhills.org": {
      "out": {
        "other": 1192
      },
      "score": 0.934
    },
    "github.com": {
      "out": {
        "other": 1032,
        "in-reply-to": 10
      },
      "score": 0.923
    },
    "www.facebook.com": {
      "out": {
        "other": 1033,
        "in-reply-to": 4
      },
      "score": 0.919
    },
    "zco.mx": {
      "out": {
        "other": 1024
      },
      "score": 0.917
    },
    "colintedford.tumblr.com": {
      "out": {
        "other": 1008
      },
      "score": 0.915
    },
    "twitter.com/ctedfnord": {
      "out": {
        "other": 1004
      },
      "score": 0.915
    },
    "facebook.com/pages": {
      "out": {
        "other": 1008
      },
      "score": 0.915
    },
    "www.treesandhills.org": {
      "out": {
        "other": 385
      },
      "score": 0.799
    },
    "www.youtube.com": {
      "out": {
        "other": 363
      },
      "score": 0.792
    },
    "treesandhills.storenvy.com": {
      "out": {
        "other": 342
      },
      "score": 0.785
    },
    "indieweb.org": {
      "in": {
        "other": 499
      },
      "score": 0.746
    },
    "chat.indieweb.org": {
      "in": {
        "other": 227
      },
      "score": 0.651
    },
    "youtu.be": {
      "out": {
        "other": 95
      },
      "score": 0.631
    },
    "www.commonsnews.org": {
      "out": {
        "other": 88
      },
      "score": 0.621
    },
    "www.candyormedicine.com": {
      "out": {
        "other": 76
      },
      "score": 0.603
    },
    "en.wikipedia.org": {
      "out": {
        "other": 69
      },
      "score": 0.593
    },
    "skullyflower.livejournal.com": {
      "out": {
        "other": 66
      },
      "score": 0.587
    },
    "m.facebook.com": {
      "out": {
        "other": 65
      },
      "score": 0.585
    },
    "facebook.com/events": {
      "out": {
        "other": 52
      },
      "score": 0.558
    },
    "www.cartoonpicayune.com": {
      "out": {
        "other": 49
      },
      "score": 0.550
    },
    "www.marekbennett.com": {
      "out": {
        "other": 46
      },
      "score": 0.543
    },
    "alwayscomix.blogspot.com": {
      "out": {
        "other": 36
      },
      "score": 0.514
    },
    "greylockarts.net": {
      "out": {
        "other": 36
      },
      "score": 0.514
    },
    "picasaweb.google.com": {
      "out": {
        "other": 34
      },
      "score": 0.507
    },
    "mymonsterhat.com": {
      "out": {
        "other": 34
      },
      "score": 0.507
    },
    "www.flickr.com": {
      "out": {
        "other": 34
      },
      "score": 0.507
    },
    "www.lxle.net": {
      "out": {
        "other": 34
      },
      "score": 0.507
    },
    "www.cartoonistconspiracy.com": {
      "out": {
        "other": 34
      },
      "score": 0.507
    },
    "srbissette.com": {
      "out": {
        "other": 33
      },
      "score": 0.504
    },
    "www.resourcesfornewmusic.com": {
      "out": {
        "other": 32
      },
      "score": 0.5
    },
    "indiewebcamp.com": {
      "out": {
        "other": 31
      },
      "score": 0.496
    },
    "www.etsy.com": {
      "out": {
        "other": 31
      },
      "score": 0.496
    },
    "creativecommons.org": {
      "out": {
        "other": 30
      },
      "score": 0.492
    },
    "axecop.com": {
      "out": {
        "other": 29
      },
      "score": 0.488
    },
    "www.jbwinter.com": {
      "out": {
        "other": 27
      },
      "score": 0.480
    },
    "www.thethinginthespring.com": {
      "out": {
        "other": 27
      },
      "score": 0.480
    },
    "secretsandliesanthology.wordpress.com": {
      "out": {
        "other": 25
      },
      "score": 0.470
    },
    "madsahara.com": {
      "out": {
        "other": 24
      },
      "score": 0.465
    },
    "www.mainecomicsfestival.com": {
      "out": {
        "other": 23
      },
      "score": 0.460
    },
    "www.hourlycomic.com": {
      "out": {
        "other": 22
      },
      "score": 0.454
    },
    "www.bigtimeattic.com": {
      "out": {
        "other": 22
      },
      "score": 0.454
    },
    "8daysofweeks.org": {
      "out": {
        "other": 20
      },
      "score": 0.444
    },
    "twitter.com/ThatMattYoung": {
      "out": {
        "in-reply-to": 4
      },
      "score": 0.444
    },
    "tantek.com": {
      "in": {
        "other": 1
      },
      "out": {
        "other": 19
      },
      "score": 0.440
    },
    "www.phillyzinefest.com": {
      "out": {
        "other": 19
      },
      "score": 0.438
    },
    "freecomicbookday.com": {
      "out": {
        "other": 19
      },
      "score": 0.438
    },
    "www.sordidcityblues.com": {
      "out": {
        "other": 19
      },
      "score": 0.438
    },
    "www.danielbarlow.com": {
      "out": {
        "other": 18
      },
      "score": 0.430
    },
    "facebook.com/Winchesterpicklefest": {
      "out": {
        "other": 18
      },
      "score": 0.430
    },
    "www.howardcruse.com": {
      "out": {
        "other": 18
      },
      "score": 0.430
    },
    "www.metrokitty.com": {
      "out": {
        "other": 18
      },
      "score": 0.430
    },
    "apps.fcc.gov": {
      "out": {
        "other": 16
      },
      "score": 0.417
    },
    "www.battleforthenet.com": {
      "out": {
        "other": 16
      },
      "score": 0.417
    },
    "www.google.com": {
      "out": {
        "other": 14
      },
      "score": 0.400
    },
    "www.magicinkwell.com": {
      "out": {
        "other": 14
      },
      "score": 0.400
    },
    "www.picklefestival.org": {
      "out": {
        "other": 14
      },
      "score": 0.400
    },
    "www.cowboyorange.com": {
      "out": {
        "other": 14
      },
      "score": 0.400
    },
    "www.casablancacomics.com": {
      "out": {
        "other": 14
      },
      "score": 0.400
    },
    "comicsrehabripoff.tumblr.com": {
      "out": {
        "other": 14
      },
      "score": 0.400
    },
    "sgoetter.com": {
      "out": {
        "other": 14
      },
      "score": 0.400
    },
    "www.reverbnation.com": {
      "out": {
        "other": 13
      },
      "score": 0.392
    },
    "www.micexpo.org": {
      "out": {
        "other": 13
      },
      "score": 0.392
    },
    "hungrybelly.livejournal.com": {
      "out": {
        "other": 12
      },
      "score": 0.382
    },
    "facebook.com/PPNHAF": {
      "out": {
        "other": 12
      },
      "score": 0.382
    },
    "soundcloud.com": {
      "out": {
        "other": 12
      },
      "score": 0.382
    },
    "www.offshorecomix.com": {
      "out": {
        "other": 12
      },
      "score": 0.382
    },
    "paintandpixelfestival.com": {
      "out": {
        "other": 12
      },
      "score": 0.382
    },
    "www.gutenberg.org": {
      "out": {
        "other": 12
      },
      "score": 0.382
    },
    "www.pioneervalleyrollerderby.com": {
      "out": {
        "other": 12
      },
      "score": 0.382
    },
    "www.kickstarter.com": {
      "out": {
        "other": 12
      },
      "score": 0.382
    },
    "www.nukebusters.org": {
      "out": {
        "other": 12
      },
      "score": 0.382
    },
    "www.hotheadpaisan.com": {
      "out": {
        "other": 12
      },
      "score": 0.382
    },
    "oll.libertyfund.org": {
      "out": {
        "other": 12
      },
      "score": 0.382
    },
    "neronski.blogspot.com": {
      "out": {
        "other": 11
      },
      "score": 0.371
    },
    "www.skullyflower.com": {
      "out": {
        "other": 11
      },
      "score": 0.371
    },
    "manoffeeling.livejournal.com": {
      "out": {
        "other": 11
      },
      "score": 0.371
    },
    "facebook.com/media": {
      "out": {
        "other": 11
      },
      "score": 0.371
    },
    "samleveillee.blogspot.com": {
      "out": {
        "other": 11
      },
      "score": 0.371
    },
    "aloquin777.livejournal.com": {
      "out": {
        "other": 11
      },
      "score": 0.371
    },
    "mikelynchcartoons.blogspot.com": {
      "out": {
        "other": 11
      },
      "score": 0.371
    },
    "ctriver.org": {
      "out": {
        "other": 11
      },
      "score": 0.371
    },
    "therealdurona.com": {
      "out": {
        "other": 11
      },
      "score": 0.371
    },
    "www.mainstreetmuseum.org": {
      "out": {
        "other": 11
      },
      "score": 0.371
    },
    "glynnisfawkes.com": {
      "out": {
        "other": 11
      },
      "score": 0.371
    },
    "apostrophepress.com": {
      "out": {
        "other": 11
      },
      "score": 0.371
    },
    "bostoncomics.com": {
      "out": {
        "other": 11
      },
      "score": 0.371
    },
    "www.toadbooks.com": {
      "out": {
        "other": 11
      },
      "score": 0.371
    },
    "keenesentinel.com": {
      "out": {
        "other": 10
      },
      "score": 0.361
    },
    "marekbennett.com": {
      "out": {
        "other": 10
      },
      "score": 0.361
    },
    "reidsrow.com": {
      "out": {
        "other": 10
      },
      "score": 0.361
    },
    "www.hged.com": {
      "out": {
        "other": 10
      },
      "score": 0.361
    },
    "www.northcountyperp.com": {
      "out": {
        "other": 10
      },
      "score": 0.361
    },
    "micexpo.com": {
      "out": {
        "other": 9
      },
      "score": 0.347
    },
    "www.jetpackcomics.com": {
      "out": {
        "other": 9
      },
      "score": 0.347
    },
    "www.spxpo.com": {
      "out": {
        "other": 9
      },
      "score": 0.347
    },
    "www.comicsbeat.com": {
      "out": {
        "other": 9
      },
      "score": 0.347
    },
    "reidsrow.livejournal.com": {
      "out": {
        "other": 9
      },
      "score": 0.347
    },
    "www.americanelf.com": {
      "out": {
        "other": 9
      },
      "score": 0.347
    },
    "www.spx.com": {
      "out": {
        "other": 8
      },
      "score": 0.333
    },
    "www.dailydot.com": {
      "out": {
        "other": 8
      },
      "score": 0.333
    },
    "www.8daysofweeks.org": {
      "out": {
        "other": 8
      },
      "score": 0.333
    },
    "yagya.bandcamp.com": {
      "out": {
        "other": 8
      },
      "score": 0.333
    },
    "facebook.com/PioneerValleyZineFest": {
      "out": {
        "other": 8
      },
      "score": 0.333
    },
    "worcesterrollerderby.com": {
      "out": {
        "other": 8
      },
      "score": 0.333
    },
    "www.bostonzinefair.org": {
      "out": {
        "other": 8
      },
      "score": 0.333
    },
    "duckduckgo.com": {
      "out": {
        "other": 8
      },
      "score": 0.333
    },
    "www.easthamptoncityarts.com": {
      "out": {
        "other": 8
      },
      "score": 0.333
    },
    "www.electrondance.com": {
      "out": {
        "other": 8
      },
      "score": 0.333
    },
    "www.mcla.edu": {
      "out": {
        "other": 8
      },
      "score": 0.333
    },
    "okamurayasuyuki.info": {
      "out": {
        "other": 8
      },
      "score": 0.333
    },
    "battleforthenet.com": {
      "out": {
        "other": 8
      },
      "score": 0.333
    },
    "minicomics.org": {
      "out": {
        "other": 8
      },
      "score": 0.333
    },
    "lovegarlic.com": {
      "out": {
        "other": 8
      },
      "score": 0.333
    },
    "www.walden.org": {
      "out": {
        "other": 8
      },
      "score": 0.333
    },
    "www.mrpetit.com": {
      "out": {
        "other": 8
      },
      "score": 0.333
    },
    "www.yesmagazine.org": {
      "out": {
        "other": 8
      },
      "score": 0.333
    },
    "weekslegacy.org": {
      "out": {
        "other": 8
      },
      "score": 0.333
    },
    "www.djhistory.com": {
      "out": {
        "other": 7
      },
      "score": 0.317
    },
    "www.dreadfuldays.net": {
      "out": {
        "other": 7
      },
      "score": 0.317
    },
    "www.stripamatic.com": {
      "out": {
        "other": 7
      },
      "score": 0.317
    },
    "shaenon.livejournal.com": {
      "out": {
        "other": 7
      },
      "score": 0.317
    },
    "danielbarlow.livejournal.com": {
      "out": {
        "other": 7
      },
      "score": 0.317
    },
    "keithmoriarty.livejournal.com": {
      "out": {
        "other": 7
      },
      "score": 0.317
    },
    "sordidcityblues.com": {
      "out": {
        "other": 7
      },
      "score": 0.317
    },
    "www.festivalseason.org": {
      "out": {
        "other": 7
      },
      "score": 0.317
    },
    "www.moccany.org": {
      "out": {
        "other": 7
      },
      "score": 0.317
    },
    "web.archive.org": {
      "out": {
        "other": 7
      },
      "score": 0.317
    },
    "micexpo.org": {
      "out": {
        "other": 7
      },
      "score": 0.317
    },
    "www.glynnisfawkes.com": {
      "out": {
        "other": 7
      },
      "score": 0.317
    },
    "www.rickgeary.com": {
      "out": {
        "other": 7
      },
      "score": 0.317
    },
    "www.linuxjournal.com": {
      "out": {
        "other": 7
      },
      "score": 0.317
    },
    "www.sierraclub.org": {
      "out": {
        "other": 7
      },
      "score": 0.317
    },
    "www.cuttingyourcaruse.co.uk": {
      "out": {
        "other": 7
      },
      "score": 0.317
    },
    "www.archcomix.com": {
      "out": {
        "other": 7
      },
      "score": 0.317
    },
    "danielbarlow.com": {
      "out": {
        "other": 7
      },
      "score": 0.317
    },
    "www.newsociety.com": {
      "out": {
        "other": 7
      },
      "score": 0.317
    },
    "www.therealdurona.com": {
      "out": {
        "other": 7
      },
      "score": 0.317
    },
    "www.mountainschool.org": {
      "out": {
        "other": 7
      },
      "score": 0.317
    },
    "www.mozilla.org": {
      "out": {
        "other": 7
      },
      "score": 0.317
    },
    "greenmountaingraveyards.tumblr.com": {
      "out": {
        "other": 7
      },
      "score": 0.317
    },
    "laughing-anima.livejournal.com": {
      "out": {
        "other": 7
      },
      "score": 0.317
    },
    "www.phayvanh.com": {
      "out": {
        "other": 7
      },
      "score": 0.317
    },
    "www.nh.gov": {
      "out": {
        "other": 6
      },
      "score": 0.298
    },
    "highlowcomics.blogspot.com": {
      "out": {
        "other": 6
      },
      "score": 0.298
    },
    "www.sightline.org": {
      "out": {
        "other": 6
      },
      "score": 0.298
    },
    "illuspress.com": {
      "out": {
        "other": 6
      },
      "score": 0.298
    },
    "www.starhawk.org": {
      "out": {
        "other": 6
      },
      "score": 0.298
    },
    "www.hannahgrimes.com": {
      "out": {
        "other": 6
      },
      "score": 0.298
    },
    "www.tlaorg.org": {
      "out": {
        "other": 6
      },
      "score": 0.298
    },
    "www.newstarget.com": {
      "out": {
        "other": 6
      },
      "score": 0.298
    },
    "www.turnoffyourtv.com": {
      "out": {
        "other": 6
      },
      "score": 0.298
    },
    "www.everyonesbks.com": {
      "out": {
        "other": 6
      },
      "score": 0.298
    },
    "www.ccrvi.org": {
      "out": {
        "other": 6
      },
      "score": 0.298
    },
    "www.grinningplanet.com": {
      "out": {
        "other": 6
      },
      "score": 0.298
    },
    "www.valleyadvocate.com": {
      "out": {
        "other": 6
      },
      "score": 0.298
    },
    "classic.tcj.com": {
      "out": {
        "other": 6
      },
      "score": 0.298
    },
    "indiewebcamp": {
      "out": {
        "other": 6
      },
      "score": 0.298
    },
    "arfs.us": {
      "out": {
        "other": 6
      },
      "score": 0.298
    },
    "ppnhaf.org": {
      "out": {
        "other": 6
      },
      "score": 0.298
    },
    "commons.wikimedia.org": {
      "out": {
        "other": 6
      },
      "score": 0.298
    },
    "www.grist.org": {
      "out": {
        "other": 6
      },
      "score": 0.298
    },
    "convergence-con.org": {
      "out": {
        "other": 6
      },
      "score": 0.298
    },
    "www.lesley.edu": {
      "out": {
        "other": 6
      },
      "score": 0.298
    },
    "www.renewsalvage.org": {
      "out": {
        "other": 6
      },
      "score": 0.298
    },
    "motes.livejournal.com": {
      "out": {
        "other": 6
      },
      "score": 0.298
    },
    "makecomicsforever.blogspot.com": {
      "out": {
        "other": 6
      },
      "score": 0.298
    },
    "www.comicsreporter.com": {
      "out": {
        "other": 6
      },
      "score": 0.298
    },
    "www.sciencemadesimple.com": {
      "out": {
        "other": 6
      },
      "score": 0.298
    },
    "partnershipway.org": {
      "out": {
        "other": 6
      },
      "score": 0.298
    },
    "www.minimumsecurity.net": {
      "out": {
        "other": 6
      },
      "score": 0.298
    },
    "www.uaine.org": {
      "out": {
        "other": 6
      },
      "score": 0.298
    },
    "www.webcomic.nu": {
      "out": {
        "other": 6
      },
      "score": 0.298
    },
    "mreidsma.livejournal.com": {
      "out": {
        "other": 6
      },
      "score": 0.298
    },
    "awcomix.livejournal.com": {
      "out": {
        "other": 6
      },
      "score": 0.298
    },
    "burlingtonfreepress.com": {
      "out": {
        "other": 6
      },
      "score": 0.298
    },
    "www.bostonglobe.com": {
      "out": {
        "other": 6
      },
      "score": 0.298
    },
    "www.earth-policy.org": {
      "out": {
        "other": 6
      },
      "score": 0.298
    },
    "moonlight-chronicles.com": {
      "out": {
        "other": 6
      },
      "score": 0.298
    },
    "www.micasonline.org": {
      "out": {
        "other": 6
      },
      "score": 0.298
    },
    "eccomic.blogspot.com": {
      "out": {
        "other": 6
      },
      "score": 0.298
    },
    "www.nesea.org": {
      "out": {
        "other": 6
      },
      "score": 0.298
    },
    "www.picadillyfarm.com": {
      "out": {
        "other": 6
      },
      "score": 0.298
    },
    "www.stwallskull.com": {
      "out": {
        "other": 6
      },
      "score": 0.298
    },
    "keenepubliclibrary.evanced.info": {
      "out": {
        "other": 6
      },
      "score": 0.298
    },
    "vbmx.org": {
      "out": {
        "other": 6
      },
      "score": 0.298
    },
    "cellobop.com": {
      "out": {
        "other": 6
      },
      "score": 0.298
    },
    "facebook.com/Original-Photography-320119008185937": {
      "out": {
        "other": 6
      },
      "score": 0.298
    },
    "www.greenlivingtips.com": {
      "out": {
        "other": 6
      },
      "score": 0.298
    },
    "www.schalkenbach.org": {
      "out": {
        "other": 6
      },
      "score": 0.298
    },
    "members.fortunecity.com": {
      "out": {
        "other": 6
      },
      "score": 0.298
    },
    "www.webcomicsnation.com": {
      "out": {
        "other": 6
      },
      "score": 0.298
    },
    "www.barrelmag.com": {
      "out": {
        "other": 6
      },
      "score": 0.298
    },
    "www.indianmuseum.org": {
      "out": {
        "other": 6
      },
      "score": 0.298
    },
    "montpelier-vt.blogspot.com": {
      "out": {
        "other": 6
      },
      "score": 0.298
    },
    "greenmountaingraveyards.com": {
      "out": {
        "other": 5
      },
      "score": 0.276
    },
    "www.artsalivedover.org": {
      "out": {
        "other": 5
      },
      "score": 0.276
    },
    "stopthesecrecy.net": {
      "out": {
        "other": 5
      },
      "score": 0.276
    },
    "www.bonzabottlerday.com": {
      "out": {
        "other": 5
      },
      "score": 0.276
    },
    "facebook.com/FluidMedium": {
      "out": {
        "other": 5
      },
      "score": 0.276
    },
    "www.wildlife.state.nh.us": {
      "out": {
        "other": 5
      },
      "score": 0.276
    },
    "adroyt.com": {
      "out": {
        "other": 5
      },
      "score": 0.276
    },
    "phayv.wordpress.com": {
      "out": {
        "other": 5
      },
      "score": 0.276
    },
    "randalldrew.com": {
      "out": {
        "other": 5
      },
      "score": 0.276
    },
    "m.digital.vpr.net": {
      "out": {
        "other": 5
      },
      "score": 0.276
    },
    "facebook.com/mymonsterhat": {
      "out": {
        "other": 5
      },
      "score": 0.276
    },
    "www.boneville.com": {
      "out": {
        "other": 5
      },
      "score": 0.276
    },
    "www.sergioaragones.com": {
      "out": {
        "other": 5
      },
      "score": 0.276
    },
    "facebook.com/PaperCityPerformanceSpace": {
      "out": {
        "other": 5
      },
      "score": 0.276
    },
    "play.google.com": {
      "out": {
        "other": 5
      },
      "score": 0.276
    },
    "www.papercutzinelibrary.org": {
      "out": {
        "other": 5
      },
      "score": 0.276
    },
    "www.masslive.com": {
      "out": {
        "other": 5
      },
      "score": 0.276
    },
    "www.boston.com": {
      "out": {
        "other": 5
      },
      "score": 0.276
    },
    "www.coolhatwebdesign.com": {
      "out": {
        "other": 5
      },
      "score": 0.276
    },
    "www.rollingstone.com": {
      "out": {
        "other": 5
      },
      "score": 0.276
    },
    "comicrehab.wordpress.com": {
      "out": {
        "other": 5
      },
      "score": 0.276
    },
    "www.americanrhetoric.com": {
      "out": {
        "other": 5
      },
      "score": 0.276
    },
    "www.harkavagrant.com": {
      "out": {
        "other": 5
      },
      "score": 0.276
    },
    "medium.com": {
      "out": {
        "other": 4
      },
      "score": 0.25
    },
    "www.masscomics.com": {
      "out": {
        "other": 4
      },
      "score": 0.25
    },
    "www.studentsoftheworld.info": {
      "out": {
        "other": 4
      },
      "score": 0.25
    },
    "comicpress.org": {
      "out": {
        "other": 4
      },
      "score": 0.25
    },
    "home.earthlink.net": {
      "out": {
        "other": 4
      },
      "score": 0.25
    },
    "www.jorff.com": {
      "out": {
        "other": 4
      },
      "score": 0.25
    },
    "www.posts.architecturelive.in": {
      "out": {
        "other": 4
      },
      "score": 0.25
    },
    "www.wordpress.org": {
      "out": {
        "other": 4
      },
      "score": 0.25
    },
    "www.tor.com": {
      "out": {
        "other": 4
      },
      "score": 0.25
    },
    "marksahagian.blogspot.com": {
      "out": {
        "other": 4
      },
      "score": 0.25
    },
    "snowdaycelebration.wordpress.com": {
      "out": {
        "other": 4
      },
      "score": 0.25
    },
    "www.nhliving.com": {
      "out": {
        "other": 4
      },
      "score": 0.25
    },
    "andreatsurumi.com": {
      "out": {
        "other": 4
      },
      "score": 0.25
    },
    "candyormedicine.blogspot.com": {
      "out": {
        "other": 4
      },
      "score": 0.25
    },
    "offshorecomix.com": {
      "out": {
        "other": 4
      },
      "score": 0.25
    },
    "fightforthefuture.org": {
      "out": {
        "other": 4
      },
      "score": 0.25
    },
    "webcomic.maikeruon.com": {
      "out": {
        "other": 4
      },
      "score": 0.25
    },
    "umass.edu": {
      "out": {
        "other": 4
      },
      "score": 0.25
    },
    "codex.wordpress.org": {
      "out": {
        "other": 4
      },
      "score": 0.25
    },
    "spookyholes.tumblr.com": {
      "out": {
        "other": 4
      },
      "score": 0.25
    },
    "www.alec-longstreth.com": {
      "out": {
        "other": 4
      },
      "score": 0.25
    },
    "forum.lxde.org": {
      "out": {
        "other": 4
      },
      "score": 0.25
    },
    "www.freecomicbookday.com": {
      "out": {
        "other": 4
      },
      "score": 0.25
    },
    "facebook.com/kellichka": {
      "out": {
        "other": 4
      },
      "score": 0.25
    },
    "2.bp.blogspot.com": {
      "out": {
        "other": 4
      },
      "score": 0.25
    },
    "spxpo.com": {
      "out": {
        "other": 4
      },
      "score": 0.25
    },
    "wemakezines.ning.com": {
      "out": {
        "other": 4
      },
      "score": 0.25
    },
    "www.madsahara.com": {
      "out": {
        "other": 4
      },
      "score": 0.25
    },
    "e-merl.com": {
      "out": {
        "other": 4
      },
      "score": 0.25
    },
    "www.emersonbrookforest.org": {
      "out": {
        "other": 4
      },
      "score": 0.25
    },
    "futurejournalismproject.org": {
      "out": {
        "other": 4
      },
      "score": 0.25
    },
    "www.manateepower.com": {
      "out": {
        "other": 4
      },
      "score": 0.25
    },
    "www.marriott.com": {
      "out": {
        "other": 4
      },
      "score": 0.25
    },
    "insidestorey.blogspot.com": {
      "out": {
        "other": 4
      },
      "score": 0.25
    },
    "www.gonzocomix.org": {
      "out": {
        "other": 4
      },
      "score": 0.25
    },
    "comics": {
      "out": {
        "other": 4
      },
      "score": 0.25
    },
    "www.comicspace.com": {
      "out": {
        "other": 4
      },
      "score": 0.25
    },
    "www.nea.org": {
      "out": {
        "other": 4
      },
      "score": 0.25
    },
    "pbskids.org": {
      "out": {
        "other": 4
      },
      "score": 0.25
    },
    "arstechnica.com": {
      "out": {
        "other": 4
      },
      "score": 0.25
    },
    "winooskiwelcomecenter.com": {
      "out": {
        "other": 4
      },
      "score": 0.25
    },
    "www.poopsheetfoundation.com": {
      "out": {
        "other": 4
      },
      "score": 0.25
    },
    "known.kylewm.com": {
      "in": {
        "other": 6
      },
      "score": 0.215
    },
    "www.snopes.com": {
      "out": {
        "other": 3
      },
      "score": 0.215
    },
    "indiewebify.me": {
      "out": {
        "other": 3
      },
      "score": 0.215
    },
    "glennjones.net": {
      "out": {
        "other": 3
      },
      "score": 0.215
    },
    "facebook.com/WOLVERINE25TH": {
      "out": {
        "other": 2
      },
      "score": 0.167
    },
    "bugs.documentfoundation.org": {
      "out": {
        "other": 2
      },
      "score": 0.167
    },
    "www.bbc.com": {
      "out": {
        "other": 2
      },
      "score": 0.167
    },
    "facebook.com/thelostathome": {
      "out": {
        "other": 2
      },
      "score": 0.167
    },
    "groups.google.com": {
      "out": {
        "other": 2
      },
      "score": 0.167
    },
    "kylewm.com": {
      "in": {
        "other": 4
      },
      "score": 0.167
    },
    "facebook.com/MorganPielli": {
      "out": {
        "other": 2
      },
      "score": 0.167
    },
    "usapoliticsnow.com": {
      "out": {
        "other": 1
      },
      "score": 0.0833
    },
    "www.jessfink.com": {
      "out": {
        "other": 1
      },
      "score": 0.0833
    },
    "www.dailykos.com": {
      "out": {
        "other": 1
      },
      "score": 0.0833
    },
    "wpmudev.org": {
      "out": {
        "other": 1
      },
      "score": 0.0833
    },
    "www.morganpielli.com": {
      "out": {
        "other": 1
      },
      "score": 0.0833
    },
    "www.kateleth.com": {
      "out": {
        "other": 1
      },
      "score": 0.0833
    },
    "www.miragelicensing.com": {
      "out": {
        "other": 1
      },
      "score": 0.0833
    },
    "abc7news.com": {
      "out": {
        "other": 1
      },
      "score": 0.0833
    },
    "mentalfloss.com": {
      "out": {
        "other": 1
      },
      "score": 0.0833
    },
    "www.tencentticker.com": {
      "out": {
        "other": 1
      },
      "score": 0.0833
    },
    "www.alternativepressexpo.com": {
      "out": {
        "other": 1
      },
      "score": 0.0833
    },
    "www.ejbarnes.com": {
      "out": {
        "other": 1
      },
      "score": 0.0833
    },
    "www.freecycle.org": {
      "out": {
        "other": 1
      },
      "score": 0.0833
    },
    "plairdblog.blogspot.com": {
      "out": {
        "other": 1
      },
      "score": 0.0833
    },
    "ironcircus.com": {
      "out": {
        "other": 1
      },
      "score": 0.0833
    },
    "cartoonstudies.org": {
      "out": {
        "other": 1
      },
      "score": 0.0833
    },
    "twitter.com/eMusicHelps": {
      "out": {
        "other": 1
      },
      "score": 0.0833
    },
    "www.dianedimassa.com": {
      "out": {
        "other": 1
      },
      "score": 0.0833
    },
    "www.sheldoncomics.com": {
      "out": {
        "other": 1
      },
      "score": 0.0833
    },
    "www.nytimes.com": {
      "out": {
        "other": 1
      },
      "score": 0.0833
    },
    "www.xericfoundation.org": {
      "out": {
        "other": 1
      },
      "score": 0.0833
    },
    "www.tcj.com": {
      "out": {
        "other": 1
      },
      "score": 0.0833
    },
    "www.elfquest.com": {
      "out": {
        "other": 1
      },
      "score": 0.0833
    },
    "www.societyillustrators.org": {
      "out": {
        "other": 1
      },
      "score": 0.0833
    },
    "www.king-cat.net": {
      "out": {
        "other": 1
      },
      "score": 0.0833
    },
    "www.gencourt.state.nh.us": {
      "out": {
        "other": 1
      },
      "score": 0.0833
    },
    "thetinyreport.com": {
      "out": {
        "other": 1
      },
      "score": 0.0833
    },
    "facebook.com/elizabeth.neronski": {
      "out": {
        "other": 1
      },
      "score": 0.0833
    },
    "cted.us": {
      "out": {
        "other": 1
      },
      "score": 0.0833
    },
    "www.cynicalman.com": {
      "out": {
        "other": 1
      },
      "score": 0.0833
    },
    "observer.com": {
      "out": {
        "other": 1
      },
      "score": 0.0833
    },
    "www.huffingtonpost.com": {
      "out": {
        "other": 1
      },
      "score": 0.0833
    },
    "outlook.com": {
      "out": {
        "other": 1
      },
      "score": 0.0833
    },
    "www.fantagraphics.com": {
      "out": {
        "other": 1
      },
      "score": 0.0833
    },
    "mortydog.blogspot.com": {
      "out": {
        "other": 1
      },
      "score": 0.0833
    },
    "www.octopuspie.com": {
      "out": {
        "other": 1
      },
      "score": 0.0833
    },
    "www.topshelfcomix.com": {
      "out": {
        "other": 1
      },
      "score": 0.0833
    },
    "thegamekitchen.com": {
      "out": {
        "other": 1
      },
      "score": 0.0833
    },
    "verizon.net": {
      "out": {
        "other": 1
      },
      "score": 0.0833
    },
    "www.seanwang.com": {
      "out": {
        "other": 1
      },
      "score": 0.0833
    }
  }
}