{
  "domain": "collectiveagency.co",
  "urls": [
    "http://collectiveagency.co/"
  ],
  "names": [
    "\r\n\tCollective Agency | Portland co-working. Cozy places to work alongside people doing what they're passionate about and committed to. Come and work here!\t",
    "Collective Agency cozy co-working in Portland Oregon"
  ],
  "descriptions": [],
  "pictures": [
    "http://collectiveagency.co/5/wp-content/uploads/2015/06/favicon5.png",
    "http://collectiveagency.co/5/wp-content/uploads/2016/04/collective-agency-banner-1144x472-april2016.jpg"
  ],
  "hcard": {},
  "rel_mes": [],
  "crawl_start": "2017-06-09T17:35:03",
  "crawl_end": "2017-06-10T08:03:16",
  "num_pages": 28295,
  "total_html_size": 1900213083,
  "servers": [
    "Apache",
    "WordPress",
    "TextMate http://macromates.com/"
  ],
  "mf2_classes": [
    "h-card",
    "h-entry"
  ],
  "tags": [
    "WordPress"
  ],
  "endpoints": {},
  "links_out": 522987,
  "links_in": 58,
  "links": {
    "www.instagram.com": {
      "out": {
        "other": 232444
      },
      "score": 1
    },
    "instagram.com": {
      "out": {
        "other": 56638
      },
      "score": 0.892
    },
    "thealpinepress.com": {
      "out": {
        "other": 28899
      },
      "score": 0.846
    },
    "twitter.com/CollectiveAgenC": {
      "out": {
        "other": 28939
      },
      "score": 0.846
    },
    "www.google.com": {
      "out": {
        "other": 30232
      },
      "score": 0.846
    },
    "CollectiveAgency.co": {
      "out": {
        "other": 28374
      },
      "score": 0.838
    },
    "facebook.com/CollectiveAgency": {
      "out": {
        "other": 28294
      },
      "score": 0.838
    },
    "www.yelp.com": {
      "out": {
        "other": 28461
      },
      "score": 0.838
    },
    "communitycoworking.org": {
      "out": {
        "other": 28294
      },
      "score": 0.838
    },
    "www.meetup.com": {
      "out": {
        "other": 28405
      },
      "score": 0.838
    },
    "yelp.com": {
      "out": {
        "other": 1238
      },
      "score": 0.602
    },
    "maps.google.com": {
      "out": {
        "other": 396
      },
      "score": 0.513
    },
    "twitter.com": {
      "out": {
        "other": 245
      },
      "score": 0.476
    },
    "tel": {
      "out": {
        "other": 184
      },
      "score": 0.455
    },
    "facebook.com/events": {
      "out": {
        "other": 106
      },
      "score": 0.412
    },
    "taxandconversation.com": {
      "out": {
        "other": 98
      },
      "score": 0.406
    },
    "gmail.com": {
      "out": {
        "other": 85
      },
      "score": 0.395
    },
    "e2.ma": {
      "out": {
        "other": 81
      },
      "score": 0.392
    },
    "bit.ly": {
      "out": {
        "other": 79
      },
      "score": 0.389
    },
    "facebook.com/collectiveagency": {
      "out": {
        "other": 76
      },
      "score": 0.386
    },
    "twitter.com/collectiveagenc": {
      "out": {
        "other": 54
      },
      "score": 0.36
    },
    "docs.google.com": {
      "out": {
        "other": 51
      },
      "score": 0.355
    },
    "graphla.com": {
      "out": {
        "other": 40
      },
      "score": 0.337
    },
    "www.momentumpdx.com": {
      "out": {
        "other": 38
      },
      "score": 0.333
    },
    "calagator.org": {
      "out": {
        "other": 38
      },
      "score": 0.333
    },
    "rubybrowne.com": {
      "out": {
        "other": 32
      },
      "score": 0.32
    },
    "pages.silverpop.com": {
      "out": {
        "other": 28
      },
      "score": 0.31
    },
    "workatjelly.com": {
      "out": {
        "other": 26
      },
      "score": 0.304
    },
    "groups.google.com": {
      "out": {
        "other": 24
      },
      "score": 0.298
    },
    "www.deskmag.com": {
      "out": {
        "other": 24
      },
      "score": 0.298
    },
    "www.pugspdx.com": {
      "out": {
        "other": 21
      },
      "score": 0.288
    },
    "www.bourkedesign.com": {
      "out": {
        "other": 20
      },
      "score": 0.284
    },
    "www.newyorker.com": {
      "out": {
        "other": 20
      },
      "score": 0.284
    },
    "facebook.com/groups": {
      "out": {
        "other": 17
      },
      "score": 0.272
    },
    "www.neighborhoodnotes.com": {
      "out": {
        "other": 17
      },
      "score": 0.272
    },
    "alexlinsker.com": {
      "in": {
        "other": 34
      },
      "score": 0.272
    },
    "audubonportland.org": {
      "out": {
        "other": 16
      },
      "score": 0.267
    },
    "herronpalmer.com": {
      "out": {
        "other": 15
      },
      "score": 0.262
    },
    "lifehacker.com": {
      "out": {
        "other": 15
      },
      "score": 0.262
    },
    "stumptownsyndicate.org": {
      "out": {
        "other": 15
      },
      "score": 0.262
    },
    "www.facebook.com": {
      "out": {
        "other": 15
      },
      "score": 0.262
    },
    "www.eventbrite.com": {
      "out": {
        "other": 15
      },
      "score": 0.262
    },
    "MomentumPDX.com": {
      "out": {
        "other": 14
      },
      "score": 0.256
    },
    "www.linkedin.com": {
      "out": {
        "other": 14
      },
      "score": 0.256
    },
    "usworker.coop": {
      "out": {
        "other": 13
      },
      "score": 0.251
    },
    "tinyletter.com": {
      "out": {
        "other": 13
      },
      "score": 0.251
    },
    "facebook.com/amapdx": {
      "out": {
        "other": 13
      },
      "score": 0.251
    },
    "worldblu.com": {
      "out": {
        "other": 13
      },
      "score": 0.251
    },
    "archive.is": {
      "out": {
        "other": 12
      },
      "score": 0.245
    },
    "blogs.citrix.com": {
      "out": {
        "other": 12
      },
      "score": 0.245
    },
    "www.youtube.com": {
      "out": {
        "other": 12
      },
      "score": 0.245
    },
    "inreachsolutions.com": {
      "out": {
        "other": 11
      },
      "score": 0.238
    },
    "tinybitstudio.com": {
      "out": {
        "other": 11
      },
      "score": 0.238
    },
    "groundfloorsrg.ning.com": {
      "out": {
        "other": 10
      },
      "score": 0.231
    },
    "coworkpdx2015.splashthat.com": {
      "out": {
        "other": 10
      },
      "score": 0.231
    },
    "www.mothersbistro.com": {
      "out": {
        "other": 10
      },
      "score": 0.231
    },
    "thebillfold.com": {
      "out": {
        "other": 10
      },
      "score": 0.231
    },
    "twitter.com/alexlinsker": {
      "out": {
        "other": 10
      },
      "score": 0.231
    },
    "soukllc.com": {
      "out": {
        "other": 10
      },
      "score": 0.231
    },
    "www.flickr.com": {
      "out": {
        "other": 10
      },
      "score": 0.231
    },
    "members.peak.org": {
      "out": {
        "other": 10
      },
      "score": 0.231
    },
    "fitzhughryland.com": {
      "out": {
        "other": 10
      },
      "score": 0.231
    },
    "offchild.com": {
      "out": {
        "other": 10
      },
      "score": 0.231
    },
    "www.lobby99.org": {
      "out": {
        "other": 9
      },
      "score": 0.222
    },
    "www.socialmediausersgroup.org": {
      "out": {
        "other": 9
      },
      "score": 0.222
    },
    "twitter.com/MerylWilliams": {
      "out": {
        "other": 8
      },
      "score": 0.213
    },
    "mail.google.com": {
      "out": {
        "other": 8
      },
      "score": 0.213
    },
    "hellogiggles.com": {
      "out": {
        "other": 8
      },
      "score": 0.213
    },
    "symmetry50.squarespace.com": {
      "out": {
        "other": 8
      },
      "score": 0.213
    },
    "en.wikipedia.org": {
      "out": {
        "other": 8
      },
      "score": 0.213
    },
    "pdx.eater.com": {
      "out": {
        "other": 8
      },
      "score": 0.213
    },
    "freedomhouse.org": {
      "out": {
        "other": 8
      },
      "score": 0.213
    },
    "www.jessicabrackett.com": {
      "out": {
        "other": 7
      },
      "score": 0.203
    },
    "www.ZeroStrategist.com": {
      "out": {
        "other": 7
      },
      "score": 0.203
    },
    "ccplots.myparkingworld.com": {
      "out": {
        "other": 7
      },
      "score": 0.203
    },
    "www.alicianagel.com": {
      "out": {
        "other": 6
      },
      "score": 0.191
    },
    "siliconflorist.com": {
      "out": {
        "other": 6
      },
      "score": 0.191
    },
    "piratepad.net": {
      "out": {
        "other": 6
      },
      "score": 0.191
    },
    "plus.google.com/118333187967033240695": {
      "out": {
        "other": 6
      },
      "score": 0.191
    },
    "facebook.com/wschroll": {
      "out": {
        "other": 6
      },
      "score": 0.191
    },
    "facebook.com/anniroolf": {
      "out": {
        "other": 6
      },
      "score": 0.191
    },
    "caseorganic.com": {
      "in": {
        "other": 12
      },
      "score": 0.191
    },
    "www.bizjournals.com": {
      "out": {
        "other": 6
      },
      "score": 0.191
    },
    "awakeningswellnesscenter.com": {
      "out": {
        "other": 6
      },
      "score": 0.191
    },
    "plancast.com": {
      "out": {
        "other": 6
      },
      "score": 0.191
    },
    "www.p2pu.org": {
      "out": {
        "other": 5
      },
      "score": 0.177
    },
    "twitter.com/maxticket": {
      "out": {
        "other": 5
      },
      "score": 0.177
    },
    "eliseleblanc.com": {
      "out": {
        "other": 5
      },
      "score": 0.177
    },
    "http": {
      "out": {
        "other": 5
      },
      "score": 0.177
    },
    "facebook.com/OregonNewsIncubator": {
      "out": {
        "other": 5
      },
      "score": 0.177
    },
    "www.ywse.org": {
      "out": {
        "other": 5
      },
      "score": 0.177
    },
    "web.archive.org": {
      "out": {
        "other": 5
      },
      "score": 0.177
    },
    "d1ej5r2t2cu524.cloudfront.net": {
      "out": {
        "other": 5
      },
      "score": 0.177
    },
    "donpark.org": {
      "out": {
        "other": 5
      },
      "score": 0.177
    },
    "research-club.us4.list-manage.com": {
      "out": {
        "other": 5
      },
      "score": 0.177
    },
    "wherecamppdx.org": {
      "out": {
        "other": 5
      },
      "score": 0.177
    },
    "sledgehammercontest.com": {
      "out": {
        "other": 5
      },
      "score": 0.177
    },
    "www.alexdespain.com": {
      "out": {
        "other": 5
      },
      "score": 0.177
    },
    "madeinportland.org": {
      "out": {
        "other": 5
      },
      "score": 0.177
    },
    "www.wherecamppdx.org": {
      "out": {
        "other": 5
      },
      "score": 0.177
    },
    "sobconnw2011-estw.eventbrite.com": {
      "out": {
        "other": 5
      },
      "score": 0.177
    },
    "twitter.com/fitzhuge": {
      "out": {
        "other": 5
      },
      "score": 0.177
    },
    "simplykumquat.com": {
      "out": {
        "other": 5
      },
      "score": 0.177
    },
    "pdx11.org": {
      "out": {
        "other": 5
      },
      "score": 0.177
    },
    "ammonra.org": {
      "out": {
        "other": 5
      },
      "score": 0.177
    },
    "twitter.com/ouroboring": {
      "out": {
        "other": 5
      },
      "score": 0.177
    },
    "www.happybrainscience.com": {
      "out": {
        "other": 5
      },
      "score": 0.177
    },
    "twitter.com/kellyrfeller": {
      "out": {
        "other": 5
      },
      "score": 0.177
    },
    "www.eliseleblanc.com": {
      "out": {
        "other": 5
      },
      "score": 0.177
    },
    "oregonnewsincubator.org": {
      "out": {
        "other": 5
      },
      "score": 0.177
    },
    "ganeshdb.com": {
      "out": {
        "other": 5
      },
      "score": 0.177
    },
    "autonome.wordpress.com": {
      "out": {
        "other": 5
      },
      "score": 0.177
    },
    "plus.google.com/106338328001052020479": {
      "out": {
        "other": 5
      },
      "score": 0.177
    },
    "www.portlandopenstudios.com": {
      "out": {
        "other": 5
      },
      "score": 0.177
    },
    "youtube.com": {
      "out": {
        "other": 5
      },
      "score": 0.177
    },
    "twitter.com/lightboxpdx": {
      "out": {
        "other": 5
      },
      "score": 0.177
    },
    "zerostrategist.com": {
      "out": {
        "other": 5
      },
      "score": 0.177
    },
    "cathouseclay.com": {
      "out": {
        "other": 5
      },
      "score": 0.177
    },
    "thinkrelevance.com": {
      "out": {
        "other": 4
      },
      "score": 0.16
    },
    "www.symmetry50.com": {
      "out": {
        "other": 4
      },
      "score": 0.16
    },
    "indieweb.org": {
      "in": {
        "other": 8
      },
      "score": 0.16
    },
    "www.freelancersunion.org": {
      "out": {
        "other": 4
      },
      "score": 0.16
    },
    "newworker.co": {
      "out": {
        "other": 4
      },
      "score": 0.16
    },
    "www.amazon.com": {
      "out": {
        "other": 4
      },
      "score": 0.16
    },
    "www.seas.upenn.edu": {
      "out": {
        "other": 3
      },
      "score": 0.138
    },
    "steveandkatescamp.com": {
      "out": {
        "other": 3
      },
      "score": 0.138
    },
    "zilino.com": {
      "out": {
        "other": 3
      },
      "score": 0.138
    },
    "roadwarriorvoices.com": {
      "out": {
        "other": 2
      },
      "score": 0.107
    },
    "www.pdxmonthly.com": {
      "out": {
        "other": 2
      },
      "score": 0.107
    },
    "renters.apartments.com": {
      "out": {
        "other": 2
      },
      "score": 0.107
    },
    "twitter.com/ZeroStrategist": {
      "out": {
        "other": 2
      },
      "score": 0.107
    },
    "www.bollywoodtheaterpdx.com": {
      "out": {
        "other": 2
      },
      "score": 0.107
    },
    "www.wethinq.com": {
      "out": {
        "other": 2
      },
      "score": 0.107
    },
    "iida-or.org": {
      "out": {
        "other": 2
      },
      "score": 0.107
    },
    "pdx.pm.org": {
      "out": {
        "other": 2
      },
      "score": 0.107
    },
    "www.ebandbean.com": {
      "out": {
        "other": 2
      },
      "score": 0.107
    },
    "hosted.verticalresponse.com": {
      "out": {
        "other": 2
      },
      "score": 0.107
    },
    "lanl.arxiv.org": {
      "out": {
        "other": 2
      },
      "score": 0.107
    },
    "medium.com": {
      "out": {
        "other": 2
      },
      "score": 0.107
    },
    "nationaleventpros.com": {
      "out": {
        "other": 2
      },
      "score": 0.107
    },
    "nomadcapitalist.com": {
      "out": {
        "other": 2
      },
      "score": 0.107
    },
    "blog.zilino.com": {
      "out": {
        "other": 2
      },
      "score": 0.107
    },
    "startupweekly.com": {
      "out": {
        "other": 2
      },
      "score": 0.107
    },
    "www.odnoregon.org": {
      "out": {
        "other": 2
      },
      "score": 0.107
    },
    "www.huffingtonpost.com": {
      "out": {
        "other": 2
      },
      "score": 0.107
    },
    "blog.mozilla.org": {
      "out": {
        "other": 2
      },
      "score": 0.107
    },
    "www.apress.com": {
      "out": {
        "other": 2
      },
      "score": 0.107
    },
    "www.pintsbrewing.com": {
      "out": {
        "other": 2
      },
      "score": 0.107
    },
    "worlddominationsummit.com": {
      "out": {
        "other": 2
      },
      "score": 0.107
    },
    "www.simplykumquat.com": {
      "out": {
        "other": 2
      },
      "score": 0.107
    },
    "smallbiztrends.com": {
      "out": {
        "other": 2
      },
      "score": 0.107
    },
    "www.freerangeoffice.com": {
      "out": {
        "other": 2
      },
      "score": 0.107
    },
    "www.phlush.org": {
      "out": {
        "other": 2
      },
      "score": 0.107
    },
    "thesleeperhit.com": {
      "out": {
        "other": 2
      },
      "score": 0.107
    },
    "www.newseasonsmarket.com": {
      "out": {
        "other": 2
      },
      "score": 0.107
    },
    "interwest.org": {
      "out": {
        "other": 2
      },
      "score": 0.107
    },
    "shop.oreilly.com": {
      "out": {
        "other": 2
      },
      "score": 0.107
    },
    "imperialbottleshop.com": {
      "out": {
        "other": 2
      },
      "score": 0.107
    },
    "www.wellfedwriter.com": {
      "out": {
        "other": 2
      },
      "score": 0.107
    },
    "bourkedesign.com": {
      "out": {
        "other": 2
      },
      "score": 0.107
    },
    "iopscience.iop.org": {
      "out": {
        "other": 2
      },
      "score": 0.107
    },
    "www.owasp.org": {
      "out": {
        "other": 2
      },
      "score": 0.107
    },
    "thehookup.flavorpill.com": {
      "out": {
        "other": 2
      },
      "score": 0.107
    },
    "pokpokpdx.com": {
      "out": {
        "other": 2
      },
      "score": 0.107
    },
    "www.aportlandcareer.com": {
      "out": {
        "other": 2
      },
      "score": 0.107
    },
    "blog.getkisi.com": {
      "out": {
        "other": 2
      },
      "score": 0.107
    },
    "twitter.com/LETumEAT": {
      "out": {
        "other": 2
      },
      "score": 0.107
    },
    "www.iamoregon.org": {
      "out": {
        "other": 2
      },
      "score": 0.107
    },
    "www.oregonlive.com": {
      "out": {
        "other": 2
      },
      "score": 0.107
    },
    "alexdespain.com": {
      "out": {
        "other": 2
      },
      "score": 0.107
    },
    "college.lclark.edu": {
      "out": {
        "other": 2
      },
      "score": 0.107
    },
    "www.citconf.com": {
      "out": {
        "other": 2
      },
      "score": 0.107
    },
    "www.shopify.com": {
      "out": {
        "other": 2
      },
      "score": 0.107
    },
    "djcoregon.com": {
      "out": {
        "other": 2
      },
      "score": 0.107
    },
    "www.stellatacopdx.com": {
      "out": {
        "other": 2
      },
      "score": 0.107
    },
    "RSVP and info": {
      "out": {
        "other": 2
      },
      "score": 0.107
    },
    "facebook.com/Molly.Elizabeth.Murphy": {
      "out": {
        "other": 1
      },
      "score": 0.0533
    },
    "hillsborofood.coop": {
      "out": {
        "other": 1
      },
      "score": 0.0533
    },
    "www.artisticportland.com": {
      "out": {
        "other": 1
      },
      "score": 0.0533
    },
    "twitter.com/jnbenoit": {
      "out": {
        "other": 1
      },
      "score": 0.0533
    },
    "www.professionalactorsguide.com": {
      "out": {
        "other": 1
      },
      "score": 0.0533
    },
    "mycreditunion.com": {
      "out": {
        "other": 1
      },
      "score": 0.0533
    },
    "techsupport.coop": {
      "out": {
        "other": 1
      },
      "score": 0.0533
    },
    "www.bluescorcher.com": {
      "out": {
        "other": 1
      },
      "score": 0.0533
    },
    "www.equitygroup.com": {
      "out": {
        "other": 1
      },
      "score": 0.0533
    },
    "www.firsttechfed.com": {
      "out": {
        "other": 1
      },
      "score": 0.0533
    },
    "www.freegeek.org": {
      "out": {
        "other": 1
      },
      "score": 0.0533
    },
    "www.shift2bikes.org": {
      "out": {
        "other": 1
      },
      "score": 0.0533
    },
    "www.titletailor.com": {
      "out": {
        "other": 1
      },
      "score": 0.0533
    },
    "chat.indieweb.org": {
      "in": {
        "other": 2
      },
      "score": 0.0533
    },
    "albertagrocery.coop": {
      "out": {
        "other": 1
      },
      "score": 0.0533
    },
    "cuttingedgefcu.org": {
      "out": {
        "other": 1
      },
      "score": 0.0533
    },
    "magpiemessenger.com": {
      "out": {
        "other": 1
      },
      "score": 0.0533
    },
    "plus.google.com/+Intellitics": {
      "out": {
        "other": 1
      },
      "score": 0.0533
    },
    "stumptownprinters.com": {
      "out": {
        "other": 1
      },
      "score": 0.0533
    },
    "www.ameripriseadvisors.com": {
      "out": {
        "other": 1
      },
      "score": 0.0533
    },
    "www.canbycommunitypreschool.com": {
      "out": {
        "other": 1
      },
      "score": 0.0533
    },
    "www.cny.coop": {
      "out": {
        "other": 1
      },
      "score": 0.0533
    },
    "www.fredmeyercu.org": {
      "out": {
        "other": 1
      },
      "score": 0.0533
    },
    "www.philadelphia.coop": {
      "out": {
        "other": 1
      },
      "score": 0.0533
    },
    "www.unioncabpdx.com": {
      "out": {
        "other": 1
      },
      "score": 0.0533
    },
    "www.trailheadcu.org": {
      "out": {
        "other": 1
      },
      "score": 0.0533
    },
    "www.waverlycommons.com": {
      "out": {
        "other": 1
      },
      "score": 0.0533
    },
    "cominnesota.coop": {
      "out": {
        "other": 1
      },
      "score": 0.0533
    },
    "penparkcommons.wordpress.com": {
      "out": {
        "other": 1
      },
      "score": 0.0533
    },
    "vcba2012.coop": {
      "out": {
        "other": 1
      },
      "score": 0.0533
    },
    "www.gardenbarpdx.com": {
      "out": {
        "other": 1
      },
      "score": 0.0533
    },
    "www.ironworkersfcu.org": {
      "out": {
        "other": 1
      },
      "score": 0.0533
    },
    "www.johnstonesupply.com": {
      "out": {
        "other": 1
      },
      "score": 0.0533
    },
    "www.portlanddancing.com": {
      "out": {
        "other": 1
      },
      "score": 0.0533
    },
    "buildwithstructure.com": {
      "out": {
        "other": 1
      },
      "score": 0.0533
    },
    "gist.neo4j.org": {
      "out": {
        "other": 1
      },
      "score": 0.0533
    },
    "goo.gl": {
      "out": {
        "other": 1
      },
      "score": 0.0533
    },
    "labs.leto.net": {
      "out": {
        "other": 1
      },
      "score": 0.0533
    },
    "www.northrupstation.com": {
      "out": {
        "other": 1
      },
      "score": 0.0533
    },
    "www.sixdaysartgallery.net": {
      "out": {
        "other": 1
      },
      "score": 0.0533
    },
    "www.thevitalcompass.com": {
      "out": {
        "other": 1
      },
      "score": 0.0533
    },
    "blackfish.com": {
      "out": {
        "other": 1
      },
      "score": 0.0533
    },
    "westoregon.org": {
      "out": {
        "other": 1
      },
      "score": 0.0533
    },
    "www.cascadiacommons.com": {
      "out": {
        "other": 1
      },
      "score": 0.0533
    },
    "www.elephantsdeli.com": {
      "out": {
        "other": 1
      },
      "score": 0.0533
    },
    "www.hoodandduct.com": {
      "out": {
        "other": 1
      },
      "score": 0.0533
    },
    "www.kenilworthcps.org": {
      "out": {
        "other": 1
      },
      "score": 0.0533
    },
    "www.parentchildpreschools.org": {
      "out": {
        "other": 1
      },
      "score": 0.0533
    },
    "www.ibewuwfcu.com": {
      "out": {
        "other": 1
      },
      "score": 0.0533
    },
    "www.rivermarkcu.org": {
      "out": {
        "other": 1
      },
      "score": 0.0533
    },
    "www.consolidatedccu.com": {
      "out": {
        "other": 1
      },
      "score": 0.0533
    },
    "www.lloydcenterice.com": {
      "out": {
        "other": 1
      },
      "score": 0.0533
    },
    "www.marriott.com": {
      "out": {
        "other": 1
      },
      "score": 0.0533
    },
    "hotlipspizza.com": {
      "out": {
        "other": 1
      },
      "score": 0.0533
    },
    "macgrouplistings.net": {
      "out": {
        "other": 1
      },
      "score": 0.0533
    },
    "www.blueberrypdx.com": {
      "out": {
        "other": 1
      },
      "score": 0.0533
    },
    "www.daybreakcohousing.org": {
      "out": {
        "other": 1
      },
      "score": 0.0533
    },
    "www.localharvest.org": {
      "out": {
        "other": 1
      },
      "score": 0.0533
    },
    "www.zeromq.org": {
      "out": {
        "other": 1
      },
      "score": 0.0533
    },
    "gaming4good.eventbrite.com": {
      "out": {
        "other": 1
      },
      "score": 0.0533
    },
    "pocacoop.com": {
      "out": {
        "other": 1
      },
      "score": 0.0533
    },
    "www.portlandbicycletours.com": {
      "out": {
        "other": 1
      },
      "score": 0.0533
    },
    "www.sourceoregon.com": {
      "out": {
        "other": 1
      },
      "score": 0.0533
    },
    "fanedit.org": {
      "out": {
        "other": 1
      },
      "score": 0.0533
    },
    "pdx.patientphysiciancoop.com": {
      "out": {
        "other": 1
      },
      "score": 0.0533
    },
    "www.youngsetpreschool.com": {
      "out": {
        "other": 1
      },
      "score": 0.0533
    },
    "clojurescript.eventbrite.com": {
      "out": {
        "other": 1
      },
      "score": 0.0533
    },
    "l.facebook.com": {
      "out": {
        "other": 1
      },
      "score": 0.0533
    },
    "portlandzuppa.com": {
      "out": {
        "other": 1
      },
      "score": 0.0533
    },
    "wellfedwriting.eventbrite.com": {
      "out": {
        "other": 1
      },
      "score": 0.0533
    },
    "www.orangesplot.net": {
      "out": {
        "other": 1
      },
      "score": 0.0533
    },
    "www.pnwfcu.org": {
      "out": {
        "other": 1
      },
      "score": 0.0533
    },
    "www.selco.org": {
      "out": {
        "other": 1
      },
      "score": 0.0533
    },
    "www.tcu37.com": {
      "out": {
        "other": 1
      },
      "score": 0.0533
    },
    "josephine.com": {
      "out": {
        "other": 1
      },
      "score": 0.0533
    },
    "www.clackamasfcu.org": {
      "out": {
        "other": 1
      },
      "score": 0.0533
    },
    "www.cloacina.org": {
      "out": {
        "other": 1
      },
      "score": 0.0533
    },
    "www.providencecu.org": {
      "out": {
        "other": 1
      },
      "score": 0.0533
    },
    "aupaon.com": {
      "out": {
        "other": 1
      },
      "score": 0.0533
    },
    "kboo.fm": {
      "out": {
        "other": 1
      },
      "score": 0.0533
    },
    "portlandpedalpower.com": {
      "out": {
        "other": 1
      },
      "score": 0.0533
    },
    "redandblackcafe.com": {
      "out": {
        "other": 1
      },
      "score": 0.0533
    },
    "talismangallery.com": {
      "out": {
        "other": 1
      },
      "score": 0.0533
    },
    "twitter.com/zilino": {
      "out": {
        "other": 1
      },
      "score": 0.0533
    },
    "www.eastsidefamilycoop.org": {
      "out": {
        "other": 1
      },
      "score": 0.0533
    },
    "operation.coop": {
      "out": {
        "other": 1
      },
      "score": 0.0533
    },
    "www.omsi.edu": {
      "out": {
        "other": 1
      },
      "score": 0.0533
    },
    "www.slice.coop": {
      "out": {
        "other": 1
      },
      "score": 0.0533
    },
    "cullygrove.org": {
      "out": {
        "other": 1
      },
      "score": 0.0533
    },
    "unitusccu.com": {
      "out": {
        "other": 1
      },
      "score": 0.0533
    },
    "www.legacyfcu.org": {
      "out": {
        "other": 1
      },
      "score": 0.0533
    },
    "www.multnomahplayschool.com": {
      "out": {
        "other": 1
      },
      "score": 0.0533
    },
    "bctelco.com": {
      "out": {
        "other": 1
      },
      "score": 0.0533
    },
    "blog.en.idealist.org": {
      "out": {
        "other": 1
      },
      "score": 0.0533
    },
    "www.goodreads.com": {
      "out": {
        "other": 1
      },
      "score": 0.0533
    },
    "www.sensiblecoaching.com": {
      "out": {
        "other": 1
      },
      "score": 0.0533
    },
    "advantiscu.org": {
      "out": {
        "other": 1
      },
      "score": 0.0533
    },
    "nwcu.com": {
      "out": {
        "other": 1
      },
      "score": 0.0533
    },
    "www.davisstreettavern.com": {
      "out": {
        "other": 1
      },
      "score": 0.0533
    },
    "twitter.com/planspark": {
      "out": {
        "other": 1
      },
      "score": 0.0533
    },
    "breitenbush.com": {
      "out": {
        "other": 1
      },
      "score": 0.0533
    },
    "equalexchange.coop": {
      "out": {
        "other": 1
      },
      "score": 0.0533
    },
    "intellitics.com": {
      "out": {
        "other": 1
      },
      "score": 0.0533
    },
    "laughinghorsebooks.blogspot.com": {
      "out": {
        "other": 1
      },
      "score": 0.0533
    },
    "streetepistemology.com": {
      "out": {
        "other": 1
      },
      "score": 0.0533
    },
    "tillamook.com": {
      "out": {
        "other": 1
      },
      "score": 0.0533
    },
    "twitter.com/intellitics": {
      "out": {
        "other": 1
      },
      "score": 0.0533
    },
    "www.montavilla.coop": {
      "out": {
        "other": 1
      },
      "score": 0.0533
    },
    "www.rosecitycoop.org": {
      "out": {
        "other": 1
      },
      "score": 0.0533
    },
    "facebook.com/ahjamu.umi": {
      "out": {
        "other": 1
      },
      "score": 0.0533
    },
    "farmerscoop.org": {
      "out": {
        "other": 1
      },
      "score": 0.0533
    },
    "www.growing-gardens.org": {
      "out": {
        "other": 1
      },
      "score": 0.0533
    },
    "www.mynwcu.com": {
      "out": {
        "other": 1
      },
      "score": 0.0533
    },
    "www.redlettermedia.com": {
      "out": {
        "other": 1
      },
      "score": 0.0533
    },
    "lloydfarmersmkt.net": {
      "out": {
        "other": 1
      },
      "score": 0.0533
    },
    "uanw.org": {
      "out": {
        "other": 1
      },
      "score": 0.0533
    },
    "www.bowerybagels.com": {
      "out": {
        "other": 1
      },
      "score": 0.0533
    },
    "www.sspfcu.com": {
      "out": {
        "other": 1
      },
      "score": 0.0533
    },
    "facebook.com/pages": {
      "out": {
        "other": 1
      },
      "score": 0.0533
    },
    "peoples.coop": {
      "out": {
        "other": 1
      },
      "score": 0.0533
    },
    "www.bike-central.com": {
      "out": {
        "other": 1
      },
      "score": 0.0533
    },
    "www.castpartsfcu.org": {
      "out": {
        "other": 1
      },
      "score": 0.0533
    },
    "www.spc.us": {
      "out": {
        "other": 1
      },
      "score": 0.0533
    },
    "cgwc.org": {
      "out": {
        "other": 1
      },
      "score": 0.0533
    },
    "citybikes.coop": {
      "out": {
        "other": 1
      },
      "score": 0.0533
    },
    "hollywoodpdx.com": {
      "out": {
        "other": 1
      },
      "score": 0.0533
    },
    "twitter.com/AliciaNagelCrtv": {
      "out": {
        "other": 1
      },
      "score": 0.0533
    },
    "www.portlandcircleoffriends.org": {
      "out": {
        "other": 1
      },
      "score": 0.0533
    },
    "www.rei.com": {
      "out": {
        "other": 1
      },
      "score": 0.0533
    },
    "www.thecarlschool.com": {
      "out": {
        "other": 1
      },
      "score": 0.0533
    },
    "www.theospdx.com": {
      "out": {
        "other": 1
      },
      "score": 0.0533
    },
    "www.usacu.org": {
      "out": {
        "other": 1
      },
      "score": 0.0533
    },
    "www.worldfoodsportland.com": {
      "out": {
        "other": 1
      },
      "score": 0.0533
    },
    "shift2bikes.org": {
      "out": {
        "other": 1
      },
      "score": 0.0533
    },
    "www.iamw24.org": {
      "out": {
        "other": 1
      },
      "score": 0.0533
    },
    "www.portlandkinderschule.com": {
      "out": {
        "other": 1
      },
      "score": 0.0533
    },
    "eric.pdxhub.org": {
      "in": {
        "other": 2
      },
      "score": 0.0533
    },
    "columbiaecovillage.org": {
      "out": {
        "other": 1
      },
      "score": 0.0533
    },
    "www.burlingamecooperativepreschool.org": {
      "out": {
        "other": 1
      },
      "score": 0.0533
    },
    "www.mttaborpreschool.org": {
      "out": {
        "other": 1
      },
      "score": 0.0533
    },
    "www.pdx8fcu.com": {
      "out": {
        "other": 1
      },
      "score": 0.0533
    },
    "www.portlandforward.org": {
      "out": {
        "other": 1
      },
      "score": 0.0533
    },
    "www.rca.coop": {
      "out": {
        "other": 1
      },
      "score": 0.0533
    },
    "www.wintr.com": {
      "out": {
        "other": 1
      },
      "score": 0.0533
    },
    "ourtable.us": {
      "out": {
        "other": 1
      },
      "score": 0.0533
    },
    "twitter.com/DyerAllison": {
      "out": {
        "other": 1
      },
      "score": 0.0533
    },
    "www.socialjusticefund.org": {
      "out": {
        "other": 1
      },
      "score": 0.0533
    },
    "represent.us": {
      "out": {
        "other": 1
      },
      "score": 0.0533
    },
    "villagefreeschool.org": {
      "out": {
        "other": 1
      },
      "score": 0.0533
    },
    "www.kailashecovillage.com": {
      "out": {
        "other": 1
      },
      "score": 0.0533
    },
    "www.onpointcu.com": {
      "out": {
        "other": 1
      },
      "score": 0.0533
    },
    "mwlpdx.com": {
      "out": {
        "other": 1
      },
      "score": 0.0533
    },
    "www.oregonpioneer.org": {
      "out": {
        "other": 1
      },
      "score": 0.0533
    },
    "www.wellfedsp.com": {
      "out": {
        "other": 1
      },
      "score": 0.0533
    },
    "oregonianscu.com": {
      "out": {
        "other": 1
      },
      "score": 0.0533
    },
    "portlandjazz.blogspot.com": {
      "out": {
        "other": 1
      },
      "score": 0.0533
    },
    "www.gabrielparkpreschool.com": {
      "out": {
        "other": 1
      },
      "score": 0.0533
    },
    "www.calvarycooppreschool.com": {
      "out": {
        "other": 1
      },
      "score": 0.0533
    },
    "www.markspencer.com": {
      "out": {
        "other": 1
      },
      "score": 0.0533
    },
    "www.trillium-hollow.org": {
      "out": {
        "other": 1
      },
      "score": 0.0533
    },
    "foodfront.coop": {
      "out": {
        "other": 1
      },
      "score": 0.0533
    },
    "www.ammonra.org": {
      "out": {
        "other": 1
      },
      "score": 0.0533
    },
    "www.kaipermnw.org": {
      "out": {
        "other": 1
      },
      "score": 0.0533
    },
    "www3.hilton.com": {
      "out": {
        "other": 1
      },
      "score": 0.0533
    },
    "freelancersbibleportland.eventbrite.com": {
      "out": {
        "other": 1
      },
      "score": 0.0533
    },
    "research-club.us4.list-manage2.com": {
      "out": {
        "other": 1
      },
      "score": 0.0533
    },
    "abettercycle.blogspot.com": {
      "out": {
        "other": 1
      },
      "score": 0.0533
    },
    "cedarmoon.us": {
      "out": {
        "other": 1
      },
      "score": 0.0533
    },
    "clojurewest.org": {
      "out": {
        "other": 1
      },
      "score": 0.0533
    },
    "pdxcommons.com": {
      "out": {
        "other": 1
      },
      "score": 0.0533
    },
    "oregon.sla.org": {
      "out": {
        "other": 1
      },
      "score": 0.0533
    },
    "tools.usps.com": {
      "out": {
        "other": 1
      },
      "score": 0.0533
    },
    "www.monaco-portland.com": {
      "out": {
        "other": 1
      },
      "score": 0.0533
    },
    "www.swparentchild.org": {
      "out": {
        "other": 1
      },
      "score": 0.0533
    },
    "www.vancouverfood.coop": {
      "out": {
        "other": 1
      },
      "score": 0.0533
    },
    "www.vhflc.org": {
      "out": {
        "other": 1
      },
      "score": 0.0533
    },
    "facebook.com/zilino": {
      "out": {
        "other": 1
      },
      "score": 0.0533
    },
    "twitter.com/LetoLabs": {
      "out": {
        "other": 1
      },
      "score": 0.0533
    },
    "wilco.coop": {
      "out": {
        "other": 1
      },
      "score": 0.0533
    },
    "www.hancockstreetpreschool.com": {
      "out": {
        "other": 1
      },
      "score": 0.0533
    },
    "www.metzgerpreschool.com": {
      "out": {
        "other": 1
      },
      "score": 0.0533
    },
    "www.portlandmercury.com": {
      "out": {
        "other": 1
      },
      "score": 0.0533
    },
    "www.wweek.com": {
      "out": {
        "other": 1
      },
      "score": 0.0533
    },
    "cheerstoeducation.brownpapertickets.com": {
      "out": {
        "other": 1
      },
      "score": 0.0533
    },
    "www.thinktank.coop": {
      "out": {
        "other": 1
      },
      "score": 0.0533
    },
    "knowthyfood.com": {
      "out": {
        "other": 1
      },
      "score": 0.0533
    },
    "smallworldnews.tv": {
      "out": {
        "other": 1
      },
      "score": 0.0533
    },
    "www.hawthornefamilyplayschool.org": {
      "out": {
        "other": 1
      },
      "score": 0.0533
    },
    "lists.owasp.org": {
      "out": {
        "other": 1
      },
      "score": 0.0533
    },
    "www.educationfirst.org": {
      "out": {
        "other": 1
      },
      "score": 0.0533
    },
    "www.pngcpower.com": {
      "out": {
        "other": 1
      },
      "score": 0.0533
    },
    "plus.google.com/u": {
      "out": {
        "other": 1
      },
      "score": 0.0533
    },
    "portlandcollectivehousing.org": {
      "out": {
        "other": 1
      },
      "score": 0.0533
    },
    "ride.trimet.org": {
      "out": {
        "other": 1
      },
      "score": 0.0533
    },
    "sourceoregon.com": {
      "out": {
        "other": 1
      },
      "score": 0.0533
    },
    "woolseycorner.wordpress.com": {
      "out": {
        "other": 1
      },
      "score": 0.0533
    },
    "www.brooklyncooppreschool.org": {
      "out": {
        "other": 1
      },
      "score": 0.0533
    },
    "www.creativediscoveriespreschool.com": {
      "out": {
        "other": 1
      },
      "score": 0.0533
    },
    "www.pointwestcu.com": {
      "out": {
        "other": 1
      },
      "score": 0.0533
    },
    "www.rifftrax.com": {
      "out": {
        "other": 1
      },
      "score": 0.0533
    },
    "www.tillamookpreschool.org": {
      "out": {
        "other": 1
      },
      "score": 0.0533
    }
  }
}