{
  "domain": "comandich.com",
  "urls": [
    "http://comandich.com/"
  ],
  "names": [
    "kirsten at comandich.com"
  ],
  "descriptions": [
    "comandich dot com."
  ],
  "pictures": [],
  "hcard": {},
  "rel_mes": [
    "https://github.com/kcomandich",
    "https://twitter.com/kcomandich",
    "https://www.last.fm/user/kcomandich",
    "https://www.flickr.com/photos/kcomandich/"
  ],
  "tags": [
    "relme"
  ],
  "endpoints": {},
  "crawl_start": "2017-06-11T14:41:07.693453",
  "crawl_end": "2017-06-11T14:41:07.693453",
  "links_out": 0,
  "links_in": 2,
  "links": {
    "indieweb.org": {
      "in": {
        "other": 2
      },
      "score": 1
    }
  }
}