{
  "domain": "commentpara.de",
  "urls": [
    "http://commentpara.de/"
  ],
  "names": [
    "comment parade"
  ],
  "descriptions": [],
  "pictures": [],
  "hcard": {},
  "rel_mes": [],
  "crawl_start": "2017-06-09T17:35:08",
  "crawl_end": "2017-06-09T17:35:08",
  "num_pages": 1,
  "total_html_size": 753,
  "servers": [
    "Apache (Debian) SVN mod_fastcgi/mod_fastcgi-SNAP-0910052141 mod_jk PHP-0+deb8u1 mod_python Python OpenSSLk"
  ],
  "tags": [
    "micropub",
    "authorization",
    "token"
  ],
  "endpoints": {
    "micropub": [
      "https://commentpara.de/micropub.php"
    ],
    "authorization": [
      "https://commentpara.de/auth.php"
    ],
    "token": [
      "https://commentpara.de/token.php"
    ]
  },
  "links_out": 0,
  "links_in": 149,
  "links": {
    "aaronparecki.com": {
      "in": {
        "other": 47
      },
      "score": 1
    },
    "chat.indieweb.org": {
      "in": {
        "other": 29
      },
      "score": 0.875
    },
    "www.drikk.es": {
      "in": {
        "other": 16
      },
      "score": 0.719
    },
    "drikk.es": {
      "in": {
        "other": 16
      },
      "score": 0.719
    },
    "known.kevinmarks.com": {
      "in": {
        "other": 8
      },
      "score": 0.540
    },
    "raretrack.uk": {
      "in": {
        "other": 8
      },
      "score": 0.540
    },
    "indieweb.org": {
      "in": {
        "other": 5
      },
      "score": 0.418
    },
    "www.1500wordmtu.com": {
      "in": {
        "other": 4
      },
      "score": 0.361
    },
    "notiz.blog": {
      "in": {
        "other": 4
      },
      "score": 0.361
    },
    "www.raretrack.uk": {
      "in": {
        "other": 4
      },
      "score": 0.361
    },
    "adactio.com": {
      "in": {
        "other": 4
      },
      "score": 0.361
    },
    "boffosocko.com": {
      "in": {
        "other": 4
      },
      "score": 0.361
    }
  }
}