{
  "domain": "communityanalyst.arcgis.com",
  "urls": [
    "http://communityanalyst.arcgis.com/"
  ],
  "names": [
    "communityanalyst.arcgis.com"
  ],
  "descriptions": [],
  "pictures": [],
  "hcard": {},
  "rel_mes": [],
  "crawl_start": "2017-04-30T01:57:40",
  "crawl_end": "2017-04-30T01:57:40",
  "num_pages": 1,
  "total_html_size": 598,
  "servers": [
    "ArcGISOnline"
  ],
  "tags": [
    "webmention.io"
  ],
  "endpoints": {},
  "links_out": 0,
  "links_in": 2,
  "links": {
    "www.esri.com": {
      "in": {
        "other": 2
      },
      "score": 1
    }
  }
}