{
  "domain": "connextrum.com",
  "urls": [
    "http://connextrum.com/"
  ],
  "names": [
    "Welcome to nginx on Debian!"
  ],
  "descriptions": [],
  "pictures": [],
  "hcard": {},
  "rel_mes": [],
  "crawl_start": "2017-06-09T17:35:08",
  "crawl_end": "2017-06-09T17:35:08",
  "num_pages": 1,
  "total_html_size": 867,
  "servers": [
    "nginx"
  ],
  "tags": [],
  "endpoints": {},
  "links_out": 2,
  "links_in": 0,
  "links": {
    "bugs.debian.org": {
      "out": {
        "other": 1
      },
      "score": 1
    },
    "nginx.org": {
      "out": {
        "other": 1
      },
      "score": 1
    }
  }
}