{
  "domain": "conoroneill.net",
  "urls": [
    "http://conoroneill.net/"
  ],
  "names": [
    "Cross Dominant · Cross Dominant"
  ],
  "descriptions": [
    "Mixed laterality since 1968"
  ],
  "pictures": [],
  "hcard": {},
  "rel_mes": [],
  "crawl_start": "2017-06-09T17:35:08",
  "crawl_end": "2017-06-09T17:40:52",
  "num_pages": 810,
  "total_html_size": 8560150,
  "servers": [
    "GitHub.com",
    "Hugo"
  ],
  "tags": [],
  "endpoints": {},
  "links_out": 8233,
  "links_in": 5,
  "links": {
    "disqus.com": {
      "out": {
        "other": 1470
      },
      "score": 1
    },
    "github.com": {
      "out": {
        "other": 1053
      },
      "score": 0.957
    },
    "twitter.com/conoro": {
      "out": {
        "other": 823
      },
      "score": 0.927
    },
    "hugo.spf13.com": {
      "out": {
        "other": 810
      },
      "score": 0.925
    },
    "s3-eu-west-1.amazonaws.com": {
      "out": {
        "other": 332
      },
      "score": 0.814
    },
    "www.youtube.com": {
      "out": {
        "other": 164
      },
      "score": 0.725
    },
    "dx.com": {
      "out": {
        "other": 86
      },
      "score": 0.645
    },
    "www.loudervoice.com": {
      "out": {
        "other": 76
      },
      "score": 0.628
    },
    "play.google.com": {
      "out": {
        "other": 64
      },
      "score": 0.607
    },
    "getfile0.posterous.com": {
      "out": {
        "other": 56
      },
      "score": 0.591
    },
    "www.raspberrypi.org": {
      "out": {
        "other": 52
      },
      "score": 0.581
    },
    "www.google.com": {
      "out": {
        "other": 51
      },
      "score": 0.578
    },
    "www.sparkfun.com": {
      "out": {
        "other": 45
      },
      "score": 0.563
    },
    "www.adafruit.com": {
      "out": {
        "other": 39
      },
      "score": 0.546
    },
    "getfile9.posterous.com": {
      "out": {
        "other": 38
      },
      "score": 0.542
    },
    "www.amazon.co.uk": {
      "out": {
        "other": 36
      },
      "score": 0.536
    },
    "getfile2.posterous.com": {
      "out": {
        "other": 34
      },
      "score": 0.528
    },
    "conoroneill.posterous.com": {
      "out": {
        "other": 34
      },
      "score": 0.528
    },
    "techcrunch.com": {
      "out": {
        "other": 32
      },
      "score": 0.521
    },
    "twitter.com": {
      "out": {
        "other": 30
      },
      "score": 0.512
    },
    "getfile4.posterous.com": {
      "out": {
        "other": 30
      },
      "score": 0.512
    },
    "getfile6.posterous.com": {
      "out": {
        "other": 30
      },
      "score": 0.512
    },
    "www.aliexpress.com": {
      "out": {
        "other": 29
      },
      "score": 0.508
    },
    "getfile8.posterous.com": {
      "out": {
        "other": 28
      },
      "score": 0.504
    },
    "getfile7.posterous.com": {
      "out": {
        "other": 28
      },
      "score": 0.504
    },
    "www.irishtimes.com": {
      "out": {
        "other": 26
      },
      "score": 0.494
    },
    "vimeo.com": {
      "out": {
        "other": 24
      },
      "score": 0.484
    },
    "www.ebay.co.uk": {
      "out": {
        "other": 24
      },
      "score": 0.484
    },
    "getfile1.posterous.com": {
      "out": {
        "other": 24
      },
      "score": 0.484
    },
    "sugru.com": {
      "out": {
        "other": 24
      },
      "score": 0.484
    },
    "forum.xda-developers.com": {
      "out": {
        "other": 24
      },
      "score": 0.484
    },
    "en.wikipedia.org": {
      "out": {
        "other": 22
      },
      "score": 0.473
    },
    "getfile5.posterous.com": {
      "out": {
        "other": 22
      },
      "score": 0.473
    },
    "arduino.cc": {
      "out": {
        "other": 20
      },
      "score": 0.462
    },
    "www.espruino.com": {
      "out": {
        "other": 20
      },
      "score": 0.462
    },
    "www.seeedstudio.com": {
      "out": {
        "other": 20
      },
      "score": 0.462
    },
    "www.engadget.com": {
      "out": {
        "other": 18
      },
      "score": 0.448
    },
    "code.google.com": {
      "out": {
        "other": 16
      },
      "score": 0.434
    },
    "market.android.com": {
      "out": {
        "other": 16
      },
      "score": 0.434
    },
    "ie.farnell.com": {
      "out": {
        "other": 16
      },
      "score": 0.434
    },
    "www.ebay.ie": {
      "out": {
        "other": 16
      },
      "score": 0.434
    },
    "xbmc.org": {
      "out": {
        "other": 16
      },
      "score": 0.434
    },
    "appinventoredu.mit.edu": {
      "out": {
        "other": 16
      },
      "score": 0.434
    },
    "learn.adafruit.com": {
      "out": {
        "other": 16
      },
      "score": 0.434
    },
    "blahblahblah.com": {
      "out": {
        "other": 16
      },
      "score": 0.434
    },
    "www.amazon.com": {
      "out": {
        "other": 16
      },
      "score": 0.434
    },
    "www.manicmammy.com": {
      "out": {
        "other": 16
      },
      "score": 0.434
    },
    "conoroneill.com": {
      "out": {
        "other": 14
      },
      "score": 0.417
    },
    "conoroneill.net.s3.amazonaws.com": {
      "out": {
        "other": 14
      },
      "score": 0.417
    },
    "getfile3.posterous.com": {
      "out": {
        "other": 14
      },
      "score": 0.417
    },
    "www.dx.com": {
      "out": {
        "other": 14
      },
      "score": 0.417
    },
    "www.coolcomponents.co.uk": {
      "out": {
        "other": 14
      },
      "score": 0.417
    },
    "www.hobbyking.com": {
      "out": {
        "other": 14
      },
      "score": 0.417
    },
    "harpjs.com": {
      "out": {
        "other": 13
      },
      "score": 0.408
    },
    "gist.github.com": {
      "out": {
        "other": 12
      },
      "score": 0.398
    },
    "www.web2ireland.org": {
      "out": {
        "other": 12
      },
      "score": 0.398
    },
    "www.symbian-guru.com": {
      "out": {
        "other": 12
      },
      "score": 0.398
    },
    "itunes.apple.com": {
      "out": {
        "other": 12
      },
      "score": 0.398
    },
    "www.elecfreaks.com": {
      "out": {
        "other": 12
      },
      "score": 0.398
    },
    "cosm.com": {
      "out": {
        "other": 12
      },
      "score": 0.398
    },
    "www.ebay.com": {
      "out": {
        "other": 12
      },
      "score": 0.398
    },
    "kellan.io": {
      "out": {
        "other": 12
      },
      "score": 0.398
    },
    "www.dd-wrt.com": {
      "out": {
        "other": 12
      },
      "score": 0.398
    },
    "hackaday.com": {
      "out": {
        "other": 11
      },
      "score": 0.387
    },
    "androidcommunity.com": {
      "out": {
        "other": 10
      },
      "score": 0.375
    },
    "www.openshift.com": {
      "out": {
        "other": 10
      },
      "score": 0.375
    },
    "dev.twitter.com": {
      "out": {
        "other": 10
      },
      "score": 0.375
    },
    "golang.org": {
      "out": {
        "other": 10
      },
      "score": 0.375
    },
    "awards.ie": {
      "out": {
        "other": 10
      },
      "score": 0.375
    },
    "www.businessinsider.com": {
      "out": {
        "other": 10
      },
      "score": 0.375
    },
    "picasaweb.google.com": {
      "out": {
        "other": 10
      },
      "score": 0.375
    },
    "elinux.org": {
      "out": {
        "other": 10
      },
      "score": 0.375
    },
    "www.kickstarter.com": {
      "out": {
        "other": 9
      },
      "score": 0.362
    },
    "rg3.github.io": {
      "out": {
        "other": 8
      },
      "score": 0.347
    },
    "chrome.google.com": {
      "out": {
        "other": 8
      },
      "score": 0.347
    },
    "seaside.citilab.eu": {
      "out": {
        "other": 8
      },
      "score": 0.347
    },
    "appinventor.mit.edu": {
      "out": {
        "other": 8
      },
      "score": 0.347
    },
    "www.alpha-crucis.com": {
      "out": {
        "other": 8
      },
      "score": 0.347
    },
    "curationby.me": {
      "out": {
        "other": 8
      },
      "score": 0.347
    },
    "winff.org": {
      "out": {
        "other": 8
      },
      "score": 0.347
    },
    "shop.pimoroni.com": {
      "out": {
        "other": 8
      },
      "score": 0.347
    },
    "www.dealextreme.com": {
      "out": {
        "other": 8
      },
      "score": 0.347
    },
    "ifttt.com": {
      "out": {
        "other": 8
      },
      "score": 0.347
    },
    "blog.nodejs.org": {
      "out": {
        "other": 8
      },
      "score": 0.347
    },
    "android.modaco.com": {
      "out": {
        "other": 8
      },
      "score": 0.347
    },
    "groups.google.com": {
      "out": {
        "other": 8
      },
      "score": 0.347
    },
    "googleblog.blogspot.com": {
      "out": {
        "other": 8
      },
      "score": 0.347
    },
    "plus.google.com/u": {
      "out": {
        "other": 8
      },
      "score": 0.347
    },
    "www.thingiverse.com": {
      "out": {
        "other": 8
      },
      "score": 0.347
    },
    "alpha.app.net": {
      "out": {
        "other": 8
      },
      "score": 0.347
    },
    "eud.dx.com": {
      "out": {
        "other": 7
      },
      "score": 0.330
    },
    "api.cosm.com": {
      "out": {
        "other": 6
      },
      "score": 0.310
    },
    "travis-ci.org": {
      "out": {
        "other": 6
      },
      "score": 0.310
    },
    "twitter.com/jkeyes": {
      "out": {
        "other": 6
      },
      "score": 0.310
    },
    "www.7dayshop.com": {
      "out": {
        "other": 6
      },
      "score": 0.310
    },
    "www.tvtrade.ie": {
      "out": {
        "other": 6
      },
      "score": 0.310
    },
    "www.airspayce.com": {
      "out": {
        "other": 6
      },
      "score": 0.310
    },
    "store.arduino.cc": {
      "out": {
        "other": 6
      },
      "score": 0.310
    },
    "mashable.com": {
      "out": {
        "other": 6
      },
      "score": 0.310
    },
    "www.maplin.co.uk": {
      "out": {
        "other": 6
      },
      "score": 0.310
    },
    "littlebits.cc": {
      "out": {
        "other": 6
      },
      "score": 0.310
    },
    "www.parcelmotel.com": {
      "out": {
        "other": 6
      },
      "score": 0.310
    },
    "www.patreon.com": {
      "out": {
        "other": 6
      },
      "score": 0.310
    },
    "www.slideshare.net": {
      "out": {
        "other": 6
      },
      "score": 0.310
    },
    "solwise.co.uk": {
      "out": {
        "other": 6
      },
      "score": 0.310
    },
    "www.allaboutsymbian.com": {
      "out": {
        "other": 6
      },
      "score": 0.310
    },
    "wordpress.org": {
      "out": {
        "other": 6
      },
      "score": 0.310
    },
    "www.cyanogenmod.com": {
      "out": {
        "other": 6
      },
      "score": 0.310
    },
    "rackspacestartups.com": {
      "out": {
        "other": 6
      },
      "score": 0.310
    },
    "www.boingboing.net": {
      "out": {
        "other": 6
      },
      "score": 0.310
    },
    "market.littlebits.cc": {
      "out": {
        "other": 6
      },
      "score": 0.310
    },
    "www.endomondo.com": {
      "out": {
        "other": 6
      },
      "score": 0.310
    },
    "ytpodders.com": {
      "out": {
        "other": 6
      },
      "score": 0.310
    },
    "gigaom.com": {
      "out": {
        "other": 6
      },
      "score": 0.310
    },
    "www.modk.it": {
      "out": {
        "other": 6
      },
      "score": 0.310
    },
    "www.seriouseats.com": {
      "out": {
        "other": 6
      },
      "score": 0.310
    },
    "www.makeymakey.com": {
      "out": {
        "other": 6
      },
      "score": 0.310
    },
    "letsencrypt.org": {
      "out": {
        "other": 6
      },
      "score": 0.310
    },
    "t.co": {
      "out": {
        "other": 6
      },
      "score": 0.310
    },
    "www.raspbmc.com": {
      "out": {
        "other": 6
      },
      "score": 0.310
    },
    "www.appinventorbeta.com": {
      "out": {
        "other": 6
      },
      "score": 0.310
    },
    "google.com": {
      "out": {
        "other": 6
      },
      "score": 0.310
    },
    "shrimping.it": {
      "out": {
        "other": 6
      },
      "score": 0.310
    },
    "foursquare.com": {
      "out": {
        "other": 6
      },
      "score": 0.310
    },
    "smarterware.org": {
      "out": {
        "other": 6
      },
      "score": 0.310
    },
    "www.avc.com": {
      "out": {
        "other": 6
      },
      "score": 0.310
    },
    "www.tested.com": {
      "out": {
        "other": 6
      },
      "score": 0.310
    },
    "www.oracle.com": {
      "out": {
        "other": 6
      },
      "score": 0.310
    },
    "gohugo.io": {
      "out": {
        "other": 6
      },
      "score": 0.310
    },
    "twitter.com/walter": {
      "out": {
        "other": 6
      },
      "score": 0.310
    },
    "blog.boxee.tv": {
      "out": {
        "other": 6
      },
      "score": 0.310
    },
    "www.boxee.tv": {
      "out": {
        "other": 6
      },
      "score": 0.310
    },
    "www.flickr.com": {
      "out": {
        "other": 6
      },
      "score": 0.310
    },
    "join.app.net": {
      "out": {
        "other": 6
      },
      "score": 0.310
    },
    "www.bbc.co.uk": {
      "out": {
        "other": 6
      },
      "score": 0.310
    },
    "www.vibramfivefingers.com": {
      "out": {
        "other": 6
      },
      "score": 0.310
    },
    "android-developers.blogspot.com": {
      "out": {
        "other": 6
      },
      "score": 0.310
    },
    "www.hardkernel.com": {
      "out": {
        "other": 6
      },
      "score": 0.310
    },
    "twitter.com/onetruecathal": {
      "out": {
        "other": 5
      },
      "score": 0.288
    },
    "www.docker.com": {
      "out": {
        "other": 5
      },
      "score": 0.288
    },
    "www.electrodragon.com": {
      "out": {
        "other": 5
      },
      "score": 0.288
    },
    "nodemcu.com": {
      "out": {
        "other": 5
      },
      "score": 0.288
    },
    "pages.github.com": {
      "out": {
        "other": 5
      },
      "score": 0.288
    },
    "onion.io": {
      "out": {
        "other": 5
      },
      "score": 0.288
    },
    "www.bandonfloodwarning.ie": {
      "out": {
        "other": 5
      },
      "score": 0.288
    },
    "www.arduino.cc": {
      "out": {
        "other": 5
      },
      "score": 0.288
    },
    "www.blackvpn.com": {
      "out": {
        "other": 5
      },
      "score": 0.288
    },
    "facebook.github.io": {
      "out": {
        "other": 5
      },
      "score": 0.288
    },
    "www.asus.com": {
      "out": {
        "other": 5
      },
      "score": 0.288
    },
    "beta.swype.com": {
      "out": {
        "other": 4
      },
      "score": 0.260
    },
    "pinboard.in": {
      "out": {
        "other": 4
      },
      "score": 0.260
    },
    "www.shapeways.com": {
      "out": {
        "other": 4
      },
      "score": 0.260
    },
    "Turntable.fm": {
      "out": {
        "other": 4
      },
      "score": 0.260
    },
    "dilbert.com": {
      "out": {
        "other": 4
      },
      "score": 0.260
    },
    "www.mycharity.ie": {
      "out": {
        "other": 4
      },
      "score": 0.260
    },
    "www.samsung.com": {
      "out": {
        "other": 4
      },
      "score": 0.260
    },
    "go-mono.com": {
      "out": {
        "other": 4
      },
      "score": 0.260
    },
    "octopress.org": {
      "out": {
        "other": 4
      },
      "score": 0.260
    },
    "tangentsoft.net": {
      "out": {
        "other": 4
      },
      "score": 0.260
    },
    "www.entropay.com": {
      "out": {
        "other": 4
      },
      "score": 0.260
    },
    "www.incarexpress.co.uk": {
      "out": {
        "other": 4
      },
      "score": 0.260
    },
    "www.instructables.com": {
      "out": {
        "other": 4
      },
      "score": 0.260
    },
    "www.teic.ie": {
      "out": {
        "other": 4
      },
      "score": 0.260
    },
    "developer.android.com": {
      "out": {
        "other": 4
      },
      "score": 0.260
    },
    "thenextweb.com": {
      "out": {
        "other": 4
      },
      "score": 0.260
    },
    "loudervoice.com": {
      "out": {
        "other": 4
      },
      "score": 0.260
    },
    "mp4nation.net": {
      "out": {
        "other": 4
      },
      "score": 0.260
    },
    "www.lidl.ie": {
      "out": {
        "other": 4
      },
      "score": 0.260
    },
    "www.vcwear.com": {
      "out": {
        "other": 4
      },
      "score": 0.260
    },
    "bit.ly": {
      "out": {
        "other": 4
      },
      "score": 0.260
    },
    "www.barefoot.ie": {
      "out": {
        "other": 4
      },
      "score": 0.260
    },
    "piratebox.de": {
      "out": {
        "other": 4
      },
      "score": 0.260
    },
    "www.pocket-lint.com": {
      "out": {
        "other": 4
      },
      "score": 0.260
    },
    "sparkfun.com": {
      "out": {
        "other": 4
      },
      "score": 0.260
    },
    "twitter.com/donncha": {
      "out": {
        "other": 4
      },
      "score": 0.260
    },
    "www.worldofspectrum.org": {
      "out": {
        "other": 4
      },
      "score": 0.260
    },
    "www.met.ie": {
      "out": {
        "other": 4
      },
      "score": 0.260
    },
    "www.guardian.co.uk": {
      "out": {
        "other": 4
      },
      "score": 0.260
    },
    "facebook.com": {
      "out": {
        "other": 4
      },
      "score": 0.260
    },
    "hairydalek.posterous.com": {
      "out": {
        "other": 4
      },
      "score": 0.260
    },
    "launchpadlibrarian.net": {
      "out": {
        "other": 4
      },
      "score": 0.260
    },
    "makezine.com": {
      "out": {
        "other": 4
      },
      "score": 0.260
    },
    "walterhiggins.net": {
      "out": {
        "other": 4
      },
      "score": 0.260
    },
    "www.businessweek.com": {
      "out": {
        "other": 4
      },
      "score": 0.260
    },
    "www.ubuntu.com": {
      "out": {
        "other": 4
      },
      "score": 0.260
    },
    "nano.conoroneill.com": {
      "out": {
        "other": 4
      },
      "score": 0.260
    },
    "runkeeper.com": {
      "out": {
        "other": 4
      },
      "score": 0.260
    },
    "googleblog.blogspot.ie": {
      "out": {
        "other": 4
      },
      "score": 0.260
    },
    "creativecommons.org": {
      "out": {
        "other": 4
      },
      "score": 0.260
    },
    "fargo.io": {
      "out": {
        "other": 4
      },
      "score": 0.260
    },
    "www.readwriteweb.com": {
      "out": {
        "other": 4
      },
      "score": 0.260
    },
    "www.rte.ie": {
      "out": {
        "other": 4
      },
      "score": 0.260
    },
    "www.feedhenry.com": {
      "out": {
        "other": 4
      },
      "score": 0.260
    },
    "www.theregister.co.uk": {
      "out": {
        "other": 4
      },
      "score": 0.260
    },
    "iojs.org": {
      "out": {
        "other": 4
      },
      "score": 0.260
    },
    "scripting.com": {
      "out": {
        "other": 4
      },
      "score": 0.260
    },
    "www.blueface.ie": {
      "out": {
        "other": 4
      },
      "score": 0.260
    },
    "seanbonner.tumblr.com": {
      "out": {
        "other": 4
      },
      "score": 0.260
    },
    "offsite.ie": {
      "out": {
        "other": 4
      },
      "score": 0.260
    },
    "openweathermap.org": {
      "out": {
        "other": 4
      },
      "score": 0.260
    },
    "www.mophie.com": {
      "out": {
        "other": 4
      },
      "score": 0.260
    },
    "getpebble.com": {
      "out": {
        "other": 4
      },
      "score": 0.260
    },
    "gobot.io": {
      "out": {
        "other": 4
      },
      "score": 0.260
    },
    "www.element14.com": {
      "out": {
        "other": 4
      },
      "score": 0.260
    },
    "openwrt.org": {
      "out": {
        "other": 4
      },
      "score": 0.260
    },
    "www.patriotmemory.com": {
      "out": {
        "other": 4
      },
      "score": 0.260
    },
    "www.thewandcompany.com": {
      "out": {
        "other": 4
      },
      "score": 0.260
    },
    "www.digitalocean.com": {
      "out": {
        "other": 4
      },
      "score": 0.260
    },
    "www.propertypriceregister.ie": {
      "out": {
        "other": 4
      },
      "score": 0.260
    },
    "patphelan.net": {
      "out": {
        "other": 4
      },
      "score": 0.260
    },
    "pqrs.org": {
      "out": {
        "other": 4
      },
      "score": 0.260
    },
    "shop.ciseco.co.uk": {
      "out": {
        "other": 4
      },
      "score": 0.260
    },
    "maps.corkcoco.ie": {
      "out": {
        "other": 4
      },
      "score": 0.260
    },
    "meetup.opendata.ie": {
      "out": {
        "other": 4
      },
      "score": 0.260
    },
    "www.indiegogo.com": {
      "out": {
        "other": 4
      },
      "score": 0.260
    },
    "www.intomobile.com": {
      "out": {
        "other": 4
      },
      "score": 0.260
    },
    "chocolatey.org": {
      "out": {
        "other": 4
      },
      "score": 0.260
    },
    "wiki.xbmc.org": {
      "out": {
        "other": 4
      },
      "score": 0.260
    },
    "blog.rastating.com": {
      "out": {
        "other": 4
      },
      "score": 0.260
    },
    "conoro.jaikuarchive.com": {
      "out": {
        "other": 4
      },
      "score": 0.260
    },
    "docs.google.com": {
      "out": {
        "other": 4
      },
      "score": 0.260
    },
    "rusty.com": {
      "out": {
        "other": 4
      },
      "score": 0.260
    },
    "www.androidguys.com": {
      "out": {
        "other": 4
      },
      "score": 0.260
    },
    "www.nytimes.com": {
      "out": {
        "other": 4
      },
      "score": 0.260
    },
    "apps.new.facebook.com": {
      "out": {
        "other": 4
      },
      "score": 0.260
    },
    "aws.typepad.com": {
      "out": {
        "other": 4
      },
      "score": 0.260
    },
    "digistump.com": {
      "out": {
        "other": 4
      },
      "score": 0.260
    },
    "klouchebag.com": {
      "out": {
        "other": 4
      },
      "score": 0.260
    },
    "www.theverge.com": {
      "out": {
        "other": 4
      },
      "score": 0.260
    },
    "aws.amazon.com": {
      "out": {
        "other": 4
      },
      "score": 0.260
    },
    "www.ika.ie": {
      "out": {
        "other": 4
      },
      "score": 0.260
    },
    "www.mulley.net": {
      "out": {
        "other": 4
      },
      "score": 0.260
    },
    "www.plinkart.com": {
      "out": {
        "other": 4
      },
      "score": 0.260
    },
    "twitter.com/joedesbonnet": {
      "out": {
        "other": 4
      },
      "score": 0.260
    },
    "www.innovator.ie": {
      "out": {
        "other": 4
      },
      "score": 0.260
    },
    "www.origo3dprinting.com": {
      "out": {
        "other": 4
      },
      "score": 0.260
    },
    "c.brightcove.com": {
      "out": {
        "other": 4
      },
      "score": 0.260
    },
    "forums.adafruit.com": {
      "out": {
        "other": 4
      },
      "score": 0.260
    },
    "www.dropbox.com": {
      "out": {
        "other": 4
      },
      "score": 0.260
    },
    "handbrake.fr": {
      "out": {
        "other": 4
      },
      "score": 0.260
    },
    "www.profounderscapital.com": {
      "out": {
        "other": 4
      },
      "score": 0.260
    },
    "pipes.yahoo.com": {
      "out": {
        "other": 4
      },
      "score": 0.260
    },
    "raw.github.com": {
      "out": {
        "other": 4
      },
      "score": 0.260
    },
    "www.wbie.com": {
      "out": {
        "other": 4
      },
      "score": 0.260
    },
    "endo2atom.conoroneill.com": {
      "out": {
        "other": 4
      },
      "score": 0.260
    },
    "notch.me": {
      "out": {
        "other": 4
      },
      "score": 0.260
    },
    "sourceforge.net": {
      "out": {
        "other": 4
      },
      "score": 0.260
    },
    "Amazon.co.uk": {
      "out": {
        "other": 4
      },
      "score": 0.260
    },
    "dl.dropboxusercontent.com": {
      "out": {
        "other": 4
      },
      "score": 0.260
    },
    "facebook.com/pages": {
      "out": {
        "other": 4
      },
      "score": 0.260
    },
    "projects.drogon.net": {
      "out": {
        "other": 4
      },
      "score": 0.260
    },
    "www.eurodroid.com": {
      "out": {
        "other": 4
      },
      "score": 0.260
    },
    "www.harp.io": {
      "out": {
        "other": 4
      },
      "score": 0.260
    },
    "www.kimonolabs.com": {
      "out": {
        "other": 4
      },
      "score": 0.260
    },
    "answers.polldaddy.com": {
      "out": {
        "other": 4
      },
      "score": 0.260
    },
    "blog.posterous.com": {
      "out": {
        "other": 4
      },
      "score": 0.260
    },
    "www.thetvaddict.com": {
      "out": {
        "other": 4
      },
      "score": 0.260
    },
    "blog.cesanta.com": {
      "out": {
        "other": 3
      },
      "score": 0.224
    },
    "scriptcraftjs.org": {
      "out": {
        "other": 3
      },
      "score": 0.224
    },
    "www.audacityteam.org": {
      "out": {
        "other": 3
      },
      "score": 0.224
    },
    "espressif.com": {
      "out": {
        "other": 3
      },
      "score": 0.224
    },
    "conorsdomain.com": {
      "out": {
        "other": 3
      },
      "score": 0.224
    },
    "docs.travis-ci.com": {
      "out": {
        "other": 3
      },
      "score": 0.224
    },
    "raw.githubusercontent.com": {
      "out": {
        "other": 3
      },
      "score": 0.224
    },
    "en.radzio.dxp.pl": {
      "out": {
        "other": 3
      },
      "score": 0.224
    },
    "www.autodesk.com": {
      "out": {
        "other": 3
      },
      "score": 0.224
    },
    "getchip.com": {
      "out": {
        "other": 3
      },
      "score": 0.224
    },
    "hexo.io": {
      "out": {
        "other": 3
      },
      "score": 0.224
    },
    "www.authy.com": {
      "out": {
        "other": 3
      },
      "score": 0.224
    },
    "ip-of-your-onion": {
      "out": {
        "other": 3
      },
      "score": 0.224
    },
    "something.no-ip.net": {
      "out": {
        "other": 3
      },
      "score": 0.224
    },
    "ia801809.us.archive.org": {
      "out": {
        "other": 3
      },
      "score": 0.224
    },
    "www.dnsmadeeasy.com": {
      "out": {
        "other": 3
      },
      "score": 0.224
    },
    "www.peachpit.com": {
      "out": {
        "other": 3
      },
      "score": 0.224
    },
    "soundcloud.com": {
      "out": {
        "other": 3
      },
      "score": 0.224
    },
    "www.bq.com": {
      "out": {
        "other": 3
      },
      "score": 0.224
    },
    "no-IP.com": {
      "out": {
        "other": 3
      },
      "score": 0.224
    },
    "cylonjs.com": {
      "out": {
        "other": 3
      },
      "score": 0.224
    },
    "printrbot.dozuki.com": {
      "out": {
        "other": 3
      },
      "score": 0.224
    },
    "bluproducts.com": {
      "out": {
        "other": 3
      },
      "score": 0.224
    },
    "www.black-swift.com": {
      "out": {
        "other": 3
      },
      "score": 0.224
    },
    "www.particle.io": {
      "out": {
        "other": 3
      },
      "score": 0.224
    },
    "hub.docker.com": {
      "out": {
        "other": 3
      },
      "score": 0.224
    },
    "www.polarcloud.com": {
      "out": {
        "other": 3
      },
      "score": 0.224
    },
    "asuswrt.lostrealm.ca": {
      "out": {
        "other": 3
      },
      "score": 0.224
    },
    "swag.raspberrypi.org": {
      "out": {
        "other": 3
      },
      "score": 0.224
    },
    "www.twilio.com": {
      "out": {
        "other": 3
      },
      "score": 0.224
    },
    "caddyserver.com": {
      "out": {
        "other": 3
      },
      "score": 0.224
    },
    "www.eddy2099.com": {
      "out": {
        "other": 3
      },
      "score": 0.224
    },
    "twitter.com/bandonfews": {
      "out": {
        "other": 3
      },
      "score": 0.224
    },
    "www.pjrc.com": {
      "out": {
        "other": 3
      },
      "score": 0.224
    },
    "beagleboard.org": {
      "out": {
        "other": 2
      },
      "score": 0.174
    },
    "blog.sheasilverman.com": {
      "out": {
        "other": 2
      },
      "score": 0.174
    },
    "irishproperty.herokuapp.com": {
      "out": {
        "other": 2
      },
      "score": 0.174
    },
    "knexjs.org": {
      "out": {
        "other": 2
      },
      "score": 0.174
    },
    "nerdyderby.com": {
      "out": {
        "other": 2
      },
      "score": 0.174
    },
    "www.ifibooking.ie": {
      "out": {
        "other": 2
      },
      "score": 0.174
    },
    "www.pampers.ie": {
      "out": {
        "other": 2
      },
      "score": 0.174
    },
    "www.py2exe.org": {
      "out": {
        "other": 2
      },
      "score": 0.174
    },
    "www.techdirt.com": {
      "out": {
        "other": 2
      },
      "score": 0.174
    },
    "yoursmtpserver.com": {
      "out": {
        "other": 2
      },
      "score": 0.174
    },
    "chromeos.hexxeh.net": {
      "out": {
        "other": 2
      },
      "score": 0.174
    },
    "cloudsplit.com": {
      "out": {
        "other": 2
      },
      "score": 0.174
    },
    "gmail.com": {
      "out": {
        "other": 2
      },
      "score": 0.174
    },
    "mongoosejs.com": {
      "out": {
        "other": 2
      },
      "score": 0.174
    },
    "qt-project.org": {
      "out": {
        "other": 2
      },
      "score": 0.174
    },
    "revel.github.io": {
      "out": {
        "other": 2
      },
      "score": 0.174
    },
    "sheasilverman.com": {
      "out": {
        "other": 2
      },
      "score": 0.174
    },
    "touch.facebook.com": {
      "out": {
        "other": 2
      },
      "score": 0.174
    },
    "twitter.com/Popple3": {
      "out": {
        "other": 2
      },
      "score": 0.174
    },
    "whatever.cloudfront.net": {
      "out": {
        "other": 2
      },
      "score": 0.174
    },
    "www.thepropertypin.com": {
      "out": {
        "other": 2
      },
      "score": 0.174
    },
    "www.unrarx.com": {
      "out": {
        "other": 2
      },
      "score": 0.174
    },
    "adactio.com": {
      "in": {
        "other": 4
      },
      "score": 0.174
    },
    "cdn.conoroneill.com": {
      "out": {
        "other": 2
      },
      "score": 0.174
    },
    "openelec.tv": {
      "out": {
        "other": 2
      },
      "score": 0.174
    },
    "plus.google.com/conoro": {
      "out": {
        "other": 2
      },
      "score": 0.174
    },
    "raspi.tv": {
      "out": {
        "other": 2
      },
      "score": 0.174
    },
    "twitter.com/hashtag": {
      "out": {
        "other": 2
      },
      "score": 0.174
    },
    "twitter.com/kmobs": {
      "out": {
        "other": 2
      },
      "score": 0.174
    },
    "wcdp.ie": {
      "out": {
        "other": 2
      },
      "score": 0.174
    },
    "www.getjar.com": {
      "out": {
        "other": 2
      },
      "score": 0.174
    },
    "www.indiemoviesonline.com": {
      "out": {
        "other": 2
      },
      "score": 0.174
    },
    "www.mocks.ie": {
      "out": {
        "other": 2
      },
      "score": 0.174
    },
    "www.unicef.ie": {
      "out": {
        "other": 2
      },
      "score": 0.174
    },
    "www.wavesecure.com": {
      "out": {
        "other": 2
      },
      "score": 0.174
    },
    "www.worksmartlabs.com": {
      "out": {
        "other": 2
      },
      "score": 0.174
    },
    "alestic.com": {
      "out": {
        "other": 2
      },
      "score": 0.174
    },
    "appinventorbeta.com": {
      "out": {
        "other": 2
      },
      "score": 0.174
    },
    "googlecreativelab.github.io": {
      "out": {
        "other": 2
      },
      "score": 0.174
    },
    "lav.io": {
      "out": {
        "other": 2
      },
      "score": 0.174
    },
    "www.nokia.com": {
      "out": {
        "other": 2
      },
      "score": 0.174
    },
    "xively.com": {
      "out": {
        "other": 2
      },
      "score": 0.174
    },
    "apc.io": {
      "out": {
        "other": 2
      },
      "score": 0.174
    },
    "janetter.net": {
      "out": {
        "other": 2
      },
      "score": 0.174
    },
    "parcelmotel.com": {
      "out": {
        "other": 2
      },
      "score": 0.174
    },
    "robobrrd.com": {
      "out": {
        "other": 2
      },
      "score": 0.174
    },
    "twitter.com/psneeze": {
      "out": {
        "other": 2
      },
      "score": 0.174
    },
    "www.csectioncomics.com": {
      "out": {
        "other": 2
      },
      "score": 0.174
    },
    "www.domoticz.com": {
      "out": {
        "other": 2
      },
      "score": 0.174
    },
    "www.modaco.com": {
      "out": {
        "other": 2
      },
      "score": 0.174
    },
    "www.mongopress.org": {
      "out": {
        "other": 2
      },
      "score": 0.174
    },
    "www.simon.ie": {
      "out": {
        "other": 2
      },
      "score": 0.174
    },
    "app.net": {
      "out": {
        "other": 2
      },
      "score": 0.174
    },
    "scratch.mit.edu": {
      "out": {
        "other": 2
      },
      "score": 0.174
    },
    "simplyjs.io": {
      "out": {
        "other": 2
      },
      "score": 0.174
    },
    "support.skype.com": {
      "out": {
        "other": 2
      },
      "score": 0.174
    },
    "wiibrew.org": {
      "out": {
        "other": 2
      },
      "score": 0.174
    },
    "www.blacknight.com": {
      "out": {
        "other": 2
      },
      "score": 0.174
    },
    "www.luceytechnology.com": {
      "out": {
        "other": 2
      },
      "score": 0.174
    },
    "www.minecraftwiki.net": {
      "out": {
        "other": 2
      },
      "score": 0.174
    },
    "www.msf.ie": {
      "out": {
        "other": 2
      },
      "score": 0.174
    },
    "www.teddy.ch": {
      "out": {
        "other": 2
      },
      "score": 0.174
    },
    "yellowschedule.com": {
      "out": {
        "other": 2
      },
      "score": 0.174
    },
    "console.developers.google.com": {
      "out": {
        "other": 2
      },
      "score": 0.174
    },
    "forums.lastpass.com": {
      "out": {
        "other": 2
      },
      "score": 0.174
    },
    "latinamerica.tmcnet.com": {
      "out": {
        "other": 2
      },
      "score": 0.174
    },
    "retroshare.sourceforge.net": {
      "out": {
        "other": 2
      },
      "score": 0.174
    },
    "twitter.com/seansherlocktd": {
      "out": {
        "other": 2
      },
      "score": 0.174
    },
    "www.borderlinx.com": {
      "out": {
        "other": 2
      },
      "score": 0.174
    },
    "www.cwsdistribution.com": {
      "out": {
        "other": 2
      },
      "score": 0.174
    },
    "www.giantbomb.com": {
      "out": {
        "other": 2
      },
      "score": 0.174
    },
    "www.wireshark.org": {
      "out": {
        "other": 2
      },
      "score": 0.174
    },
    "appinventorblog.com": {
      "out": {
        "other": 2
      },
      "score": 0.174
    },
    "developers.facebook.com": {
      "out": {
        "other": 2
      },
      "score": 0.174
    },
    "jnhuamao.cn": {
      "out": {
        "other": 2
      },
      "score": 0.174
    },
    "pulsesensor.com": {
      "out": {
        "other": 2
      },
      "score": 0.174
    },
    "pypi.python.org": {
      "out": {
        "other": 2
      },
      "score": 0.174
    },
    "roksbox.com": {
      "out": {
        "other": 2
      },
      "score": 0.174
    },
    "threads.scripting.com": {
      "out": {
        "other": 2
      },
      "score": 0.174
    },
    "www.curiouswines.ie": {
      "out": {
        "other": 2
      },
      "score": 0.174
    },
    "www.eztakes.com": {
      "out": {
        "other": 2
      },
      "score": 0.174
    },
    "archive.raspbian.org": {
      "out": {
        "other": 2
      },
      "score": 0.174
    },
    "bandonfloodwarning.ie": {
      "out": {
        "other": 2
      },
      "score": 0.174
    },
    "econsultancy.com": {
      "out": {
        "other": 2
      },
      "score": 0.174
    },
    "music.google.com": {
      "out": {
        "other": 2
      },
      "score": 0.174
    },
    "twitter.com/MylesNaGopaleen": {
      "out": {
        "other": 2
      },
      "score": 0.174
    },
    "twitter.com/NetflixUK": {
      "out": {
        "other": 2
      },
      "score": 0.174
    },
    "www.beyondpod.com": {
      "out": {
        "other": 2
      },
      "score": 0.174
    },
    "www.goal.ie": {
      "out": {
        "other": 2
      },
      "score": 0.174
    },
    "www.hushvine.com": {
      "out": {
        "other": 2
      },
      "score": 0.174
    },
    "www.pandawill.com": {
      "out": {
        "other": 2
      },
      "score": 0.174
    },
    "www.satellite.ie": {
      "out": {
        "other": 2
      },
      "score": 0.174
    },
    "www.sublimetext.com": {
      "out": {
        "other": 2
      },
      "score": 0.174
    },
    "conversations.nokia.com": {
      "out": {
        "other": 2
      },
      "score": 0.174
    },
    "cs4hs.com": {
      "out": {
        "other": 2
      },
      "score": 0.174
    },
    "news.cnet.com": {
      "out": {
        "other": 2
      },
      "score": 0.174
    },
    "qik.com": {
      "out": {
        "other": 2
      },
      "score": 0.174
    },
    "theletter.co.uk": {
      "out": {
        "other": 2
      },
      "score": 0.174
    },
    "www.cooking-hacks.com": {
      "out": {
        "other": 2
      },
      "score": 0.174
    },
    "diveintomark.org": {
      "out": {
        "other": 2
      },
      "score": 0.174
    },
    "hs.vodafone.ie": {
      "out": {
        "other": 2
      },
      "score": 0.174
    },
    "www.aoyue.eu": {
      "out": {
        "other": 2
      },
      "score": 0.174
    },
    "www.everbuild.co.uk": {
      "out": {
        "other": 2
      },
      "score": 0.174
    },
    "www.myplaydirect.com": {
      "out": {
        "other": 2
      },
      "score": 0.174
    },
    "www.rtems.org": {
      "out": {
        "other": 2
      },
      "score": 0.174
    },
    "zachholman.com": {
      "out": {
        "other": 2
      },
      "score": 0.174
    },
    "blog.cloudberrylab.com": {
      "out": {
        "other": 2
      },
      "score": 0.174
    },
    "giveblood.ie": {
      "out": {
        "other": 2
      },
      "score": 0.174
    },
    "madaboutscience.net": {
      "out": {
        "other": 2
      },
      "score": 0.174
    },
    "openvpn.net": {
      "out": {
        "other": 2
      },
      "score": 0.174
    },
    "pandodaily.com": {
      "out": {
        "other": 2
      },
      "score": 0.174
    },
    "raspberrypi.org": {
      "out": {
        "other": 2
      },
      "score": 0.174
    },
    "wpmu.org": {
      "out": {
        "other": 2
      },
      "score": 0.174
    },
    "www.allfacebook.com": {
      "out": {
        "other": 2
      },
      "score": 0.174
    },
    "www.dc-unlocker.com": {
      "out": {
        "other": 2
      },
      "score": 0.174
    },
    "www.iboum.com": {
      "out": {
        "other": 2
      },
      "score": 0.174
    },
    "Node.js": {
      "out": {
        "other": 2
      },
      "score": 0.174
    },
    "barefoot.ie": {
      "out": {
        "other": 2
      },
      "score": 0.174
    },
    "diydrones.com": {
      "out": {
        "other": 2
      },
      "score": 0.174
    },
    "downloadcenter.intel.com": {
      "out": {
        "other": 2
      },
      "score": 0.174
    },
    "downloads.element14.com": {
      "out": {
        "other": 2
      },
      "score": 0.174
    },
    "minecraft.net": {
      "out": {
        "other": 2
      },
      "score": 0.174
    },
    "open.mapquest.com": {
      "out": {
        "other": 2
      },
      "score": 0.174
    },
    "twitter.com/donttrythis": {
      "out": {
        "other": 2
      },
      "score": 0.174
    },
    "twitter.com/micflan": {
      "out": {
        "other": 2
      },
      "score": 0.174
    },
    "www.androlib.com": {
      "out": {
        "other": 2
      },
      "score": 0.174
    },
    "www.github.com": {
      "out": {
        "other": 2
      },
      "score": 0.174
    },
    "www.hbogo.com": {
      "out": {
        "other": 2
      },
      "score": 0.174
    },
    "cassandra.apache.org": {
      "out": {
        "other": 2
      },
      "score": 0.174
    },
    "glassechidna.com.au": {
      "out": {
        "other": 2
      },
      "score": 0.174
    },
    "karlmonaghan.com": {
      "out": {
        "other": 2
      },
      "score": 0.174
    },
    "tv.gawker.com": {
      "out": {
        "other": 2
      },
      "score": 0.174
    },
    "www.ipkall.com": {
      "out": {
        "other": 2
      },
      "score": 0.174
    },
    "www.mubi.com": {
      "out": {
        "other": 2
      },
      "score": 0.174
    },
    "www.sabrinadent.com": {
      "out": {
        "other": 2
      },
      "score": 0.174
    },
    "USUnlocked.com": {
      "out": {
        "other": 2
      },
      "score": 0.174
    },
    "coderdojowestcork.wordpress.com": {
      "out": {
        "other": 2
      },
      "score": 0.174
    },
    "colmogorman.com": {
      "out": {
        "other": 2
      },
      "score": 0.174
    },
    "corkopencoffee.org": {
      "out": {
        "other": 2
      },
      "score": 0.174
    },
    "inkscape.org": {
      "out": {
        "other": 2
      },
      "score": 0.174
    },
    "luckebox.com": {
      "out": {
        "other": 2
      },
      "score": 0.174
    },
    "m.waze.com": {
      "out": {
        "other": 2
      },
      "score": 0.174
    },
    "ni-c.github.io": {
      "out": {
        "other": 2
      },
      "score": 0.174
    },
    "timehop.com": {
      "out": {
        "other": 2
      },
      "score": 0.174
    },
    "url.ie": {
      "out": {
        "other": 2
      },
      "score": 0.174
    },
    "www.shop4nfc.com": {
      "out": {
        "other": 2
      },
      "score": 0.174
    },
    "www.testfreaks.com": {
      "out": {
        "other": 2
      },
      "score": 0.174
    },
    "appslib.com": {
      "out": {
        "other": 2
      },
      "score": 0.174
    },
    "blog.programmableweb.com": {
      "out": {
        "other": 2
      },
      "score": 0.174
    },
    "data.gov.uk": {
      "out": {
        "other": 2
      },
      "score": 0.174
    },
    "evca.eu": {
      "out": {
        "other": 2
      },
      "score": 0.174
    },
    "facebook.com/groups": {
      "out": {
        "other": 2
      },
      "score": 0.174
    },
    "forum.swype.com": {
      "out": {
        "other": 2
      },
      "score": 0.174
    },
    "hexchat.github.io": {
      "out": {
        "other": 2
      },
      "score": 0.174
    },
    "russelldavis.org": {
      "out": {
        "other": 2
      },
      "score": 0.174
    },
    "uk.asus.com": {
      "out": {
        "other": 2
      },
      "score": 0.174
    },
    "www.eddale.co": {
      "out": {
        "other": 2
      },
      "score": 0.174
    },
    "www.rebtel.com": {
      "out": {
        "other": 2
      },
      "score": 0.174
    },
    "www.thedailymash.co.uk": {
      "out": {
        "other": 2
      },
      "score": 0.174
    },
    "ben-evans.com": {
      "out": {
        "other": 2
      },
      "score": 0.174
    },
    "twitter.com/BrabantiaLife": {
      "out": {
        "other": 2
      },
      "score": 0.174
    },
    "twitter.com/eircom": {
      "out": {
        "other": 2
      },
      "score": 0.174
    },
    "www.dabs.com": {
      "out": {
        "other": 2
      },
      "score": 0.174
    },
    "www.doggcatcher.com": {
      "out": {
        "other": 2
      },
      "score": 0.174
    },
    "www.poachersinnbandon.com": {
      "out": {
        "other": 2
      },
      "score": 0.174
    },
    "www.themagpi.com": {
      "out": {
        "other": 2
      },
      "score": 0.174
    },
    "minecraft-techworld.com": {
      "out": {
        "other": 2
      },
      "score": 0.174
    },
    "s4a.cat": {
      "out": {
        "other": 2
      },
      "score": 0.174
    },
    "www.3dtin.com": {
      "out": {
        "other": 2
      },
      "score": 0.174
    },
    "www.cykey.co.uk": {
      "out": {
        "other": 2
      },
      "score": 0.174
    },
    "www.heroku.com": {
      "out": {
        "other": 2
      },
      "score": 0.174
    },
    "www.mediastreamingmarket.com": {
      "out": {
        "other": 2
      },
      "score": 0.174
    },
    "www.okayfuture.com": {
      "out": {
        "other": 2
      },
      "score": 0.174
    },
    "www.openfilm.com": {
      "out": {
        "other": 2
      },
      "score": 0.174
    },
    "www.shave.com": {
      "out": {
        "other": 2
      },
      "score": 0.174
    },
    "www.tinkercad.com": {
      "out": {
        "other": 2
      },
      "score": 0.174
    },
    "www.xbmc4xbox.org": {
      "out": {
        "other": 2
      },
      "score": 0.174
    },
    "blog.nraboy.com": {
      "out": {
        "other": 2
      },
      "score": 0.174
    },
    "facebook.com/WildSideSports": {
      "out": {
        "other": 2
      },
      "score": 0.174
    },
    "fuckyeahnouns.com": {
      "out": {
        "other": 2
      },
      "score": 0.174
    },
    "gvalkov.github.com": {
      "out": {
        "other": 2
      },
      "score": 0.174
    },
    "www.android-x86.org": {
      "out": {
        "other": 2
      },
      "score": 0.174
    },
    "www.arexx.com.cn": {
      "out": {
        "other": 2
      },
      "score": 0.174
    },
    "www.bananapi.org": {
      "out": {
        "other": 2
      },
      "score": 0.174
    },
    "www.boards.ie": {
      "out": {
        "other": 2
      },
      "score": 0.174
    },
    "www.ie6upgradepetition.com": {
      "out": {
        "other": 2
      },
      "score": 0.174
    },
    "www.plainenglish.co.uk": {
      "out": {
        "other": 2
      },
      "score": 0.174
    },
    "www.scribd.com": {
      "out": {
        "other": 2
      },
      "score": 0.174
    },
    "5thavefrogger.com": {
      "out": {
        "other": 2
      },
      "score": 0.174
    },
    "bigquery.cloud.google.com": {
      "out": {
        "other": 2
      },
      "score": 0.174
    },
    "comingsoon.vodafone.ie": {
      "out": {
        "other": 2
      },
      "score": 0.174
    },
    "developer.opensignal.com": {
      "out": {
        "other": 2
      },
      "score": 0.174
    },
    "developers.google.com": {
      "out": {
        "other": 2
      },
      "score": 0.174
    },
    "embeddedwirelesssolutions.com": {
      "out": {
        "other": 2
      },
      "score": 0.174
    },
    "graphicall.org": {
      "out": {
        "other": 2
      },
      "score": 0.174
    },
    "last.fm": {
      "out": {
        "other": 2
      },
      "score": 0.174
    },
    "schema.org": {
      "out": {
        "other": 2
      },
      "score": 0.174
    },
    "www.evilmadscientist.com": {
      "out": {
        "other": 2
      },
      "score": 0.174
    },
    "www.freesat.co.uk": {
      "out": {
        "other": 2
      },
      "score": 0.174
    },
    "www.mamanpoulet.com": {
      "out": {
        "other": 2
      },
      "score": 0.174
    },
    "www.msnbc.msn.com": {
      "out": {
        "other": 2
      },
      "score": 0.174
    },
    "www.nevillehobson.com": {
      "out": {
        "other": 2
      },
      "score": 0.174
    },
    "www.philips.com": {
      "out": {
        "other": 2
      },
      "score": 0.174
    },
    "www.waharbinson.eu.com": {
      "out": {
        "other": 2
      },
      "score": 0.174
    },
    "beego.me": {
      "out": {
        "other": 2
      },
      "score": 0.174
    },
    "developer.amazonwebservices.com": {
      "out": {
        "other": 2
      },
      "score": 0.174
    },
    "dublin1798.com": {
      "out": {
        "other": 2
      },
      "score": 0.174
    },
    "weibo.com": {
      "out": {
        "other": 2
      },
      "score": 0.174
    },
    "www.appnitro.com": {
      "out": {
        "other": 2
      },
      "score": 0.174
    },
    "www.dublinwebsummit.com": {
      "out": {
        "other": 2
      },
      "score": 0.174
    },
    "www.gravityforms.com": {
      "out": {
        "other": 2
      },
      "score": 0.174
    },
    "www.st.com": {
      "out": {
        "other": 2
      },
      "score": 0.174
    },
    "www.tesco.com": {
      "out": {
        "other": 2
      },
      "score": 0.174
    },
    "event.on24.com": {
      "out": {
        "other": 2
      },
      "score": 0.174
    },
    "multimedia.ucc.ie": {
      "out": {
        "other": 2
      },
      "score": 0.174
    },
    "nodeconf.eu": {
      "out": {
        "other": 2
      },
      "score": 0.174
    },
    "printrbot.com": {
      "out": {
        "other": 2
      },
      "score": 0.174
    },
    "www.bbc.com": {
      "out": {
        "other": 2
      },
      "score": 0.174
    },
    "www.dcscience.net": {
      "out": {
        "other": 2
      },
      "score": 0.174
    },
    "www.delia-derbyshire.org": {
      "out": {
        "other": 2
      },
      "score": 0.174
    },
    "www.thegreektravel.com": {
      "out": {
        "other": 2
      },
      "score": 0.174
    },
    "y8.com": {
      "out": {
        "other": 2
      },
      "score": 0.174
    },
    "zeromq.org": {
      "out": {
        "other": 2
      },
      "score": 0.174
    },
    "codeninja.ie": {
      "out": {
        "other": 2
      },
      "score": 0.174
    },
    "daltoncaldwell.com": {
      "out": {
        "other": 2
      },
      "score": 0.174
    },
    "developer.radiusnetworks.com": {
      "out": {
        "other": 2
      },
      "score": 0.174
    },
    "eu.techcrunch.com": {
      "out": {
        "other": 2
      },
      "score": 0.174
    },
    "nameofourschool.appspot.com": {
      "out": {
        "other": 2
      },
      "score": 0.174
    },
    "revision3.com": {
      "out": {
        "other": 2
      },
      "score": 0.174
    },
    "shop.orange.co.uk": {
      "out": {
        "other": 2
      },
      "score": 0.174
    },
    "twitter.com/McMoop": {
      "out": {
        "other": 2
      },
      "score": 0.174
    },
    "www.ewanspence.com": {
      "out": {
        "other": 2
      },
      "score": 0.174
    },
    "www.mobilefun.co.uk": {
      "out": {
        "other": 2
      },
      "score": 0.174
    },
    "www.whatsapp.com": {
      "out": {
        "other": 2
      },
      "score": 0.174
    },
    "es.aliexpress.com": {
      "out": {
        "other": 2
      },
      "score": 0.174
    },
    "thereallymobileproject.com": {
      "out": {
        "other": 2
      },
      "score": 0.174
    },
    "twitter.com/mollydot": {
      "out": {
        "other": 2
      },
      "score": 0.174
    },
    "www.argolon.com": {
      "out": {
        "other": 2
      },
      "score": 0.174
    },
    "www.curiousjanecamp.com": {
      "out": {
        "other": 2
      },
      "score": 0.174
    },
    "www.digicelhaiti.com": {
      "out": {
        "other": 2
      },
      "score": 0.174
    },
    "www.eircom.net": {
      "out": {
        "other": 2
      },
      "score": 0.174
    },
    "www.xbmcandroid.com": {
      "out": {
        "other": 2
      },
      "score": 0.174
    },
    "api.clickatell.com": {
      "out": {
        "other": 2
      },
      "score": 0.174
    },
    "bottlenose.com": {
      "out": {
        "other": 2
      },
      "score": 0.174
    },
    "clients2.google.com": {
      "out": {
        "other": 2
      },
      "score": 0.174
    },
    "komplett.ie": {
      "out": {
        "other": 2
      },
      "score": 0.174
    },
    "www.authsmtp.com": {
      "out": {
        "other": 2
      },
      "score": 0.174
    },
    "www.blahblahblah.com": {
      "out": {
        "other": 2
      },
      "score": 0.174
    },
    "www.facebook.com": {
      "out": {
        "other": 2
      },
      "score": 0.174
    },
    "www.pinnaclesys.com": {
      "out": {
        "other": 2
      },
      "score": 0.174
    },
    "www.pyinstaller.org": {
      "out": {
        "other": 2
      },
      "score": 0.174
    },
    "www.thejournal.ie": {
      "out": {
        "other": 2
      },
      "score": 0.174
    },
    "docpad.org": {
      "out": {
        "other": 2
      },
      "score": 0.174
    },
    "foauth.org": {
      "out": {
        "other": 2
      },
      "score": 0.174
    },
    "hunch.com": {
      "out": {
        "other": 2
      },
      "score": 0.174
    },
    "ql.io": {
      "out": {
        "other": 2
      },
      "score": 0.174
    },
    "www.doubletwist.com": {
      "out": {
        "other": 2
      },
      "score": 0.174
    },
    "www.olimex.com": {
      "out": {
        "other": 2
      },
      "score": 0.174
    },
    "www.slate.com": {
      "out": {
        "other": 2
      },
      "score": 0.174
    },
    "www.webmproject.org": {
      "out": {
        "other": 2
      },
      "score": 0.174
    },
    "cloud9ide.com": {
      "out": {
        "other": 2
      },
      "score": 0.174
    },
    "twitter.com/madam_editor": {
      "out": {
        "other": 2
      },
      "score": 0.174
    },
    "www.exp-tech.de": {
      "out": {
        "other": 2
      },
      "score": 0.174
    },
    "dashes.com": {
      "out": {
        "other": 2
      },
      "score": 0.174
    },
    "gammagoblin.blogspot.com": {
      "out": {
        "other": 2
      },
      "score": 0.174
    },
    "technology.ie": {
      "out": {
        "other": 2
      },
      "score": 0.174
    },
    "twit.tv": {
      "out": {
        "other": 2
      },
      "score": 0.174
    },
    "www.leapcard.ie": {
      "out": {
        "other": 2
      },
      "score": 0.174
    },
    "www.noradsanta.org": {
      "out": {
        "other": 2
      },
      "score": 0.174
    },
    "arxiv.org": {
      "out": {
        "other": 2
      },
      "score": 0.174
    },
    "bits.blogs.nytimes.com": {
      "out": {
        "other": 2
      },
      "score": 0.174
    },
    "lab.hakim.se": {
      "out": {
        "other": 2
      },
      "score": 0.174
    },
    "wwp.greenwichmeantime.com": {
      "out": {
        "other": 2
      },
      "score": 0.174
    },
    "www.accmanpro.com": {
      "out": {
        "other": 2
      },
      "score": 0.174
    },
    "www.cisco.com": {
      "out": {
        "other": 2
      },
      "score": 0.174
    },
    "www.iia.ie": {
      "out": {
        "other": 2
      },
      "score": 0.174
    },
    "www.isuppli.com": {
      "out": {
        "other": 2
      },
      "score": 0.174
    },
    "name.of.server": {
      "out": {
        "other": 2
      },
      "score": 0.174
    },
    "towel.blinkenlights.nl": {
      "out": {
        "other": 2
      },
      "score": 0.174
    },
    "www.nordicsemi.com": {
      "out": {
        "other": 2
      },
      "score": 0.174
    },
    "www.packtpub.com": {
      "out": {
        "other": 2
      },
      "score": 0.174
    },
    "www.roguedaemon.net": {
      "out": {
        "other": 2
      },
      "score": 0.174
    },
    "www.sonru.com": {
      "out": {
        "other": 2
      },
      "score": 0.174
    },
    "www.ted.com": {
      "out": {
        "other": 2
      },
      "score": 0.174
    },
    "zero-lives.blogspot.com": {
      "out": {
        "other": 2
      },
      "score": 0.174
    },
    "fergusburns.tumblr.com": {
      "out": {
        "other": 2
      },
      "score": 0.174
    },
    "forum.notebookreview.com": {
      "out": {
        "other": 2
      },
      "score": 0.174
    },
    "happyfootco.ie": {
      "out": {
        "other": 2
      },
      "score": 0.174
    },
    "picru.st": {
      "out": {
        "other": 2
      },
      "score": 0.174
    },
    "twitter.com/MissionVHQ": {
      "out": {
        "other": 2
      },
      "score": 0.174
    },
    "voip-dev.com": {
      "out": {
        "other": 2
      },
      "score": 0.174
    },
    "www.aldi.ie": {
      "out": {
        "other": 2
      },
      "score": 0.174
    },
    "www.johnbuckleysports.com": {
      "out": {
        "other": 2
      },
      "score": 0.174
    },
    "www.rnw.nl": {
      "out": {
        "other": 2
      },
      "score": 0.174
    },
    "codeforamerica.org": {
      "out": {
        "other": 2
      },
      "score": 0.174
    },
    "fromscratched.nl": {
      "out": {
        "other": 2
      },
      "score": 0.174
    },
    "www.chiark.greenend.org.uk": {
      "out": {
        "other": 2
      },
      "score": 0.174
    },
    "www.rownet.co.uk": {
      "out": {
        "other": 2
      },
      "score": 0.174
    },
    "www.runkeeper.com": {
      "out": {
        "other": 2
      },
      "score": 0.174
    },
    "blog.arduino.cc": {
      "out": {
        "other": 2
      },
      "score": 0.174
    },
    "gcc.gnu.org": {
      "out": {
        "other": 2
      },
      "score": 0.174
    },
    "jasonmadigan.com": {
      "out": {
        "other": 2
      },
      "score": 0.174
    },
    "rafer.net": {
      "out": {
        "other": 2
      },
      "score": 0.174
    },
    "searchengineland.com": {
      "out": {
        "other": 2
      },
      "score": 0.174
    },
    "slipsum.com": {
      "out": {
        "other": 2
      },
      "score": 0.174
    },
    "turntable.fm": {
      "out": {
        "other": 2
      },
      "score": 0.174
    },
    "twitter.com/pinboard": {
      "out": {
        "other": 2
      },
      "score": 0.174
    },
    "web.eecs.umich.edu": {
      "out": {
        "other": 2
      },
      "score": 0.174
    },
    "www.callingallinnovators.com": {
      "out": {
        "other": 2
      },
      "score": 0.174
    },
    "www.makerfairedublin.com": {
      "out": {
        "other": 2
      },
      "score": 0.174
    },
    "www.tenderscout.com": {
      "out": {
        "other": 2
      },
      "score": 0.174
    },
    "www.vodafone.ie": {
      "out": {
        "other": 2
      },
      "score": 0.174
    },
    "blog.makezine.com": {
      "out": {
        "other": 2
      },
      "score": 0.174
    },
    "cgi.ebay.com": {
      "out": {
        "other": 2
      },
      "score": 0.174
    },
    "coderdojo.com": {
      "out": {
        "other": 2
      },
      "score": 0.174
    },
    "google.co.uk": {
      "out": {
        "other": 2
      },
      "score": 0.174
    },
    "laughingmeme.org": {
      "out": {
        "other": 2
      },
      "score": 0.174
    },
    "people.csail.mit.edu": {
      "out": {
        "other": 2
      },
      "score": 0.174
    },
    "thinkupapp.com": {
      "out": {
        "other": 2
      },
      "score": 0.174
    },
    "www.electricireland.ie": {
      "out": {
        "other": 2
      },
      "score": 0.174
    },
    "www.maximintegrated.com": {
      "out": {
        "other": 2
      },
      "score": 0.174
    },
    "www.openstreetmap.org": {
      "out": {
        "other": 2
      },
      "score": 0.174
    },
    "www.ro-connect.com": {
      "out": {
        "other": 2
      },
      "score": 0.174
    },
    "www.tvscoop.tv": {
      "out": {
        "other": 2
      },
      "score": 0.174
    },
    "www.windowsazure.com": {
      "out": {
        "other": 2
      },
      "score": 0.174
    },
    "bottlepy.org": {
      "out": {
        "other": 2
      },
      "score": 0.174
    },
    "citilab.eu": {
      "out": {
        "other": 2
      },
      "score": 0.174
    },
    "hapijs.com": {
      "out": {
        "other": 2
      },
      "score": 0.174
    },
    "nameofyourapp.appspot.com": {
      "out": {
        "other": 2
      },
      "score": 0.174
    },
    "nathan.chantrell.net": {
      "out": {
        "other": 2
      },
      "score": 0.174
    },
    "o2.com": {
      "out": {
        "other": 2
      },
      "score": 0.174
    },
    "plus.google.com/local": {
      "out": {
        "other": 2
      },
      "score": 0.174
    },
    "support.apple.com": {
      "out": {
        "other": 2
      },
      "score": 0.174
    },
    "tvtrade.ie": {
      "out": {
        "other": 2
      },
      "score": 0.174
    },
    "twitter.com/review": {
      "out": {
        "other": 2
      },
      "score": 0.174
    },
    "www.focusontheuser.org": {
      "out": {
        "other": 2
      },
      "score": 0.174
    },
    "www.slackware.com": {
      "out": {
        "other": 2
      },
      "score": 0.174
    },
    "atom.io": {
      "out": {
        "other": 2
      },
      "score": 0.174
    },
    "build.chromium.org": {
      "out": {
        "other": 2
      },
      "score": 0.174
    },
    "cloud.onion.io": {
      "out": {
        "other": 2
      },
      "score": 0.174
    },
    "techdrivein.blogspot.com": {
      "out": {
        "other": 2
      },
      "score": 0.174
    },
    "tversity.com": {
      "out": {
        "other": 2
      },
      "score": 0.174
    },
    "wiringpi.com": {
      "out": {
        "other": 2
      },
      "score": 0.174
    },
    "www.allisnotlo.st": {
      "out": {
        "other": 2
      },
      "score": 0.174
    },
    "www.caviumnetworks.com": {
      "out": {
        "other": 2
      },
      "score": 0.174
    },
    "www.cfireland.ie": {
      "out": {
        "other": 2
      },
      "score": 0.174
    },
    "www.mcedit.net": {
      "out": {
        "other": 2
      },
      "score": 0.174
    },
    "www.opencompute.org": {
      "out": {
        "other": 2
      },
      "score": 0.174
    },
    "adafruit.com": {
      "out": {
        "other": 2
      },
      "score": 0.174
    },
    "lifehacker.com": {
      "out": {
        "other": 2
      },
      "score": 0.174
    },
    "tt-rss.org": {
      "out": {
        "other": 2
      },
      "score": 0.174
    },
    "www.longtailvideo.com": {
      "out": {
        "other": 2
      },
      "score": 0.174
    },
    "calacanis.com": {
      "out": {
        "other": 2
      },
      "score": 0.174
    },
    "dlvr.it": {
      "out": {
        "other": 2
      },
      "score": 0.174
    },
    "makerfaire.com": {
      "out": {
        "other": 2
      },
      "score": 0.174
    },
    "pibow.com": {
      "out": {
        "other": 2
      },
      "score": 0.174
    },
    "technical.io": {
      "out": {
        "other": 2
      },
      "score": 0.174
    },
    "www.ibm.com": {
      "out": {
        "other": 2
      },
      "score": 0.174
    },
    "www.windmeadow.com": {
      "out": {
        "other": 2
      },
      "score": 0.174
    },
    "electronics.stackexchange.com": {
      "out": {
        "other": 2
      },
      "score": 0.174
    },
    "en.usr.cn": {
      "out": {
        "other": 2
      },
      "score": 0.174
    },
    "passportjs.org": {
      "out": {
        "other": 2
      },
      "score": 0.174
    },
    "robosavvy.com": {
      "out": {
        "other": 2
      },
      "score": 0.174
    },
    "source.android.com": {
      "out": {
        "other": 2
      },
      "score": 0.174
    },
    "twitter.com/conorjh": {
      "out": {
        "other": 2
      },
      "score": 0.174
    },
    "twitter.com/netflix": {
      "out": {
        "other": 2
      },
      "score": 0.174
    },
    "www.buzzfeed.com": {
      "out": {
        "other": 2
      },
      "score": 0.174
    },
    "www.datasift.com": {
      "out": {
        "other": 2
      },
      "score": 0.174
    },
    "www.weibo.com": {
      "out": {
        "other": 2
      },
      "score": 0.174
    },
    "FTP.FUNET.FI": {
      "out": {
        "other": 2
      },
      "score": 0.174
    },
    "appinventor.googlelabs.com": {
      "out": {
        "other": 2
      },
      "score": 0.174
    },
    "bandonmines.dyndns.org": {
      "out": {
        "other": 2
      },
      "score": 0.174
    },
    "blog.digitalbackcountry.com": {
      "out": {
        "other": 2
      },
      "score": 0.174
    },
    "campcoderdojo.com": {
      "out": {
        "other": 2
      },
      "score": 0.174
    },
    "community.onion.io": {
      "out": {
        "other": 2
      },
      "score": 0.174
    },
    "mulley.net": {
      "out": {
        "other": 2
      },
      "score": 0.174
    },
    "plus.google.com/groups": {
      "out": {
        "other": 2
      },
      "score": 0.174
    },
    "www.androidspin.com": {
      "out": {
        "other": 2
      },
      "score": 0.174
    },
    "www.gimp.org": {
      "out": {
        "other": 2
      },
      "score": 0.174
    },
    "www.microsoft.com": {
      "out": {
        "other": 2
      },
      "score": 0.174
    },
    "www.storyful.com": {
      "out": {
        "other": 2
      },
      "score": 0.174
    },
    "www.vmware.com": {
      "out": {
        "other": 2
      },
      "score": 0.174
    },
    "apiwiki.twitter.com": {
      "out": {
        "other": 2
      },
      "score": 0.174
    },
    "arduino-for-beginners.blogspot.ie": {
      "out": {
        "other": 2
      },
      "score": 0.174
    },
    "bookshelfjs.org": {
      "out": {
        "other": 2
      },
      "score": 0.174
    },
    "bugs.launchpad.net": {
      "out": {
        "other": 2
      },
      "score": 0.174
    },
    "coreh.github.com": {
      "out": {
        "other": 2
      },
      "score": 0.174
    },
    "developer.feedhenry.com": {
      "out": {
        "other": 2
      },
      "score": 0.174
    },
    "efergy.com": {
      "out": {
        "other": 2
      },
      "score": 0.174
    },
    "linuxoniphone.blogspot.com": {
      "out": {
        "other": 2
      },
      "score": 0.174
    },
    "patriot-box-office.wikidot.com": {
      "out": {
        "other": 2
      },
      "score": 0.174
    },
    "phandroid.com": {
      "out": {
        "other": 2
      },
      "score": 0.174
    },
    "plus.google.com/100216868029904197029": {
      "out": {
        "other": 2
      },
      "score": 0.174
    },
    "silverlight.net": {
      "out": {
        "other": 2
      },
      "score": 0.174
    },
    "twitter.com/swhelband": {
      "out": {
        "other": 2
      },
      "score": 0.174
    },
    "www.brickset.com": {
      "out": {
        "other": 2
      },
      "score": 0.174
    },
    "www.ds72.com": {
      "out": {
        "other": 2
      },
      "score": 0.174
    },
    "www.theguardian.com": {
      "out": {
        "other": 2
      },
      "score": 0.174
    },
    "www.thinkgeek.com": {
      "out": {
        "other": 2
      },
      "score": 0.174
    },
    "apievangelist.com": {
      "out": {
        "other": 2
      },
      "score": 0.174
    },
    "parse.com": {
      "out": {
        "other": 2
      },
      "score": 0.174
    },
    "plus.google.com/100132233764003563318": {
      "out": {
        "other": 2
      },
      "score": 0.174
    },
    "twitter.com/nexustech": {
      "out": {
        "other": 2
      },
      "score": 0.174
    },
    "uk.bookingbug.com": {
      "out": {
        "other": 2
      },
      "score": 0.174
    },
    "www.dothegreenthing.com": {
      "out": {
        "other": 2
      },
      "score": 0.174
    },
    "www.lirc.org": {
      "out": {
        "other": 2
      },
      "score": 0.174
    },
    "www.retail-week.com": {
      "out": {
        "other": 2
      },
      "score": 0.174
    },
    "www.sajalkayan.com": {
      "out": {
        "other": 2
      },
      "score": 0.174
    },
    "Web2Ireland.org": {
      "out": {
        "other": 2
      },
      "score": 0.174
    },
    "cloudpebble.net": {
      "out": {
        "other": 2
      },
      "score": 0.174
    },
    "ec2-46-137-40-194.eu-west-1.compute.amazonaws.com": {
      "out": {
        "other": 2
      },
      "score": 0.174
    },
    "eircom.net": {
      "out": {
        "other": 2
      },
      "score": 0.174
    },
    "irish.typepad.com": {
      "out": {
        "other": 2
      },
      "score": 0.174
    },
    "rtems.org": {
      "out": {
        "other": 2
      },
      "score": 0.174
    },
    "twitter.com/JFK__1960": {
      "out": {
        "other": 2
      },
      "score": 0.174
    },
    "twitter.com/byrnec": {
      "out": {
        "other": 2
      },
      "score": 0.174
    },
    "www.agloves.com": {
      "out": {
        "other": 2
      },
      "score": 0.174
    },
    "www.bandonhalfmarathon.com": {
      "out": {
        "other": 2
      },
      "score": 0.174
    },
    "www.digitalmines.com": {
      "out": {
        "other": 2
      },
      "score": 0.174
    },
    "www.fmeireland.com": {
      "out": {
        "other": 2
      },
      "score": 0.174
    },
    "cloud.google.com": {
      "out": {
        "other": 2
      },
      "score": 0.174
    },
    "dyn.com": {
      "out": {
        "other": 2
      },
      "score": 0.174
    },
    "quantifiedself.com": {
      "out": {
        "other": 2
      },
      "score": 0.174
    },
    "twitter.com/johnpeavoy": {
      "out": {
        "other": 2
      },
      "score": 0.174
    },
    "www.blocbuy.com": {
      "out": {
        "other": 2
      },
      "score": 0.174
    },
    "www.edimax.com": {
      "out": {
        "other": 2
      },
      "score": 0.174
    },
    "www.jamiemcmahondesign.com": {
      "out": {
        "other": 2
      },
      "score": 0.174
    },
    "www.roku.com": {
      "out": {
        "other": 2
      },
      "score": 0.174
    },
    "www.wired.com": {
      "out": {
        "other": 2
      },
      "score": 0.174
    },
    "blog.oscarliang.net": {
      "out": {
        "other": 2
      },
      "score": 0.174
    },
    "blog.plex.tv": {
      "out": {
        "other": 2
      },
      "score": 0.174
    },
    "blog.tinkercad.com": {
      "out": {
        "other": 2
      },
      "score": 0.174
    },
    "buy.louisck.net": {
      "out": {
        "other": 2
      },
      "score": 0.174
    },
    "cloudup.com": {
      "out": {
        "other": 2
      },
      "score": 0.174
    },
    "create.msdn.com": {
      "out": {
        "other": 2
      },
      "score": 0.174
    },
    "eirepreneur.blogs.com": {
      "out": {
        "other": 2
      },
      "score": 0.174
    },
    "garbagecollected.org": {
      "out": {
        "other": 2
      },
      "score": 0.174
    },
    "nodeschool.io": {
      "out": {
        "other": 2
      },
      "score": 0.174
    },
    "twitter.com/Raspberry_Pi": {
      "out": {
        "other": 2
      },
      "score": 0.174
    },
    "twittter.com": {
      "out": {
        "other": 2
      },
      "score": 0.174
    },
    "www.bareconductive.com": {
      "out": {
        "other": 2
      },
      "score": 0.174
    },
    "www.chromium.org": {
      "out": {
        "other": 2
      },
      "score": 0.174
    },
    "www.jivotechnology.com": {
      "out": {
        "other": 2
      },
      "score": 0.174
    },
    "www.offsite.ie": {
      "out": {
        "other": 2
      },
      "score": 0.174
    },
    "www.team-mediaportal.com": {
      "out": {
        "other": 2
      },
      "score": 0.174
    },
    "www.wcdp.ie": {
      "out": {
        "other": 2
      },
      "score": 0.174
    },
    "www.whizzkids.ie": {
      "out": {
        "other": 2
      },
      "score": 0.174
    },
    "developer.getpebble.com": {
      "out": {
        "other": 2
      },
      "score": 0.174
    },
    "plus.google.com/110244722216375421004": {
      "out": {
        "other": 2
      },
      "score": 0.174
    },
    "tested.com": {
      "out": {
        "other": 2
      },
      "score": 0.174
    },
    "twitter.com/gpelly": {
      "out": {
        "other": 2
      },
      "score": 0.174
    },
    "twitter.com/sf9": {
      "out": {
        "other": 2
      },
      "score": 0.174
    },
    "www.dollarshaveclub.com": {
      "out": {
        "other": 2
      },
      "score": 0.174
    },
    "www.keynoir.com": {
      "out": {
        "other": 2
      },
      "score": 0.174
    },
    "www.mythtv.org": {
      "out": {
        "other": 2
      },
      "score": 0.174
    },
    "www.pcworld.com": {
      "out": {
        "other": 2
      },
      "score": 0.174
    },
    "www.raspbian.org": {
      "out": {
        "other": 2
      },
      "score": 0.174
    },
    "yourdomain.com": {
      "out": {
        "other": 2
      },
      "score": 0.174
    },
    "amazon.com": {
      "out": {
        "other": 2
      },
      "score": 0.174
    },
    "bitbucket.org": {
      "out": {
        "other": 2
      },
      "score": 0.174
    },
    "blog.emscdn.com": {
      "out": {
        "other": 2
      },
      "score": 0.174
    },
    "channel9.msdn.com": {
      "out": {
        "other": 2
      },
      "score": 0.174
    },
    "facebook.com/conoroneill": {
      "out": {
        "other": 2
      },
      "score": 0.174
    },
    "store.kliidje.com": {
      "out": {
        "other": 2
      },
      "score": 0.174
    },
    "twitter.com/lexia": {
      "out": {
        "other": 2
      },
      "score": 0.174
    },
    "www.blippr.com": {
      "out": {
        "other": 2
      },
      "score": 0.174
    },
    "www.dystopianfuchsia.com": {
      "out": {
        "other": 2
      },
      "score": 0.174
    },
    "www.sqlite.org": {
      "out": {
        "other": 2
      },
      "score": 0.174
    },
    "www.teksoftco.com": {
      "out": {
        "other": 2
      },
      "score": 0.174
    },
    "www.yourcountryyourcall.com": {
      "out": {
        "other": 2
      },
      "score": 0.174
    },
    "Komplett.ie": {
      "out": {
        "other": 2
      },
      "score": 0.174
    },
    "angularjs.org": {
      "out": {
        "other": 2
      },
      "score": 0.174
    },
    "blahblah.com": {
      "out": {
        "other": 2
      },
      "score": 0.174
    },
    "cloudberrylab.com": {
      "out": {
        "other": 2
      },
      "score": 0.174
    },
    "learn.sparkfun.com": {
      "out": {
        "other": 2
      },
      "score": 0.174
    },
    "mjordan.wordpress.com": {
      "out": {
        "other": 2
      },
      "score": 0.174
    },
    "raspberrypi.rsdelivers.com": {
      "out": {
        "other": 2
      },
      "score": 0.174
    },
    "twitter.com/AndrewGraley": {
      "out": {
        "other": 2
      },
      "score": 0.174
    },
    "twitter.com/search": {
      "out": {
        "other": 2
      },
      "score": 0.174
    },
    "twitter.com/sos100": {
      "out": {
        "other": 2
      },
      "score": 0.174
    },
    "www.audible.com": {
      "out": {
        "other": 2
      },
      "score": 0.174
    },
    "www.davidairey.com": {
      "out": {
        "other": 2
      },
      "score": 0.174
    },
    "www.deanmao.com": {
      "out": {
        "other": 2
      },
      "score": 0.174
    },
    "www.goread.io": {
      "out": {
        "other": 2
      },
      "score": 0.174
    },
    "www.huawei.com": {
      "out": {
        "other": 2
      },
      "score": 0.174
    },
    "www.miamiherald.com": {
      "out": {
        "other": 2
      },
      "score": 0.174
    },
    "www.nexusoneforum.net": {
      "out": {
        "other": 2
      },
      "score": 0.174
    },
    "www.thedailyspud.com": {
      "out": {
        "other": 2
      },
      "score": 0.174
    },
    "arduino-info.wikispaces.com": {
      "out": {
        "other": 2
      },
      "score": 0.174
    },
    "books.google.ie": {
      "out": {
        "other": 2
      },
      "score": 0.174
    },
    "int3.cc": {
      "out": {
        "other": 2
      },
      "score": 0.174
    },
    "scottksmith.com": {
      "out": {
        "other": 2
      },
      "score": 0.174
    },
    "social.technet.microsoft.com": {
      "out": {
        "other": 2
      },
      "score": 0.174
    },
    "upload.wikimedia.org": {
      "out": {
        "other": 2
      },
      "score": 0.174
    },
    "www.brepettis.com": {
      "out": {
        "other": 2
      },
      "score": 0.174
    },
    "www.broadbandbuyer.co.uk": {
      "out": {
        "other": 2
      },
      "score": 0.174
    },
    "www.recantha.co.uk": {
      "out": {
        "other": 2
      },
      "score": 0.174
    },
    "www.sifteo.com": {
      "out": {
        "other": 2
      },
      "score": 0.174
    },
    "www.theonion.com": {
      "out": {
        "other": 2
      },
      "score": 0.174
    },
    "brianmlucey.wordpress.com": {
      "out": {
        "other": 2
      },
      "score": 0.174
    },
    "cgi.ebay.co.uk": {
      "out": {
        "other": 2
      },
      "score": 0.174
    },
    "cu.rious.org": {
      "out": {
        "other": 2
      },
      "score": 0.174
    },
    "jekyllrb.com": {
      "out": {
        "other": 2
      },
      "score": 0.174
    },
    "twitter.com/VodafoneIreland": {
      "out": {
        "other": 2
      },
      "score": 0.174
    },
    "twitter.com/stevievanzandt": {
      "out": {
        "other": 2
      },
      "score": 0.174
    },
    "www.flood-tribunal.ie": {
      "out": {
        "other": 2
      },
      "score": 0.174
    },
    "www.peerindex.com": {
      "out": {
        "other": 2
      },
      "score": 0.174
    },
    "www.siliconrepublic.com": {
      "out": {
        "other": 2
      },
      "score": 0.174
    },
    "www.videolan.org": {
      "out": {
        "other": 2
      },
      "score": 0.174
    },
    "brid.gy": {
      "in": {
        "other": 1
      },
      "score": 0
    }
  }
}