{
  "domain": "consultingcentral.ch",
  "urls": [
    "http://consultingcentral.ch/"
  ],
  "names": [
    "Consultingcentral"
  ],
  "descriptions": [],
  "pictures": [
    "http://consultingcentral.ch/favicon.ico"
  ],
  "hcard": {},
  "rel_mes": [
    "https://twitter.com/guidohoermann",
    "https://github.com/guido4000",
    "mailto:info@conusultingcentral.ch"
  ],
  "crawl_start": "2017-06-09T17:35:09",
  "crawl_end": "2017-06-09T17:35:09",
  "num_pages": 1,
  "total_html_size": 1836,
  "servers": [
    "Apache"
  ],
  "tags": [
    "relme"
  ],
  "endpoints": {},
  "links_out": 0,
  "links_in": 11,
  "links": {
    "indieweb.org": {
      "in": {
        "other": 8
      },
      "score": 1
    },
    "chat.indieweb.org": {
      "in": {
        "other": 3
      },
      "score": 0.529
    }
  }
}