{
  "domain": "craftycorvid.com",
  "urls": [
    "https://www.craftycorvid.com/"
  ],
  "names": [
    "Crafty Corvid"
  ],
  "descriptions": [
    "The adventures of Brittney and Patrick."
  ],
  "pictures": [
    "https://craftycorvid.com/favicon.ico",
    "https://www.craftycorvid.com/content/images/2016/11/Mossy-Tree.jpg"
  ],
  "hcard": {},
  "rel_mes": [],
  "tags": [],
  "endpoints": {},
  "crawl_start": "2017-06-11T14:41:19.399902",
  "crawl_end": "2017-06-11T14:41:19.399902",
  "links_out": 0,
  "links_in": 0,
  "links": {}
}