{
  "domain": "craig.withknown.com",
  "urls": [
    "https://craig.withknown.com/profile/codecraig",
    "http://twitter.com/mind_scratch",
    "https://github.com/mindscratch"
  ],
  "names": [
    "Craig",
    "Craig Wickesser"
  ],
  "descriptions": [
    "I write software.",
    "A social website powered by Known"
  ],
  "pictures": [
    "https://craig.withknown.com/gfx/users/default-04.png"
  ],
  "hcard": {
    "properties": {
      "name": [
        "Craig"
      ],
      "note": [
        {
          "html": "<div class=\"highlightedText\">\n<p>I write software.</p>\n</div>",
          "value": "\nI write software.\n"
        }
      ],
      "photo": [
        "https://craig.withknown.com/gfx/users/default-04.png"
      ],
      "profile": [
        "Craig"
      ],
      "url": [
        "https://craig.withknown.com/profile/codecraig",
        "https://craig.withknown.com/profile/codecraig",
        "http://twitter.com/mind_scratch",
        "https://github.com/mindscratch"
      ]
    },
    "type": [
      "h-card"
    ]
  },
  "rel_mes": [
    "http://twitter.com/mind_scratch",
    "https://github.com/mindscratch"
  ],
  "crawl_start": "2017-04-28T05:16:19",
  "crawl_end": "2017-04-28T05:35:38",
  "num_pages": 2338,
  "total_html_size": 52043224,
  "servers": [
    "Apache",
    "Known"
  ],
  "mf2_classes": [
    "h-cite",
    "h-card",
    "h-entry"
  ],
  "tags": [
    "relme",
    "bridgy",
    "webmention",
    "websub",
    "Known"
  ],
  "endpoints": {
    "webmention": [
      "https://craig.withknown.com/webmention/"
    ],
    "websub": [
      "http://withknown.superfeedr.com/"
    ]
  },
  "links_out": 12435,
  "links_in": 24,
  "links": {
    "github.com": {
      "out": {
        "other": 2745
      },
      "score": 1
    },
    "withknown.com": {
      "out": {
        "other": 2338
      },
      "score": 0.981
    },
    "twitter.com/mind_scratch": {
      "out": {
        "other": 2121
      },
      "score": 0.970
    },
    "stackoverflow.com": {
      "out": {
        "other": 362
      },
      "score": 0.764
    },
    "medium.com": {
      "out": {
        "other": 208
      },
      "score": 0.700
    },
    "www.youtube.com": {
      "out": {
        "other": 179
      },
      "score": 0.683
    },
    "jvns.ca": {
      "out": {
        "other": 113
      },
      "score": 0.630
    },
    "gist.github.com": {
      "out": {
        "other": 104
      },
      "score": 0.620
    },
    "www.slideshare.net": {
      "out": {
        "other": 97
      },
      "score": 0.612
    },
    "youtu.be": {
      "out": {
        "other": 95
      },
      "score": 0.610
    },
    "craigwickesser.com": {
      "out": {
        "other": 86
      },
      "score": 0.598
    },
    "thenewstack.io": {
      "out": {
        "other": 71
      },
      "score": 0.576
    },
    "coreos.com": {
      "out": {
        "other": 64
      },
      "score": 0.563
    },
    "www.reddit.com": {
      "out": {
        "other": 51
      },
      "score": 0.537
    },
    "techblog.netflix.com": {
      "out": {
        "other": 49
      },
      "score": 0.532
    },
    "groups.google.com": {
      "out": {
        "other": 49
      },
      "score": 0.532
    },
    "twitter.com/cool_golang": {
      "out": {
        "other": 45
      },
      "score": 0.523
    },
    "soundcloud.com": {
      "out": {
        "other": 36
      },
      "score": 0.497
    },
    "drawings.jvns.ca": {
      "out": {
        "other": 34
      },
      "score": 0.490
    },
    "changelog.com": {
      "out": {
        "other": 34
      },
      "score": 0.490
    },
    "www.vagrantup.com": {
      "out": {
        "other": 33
      },
      "score": 0.487
    },
    "www.manning.com": {
      "out": {
        "other": 33
      },
      "score": 0.487
    },
    "facebook.github.io": {
      "out": {
        "other": 31
      },
      "score": 0.480
    },
    "blog.golang.org": {
      "out": {
        "other": 31
      },
      "score": 0.480
    },
    "telegram.me": {
      "out": {
        "other": 30
      },
      "score": 0.475
    },
    "javascriptplayground.com": {
      "out": {
        "other": 29
      },
      "score": 0.472
    },
    "mesosphere.github.io": {
      "out": {
        "other": 29
      },
      "score": 0.472
    },
    "highscalability.com": {
      "out": {
        "other": 29
      },
      "score": 0.472
    },
    "twitter.com/jeanepaul": {
      "out": {
        "other": 28
      },
      "score": 0.468
    },
    "blog.rotenberg.io": {
      "out": {
        "other": 26
      },
      "score": 0.459
    },
    "developer.telerik.com": {
      "out": {
        "other": 26
      },
      "score": 0.459
    },
    "togototo.wordpress.com": {
      "out": {
        "other": 26
      },
      "score": 0.459
    },
    "www.ostechnix.com": {
      "out": {
        "other": 25
      },
      "score": 0.454
    },
    "we-rc.com": {
      "out": {
        "other": 25
      },
      "score": 0.454
    },
    "dave.cheney.net": {
      "out": {
        "other": 25
      },
      "score": 0.454
    },
    "research.googleblog.com": {
      "out": {
        "other": 25
      },
      "score": 0.454
    },
    "wiki.centos.org": {
      "out": {
        "other": 25
      },
      "score": 0.454
    },
    "static.googleusercontent.com": {
      "out": {
        "other": 24
      },
      "score": 0.449
    },
    "swannodette.github.io": {
      "out": {
        "other": 22
      },
      "score": 0.439
    },
    "www.loggly.com": {
      "out": {
        "other": 22
      },
      "score": 0.439
    },
    "joelburget.com": {
      "out": {
        "other": 22
      },
      "score": 0.439
    },
    "imgur.com": {
      "out": {
        "other": 22
      },
      "score": 0.439
    },
    "twitter.com/_diogo": {
      "out": {
        "other": 22
      },
      "score": 0.439
    },
    "docs.docker.com": {
      "out": {
        "other": 22
      },
      "score": 0.439
    },
    "www.neo.com": {
      "out": {
        "other": 21
      },
      "score": 0.434
    },
    "jepsen.io": {
      "out": {
        "other": 21
      },
      "score": 0.434
    },
    "fuckinggodateformat.com": {
      "out": {
        "other": 21
      },
      "score": 0.434
    },
    "adrianmejia.com": {
      "out": {
        "other": 21
      },
      "score": 0.434
    },
    "blog.ambar.cloud": {
      "out": {
        "other": 21
      },
      "score": 0.434
    },
    "rachelbythebay.com": {
      "out": {
        "other": 21
      },
      "score": 0.434
    },
    "crontab.guru": {
      "out": {
        "other": 21
      },
      "score": 0.434
    },
    "learnjsdata.com": {
      "out": {
        "other": 21
      },
      "score": 0.434
    },
    "fedoraproject.org": {
      "out": {
        "other": 20
      },
      "score": 0.429
    },
    "linoxide.com": {
      "out": {
        "other": 20
      },
      "score": 0.429
    },
    "www.soroushjp.com": {
      "out": {
        "other": 19
      },
      "score": 0.423
    },
    "twitter.com/conikeec": {
      "out": {
        "other": 18
      },
      "score": 0.416
    },
    "www.goinggo.net": {
      "out": {
        "other": 18
      },
      "score": 0.416
    },
    "aucouranton.com": {
      "out": {
        "other": 18
      },
      "score": 0.416
    },
    "socketplane.io": {
      "out": {
        "other": 18
      },
      "score": 0.416
    },
    "wiki.bash-hackers.org": {
      "out": {
        "other": 18
      },
      "score": 0.416
    },
    "golang.org": {
      "out": {
        "other": 18
      },
      "score": 0.416
    },
    "githubengineering.com": {
      "out": {
        "other": 17
      },
      "score": 0.410
    },
    "nebula-plugins.github.io": {
      "out": {
        "other": 17
      },
      "score": 0.410
    },
    "speakerdeck.com": {
      "out": {
        "other": 17
      },
      "score": 0.410
    },
    "ctt.ec": {
      "out": {
        "other": 17
      },
      "score": 0.410
    },
    "opensource.googleblog.com": {
      "out": {
        "other": 17
      },
      "score": 0.410
    },
    "jpetazzo.github.io": {
      "out": {
        "other": 17
      },
      "score": 0.410
    },
    "www.goodreads.com": {
      "out": {
        "other": 17
      },
      "score": 0.410
    },
    "hackernoon.com": {
      "out": {
        "other": 17
      },
      "score": 0.410
    },
    "bugzilla.redhat.com": {
      "out": {
        "other": 17
      },
      "score": 0.410
    },
    "www.infoq.com": {
      "out": {
        "other": 17
      },
      "score": 0.410
    },
    "golang.rakyll.org": {
      "out": {
        "other": 17
      },
      "score": 0.410
    },
    "pca.st": {
      "out": {
        "other": 17
      },
      "score": 0.410
    },
    "softwaremill.com": {
      "out": {
        "other": 17
      },
      "score": 0.410
    },
    "tutorials.jenkov.com": {
      "out": {
        "other": 17
      },
      "score": 0.410
    },
    "www.fusetools.com": {
      "out": {
        "other": 17
      },
      "score": 0.410
    },
    "lionfacelemonface.wordpress.com": {
      "out": {
        "other": 17
      },
      "score": 0.410
    },
    "blog.discordapp.com": {
      "out": {
        "other": 17
      },
      "score": 0.410
    },
    "twitter.com/brdskggs": {
      "out": {
        "other": 17
      },
      "score": 0.410
    },
    "cdn29.elitedaily.com": {
      "out": {
        "other": 16
      },
      "score": 0.403
    },
    "www.tldp.org": {
      "out": {
        "other": 16
      },
      "score": 0.403
    },
    "twitter.com/carldea": {
      "out": {
        "other": 16
      },
      "score": 0.403
    },
    "blog.twitter.com": {
      "out": {
        "other": 15
      },
      "score": 0.395
    },
    "twitter.com/michaellgraves": {
      "out": {
        "other": 15
      },
      "score": 0.395
    },
    "spf13.com": {
      "out": {
        "other": 14
      },
      "score": 0.387
    },
    "caddyserver.com": {
      "out": {
        "other": 14
      },
      "score": 0.387
    },
    "tldp.org": {
      "out": {
        "other": 14
      },
      "score": 0.387
    },
    "blog.keras.io": {
      "out": {
        "other": 13
      },
      "score": 0.379
    },
    "jeffknupp.com": {
      "out": {
        "other": 13
      },
      "score": 0.379
    },
    "37signals.com": {
      "out": {
        "other": 13
      },
      "score": 0.379
    },
    "www.patricksoftwareblog.com": {
      "out": {
        "other": 13
      },
      "score": 0.379
    },
    "www.reactive-streams.org": {
      "out": {
        "other": 13
      },
      "score": 0.379
    },
    "blog.docker.com": {
      "out": {
        "other": 13
      },
      "score": 0.379
    },
    "messor.com": {
      "out": {
        "other": 13
      },
      "score": 0.379
    },
    "zurb.com": {
      "out": {
        "other": 13
      },
      "score": 0.379
    },
    "git-wip-us.apache.org": {
      "out": {
        "other": 13
      },
      "score": 0.379
    },
    "blog.kubernetes.io": {
      "out": {
        "other": 13
      },
      "score": 0.379
    },
    "docs.saltstack.com": {
      "out": {
        "other": 13
      },
      "score": 0.379
    },
    "cloud.google.com": {
      "out": {
        "other": 13
      },
      "score": 0.379
    },
    "port.us.org": {
      "out": {
        "other": 13
      },
      "score": 0.379
    },
    "jacopodaeli.com": {
      "out": {
        "other": 13
      },
      "score": 0.379
    },
    "arxiv.org": {
      "out": {
        "other": 13
      },
      "score": 0.379
    },
    "blog.zikes.me": {
      "out": {
        "other": 13
      },
      "score": 0.379
    },
    "coolestguidesontheplanet.com": {
      "out": {
        "other": 13
      },
      "score": 0.379
    },
    "askubuntu.com": {
      "out": {
        "other": 13
      },
      "score": 0.379
    },
    "lifepluslinux.blogspot.com": {
      "out": {
        "other": 13
      },
      "score": 0.379
    },
    "www.atlassian.com": {
      "out": {
        "other": 13
      },
      "score": 0.379
    },
    "blog.codeship.com": {
      "out": {
        "other": 13
      },
      "score": 0.379
    },
    "karpathy.github.io": {
      "out": {
        "other": 13
      },
      "score": 0.379
    },
    "deliberate-software.com": {
      "out": {
        "other": 13
      },
      "score": 0.379
    },
    "hub.docker.com": {
      "out": {
        "other": 13
      },
      "score": 0.379
    },
    "samsaffron.com": {
      "out": {
        "other": 13
      },
      "score": 0.379
    },
    "unix.stackexchange.com": {
      "out": {
        "other": 13
      },
      "score": 0.379
    },
    "www.oracle.com": {
      "out": {
        "other": 13
      },
      "score": 0.379
    },
    "twitter.com/scienceRtBot": {
      "out": {
        "other": 12
      },
      "score": 0.369
    },
    "rafalcieslak.wordpress.com": {
      "out": {
        "other": 12
      },
      "score": 0.369
    },
    "www.quora.com": {
      "out": {
        "other": 12
      },
      "score": 0.369
    },
    "martinfowler.com": {
      "out": {
        "other": 11
      },
      "score": 0.359
    },
    "mlafeldt.github.io": {
      "out": {
        "other": 10
      },
      "score": 0.348
    },
    "brid.gy": {
      "in": {
        "other": 20
      },
      "score": 0.348
    },
    "twitter.com/VladimirVivien": {
      "out": {
        "other": 10
      },
      "score": 0.348
    },
    "fourhourworkweek.com": {
      "out": {
        "other": 10
      },
      "score": 0.348
    },
    "twitter.com/jugahmedabad": {
      "out": {
        "other": 10
      },
      "score": 0.348
    },
    "blog.altoros.com": {
      "out": {
        "other": 10
      },
      "score": 0.348
    },
    "docs.ansible.com": {
      "out": {
        "other": 10
      },
      "score": 0.348
    },
    "blog.appsdeck.eu": {
      "out": {
        "other": 10
      },
      "score": 0.348
    },
    "blog.confluent.io": {
      "out": {
        "other": 10
      },
      "score": 0.348
    },
    "developer.mozilla.org": {
      "out": {
        "other": 10
      },
      "score": 0.348
    },
    "twitter.com/gullatec": {
      "out": {
        "other": 10
      },
      "score": 0.348
    },
    "blog.quickmediasolutions.com": {
      "out": {
        "other": 9
      },
      "score": 0.336
    },
    "signalvnoise.com": {
      "out": {
        "other": 9
      },
      "score": 0.336
    },
    "scotch.io": {
      "out": {
        "other": 9
      },
      "score": 0.336
    },
    "seanmcgary.com": {
      "out": {
        "other": 9
      },
      "score": 0.336
    },
    "tech.taskrabbit.com": {
      "out": {
        "other": 9
      },
      "score": 0.336
    },
    "blog.madhukaraphatak.com": {
      "out": {
        "other": 9
      },
      "score": 0.336
    },
    "blogs.atlassian.com": {
      "out": {
        "other": 9
      },
      "score": 0.336
    },
    "truecrypt.sourceforge.net": {
      "out": {
        "other": 9
      },
      "score": 0.336
    },
    "www.cockroachlabs.com": {
      "out": {
        "other": 9
      },
      "score": 0.336
    },
    "www.coursera.org": {
      "out": {
        "other": 9
      },
      "score": 0.336
    },
    "egghead.io": {
      "out": {
        "other": 9
      },
      "score": 0.336
    },
    "sense.com": {
      "out": {
        "other": 9
      },
      "score": 0.336
    },
    "www.expeditedssl.com": {
      "out": {
        "other": 9
      },
      "score": 0.336
    },
    "golangweekly.com": {
      "out": {
        "other": 9
      },
      "score": 0.336
    },
    "bicofino.io": {
      "out": {
        "other": 9
      },
      "score": 0.336
    },
    "gophercasts.io": {
      "out": {
        "other": 9
      },
      "score": 0.336
    },
    "sysdig.com": {
      "out": {
        "other": 9
      },
      "score": 0.336
    },
    "techarena51.com": {
      "out": {
        "other": 9
      },
      "score": 0.336
    },
    "apple.stackexchange.com": {
      "out": {
        "other": 9
      },
      "score": 0.336
    },
    "support.hyperic.com": {
      "out": {
        "other": 9
      },
      "score": 0.336
    },
    "www.monkeylittle.com": {
      "out": {
        "other": 9
      },
      "score": 0.336
    },
    "certsimple.com": {
      "out": {
        "other": 9
      },
      "score": 0.336
    },
    "t0t0.github.io": {
      "out": {
        "other": 9
      },
      "score": 0.336
    },
    "go-talks.appspot.com": {
      "out": {
        "other": 9
      },
      "score": 0.336
    },
    "openmymind.net": {
      "out": {
        "other": 9
      },
      "score": 0.336
    },
    "perldoc.perl.org": {
      "out": {
        "other": 9
      },
      "score": 0.336
    },
    "texlution.com": {
      "out": {
        "other": 9
      },
      "score": 0.336
    },
    "ewanvalentine.io": {
      "out": {
        "other": 9
      },
      "score": 0.336
    },
    "twitter.com/P3Geek": {
      "out": {
        "other": 9
      },
      "score": 0.336
    },
    "tiebing.blogspot.co.uk": {
      "out": {
        "other": 9
      },
      "score": 0.336
    },
    "www.udacity.com": {
      "out": {
        "other": 9
      },
      "score": 0.336
    },
    "go-database-sql.org": {
      "out": {
        "other": 9
      },
      "score": 0.336
    },
    "eager.io": {
      "out": {
        "other": 9
      },
      "score": 0.336
    },
    "twitter.com/xavi_xsb": {
      "out": {
        "other": 9
      },
      "score": 0.336
    },
    "www.mail-archive.com": {
      "out": {
        "other": 9
      },
      "score": 0.336
    },
    "toddmotto.com": {
      "out": {
        "other": 9
      },
      "score": 0.336
    },
    "video.fosdem.org": {
      "out": {
        "other": 9
      },
      "score": 0.336
    },
    "logallthethings.com": {
      "out": {
        "other": 9
      },
      "score": 0.336
    },
    "quip.com": {
      "out": {
        "other": 9
      },
      "score": 0.336
    },
    "keighl.com": {
      "out": {
        "other": 9
      },
      "score": 0.336
    },
    "thoughtsfromplac.es": {
      "out": {
        "other": 9
      },
      "score": 0.336
    },
    "codewords.recurse.com": {
      "out": {
        "other": 9
      },
      "score": 0.336
    },
    "www.favicomatic.com": {
      "out": {
        "other": 9
      },
      "score": 0.336
    },
    "www.jumoel.com": {
      "out": {
        "other": 9
      },
      "score": 0.336
    },
    "developer.atlassian.com": {
      "out": {
        "other": 9
      },
      "score": 0.336
    },
    "graphql.org": {
      "out": {
        "other": 9
      },
      "score": 0.336
    },
    "webcache.googleusercontent.com": {
      "out": {
        "other": 9
      },
      "score": 0.336
    },
    "www-cs-students.stanford.edu": {
      "out": {
        "other": 9
      },
      "score": 0.336
    },
    "iankent.uk": {
      "out": {
        "other": 9
      },
      "score": 0.336
    },
    "raw.githubusercontent.com": {
      "out": {
        "other": 9
      },
      "score": 0.336
    },
    "divan.github.io": {
      "out": {
        "other": 9
      },
      "score": 0.336
    },
    "forum.golangbridge.org": {
      "out": {
        "other": 9
      },
      "score": 0.336
    },
    "maciekmm.net": {
      "out": {
        "other": 9
      },
      "score": 0.336
    },
    "dev-blog.apollodata.com": {
      "out": {
        "other": 9
      },
      "score": 0.336
    },
    "ericchiang.github.io": {
      "out": {
        "other": 9
      },
      "score": 0.336
    },
    "methane.github.io": {
      "out": {
        "other": 9
      },
      "score": 0.336
    },
    "talks.golang.org": {
      "out": {
        "other": 9
      },
      "score": 0.336
    },
    "www.mapd.com": {
      "out": {
        "other": 9
      },
      "score": 0.336
    },
    "blog.keen.io": {
      "out": {
        "other": 9
      },
      "score": 0.336
    },
    "forums.developer.apple.com": {
      "out": {
        "other": 9
      },
      "score": 0.336
    },
    "www.simontaranto.com": {
      "out": {
        "other": 9
      },
      "score": 0.336
    },
    "blog.tylerchr.com": {
      "out": {
        "other": 9
      },
      "score": 0.336
    },
    "davidandsuzi.com": {
      "out": {
        "other": 9
      },
      "score": 0.336
    },
    "twitter.github.io": {
      "out": {
        "other": 9
      },
      "score": 0.336
    },
    "robots.thoughtbot.com": {
      "out": {
        "other": 9
      },
      "score": 0.336
    },
    "howistart.org": {
      "out": {
        "other": 9
      },
      "score": 0.336
    },
    "www.metacasts.tv": {
      "out": {
        "other": 9
      },
      "score": 0.336
    },
    "www.hydrogen18.com": {
      "out": {
        "other": 9
      },
      "score": 0.336
    },
    "goa.design": {
      "out": {
        "other": 9
      },
      "score": 0.336
    },
    "www.fastcompany.com": {
      "out": {
        "other": 9
      },
      "score": 0.336
    },
    "blog.levvel.io": {
      "out": {
        "other": 9
      },
      "score": 0.336
    },
    "www.devcasts.io": {
      "out": {
        "other": 9
      },
      "score": 0.336
    },
    "www.datadoghq.com": {
      "out": {
        "other": 9
      },
      "score": 0.336
    },
    "cwiki.apache.org": {
      "out": {
        "other": 9
      },
      "score": 0.336
    },
    "developerblog.redhat.com": {
      "out": {
        "other": 9
      },
      "score": 0.336
    },
    "www.lagomframework.com": {
      "out": {
        "other": 9
      },
      "score": 0.336
    },
    "trishagee.github.io": {
      "out": {
        "other": 9
      },
      "score": 0.336
    },
    "vimeo.com": {
      "out": {
        "other": 9
      },
      "score": 0.336
    },
    "matt.sh": {
      "out": {
        "other": 9
      },
      "score": 0.336
    },
    "reactkungfu.com": {
      "out": {
        "other": 9
      },
      "score": 0.336
    },
    "php.net": {
      "out": {
        "other": 9
      },
      "score": 0.336
    },
    "gocasts.io": {
      "out": {
        "other": 9
      },
      "score": 0.336
    },
    "jamielinux.com": {
      "out": {
        "other": 9
      },
      "score": 0.336
    },
    "jen20.com": {
      "out": {
        "other": 9
      },
      "score": 0.336
    },
    "m.signalvnoise.com": {
      "out": {
        "other": 9
      },
      "score": 0.336
    },
    "joshrendek.com": {
      "out": {
        "other": 9
      },
      "score": 0.336
    },
    "npf.io": {
      "out": {
        "other": 9
      },
      "score": 0.336
    },
    "blog.chaselambda.com": {
      "out": {
        "other": 8
      },
      "score": 0.322
    },
    "blog.ralch.com": {
      "out": {
        "other": 8
      },
      "score": 0.322
    },
    "lwn.net": {
      "out": {
        "other": 8
      },
      "score": 0.322
    },
    "www.devopsbookmarks.com": {
      "out": {
        "other": 8
      },
      "score": 0.322
    },
    "daniel.haxx.se": {
      "out": {
        "other": 8
      },
      "score": 0.322
    },
    "blog.haproxy.com": {
      "out": {
        "other": 8
      },
      "score": 0.322
    },
    "twitter.com/vCloud_Storage": {
      "out": {
        "other": 7
      },
      "score": 0.307
    },
    "twitter.com/TiltShiftMusic": {
      "out": {
        "other": 7
      },
      "score": 0.307
    },
    "twitter.com/thekristenreyes": {
      "out": {
        "other": 7
      },
      "score": 0.307
    },
    "twitter.com/e_er_de": {
      "out": {
        "other": 7
      },
      "score": 0.307
    },
    "twitter.com/karas2453": {
      "out": {
        "other": 7
      },
      "score": 0.307
    },
    "twitter.com/nodejstweet": {
      "out": {
        "other": 7
      },
      "score": 0.307
    },
    "www.linkedin.com": {
      "out": {
        "other": 6
      },
      "score": 0.288
    },
    "docs.google.com": {
      "out": {
        "other": 6
      },
      "score": 0.288
    },
    "www.amazon.com": {
      "out": {
        "other": 6
      },
      "score": 0.288
    },
    "storage.googleapis.com": {
      "out": {
        "other": 6
      },
      "score": 0.288
    },
    "dataintensive.net": {
      "out": {
        "other": 6
      },
      "score": 0.288
    },
    "shop.oreilly.com": {
      "out": {
        "other": 6
      },
      "score": 0.288
    },
    "twitter.com/javascriptd": {
      "out": {
        "other": 6
      },
      "score": 0.288
    },
    "play.google.com": {
      "out": {
        "other": 5
      },
      "score": 0.267
    },
    "sharq.io": {
      "out": {
        "other": 5
      },
      "score": 0.267
    },
    "twitter.com/tagslysearchse1": {
      "out": {
        "other": 5
      },
      "score": 0.267
    },
    "blog.fmpwizard.com": {
      "out": {
        "other": 5
      },
      "score": 0.267
    },
    "stripe.com": {
      "out": {
        "other": 5
      },
      "score": 0.267
    },
    "thenextweb.com": {
      "out": {
        "other": 5
      },
      "score": 0.267
    },
    "asciinema.org": {
      "out": {
        "other": 5
      },
      "score": 0.267
    },
    "finance.yahoo.com": {
      "out": {
        "other": 5
      },
      "score": 0.267
    },
    "citizen-ex.com": {
      "out": {
        "other": 5
      },
      "score": 0.267
    },
    "www.crypt.gen.nz": {
      "out": {
        "other": 5
      },
      "score": 0.267
    },
    "loicpefferkorn.net": {
      "out": {
        "other": 5
      },
      "score": 0.267
    },
    "projects.knightlab.com": {
      "out": {
        "other": 5
      },
      "score": 0.267
    },
    "twitter.com/amryno": {
      "out": {
        "other": 5
      },
      "score": 0.267
    },
    "twitter.com/bkilbs": {
      "out": {
        "other": 5
      },
      "score": 0.267
    },
    "twitter.com/dockerftw": {
      "out": {
        "other": 5
      },
      "score": 0.267
    },
    "blog.professorbeekums.com": {
      "out": {
        "other": 5
      },
      "score": 0.267
    },
    "ferd.ca": {
      "out": {
        "other": 5
      },
      "score": 0.267
    },
    "issues.apache.org": {
      "out": {
        "other": 5
      },
      "score": 0.267
    },
    "minio.io": {
      "out": {
        "other": 5
      },
      "score": 0.267
    },
    "www.shocksolution.com": {
      "out": {
        "other": 5
      },
      "score": 0.267
    },
    "weaveblog.com": {
      "out": {
        "other": 5
      },
      "score": 0.267
    },
    "softwareengineeringdaily.com": {
      "out": {
        "other": 5
      },
      "score": 0.267
    },
    "twitter.com/OttoOps": {
      "out": {
        "other": 5
      },
      "score": 0.267
    },
    "twitter.com/searchtechbot": {
      "out": {
        "other": 5
      },
      "score": 0.267
    },
    "www.ryver.com": {
      "out": {
        "other": 5
      },
      "score": 0.267
    },
    "dgraph.io": {
      "out": {
        "other": 5
      },
      "score": 0.267
    },
    "qz.com": {
      "out": {
        "other": 5
      },
      "score": 0.267
    },
    "twitter.com/potto007": {
      "out": {
        "other": 5
      },
      "score": 0.267
    },
    "www.madeforcloud.com": {
      "out": {
        "other": 5
      },
      "score": 0.267
    },
    "smartbear.com": {
      "out": {
        "other": 5
      },
      "score": 0.267
    },
    "www.digitalocean.com": {
      "out": {
        "other": 5
      },
      "score": 0.267
    },
    "blog.prototypr.io": {
      "out": {
        "other": 5
      },
      "score": 0.267
    },
    "capitalgolang.com": {
      "out": {
        "other": 5
      },
      "score": 0.267
    },
    "twitter.com/GreatBeyonduk": {
      "out": {
        "other": 5
      },
      "score": 0.267
    },
    "twitter.com/TheDaily_Web": {
      "out": {
        "other": 5
      },
      "score": 0.267
    },
    "sciencebulletin.org": {
      "out": {
        "other": 5
      },
      "score": 0.267
    },
    "access.redhat.com": {
      "out": {
        "other": 5
      },
      "score": 0.267
    },
    "danielmiessler.com": {
      "out": {
        "other": 5
      },
      "score": 0.267
    },
    "engineering.gusto.com": {
      "out": {
        "other": 5
      },
      "score": 0.267
    },
    "blogs.apache.org": {
      "out": {
        "other": 5
      },
      "score": 0.267
    },
    "clocker.io": {
      "out": {
        "other": 5
      },
      "score": 0.267
    },
    "container-solutions.com": {
      "out": {
        "other": 5
      },
      "score": 0.267
    },
    "twitter.com/MarkusWinand": {
      "out": {
        "other": 5
      },
      "score": 0.267
    },
    "www.snappower.com": {
      "out": {
        "other": 5
      },
      "score": 0.267
    },
    "devs.cloudimmunity.com": {
      "out": {
        "other": 5
      },
      "score": 0.267
    },
    "www.ietf.org": {
      "out": {
        "other": 5
      },
      "score": 0.267
    },
    "fortune.com": {
      "out": {
        "other": 5
      },
      "score": 0.267
    },
    "use-the-index-luke.com": {
      "out": {
        "other": 5
      },
      "score": 0.267
    },
    "www.linux-pages.com": {
      "out": {
        "other": 5
      },
      "score": 0.267
    },
    "www.unix.com": {
      "out": {
        "other": 5
      },
      "score": 0.267
    },
    "arstechnica.co.uk": {
      "out": {
        "other": 5
      },
      "score": 0.267
    },
    "engine.so": {
      "out": {
        "other": 5
      },
      "score": 0.267
    },
    "emberjs.com": {
      "out": {
        "other": 5
      },
      "score": 0.267
    },
    "zookeeper.apache.org": {
      "out": {
        "other": 5
      },
      "score": 0.267
    },
    "blog.engineyard.com": {
      "out": {
        "other": 5
      },
      "score": 0.267
    },
    "turnoff.us": {
      "out": {
        "other": 5
      },
      "score": 0.267
    },
    "aeflash.com": {
      "out": {
        "other": 5
      },
      "score": 0.267
    },
    "thediscoblog.com": {
      "out": {
        "other": 5
      },
      "score": 0.267
    },
    "www.centurylinklabs.com": {
      "out": {
        "other": 5
      },
      "score": 0.267
    },
    "www.ted.com": {
      "out": {
        "other": 5
      },
      "score": 0.267
    },
    "cloudarchitectmusings.com": {
      "out": {
        "other": 5
      },
      "score": 0.267
    },
    "twitter.com/Kerry_Turley": {
      "out": {
        "other": 5
      },
      "score": 0.267
    },
    "twitter.com/keithchambers": {
      "out": {
        "other": 5
      },
      "score": 0.267
    },
    "blog.scalyr.com": {
      "out": {
        "other": 5
      },
      "score": 0.267
    },
    "buckbuild.com": {
      "out": {
        "other": 5
      },
      "score": 0.267
    },
    "softwareengineering.stackexchange.com": {
      "out": {
        "other": 5
      },
      "score": 0.267
    },
    "www.imagesbuddy.com": {
      "out": {
        "other": 4
      },
      "score": 0.242
    },
    "twitter.com/julienbarbier42": {
      "out": {
        "other": 4
      },
      "score": 0.242
    },
    "twitter.com/prrgutierrez": {
      "out": {
        "other": 4
      },
      "score": 0.242
    },
    "i.sli.mg": {
      "out": {
        "other": 4
      },
      "score": 0.242
    },
    "twitter.com/gophersauce": {
      "out": {
        "other": 4
      },
      "score": 0.242
    },
    "twitter.com/fullstack": {
      "out": {
        "other": 4
      },
      "score": 0.242
    },
    "seccasts.com": {
      "out": {
        "other": 4
      },
      "score": 0.242
    },
    "twitter.com/Nimamon": {
      "out": {
        "other": 4
      },
      "score": 0.242
    },
    "twitter.com/philjackson": {
      "out": {
        "other": 4
      },
      "score": 0.242
    },
    "photoswipe.com": {
      "out": {
        "other": 4
      },
      "score": 0.242
    },
    "twitter.com/goinggodotnet": {
      "out": {
        "other": 4
      },
      "score": 0.242
    },
    "twitter.com/bjorniverson": {
      "out": {
        "other": 4
      },
      "score": 0.242
    },
    "katemats.com": {
      "out": {
        "other": 4
      },
      "score": 0.242
    },
    "twitter.com/CloudCoreo": {
      "out": {
        "other": 4
      },
      "score": 0.242
    },
    "OttoOps.com": {
      "out": {
        "other": 4
      },
      "score": 0.242
    },
    "SimbaSystems.com": {
      "out": {
        "other": 4
      },
      "score": 0.242
    },
    "blog.garstasio.com": {
      "out": {
        "other": 4
      },
      "score": 0.242
    },
    "twitter.com/ivancevich": {
      "out": {
        "other": 4
      },
      "score": 0.242
    },
    "twitter.com/6p29rty80ei42": {
      "out": {
        "other": 4
      },
      "score": 0.242
    },
    "twitter.com/aporeto_trireme": {
      "out": {
        "other": 4
      },
      "score": 0.242
    },
    "twitter.com/joearnold": {
      "out": {
        "other": 3
      },
      "score": 0.208
    },
    "twitter.com/SQLPerfTips": {
      "out": {
        "other": 3
      },
      "score": 0.208
    },
    "twitter.com/_tomasio": {
      "out": {
        "other": 3
      },
      "score": 0.208
    },
    "twitter.com/elsa_updates": {
      "out": {
        "other": 3
      },
      "score": 0.208
    },
    "twitter.com/shakamunyi": {
      "out": {
        "other": 3
      },
      "score": 0.208
    },
    "twitter.com/vektrasays": {
      "out": {
        "other": 3
      },
      "score": 0.208
    },
    "twitter.com/CNUGUK": {
      "out": {
        "other": 3
      },
      "score": 0.208
    },
    "twitter.com/ModernSQL": {
      "out": {
        "other": 3
      },
      "score": 0.208
    },
    "twitter.com/EscotRodrigues": {
      "out": {
        "other": 3
      },
      "score": 0.208
    },
    "twitter.com/jasonmulligan": {
      "out": {
        "other": 3
      },
      "score": 0.208
    },
    "twitter.com/albertoaflores": {
      "out": {
        "other": 3
      },
      "score": 0.208
    },
    "twitter.com/everpeace": {
      "out": {
        "other": 3
      },
      "score": 0.208
    },
    "twitter.com/lanreadelowo": {
      "out": {
        "other": 3
      },
      "score": 0.208
    },
    "twitter.com/alevergara78": {
      "out": {
        "other": 3
      },
      "score": 0.208
    },
    "twitter.com/pekeler": {
      "out": {
        "other": 3
      },
      "score": 0.208
    },
    "twitter.com/CrateIO": {
      "out": {
        "other": 3
      },
      "score": 0.208
    },
    "twitter.com/insidestat": {
      "out": {
        "other": 3
      },
      "score": 0.208
    },
    "twitter.com/dc0d_": {
      "out": {
        "other": 3
      },
      "score": 0.208
    },
    "twitter.com/tech_utils": {
      "out": {
        "other": 3
      },
      "score": 0.208
    },
    "twitter.com/tnachen": {
      "out": {
        "other": 3
      },
      "score": 0.208
    },
    "twitter.com/davecheney": {
      "out": {
        "other": 2
      },
      "score": 0.161
    },
    "twitter.com/erikstmartin": {
      "out": {
        "other": 2
      },
      "score": 0.161
    },
    "twitter.com/softprops": {
      "out": {
        "other": 2
      },
      "score": 0.161
    },
    "SQL-Performance-Explained.com": {
      "out": {
        "other": 2
      },
      "score": 0.161
    },
    "facebook.com/TiltShiftMusic": {
      "out": {
        "other": 2
      },
      "score": 0.161
    },
    "twitter.com/AngJobs": {
      "out": {
        "other": 2
      },
      "score": 0.161
    },
    "twitter.com/Workey_co": {
      "out": {
        "other": 2
      },
      "score": 0.161
    },
    "twitter.com/wulant_renie": {
      "out": {
        "other": 2
      },
      "score": 0.161
    },
    "pekeler.org": {
      "out": {
        "other": 2
      },
      "score": 0.161
    },
    "twitter.com/AugustoRuibal": {
      "out": {
        "other": 2
      },
      "score": 0.161
    },
    "twitter.com/MarceloBytes": {
      "out": {
        "other": 2
      },
      "score": 0.161
    },
    "twitter.com/TheBrickNetwork": {
      "out": {
        "other": 2
      },
      "score": 0.161
    },
    "michaelwhatcott.com": {
      "out": {
        "other": 2
      },
      "score": 0.161
    },
    "twitter.com/James_T78": {
      "out": {
        "other": 2
      },
      "score": 0.161
    },
    "avoidwork.com": {
      "out": {
        "other": 2
      },
      "score": 0.161
    },
    "lanreadelowo.com": {
      "out": {
        "other": 2
      },
      "score": 0.161
    },
    "twitter.com/s_mazza": {
      "out": {
        "other": 2
      },
      "score": 0.161
    },
    "yogithapolavarapu.wordpress.com": {
      "out": {
        "other": 2
      },
      "score": 0.161
    },
    "alberto-flores.blogspot.com": {
      "out": {
        "other": 2
      },
      "score": 0.161
    },
    "twitter.com/undefinedza": {
      "out": {
        "other": 2
      },
      "score": 0.161
    },
    "twitter.com/Coma333": {
      "out": {
        "other": 2
      },
      "score": 0.161
    },
    "twitter.com/SimonRobain": {
      "out": {
        "other": 2
      },
      "score": 0.161
    },
    "twitter.com/sandhuepfer53": {
      "out": {
        "other": 2
      },
      "score": 0.161
    },
    "modern-sql.com": {
      "out": {
        "other": 2
      },
      "score": 0.161
    },
    "twitter.com/AINewsletter": {
      "out": {
        "other": 2
      },
      "score": 0.161
    },
    "twitter.com/rodrigopaszniuk": {
      "out": {
        "other": 2
      },
      "score": 0.161
    },
    "twitter.com/ljo": {
      "out": {
        "other": 2
      },
      "score": 0.161
    },
    "twitter.com/rocketship": {
      "out": {
        "other": 2
      },
      "score": 0.161
    },
    "twitter.com/smllmp": {
      "out": {
        "other": 2
      },
      "score": 0.161
    },
    "twitter.com/spf13": {
      "out": {
        "other": 2
      },
      "score": 0.161
    },
    "twitter.com/stephenkeep": {
      "out": {
        "other": 2
      },
      "score": 0.161
    },
    "tomasio.at": {
      "out": {
        "other": 2
      },
      "score": 0.161
    },
    "twitter.com/AmelieTheGopher": {
      "out": {
        "other": 2
      },
      "score": 0.161
    },
    "twitter.com/oldestlivingboy": {
      "out": {
        "other": 2
      },
      "score": 0.161
    },
    "winand.at": {
      "out": {
        "other": 2
      },
      "score": 0.161
    },
    "twitter.com/ModafyNootropic": {
      "out": {
        "other": 2
      },
      "score": 0.161
    },
    "twitter.com/allthingshadoop": {
      "out": {
        "other": 2
      },
      "score": 0.161
    },
    "twitter.com/carlossanchezp": {
      "out": {
        "other": 2
      },
      "score": 0.161
    },
    "twitter.com/mdwhatcott": {
      "out": {
        "other": 2
      },
      "score": 0.161
    },
    "twitter.com/sickill": {
      "out": {
        "other": 2
      },
      "score": 0.161
    },
    "twitter.com/smazero": {
      "out": {
        "other": 2
      },
      "score": 0.161
    },
    "twitter.com/theironstudley": {
      "out": {
        "other": 2
      },
      "score": 0.161
    },
    "everpeace.github.com": {
      "out": {
        "other": 2
      },
      "score": 0.161
    },
    "twitter.com/mikebusby": {
      "out": {
        "other": 2
      },
      "score": 0.161
    },
    "twitter.com/stabellinist": {
      "out": {
        "other": 2
      },
      "score": 0.161
    },
    "twitter.com/OnionIoT": {
      "out": {
        "other": 2
      },
      "score": 0.161
    },
    "twitter.com/arifmahmudrana": {
      "out": {
        "other": 2
      },
      "score": 0.161
    },
    "twitter.com/slippytrumpet": {
      "out": {
        "other": 2
      },
      "score": 0.161
    },
    "twitter.com/turgon": {
      "out": {
        "other": 2
      },
      "score": 0.161
    },
    "about.me": {
      "out": {
        "other": 2
      },
      "score": 0.161
    },
    "twitter.com/ferrales1017": {
      "out": {
        "other": 2
      },
      "score": 0.161
    },
    "twitter.com/linostar_": {
      "out": {
        "other": 2
      },
      "score": 0.161
    },
    "twitter.com/saghaulor": {
      "out": {
        "other": 2
      },
      "score": 0.161
    },
    "mooit.xyz": {
      "out": {
        "other": 2
      },
      "score": 0.161
    },
    "twitter.com/BananaData": {
      "out": {
        "other": 2
      },
      "score": 0.161
    },
    "twitter.com/CloudSploit_": {
      "out": {
        "other": 2
      },
      "score": 0.161
    },
    "twitter.com/JoseSoulard": {
      "out": {
        "other": 2
      },
      "score": 0.161
    },
    "twitter.com/ayeremascot": {
      "out": {
        "other": 2
      },
      "score": 0.161
    },
    "twitter.com/cpknight": {
      "out": {
        "other": 2
      },
      "score": 0.161
    },
    "twitter.com/mchmarny": {
      "out": {
        "other": 2
      },
      "score": 0.161
    },
    "twitter.com/neumino": {
      "out": {
        "other": 2
      },
      "score": 0.161
    },
    "twitter.com/timothysc": {
      "out": {
        "other": 2
      },
      "score": 0.161
    },
    "twitter.com/ArkhamStorage": {
      "out": {
        "other": 2
      },
      "score": 0.161
    },
    "twitter.com/credaciousjames": {
      "out": {
        "other": 2
      },
      "score": 0.161
    },
    "twitter.com/shaunoconnell": {
      "out": {
        "other": 2
      },
      "score": 0.161
    },
    "stream.withknown.com": {
      "in": {
        "other": 4
      },
      "score": 0.161
    },
    "twitter.com/Filepicker": {
      "out": {
        "other": 2
      },
      "score": 0.161
    },
    "twitter.com/SaltStack": {
      "out": {
        "other": 2
      },
      "score": 0.161
    },
    "twitter.com/FuriKuri": {
      "out": {
        "other": 2
      },
      "score": 0.161
    },
    "twitter.com/yuri_warczynski": {
      "out": {
        "other": 2
      },
      "score": 0.161
    },
    "www.techutils.in": {
      "out": {
        "other": 2
      },
      "score": 0.161
    },
    "twitter.com/EvanWeihs": {
      "out": {
        "other": 2
      },
      "score": 0.161
    },
    "twitter.com/VivifyScrum": {
      "out": {
        "other": 2
      },
      "score": 0.161
    },
    "twitter.com/diogormcduarte": {
      "out": {
        "other": 2
      },
      "score": 0.161
    },
    "twitter.com/pablete": {
      "out": {
        "other": 2
      },
      "score": 0.161
    },
    "www.networking.ug": {
      "out": {
        "other": 2
      },
      "score": 0.161
    },
    "twitter.com/FreeTutsForYou": {
      "out": {
        "other": 2
      },
      "score": 0.161
    },
    "twitter.com/berpj": {
      "out": {
        "other": 2
      },
      "score": 0.161
    },
    "twitter.com/jwmoz": {
      "out": {
        "other": 2
      },
      "score": 0.161
    },
    "twitter.com/ecirugur": {
      "out": {
        "other": 2
      },
      "score": 0.161
    },
    "twitter.com/tmaiaroto": {
      "out": {
        "other": 2
      },
      "score": 0.161
    },
    "facebook.com/greatbeyondrecords": {
      "out": {
        "other": 2
      },
      "score": 0.161
    },
    "twitter.com/alex_combessie": {
      "out": {
        "other": 2
      },
      "score": 0.161
    },
    "twitter.com/burks3818": {
      "out": {
        "other": 2
      },
      "score": 0.161
    },
    "twitter.com/mradspieler": {
      "out": {
        "other": 2
      },
      "score": 0.161
    },
    "twitter.com/nivertech": {
      "out": {
        "other": 2
      },
      "score": 0.161
    },
    "twitter.com/piyushsamaiya": {
      "out": {
        "other": 2
      },
      "score": 0.161
    },
    "twitter.com/proudboffin": {
      "out": {
        "other": 2
      },
      "score": 0.161
    },
    "twitter.com/DorianLupu": {
      "out": {
        "other": 2
      },
      "score": 0.161
    },
    "twitter.com/sexyonel99": {
      "out": {
        "other": 2
      },
      "score": 0.161
    },
    "shakamunyi.tumblr.com": {
      "out": {
        "other": 2
      },
      "score": 0.161
    },
    "swiftstack.com": {
      "out": {
        "other": 2
      },
      "score": 0.161
    },
    "twitter.com/KingScooty": {
      "out": {
        "other": 2
      },
      "score": 0.161
    },
    "twitter.com/elseif_net": {
      "out": {
        "other": 2
      },
      "score": 0.161
    },
    "twitter.com/prokopp": {
      "out": {
        "other": 2
      },
      "score": 0.161
    },
    "twitter.com/sdedelbrock": {
      "out": {
        "other": 2
      },
      "score": 0.161
    },
    "twitter.com/Indix": {
      "out": {
        "other": 2
      },
      "score": 0.161
    },
    "twitter.com/nitinnain": {
      "out": {
        "other": 2
      },
      "score": 0.161
    },
    "twitter.com/systemdsucks": {
      "out": {
        "other": 2
      },
      "score": 0.161
    },
    "twitter.com/nitrokey": {
      "out": {
        "other": 2
      },
      "score": 0.161
    },
    "twitter.com/bianchettim7": {
      "out": {
        "other": 2
      },
      "score": 0.161
    },
    "twitter.com/bobmanchu": {
      "out": {
        "other": 2
      },
      "score": 0.161
    },
    "cl.linkedin.com": {
      "out": {
        "other": 2
      },
      "score": 0.161
    },
    "twitter.com/webmastersguard": {
      "out": {
        "other": 2
      },
      "score": 0.161
    },
    "crate.io": {
      "out": {
        "other": 2
      },
      "score": 0.161
    },
    "twitter.com/plantimals": {
      "out": {
        "other": 2
      },
      "score": 0.161
    },
    "twitter.com/spataneousbreak": {
      "out": {
        "other": 2
      },
      "score": 0.161
    },
    "twitter.com/rmenegazzo": {
      "out": {
        "other": 2
      },
      "score": 0.161
    },
    "vektra.com": {
      "out": {
        "other": 2
      },
      "score": 0.161
    },
    "wendigo.pl": {
      "out": {
        "other": 2
      },
      "score": 0.161
    },
    "twitter.com/VMurson": {
      "out": {
        "other": 2
      },
      "score": 0.161
    },
    "twitter.com/h6165": {
      "out": {
        "other": 2
      },
      "score": 0.161
    },
    "twitter.com/kamon": {
      "out": {
        "other": 2
      },
      "score": 0.161
    },
    "twitter.com/keen_io": {
      "out": {
        "other": 2
      },
      "score": 0.161
    },
    "twitter.com/software_daily": {
      "out": {
        "other": 2
      },
      "score": 0.161
    },
    "tnachen.wordpress.com": {
      "out": {
        "other": 2
      },
      "score": 0.161
    },
    "twitter.com/maitrella": {
      "out": {
        "other": 2
      },
      "score": 0.161
    },
    "twitter.com/sizeof": {
      "out": {
        "other": 2
      },
      "score": 0.161
    },
    "twitter.com/wendigo": {
      "out": {
        "other": 2
      },
      "score": 0.161
    },
    "twitter.com/ibobrik": {
      "out": {
        "other": 2
      },
      "score": 0.161
    },
    "twitter.com/joewalnes": {
      "out": {
        "other": 2
      },
      "score": 0.161
    },
    "twitter.com/tvccapital": {
      "out": {
        "other": 2
      },
      "score": 0.161
    },
    "www.elsauniversity.com": {
      "out": {
        "other": 2
      },
      "score": 0.161
    },
    "twitter.com/Todd_McLeod": {
      "out": {
        "other": 2
      },
      "score": 0.161
    },
    "ir.linkedin.com": {
      "out": {
        "other": 2
      },
      "score": 0.161
    },
    "twitter.com/formvalidation": {
      "out": {
        "other": 2
      },
      "score": 0.161
    },
    "twitter.com/gonzo_": {
      "out": {
        "other": 2
      },
      "score": 0.161
    },
    "twitter.com/loige": {
      "out": {
        "other": 2
      },
      "score": 0.161
    },
    "twitter.com/angularjobs": {
      "out": {
        "other": 2
      },
      "score": 0.161
    },
    "twitter.com/azaru": {
      "out": {
        "other": 2
      },
      "score": 0.161
    },
    "twitter.com/AcelioInc": {
      "out": {
        "other": 2
      },
      "score": 0.161
    },
    "twitter.com/Get_ur_web": {
      "out": {
        "other": 2
      },
      "score": 0.161
    },
    "twitter.com/KaikoData": {
      "out": {
        "other": 2
      },
      "score": 0.161
    },
    "twitter.com/WebCrabbly": {
      "out": {
        "other": 2
      },
      "score": 0.161
    },
    "twitter.com/rokflow": {
      "out": {
        "other": 2
      },
      "score": 0.161
    },
    "nl.linkedin.com": {
      "out": {
        "other": 2
      },
      "score": 0.161
    },
    "twitter.com/charrington99": {
      "out": {
        "other": 2
      },
      "score": 0.161
    },
    "twitter.com/kuizinas": {
      "out": {
        "other": 2
      },
      "score": 0.161
    },
    "twitter.com/sysdig": {
      "out": {
        "other": 2
      },
      "score": 0.161
    },
    "webmention.org": {
      "out": {
        "other": 1
      },
      "score": 0.0805
    },
    "pbs.twimg.com": {
      "out": {
        "other": 1
      },
      "score": 0.0805
    }
  }
}