{
  "domain": "csarven.ca",
  "urls": [
    "http://csarven.ca/"
  ],
  "names": [
    "Sarven Capadisli"
  ],
  "descriptions": [
    "I am Sarven Capadisli and this Web site contains a collection of my thoughts and interests."
  ],
  "pictures": [
    "http://csarven.ca/media/images/csarven-avatar.png"
  ],
  "hcard": {},
  "rel_mes": [],
  "crawl_start": "2017-04-28T05:16:17",
  "crawl_end": "2017-04-28T05:19:05",
  "num_pages": 210,
  "total_html_size": 4678247,
  "servers": [
    "nginx"
  ],
  "mf2_classes": [
    "h-card",
    "h-adr",
    "h-event"
  ],
  "tags": [
    "bridgy",
    "elder"
  ],
  "endpoints": {},
  "links_out": 3244,
  "links_in": 432,
  "links": {
    "brid-gy.appspot.com": {
      "out": {
        "other": 264
      },
      "score": 1
    },
    "creativecommons.org": {
      "out": {
        "other": 232
      },
      "score": 0.979
    },
    "www.w3.org": {
      "out": {
        "other": 209
      },
      "score": 0.963
    },
    "rhiaro.co.uk": {
      "in": {
        "other": 234,
        "in-reply-to": 17
      },
      "out": {
        "other": 45
      },
      "score": 0.959
    },
    "en.wikipedia.org": {
      "out": {
        "other": 183
      },
      "score": 0.941
    },
    "www.worldcat.org": {
      "out": {
        "other": 176
      },
      "score": 0.935
    },
    "github.com": {
      "out": {
        "other": 102
      },
      "score": 0.848
    },
    "twitter.com/csarven": {
      "out": {
        "other": 58
      },
      "score": 0.758
    },
    "microformats.org": {
      "out": {
        "other": 49
      },
      "score": 0.730
    },
    "indieweb.org": {
      "in": {
        "other": 88
      },
      "score": 0.715
    },
    "worldbank.270a.info": {
      "out": {
        "other": 44
      },
      "score": 0.715
    },
    "plus.google.com/114223893421375686319": {
      "out": {
        "other": 31
      },
      "score": 0.659
    },
    "twitter.com/search": {
      "out": {
        "other": 28
      },
      "score": 0.643
    },
    "linkedresearch.org": {
      "out": {
        "other": 28
      },
      "score": 0.643
    },
    "stats.270a.info": {
      "out": {
        "other": 26
      },
      "score": 0.630
    },
    "twitter.com/MBstream": {
      "out": {
        "other": 26
      },
      "score": 0.630
    },
    "ceur-ws.org": {
      "out": {
        "other": 23
      },
      "score": 0.611
    },
    "y.te.gs": {
      "in": {
        "in-reply-to": 8
      },
      "out": {
        "other": 2
      },
      "score": 0.603
    },
    "chat.indieweb.org": {
      "in": {
        "other": 44
      },
      "score": 0.603
    },
    "twitter.com/SoerenAuer": {
      "out": {
        "other": 20
      },
      "score": 0.589
    },
    "twitter.com/rhiaro": {
      "out": {
        "other": 20
      },
      "score": 0.589
    },
    "dokie.li": {
      "out": {
        "other": 20
      },
      "score": 0.589
    },
    "semstats.org": {
      "out": {
        "other": 19
      },
      "score": 0.581
    },
    "code.google.com": {
      "out": {
        "other": 18
      },
      "score": 0.571
    },
    "twitter.com/nicolagreco": {
      "out": {
        "other": 18
      },
      "score": 0.571
    },
    "twitter.com/clange": {
      "out": {
        "other": 18
      },
      "score": 0.571
    },
    "aksw.org": {
      "out": {
        "other": 18
      },
      "score": 0.571
    },
    "mynarz.net": {
      "out": {
        "other": 17
      },
      "score": 0.563
    },
    "svn.aksw.org": {
      "out": {
        "other": 17
      },
      "score": 0.563
    },
    "jena.apache.org": {
      "out": {
        "other": 16
      },
      "score": 0.553
    },
    "profiles.google.com": {
      "out": {
        "other": 16
      },
      "score": 0.553
    },
    "brembs.net": {
      "out": {
        "other": 16
      },
      "score": 0.553
    },
    "events.linkeddata.org": {
      "out": {
        "other": 14
      },
      "score": 0.531
    },
    "uni-bonn.de": {
      "out": {
        "other": 13
      },
      "score": 0.520
    },
    "known.kevinmarks.com": {
      "in": {
        "other": 15
      },
      "out": {
        "other": 5
      },
      "score": 0.514
    },
    "eis.iai.uni-bonn.de": {
      "out": {
        "other": 12
      },
      "score": 0.507
    },
    "www.springerlink.com": {
      "out": {
        "other": 12
      },
      "score": 0.507
    },
    "mit.edu": {
      "out": {
        "other": 11
      },
      "score": 0.493
    },
    "cs.uni-bonn.de": {
      "out": {
        "other": 11
      },
      "score": 0.493
    },
    "bfh.ch": {
      "out": {
        "other": 11
      },
      "score": 0.493
    },
    "twitter.com/brembs": {
      "out": {
        "other": 11
      },
      "score": 0.493
    },
    "www.acm.org": {
      "out": {
        "other": 10
      },
      "score": 0.478
    },
    "internal-seo-guidelines": {
      "out": {
        "other": 10
      },
      "score": 0.478
    },
    "datahub.io": {
      "out": {
        "other": 10
      },
      "score": 0.478
    },
    "data-gov.ie": {
      "out": {
        "other": 10
      },
      "score": 0.478
    },
    "purl.org": {
      "out": {
        "other": 10
      },
      "score": 0.478
    },
    "ruben.verborgh.org": {
      "out": {
        "other": 9
      },
      "score": 0.461
    },
    "arapehlivanian.com": {
      "out": {
        "other": 9
      },
      "score": 0.461
    },
    "ec.europa.eu": {
      "out": {
        "other": 9
      },
      "score": 0.461
    },
    "twitter.com/ymilosy": {
      "out": {
        "other": 9
      },
      "score": 0.461
    },
    "dbpedia.org": {
      "out": {
        "other": 9
      },
      "score": 0.461
    },
    "data.worldbank.org": {
      "out": {
        "other": 8
      },
      "score": 0.442
    },
    "270a.info": {
      "out": {
        "other": 8
      },
      "score": 0.442
    },
    "www.google.com": {
      "out": {
        "other": 8
      },
      "score": 0.442
    },
    "www4.wiwiss.fu-berlin.de": {
      "out": {
        "other": 8
      },
      "score": 0.442
    },
    "eurostat.linked-statistics.org": {
      "out": {
        "other": 8
      },
      "score": 0.442
    },
    "brid.gy": {
      "in": {
        "other": 16
      },
      "score": 0.442
    },
    "imf.270a.info": {
      "out": {
        "other": 8
      },
      "score": 0.442
    },
    "www.wirtschaft.bfh.ch": {
      "out": {
        "other": 8
      },
      "score": 0.442
    },
    "orcid.org": {
      "out": {
        "other": 8
      },
      "score": 0.442
    },
    "arxiv.org": {
      "out": {
        "other": 8
      },
      "score": 0.442
    },
    "www.semantic-web-journal.net": {
      "out": {
        "other": 8
      },
      "score": 0.442
    },
    "twitter.com/jindrichmynarz": {
      "out": {
        "other": 8
      },
      "score": 0.442
    },
    "tools.ietf.org": {
      "out": {
        "other": 7
      },
      "score": 0.421
    },
    "ecb.270a.info": {
      "out": {
        "other": 7
      },
      "score": 0.421
    },
    "oecd.270a.info": {
      "out": {
        "other": 7
      },
      "score": 0.421
    },
    "www.edwardtufte.com": {
      "out": {
        "other": 7
      },
      "score": 0.421
    },
    "plus.google.com/112399767740508618350": {
      "out": {
        "other": 7
      },
      "score": 0.421
    },
    "confoo.ca": {
      "out": {
        "other": 6
      },
      "score": 0.396
    },
    "lists.w3.org": {
      "out": {
        "other": 6
      },
      "score": 0.396
    },
    "abs.270a.info": {
      "out": {
        "other": 6
      },
      "score": 0.396
    },
    "docs.google.com": {
      "out": {
        "other": 6
      },
      "score": 0.396
    },
    "epp.eurostat.ec.europa.eu": {
      "out": {
        "other": 6
      },
      "score": 0.396
    },
    "transparency.270a.info": {
      "out": {
        "other": 6
      },
      "score": 0.396
    },
    "twitter.com/coreymwamba": {
      "out": {
        "other": 6
      },
      "score": 0.396
    },
    "www.ke.tu-darmstadt.de": {
      "out": {
        "other": 6
      },
      "score": 0.396
    },
    "fao.270a.info": {
      "out": {
        "other": 6
      },
      "score": 0.396
    },
    "xmlns.com": {
      "out": {
        "other": 6
      },
      "score": 0.396
    },
    "journals.plos.org": {
      "out": {
        "other": 6
      },
      "score": 0.396
    },
    "thedatahub.org": {
      "out": {
        "other": 6
      },
      "score": 0.396
    },
    "dl.acm.org": {
      "out": {
        "other": 6
      },
      "score": 0.396
    },
    "www.donau-uni.ac.at": {
      "out": {
        "in-reply-to": 1,
        "other": 1
      },
      "score": 0.396
    },
    "incubator.apache.org": {
      "out": {
        "other": 6
      },
      "score": 0.396
    },
    "2015.eswc-conferences.org": {
      "out": {
        "other": 5
      },
      "score": 0.367
    },
    "deri.ie": {
      "out": {
        "other": 5
      },
      "score": 0.367
    },
    "freenode.net": {
      "out": {
        "other": 5
      },
      "score": 0.367
    },
    "gitter.im": {
      "out": {
        "other": 5
      },
      "score": 0.367
    },
    "identi.ca": {
      "out": {
        "other": 5
      },
      "score": 0.367
    },
    "worldbank.org": {
      "out": {
        "other": 5
      },
      "score": 0.367
    },
    "www.dlib.org": {
      "out": {
        "other": 5
      },
      "score": 0.367
    },
    "franz.com": {
      "out": {
        "other": 5
      },
      "score": 0.367
    },
    "openjena.org": {
      "out": {
        "other": 5
      },
      "score": 0.367
    },
    "schema.org": {
      "out": {
        "other": 5
      },
      "score": 0.367
    },
    "www.albertmeronyo.org": {
      "out": {
        "other": 5
      },
      "score": 0.367
    },
    "ali1k.com": {
      "out": {
        "other": 5
      },
      "score": 0.367
    },
    "www.zv.uni-leipzig.de": {
      "out": {
        "other": 5
      },
      "score": 0.367
    },
    "www.iso.org": {
      "out": {
        "other": 5
      },
      "score": 0.367
    },
    "bfs.270a.info": {
      "out": {
        "other": 5
      },
      "score": 0.367
    },
    "www.elsevier.com": {
      "out": {
        "other": 5
      },
      "score": 0.367
    },
    "frb.270a.info": {
      "out": {
        "other": 5
      },
      "score": 0.367
    },
    "uis.270a.info": {
      "out": {
        "other": 5
      },
      "score": 0.367
    },
    "iswc2013.semanticweb.org": {
      "out": {
        "other": 5
      },
      "score": 0.367
    },
    "bis.270a.info": {
      "out": {
        "other": 5
      },
      "score": 0.367
    },
    "qcri.org.qa": {
      "out": {
        "other": 5
      },
      "score": 0.367
    },
    "orion.tw.rpi.edu": {
      "out": {
        "other": 4
      },
      "score": 0.332
    },
    "link.springer.com": {
      "out": {
        "other": 4
      },
      "score": 0.332
    },
    "blog.mynarz.net": {
      "out": {
        "other": 4
      },
      "score": 0.332
    },
    "mailto": {
      "out": {
        "other": 4
      },
      "score": 0.332
    },
    "twitter.com/authorea": {
      "out": {
        "other": 4
      },
      "score": 0.332
    },
    "www.apache.org": {
      "out": {
        "other": 4
      },
      "score": 0.332
    },
    "www.bfs.admin.ch": {
      "out": {
        "other": 4
      },
      "score": 0.332
    },
    "sdmx.org": {
      "out": {
        "other": 4
      },
      "score": 0.332
    },
    "ht.acm.org": {
      "out": {
        "other": 4
      },
      "score": 0.332
    },
    "reference.data.gov.uk": {
      "out": {
        "other": 4
      },
      "score": 0.332
    },
    "virtuoso.openlinksw.com": {
      "out": {
        "other": 4
      },
      "score": 0.332
    },
    "w3id.org": {
      "out": {
        "other": 4
      },
      "score": 0.332
    },
    "www.fao.org": {
      "out": {
        "other": 4
      },
      "score": 0.332
    },
    "librdf.org": {
      "out": {
        "other": 4
      },
      "score": 0.332
    },
    "mylesbyrne.com": {
      "out": {
        "other": 4
      },
      "score": 0.332
    },
    "sociam.org": {
      "out": {
        "other": 4
      },
      "score": 0.332
    },
    "www.iai.uni-bonn.de": {
      "out": {
        "other": 4
      },
      "score": 0.332
    },
    "richard.cyganiak.de": {
      "out": {
        "other": 4
      },
      "score": 0.332
    },
    "cran.r-project.org": {
      "out": {
        "other": 4
      },
      "score": 0.332
    },
    "www.hicss.hawaii.edu": {
      "out": {
        "other": 4
      },
      "score": 0.332
    },
    "lod-cloud.net": {
      "out": {
        "other": 4
      },
      "score": 0.332
    },
    "sw-app.org": {
      "out": {
        "other": 4
      },
      "score": 0.332
    },
    "archive.org": {
      "out": {
        "other": 4
      },
      "score": 0.332
    },
    "semanticscience.org": {
      "out": {
        "other": 4
      },
      "score": 0.332
    },
    "www.edwardcurry.org": {
      "out": {
        "other": 4
      },
      "score": 0.332
    },
    "jodischneider.com": {
      "out": {
        "other": 4
      },
      "score": 0.332
    },
    "www.linkedin.com": {
      "out": {
        "other": 4
      },
      "score": 0.332
    },
    "www.polleres.net": {
      "out": {
        "other": 4
      },
      "score": 0.332
    },
    "melvincarvalho.com": {
      "in": {
        "other": 1
      },
      "out": {
        "other": 3
      },
      "score": 0.311
    },
    "www.hixie.ch": {
      "out": {
        "other": 3
      },
      "score": 0.285
    },
    "www.authorea.com": {
      "out": {
        "other": 3
      },
      "score": 0.285
    },
    "refine.deri.ie": {
      "out": {
        "other": 3
      },
      "score": 0.285
    },
    "nikolai.luthman.name": {
      "out": {
        "other": 3
      },
      "score": 0.285
    },
    "www.whatwg.org": {
      "out": {
        "other": 3
      },
      "score": 0.285
    },
    "friendlybit.com": {
      "out": {
        "other": 3
      },
      "score": 0.285
    },
    "www.imf.org": {
      "out": {
        "other": 3
      },
      "score": 0.285
    },
    "goo.gl": {
      "out": {
        "other": 3
      },
      "score": 0.285
    },
    "www.ib.hu-berlin.de": {
      "out": {
        "other": 3
      },
      "score": 0.285
    },
    "urn": {
      "out": {
        "other": 3
      },
      "score": 0.285
    },
    "www.bis.org": {
      "out": {
        "other": 3
      },
      "score": 0.285
    },
    "w3.org": {
      "out": {
        "other": 3
      },
      "score": 0.285
    },
    "www.brigitteschuster.com": {
      "out": {
        "other": 3
      },
      "score": 0.285
    },
    "medias-transcontinental.com": {
      "out": {
        "other": 3
      },
      "score": 0.285
    },
    "zenodo.org": {
      "out": {
        "other": 3
      },
      "score": 0.285
    },
    "lab.brembs.net": {
      "out": {
        "other": 3
      },
      "score": 0.285
    },
    "www.trovster.com": {
      "out": {
        "other": 3
      },
      "score": 0.285
    },
    "brigitteschuster.com": {
      "out": {
        "other": 3
      },
      "score": 0.285
    },
    "twitter.com/SaVahdati": {
      "out": {
        "other": 3
      },
      "score": 0.285
    },
    "www.few.vu.nl": {
      "out": {
        "other": 3
      },
      "score": 0.285
    },
    "www.ecb.int": {
      "out": {
        "other": 3
      },
      "score": 0.285
    },
    "www.researchgate.net": {
      "out": {
        "other": 3
      },
      "score": 0.285
    },
    "crosscloud.org": {
      "out": {
        "other": 3
      },
      "score": 0.285
    },
    "pete.zelchenko.com": {
      "out": {
        "other": 3
      },
      "score": 0.285
    },
    "eprints.soton.ac.uk": {
      "out": {
        "other": 3
      },
      "score": 0.285
    },
    "www.ed.ac.uk": {
      "out": {
        "other": 3
      },
      "score": 0.285
    },
    "www.google.ca": {
      "out": {
        "other": 3
      },
      "score": 0.285
    },
    "pgroth.com": {
      "out": {
        "other": 3
      },
      "score": 0.285
    },
    "pieter.pm": {
      "out": {
        "other": 3
      },
      "score": 0.285
    },
    "irc.freenode.net": {
      "out": {
        "other": 3
      },
      "score": 0.285
    },
    "graves.cl": {
      "out": {
        "other": 3
      },
      "score": 0.285
    },
    "nanopub.org": {
      "out": {
        "other": 3
      },
      "score": 0.285
    },
    "data.semanticweb.org": {
      "out": {
        "other": 3
      },
      "score": 0.285
    },
    "twitter.com/anarchivist": {
      "out": {
        "other": 3
      },
      "score": 0.285
    },
    "uwindsor.ca": {
      "out": {
        "other": 3
      },
      "score": 0.285
    },
    "twitter.com/turnguard": {
      "out": {
        "other": 3
      },
      "score": 0.285
    },
    "validator.w3.org": {
      "out": {
        "other": 3
      },
      "score": 0.285
    },
    "www.oecd.org": {
      "out": {
        "other": 3
      },
      "score": 0.285
    },
    "www.rstudio.com": {
      "out": {
        "other": 3
      },
      "score": 0.285
    },
    "status.net": {
      "out": {
        "other": 3
      },
      "score": 0.285
    },
    "www.cs.vu.nl": {
      "out": {
        "other": 3
      },
      "score": 0.285
    },
    "2017.eswc-conferences.org": {
      "out": {
        "other": 3
      },
      "score": 0.285
    },
    "addons.mozilla.org": {
      "out": {
        "other": 3
      },
      "score": 0.285
    },
    "efnet.org": {
      "out": {
        "other": 3
      },
      "score": 0.285
    },
    "twitter.com/hyperir": {
      "out": {
        "other": 3
      },
      "score": 0.285
    },
    "www.bfh.ch": {
      "out": {
        "other": 3
      },
      "score": 0.285
    },
    "nicola.io": {
      "out": {
        "other": 3
      },
      "score": 0.285
    },
    "www.dit.unitn.it": {
      "out": {
        "other": 3
      },
      "score": 0.285
    },
    "langec.wordpress.com": {
      "out": {
        "other": 3
      },
      "score": 0.285
    },
    "twitter.com/OpenIncUtrecht": {
      "out": {
        "other": 3
      },
      "score": 0.285
    },
    "twitter.com/olberger": {
      "out": {
        "other": 3
      },
      "score": 0.285
    },
    "www.jeremydebattista.info": {
      "out": {
        "other": 3
      },
      "score": 0.285
    },
    "twitter.com/AxelPolleres": {
      "out": {
        "other": 3
      },
      "score": 0.285
    },
    "deiu.me": {
      "out": {
        "other": 3
      },
      "score": 0.285
    },
    "mrclay.org": {
      "out": {
        "other": 3
      },
      "score": 0.285
    },
    "4store.org": {
      "out": {
        "other": 2
      },
      "score": 0.222
    },
    "eur-lex.europa.eu": {
      "out": {
        "other": 2
      },
      "score": 0.222
    },
    "uknowledge.uky.edu": {
      "out": {
        "other": 2
      },
      "score": 0.222
    },
    "www.ietf.org": {
      "out": {
        "other": 2
      },
      "score": 0.222
    },
    "www.downes.ca": {
      "in": {
        "other": 4
      },
      "score": 0.222
    },
    "bblfish.net": {
      "out": {
        "other": 2
      },
      "score": 0.222
    },
    "www.insee.fr": {
      "out": {
        "other": 2
      },
      "score": 0.222
    },
    "iswc2015.semanticweb.org": {
      "out": {
        "other": 2
      },
      "score": 0.222
    },
    "ode.openlinksw.com": {
      "out": {
        "other": 2
      },
      "score": 0.222
    },
    "tylervigen.com": {
      "out": {
        "other": 2
      },
      "score": 0.222
    },
    "google-developers.appspot.com": {
      "out": {
        "other": 2
      },
      "score": 0.222
    },
    "twitter.com/valentinec89": {
      "out": {
        "other": 2
      },
      "score": 0.222
    },
    "go.worldbank.org": {
      "out": {
        "other": 2
      },
      "score": 0.222
    },
    "hswi.referata.com": {
      "out": {
        "other": 2
      },
      "score": 0.222
    },
    "linked-data-life-cycles.info": {
      "out": {
        "other": 2
      },
      "score": 0.222
    },
    "plus.google.com/106268032364497388036": {
      "out": {
        "other": 2
      },
      "score": 0.222
    },
    "www.dr0i.de": {
      "out": {
        "other": 2
      },
      "score": 0.222
    },
    "www.opmw.org": {
      "out": {
        "other": 2
      },
      "score": 0.222
    },
    "buff.ly": {
      "out": {
        "other": 2
      },
      "score": 0.222
    },
    "hiding-email-addresses": {
      "out": {
        "other": 2
      },
      "score": 0.222
    },
    "labs": {
      "out": {
        "other": 2
      },
      "score": 0.222
    },
    "www.www2017.com.au": {
      "out": {
        "other": 2
      },
      "score": 0.222
    },
    "lod2.eu": {
      "out": {
        "other": 2
      },
      "score": 0.222
    },
    "www2016.net": {
      "out": {
        "other": 2
      },
      "score": 0.222
    },
    "doi.org": {
      "out": {
        "other": 2
      },
      "score": 0.222
    },
    "hypothes.is": {
      "out": {
        "other": 2
      },
      "score": 0.222
    },
    "informatik.uni-leipzig.de": {
      "out": {
        "other": 2
      },
      "score": 0.222
    },
    "iswc2011.semanticweb.org": {
      "out": {
        "other": 2
      },
      "score": 0.222
    },
    "www.scb.se": {
      "out": {
        "other": 2
      },
      "score": 0.222
    },
    "rdf-vocabulary.ddialliance.org": {
      "out": {
        "other": 2
      },
      "score": 0.222
    },
    "www.computingjoy.com": {
      "out": {
        "other": 2
      },
      "score": 0.222
    },
    "darq.sourceforge.net": {
      "out": {
        "other": 2
      },
      "score": 0.222
    },
    "twitter.com/namedgraph": {
      "out": {
        "other": 2
      },
      "score": 0.222
    },
    "faculty.education.illinois.edu": {
      "out": {
        "other": 2
      },
      "score": 0.222
    },
    "www.deri.ie": {
      "out": {
        "other": 2
      },
      "score": 0.222
    },
    "linkeddata.future-internet.eu": {
      "out": {
        "other": 2
      },
      "score": 0.222
    },
    "openaccess.mpg.de": {
      "out": {
        "other": 2
      },
      "score": 0.222
    },
    "sioc-project.org": {
      "out": {
        "other": 2
      },
      "score": 0.222
    },
    "www.nytimes.com": {
      "out": {
        "other": 2
      },
      "score": 0.222
    },
    "www.currency-iso.org": {
      "out": {
        "other": 2
      },
      "score": 0.222
    },
    "www.ine.es": {
      "out": {
        "other": 2
      },
      "score": 0.222
    },
    "iswc2017.semanticweb.org": {
      "out": {
        "other": 2
      },
      "score": 0.222
    },
    "www.coreymwamba.co.uk": {
      "out": {
        "other": 2
      },
      "score": 0.222
    },
    "datalift.org": {
      "out": {
        "other": 2
      },
      "score": 0.222
    },
    "headtoweb.posterous.com": {
      "out": {
        "other": 2
      },
      "score": 0.222
    },
    "sws.geonames.org": {
      "out": {
        "other": 2
      },
      "score": 0.222
    },
    "concordia.ca": {
      "out": {
        "other": 2
      },
      "score": 0.222
    },
    "worrydream.com": {
      "out": {
        "other": 2
      },
      "score": 0.222
    },
    "beyond2020.cso.ie": {
      "out": {
        "other": 2
      },
      "score": 0.222
    },
    "radimrehurek.com": {
      "out": {
        "other": 2
      },
      "score": 0.222
    },
    "twitter.com/amyw3c": {
      "out": {
        "other": 2
      },
      "score": 0.222
    },
    "d2rq.org": {
      "out": {
        "other": 2
      },
      "score": 0.222
    },
    "neologism.deri.ie": {
      "out": {
        "other": 2
      },
      "score": 0.222
    },
    "twitter.com/jschneider": {
      "out": {
        "other": 2
      },
      "score": 0.222
    },
    "www.uis.unesco.org": {
      "out": {
        "other": 2
      },
      "score": 0.222
    },
    "patterns.dataincubator.org": {
      "out": {
        "other": 2
      },
      "score": 0.222
    },
    "saxon.sourceforge.net": {
      "out": {
        "other": 2
      },
      "score": 0.222
    },
    "vu.nl": {
      "out": {
        "other": 2
      },
      "score": 0.222
    },
    "www.cabinetoffice.gov.uk": {
      "out": {
        "other": 2
      },
      "score": 0.222
    },
    "barcamp.org": {
      "out": {
        "other": 2
      },
      "score": 0.222
    },
    "blog.crossref.org": {
      "out": {
        "other": 2
      },
      "score": 0.222
    },
    "dcevents.dublincore.org": {
      "out": {
        "other": 2
      },
      "score": 0.222
    },
    "de.slideshare.net": {
      "out": {
        "other": 2
      },
      "score": 0.222
    },
    "www.beyond2020.com": {
      "out": {
        "other": 2
      },
      "score": 0.222
    },
    "conf.phpquebec.com": {
      "out": {
        "other": 2
      },
      "score": 0.222
    },
    "hesketh.com": {
      "out": {
        "other": 2
      },
      "score": 0.222
    },
    "plus.google.com/102497386507936526460": {
      "out": {
        "other": 2
      },
      "score": 0.222
    },
    "www.openarchives.org": {
      "out": {
        "other": 2
      },
      "score": 0.222
    },
    "dx.doi.org": {
      "out": {
        "other": 2
      },
      "score": 0.222
    },
    "bar.baz": {
      "out": {
        "other": 2
      },
      "score": 0.222
    },
    "irc.efnet.org": {
      "out": {
        "other": 2
      },
      "score": 0.222
    },
    "journal.webscience.org": {
      "out": {
        "other": 2
      },
      "score": 0.222
    },
    "twitter.com/herr_tu": {
      "out": {
        "other": 2
      },
      "score": 0.222
    },
    "twitter.com/jerdeb": {
      "out": {
        "other": 2
      },
      "score": 0.222
    },
    "twitter.com/jeroenbosman": {
      "out": {
        "other": 2
      },
      "score": 0.222
    },
    "linkeddatabook.com": {
      "out": {
        "other": 2
      },
      "score": 0.222
    },
    "thunk.coffeecode.ca": {
      "in": {
        "other": 4
      },
      "score": 0.222
    },
    "www.eea.europa.eu": {
      "out": {
        "other": 2
      },
      "score": 0.222
    },
    "tantek.com": {
      "out": {
        "other": 2
      },
      "score": 0.222
    },
    "twitter.com/Oherrowdare": {
      "out": {
        "other": 2
      },
      "score": 0.222
    },
    "www.jenitennison.com": {
      "out": {
        "other": 2
      },
      "score": 0.222
    },
    "linkeddata.deri.ie": {
      "out": {
        "other": 2
      },
      "score": 0.222
    },
    "twitter.com/gandhiano": {
      "out": {
        "other": 2
      },
      "score": 0.222
    },
    "www.openannotation.org": {
      "out": {
        "other": 2
      },
      "score": 0.222
    },
    "twitter.com/kaveh1000": {
      "out": {
        "other": 2
      },
      "score": 0.222
    },
    "www.oracle.com": {
      "out": {
        "other": 2
      },
      "score": 0.222
    },
    "www.scholarlydata.org": {
      "out": {
        "other": 2
      },
      "score": 0.222
    },
    "developers.google.com": {
      "out": {
        "other": 2
      },
      "score": 0.222
    },
    "iswc2016.semanticweb.org": {
      "out": {
        "other": 2
      },
      "score": 0.222
    },
    "www.force11.org": {
      "out": {
        "other": 2
      },
      "score": 0.222
    },
    "www.efnet.org": {
      "out": {
        "other": 2
      },
      "score": 0.222
    },
    "mjovanovik.com": {
      "out": {
        "other": 2
      },
      "score": 0.222
    },
    "perassi.org": {
      "out": {
        "other": 2
      },
      "score": 0.222
    },
    "scripts": {
      "out": {
        "other": 2
      },
      "score": 0.222
    },
    "twitter.com/albertmeronyo": {
      "out": {
        "other": 2
      },
      "score": 0.222
    },
    "users.ecs.soton.ac.uk": {
      "out": {
        "other": 2
      },
      "score": 0.222
    },
    "www.sparontologies.net": {
      "out": {
        "other": 2
      },
      "score": 0.222
    },
    "cutfurniture.com": {
      "out": {
        "other": 2
      },
      "score": 0.222
    },
    "dublincore.org": {
      "out": {
        "other": 2
      },
      "score": 0.222
    },
    "twitter.com/Sci_Hub": {
      "out": {
        "other": 2
      },
      "score": 0.222
    },
    "twitter.com/linkeddatalab": {
      "out": {
        "other": 2
      },
      "score": 0.222
    },
    "icwe2017.webengineering.org": {
      "out": {
        "other": 2
      },
      "score": 0.222
    },
    "less.aksw.org": {
      "out": {
        "other": 2
      },
      "score": 0.222
    },
    "www.bls.gov": {
      "out": {
        "other": 2
      },
      "score": 0.222
    },
    "manu.sporny.org": {
      "out": {
        "other": 2
      },
      "score": 0.222
    },
    "medium.com": {
      "out": {
        "other": 2
      },
      "score": 0.222
    },
    "nitens.org": {
      "out": {
        "other": 2
      },
      "score": 0.222
    },
    "slideshare.net": {
      "out": {
        "other": 2
      },
      "score": 0.222
    },
    "bjoern.brembs.net": {
      "out": {
        "other": 2
      },
      "score": 0.222
    },
    "data.gov.uk": {
      "out": {
        "other": 2
      },
      "score": 0.222
    },
    "finances.worldbank.org": {
      "out": {
        "other": 2
      },
      "score": 0.222
    },
    "twitter.com/zBeer": {
      "out": {
        "other": 2
      },
      "score": 0.222
    },
    "www.cso.ie": {
      "out": {
        "other": 2
      },
      "score": 0.222
    },
    "www.openrdf.org": {
      "out": {
        "other": 2
      },
      "score": 0.222
    },
    "twitter.com/timberners_lee": {
      "out": {
        "other": 2
      },
      "score": 0.222
    },
    "www.gapminder.org": {
      "out": {
        "other": 2
      },
      "score": 0.222
    },
    "maps.google.com": {
      "out": {
        "other": 2
      },
      "score": 0.222
    },
    "mediawiki.org": {
      "out": {
        "other": 2
      },
      "score": 0.222
    },
    "ontowiki.net": {
      "out": {
        "other": 2
      },
      "score": 0.222
    },
    "plus.google.com/111494060244024401476": {
      "out": {
        "other": 2
      },
      "score": 0.222
    },
    "sir-lab.usc.edu": {
      "out": {
        "other": 2
      },
      "score": 0.222
    },
    "www.imdb.com": {
      "out": {
        "other": 2
      },
      "score": 0.222
    },
    "evan.prodromou.name": {
      "out": {
        "other": 2
      },
      "score": 0.222
    },
    "www.hide-email-script.com": {
      "out": {
        "other": 2
      },
      "score": 0.222
    },
    "www.rommil.com": {
      "out": {
        "other": 2
      },
      "score": 0.222
    },
    "marbles.sourceforge.net": {
      "out": {
        "other": 2
      },
      "score": 0.222
    },
    "multimedialab.elis.ugent.be": {
      "out": {
        "other": 2
      },
      "score": 0.222
    },
    "www.eurecom.fr": {
      "out": {
        "other": 2
      },
      "score": 0.222
    },
    "www.lockss.org": {
      "out": {
        "other": 2
      },
      "score": 0.222
    },
    "technorati.com": {
      "out": {
        "other": 2
      },
      "score": 0.222
    },
    "www.cs.bham.ac.uk": {
      "out": {
        "other": 2
      },
      "score": 0.222
    },
    "scholar.google.com": {
      "out": {
        "other": 2
      },
      "score": 0.222
    },
    "cso.ie": {
      "out": {
        "other": 2
      },
      "score": 0.222
    },
    "juice10.com": {
      "out": {
        "other": 2
      },
      "score": 0.222
    },
    "pdfs.semanticscholar.org": {
      "out": {
        "other": 2
      },
      "score": 0.222
    },
    "dig.csail.mit.edu": {
      "out": {
        "other": 2
      },
      "score": 0.222
    },
    "www.willswebworks.com": {
      "out": {
        "other": 2
      },
      "score": 0.222
    },
    "about.me": {
      "out": {
        "other": 1
      },
      "score": 0.111
    },
    "bosamber.wordpress.com": {
      "out": {
        "other": 1
      },
      "score": 0.111
    },
    "diagrammes-modernes.blogspot.com": {
      "out": {
        "other": 1
      },
      "score": 0.111
    },
    "graphity.org": {
      "out": {
        "other": 1
      },
      "score": 0.111
    },
    "nurun.com": {
      "out": {
        "other": 1
      },
      "score": 0.111
    },
    "per.gov.ie": {
      "out": {
        "other": 1
      },
      "score": 0.111
    },
    "public.databox.me": {
      "out": {
        "other": 1
      },
      "score": 0.111
    },
    "publons.com": {
      "out": {
        "other": 1
      },
      "score": 0.111
    },
    "pubsubhubbub.github.io": {
      "out": {
        "other": 1
      },
      "score": 0.111
    },
    "ws-rest.org": {
      "out": {
        "other": 1
      },
      "score": 0.111
    },
    "www.transparency.org": {
      "out": {
        "other": 1
      },
      "score": 0.111
    },
    "blindesign-socially-creative.blogspot.com": {
      "out": {
        "other": 1
      },
      "score": 0.111
    },
    "dash.harvard.edu": {
      "out": {
        "other": 1
      },
      "score": 0.111
    },
    "fed.wiki.org": {
      "out": {
        "other": 1
      },
      "score": 0.111
    },
    "solid.mit.edu": {
      "out": {
        "other": 1
      },
      "score": 0.111
    },
    "www.mis-algoritmos.com": {
      "out": {
        "other": 1
      },
      "score": 0.111
    },
    "www.mozilla.org": {
      "out": {
        "other": 1
      },
      "score": 0.111
    },
    "www.ontotext.com": {
      "out": {
        "other": 1
      },
      "score": 0.111
    },
    "www.sean.co.uk": {
      "out": {
        "other": 1
      },
      "score": 0.111
    },
    "htmlpreview.github.io": {
      "out": {
        "other": 1
      },
      "score": 0.111
    },
    "img.org": {
      "out": {
        "other": 1
      },
      "score": 0.111
    },
    "ld4l.org": {
      "out": {
        "other": 1
      },
      "score": 0.111
    },
    "recettes.qc.ca": {
      "out": {
        "other": 1
      },
      "score": 0.111
    },
    "collegeinformation.nruniversity.com": {
      "out": {
        "other": 1
      },
      "score": 0.111
    },
    "iswc2007.semanticweb.org": {
      "out": {
        "other": 1
      },
      "score": 0.111
    },
    "support.google.com": {
      "out": {
        "other": 1
      },
      "score": 0.111
    },
    "vitamagazine.ca": {
      "out": {
        "other": 1
      },
      "score": 0.111
    },
    "aksw.github.io": {
      "out": {
        "other": 1
      },
      "score": 0.111
    },
    "epimorphics.com": {
      "out": {
        "other": 1
      },
      "score": 0.111
    },
    "lab.linkeddata.deri.ie": {
      "out": {
        "other": 1
      },
      "score": 0.111
    },
    "rym.waglo.com": {
      "out": {
        "other": 1
      },
      "score": 0.111
    },
    "www.pogdesign.co.uk": {
      "out": {
        "other": 1
      },
      "score": 0.111
    },
    "www.researcherid.com": {
      "out": {
        "other": 1
      },
      "score": 0.111
    },
    "www.searchenginefriendlylayouts.com": {
      "out": {
        "other": 1
      },
      "score": 0.111
    },
    "address.com": {
      "out": {
        "other": 1
      },
      "score": 0.111
    },
    "ellecanada.com": {
      "out": {
        "other": 1
      },
      "score": 0.111
    },
    "headfirstproductions.ca": {
      "out": {
        "other": 1
      },
      "score": 0.111
    },
    "myexperiment.org": {
      "out": {
        "other": 1
      },
      "score": 0.111
    },
    "www.mirc.com": {
      "out": {
        "other": 1
      },
      "score": 0.111
    },
    "www.open.edu": {
      "out": {
        "other": 1
      },
      "score": 0.111
    },
    "www.spamshiv.com": {
      "out": {
        "other": 1
      },
      "score": 0.111
    },
    "www.theatlantanewsblog.com": {
      "out": {
        "other": 1
      },
      "score": 0.111
    },
    "www.xchat.org": {
      "out": {
        "other": 1
      },
      "score": 0.111
    },
    "www3.uni-bonn.de": {
      "out": {
        "other": 1
      },
      "score": 0.111
    },
    "abdelbolanos.blogspot.com": {
      "out": {
        "other": 1
      },
      "score": 0.111
    },
    "atomgraph.com": {
      "out": {
        "other": 1
      },
      "score": 0.111
    },
    "exascale.info": {
      "out": {
        "other": 1
      },
      "score": 0.111
    },
    "isni.org": {
      "out": {
        "other": 1
      },
      "score": 0.111
    },
    "marianacostaesilva.blogspot.com": {
      "out": {
        "other": 1
      },
      "score": 0.111
    },
    "nuqneH.com": {
      "out": {
        "other": 1
      },
      "score": 0.111
    },
    "rajeczy.com": {
      "out": {
        "other": 1
      },
      "score": 0.111
    },
    "soda.camp": {
      "out": {
        "other": 1
      },
      "score": 0.111
    },
    "twitter.com/alvarograves": {
      "out": {
        "other": 1
      },
      "score": 0.111
    },
    "twitter.com/kalampokis": {
      "out": {
        "other": 1
      },
      "score": 0.111
    },
    "www.konqueror.org": {
      "out": {
        "other": 1
      },
      "score": 0.111
    },
    "www.springer.com": {
      "out": {
        "other": 1
      },
      "score": 0.111
    },
    "chat.mibbit.com": {
      "out": {
        "other": 1
      },
      "score": 0.111
    },
    "httpd.apache.org": {
      "out": {
        "other": 1
      },
      "score": 0.111
    },
    "kitchen.technorati.com": {
      "out": {
        "other": 1
      },
      "score": 0.111
    },
    "nuigalway.ie": {
      "out": {
        "other": 1
      },
      "score": 0.111
    },
    "www.robertnyman.com": {
      "out": {
        "other": 1
      },
      "score": 0.111
    },
    "www.tonevendor.com": {
      "out": {
        "other": 1
      },
      "score": 0.111
    },
    "bis.uni-leipzig.de": {
      "out": {
        "other": 1
      },
      "score": 0.111
    },
    "cs.uwindsor.ca": {
      "out": {
        "other": 1
      },
      "score": 0.111
    },
    "datafairport.org": {
      "out": {
        "other": 1
      },
      "score": 0.111
    },
    "eprints.cs.univie.ac.at": {
      "out": {
        "other": 1
      },
      "score": 0.111
    },
    "forum.fairphone.com": {
      "out": {
        "other": 1
      },
      "score": 0.111
    },
    "graphityhq.com": {
      "out": {
        "other": 1
      },
      "score": 0.111
    },
    "psb.stanford.edu": {
      "out": {
        "other": 1
      },
      "score": 0.111
    },
    "rosettacode.org": {
      "out": {
        "other": 1
      },
      "score": 0.111
    },
    "twitter.com/dr0ide": {
      "out": {
        "other": 1
      },
      "score": 0.111
    },
    "twitter.com/thiaru": {
      "out": {
        "other": 1
      },
      "score": 0.111
    },
    "websci.tw.rpi.edu": {
      "out": {
        "other": 1
      },
      "score": 0.111
    },
    "www.abs.gov.au": {
      "out": {
        "other": 1
      },
      "score": 0.111
    },
    "deri.org": {
      "out": {
        "other": 1
      },
      "score": 0.111
    },
    "semantic-web-journal.com": {
      "out": {
        "other": 1
      },
      "score": 0.111
    },
    "violetstateofmind.blogspot.com": {
      "out": {
        "other": 1
      },
      "score": 0.111
    },
    "wojciechbednarski.com": {
      "out": {
        "other": 1
      },
      "score": 0.111
    },
    "wordcampmontreal.org": {
      "out": {
        "other": 1
      },
      "score": 0.111
    },
    "www.7media.de": {
      "out": {
        "other": 1
      },
      "score": 0.111
    },
    "www.census.gov": {
      "out": {
        "other": 1
      },
      "score": 0.111
    },
    "www.circusoc.com": {
      "out": {
        "other": 1
      },
      "score": 0.111
    },
    "www.few.vul.nl": {
      "out": {
        "other": 1
      },
      "score": 0.111
    },
    "www.tonyking.tk": {
      "out": {
        "other": 1
      },
      "score": 0.111
    },
    "www.ugent.be": {
      "out": {
        "other": 1
      },
      "score": 0.111
    },
    "almereyda.de": {
      "out": {
        "other": 1
      },
      "score": 0.111
    },
    "dev.w3.org": {
      "out": {
        "other": 1
      },
      "score": 0.111
    },
    "fedora-commons.org": {
      "out": {
        "other": 1
      },
      "score": 0.111
    },
    "mitpress.mit.edu": {
      "out": {
        "other": 1
      },
      "score": 0.111
    },
    "plus.google.com/101148852248036286639": {
      "out": {
        "other": 1
      },
      "score": 0.111
    },
    "plus.google.com/111397361547909927749": {
      "out": {
        "other": 1
      },
      "score": 0.111
    },
    "socialwg.indiewebcamp.com": {
      "out": {
        "other": 1
      },
      "score": 0.111
    },
    "twitter.com/force11rescomm": {
      "out": {
        "other": 1
      },
      "score": 0.111
    },
    "webwewant.org": {
      "out": {
        "other": 1
      },
      "score": 0.111
    },
    "www-public.tem-tsp.eu": {
      "out": {
        "other": 1
      },
      "score": 0.111
    },
    "www.budapestopenaccessinitiative.org": {
      "out": {
        "other": 1
      },
      "score": 0.111
    },
    "www.dustindiaz.com": {
      "out": {
        "other": 1
      },
      "score": 0.111
    },
    "www.merlin.uzh.ch": {
      "out": {
        "other": 1
      },
      "score": 0.111
    },
    "www.nsf.gov": {
      "out": {
        "other": 1
      },
      "score": 0.111
    },
    "apps.rhiaro.co.uk": {
      "out": {
        "other": 1
      },
      "score": 0.111
    },
    "stats.oecd.org": {
      "out": {
        "other": 1
      },
      "score": 0.111
    },
    "twitter.com/hch1": {
      "out": {
        "other": 1
      },
      "score": 0.111
    },
    "berjon.com": {
      "out": {
        "other": 1
      },
      "score": 0.111
    },
    "facebook.com/fab.castelletti": {
      "out": {
        "other": 1
      },
      "score": 0.111
    },
    "mcgill.ca": {
      "out": {
        "other": 1
      },
      "score": 0.111
    },
    "rsta.royalsocietypublishing.org": {
      "out": {
        "other": 1
      },
      "score": 0.111
    },
    "twitter.com/alismayilov": {
      "out": {
        "other": 1
      },
      "score": 0.111
    },
    "www.Opera.Com": {
      "out": {
        "other": 1
      },
      "score": 0.111
    },
    "www.bar.admin.ch": {
      "out": {
        "other": 1
      },
      "score": 0.111
    },
    "www.sciencedirect.com": {
      "out": {
        "other": 1
      },
      "score": 0.111
    },
    "www.theguardian.com": {
      "out": {
        "other": 1
      },
      "score": 0.111
    },
    "www.websiteoptimization.com": {
      "out": {
        "other": 1
      },
      "score": 0.111
    },
    "&": {
      "out": {
        "other": 1
      },
      "score": 0.111
    },
    "certifi.ca": {
      "out": {
        "other": 1
      },
      "score": 0.111
    },
    "icwe2015.webengineering.org": {
      "out": {
        "other": 1
      },
      "score": 0.111
    },
    "internetpolicy.mit.edu": {
      "out": {
        "other": 1
      },
      "score": 0.111
    },
    "rdfs.org": {
      "out": {
        "other": 1
      },
      "score": 0.111
    },
    "www.apple.com": {
      "out": {
        "other": 1
      },
      "score": 0.111
    },
    "academia.edu": {
      "out": {
        "other": 1
      },
      "score": 0.111
    },
    "ehumanities.nl": {
      "out": {
        "other": 1
      },
      "score": 0.111
    },
    "en.wikipedia.og": {
      "out": {
        "other": 1
      },
      "score": 0.111
    },
    "frontrange.com": {
      "out": {
        "other": 1
      },
      "score": 0.111
    },
    "imf.org": {
      "out": {
        "other": 1
      },
      "score": 0.111
    },
    "knowescape.org": {
      "out": {
        "other": 1
      },
      "score": 0.111
    },
    "myles.byrne.com": {
      "out": {
        "other": 1
      },
      "score": 0.111
    },
    "ugent.be": {
      "out": {
        "other": 1
      },
      "score": 0.111
    },
    "users.physik.fu-berlin.de": {
      "out": {
        "other": 1
      },
      "score": 0.111
    },
    "www.cloman.com": {
      "out": {
        "other": 1
      },
      "score": 0.111
    },
    "www.mobilefish.com": {
      "out": {
        "other": 1
      },
      "score": 0.111
    },
    "carbonldp.com": {
      "out": {
        "other": 1
      },
      "score": 0.111
    },
    "kingsley.idehen.net": {
      "out": {
        "other": 1
      },
      "score": 0.111
    },
    "plus.google.com/111698071335880876088": {
      "out": {
        "other": 1
      },
      "score": 0.111
    },
    "wikihow.com": {
      "out": {
        "other": 1
      },
      "score": 0.111
    },
    "wikipedia.org": {
      "out": {
        "other": 1
      },
      "score": 0.111
    },
    "wwelves.org": {
      "out": {
        "other": 1
      },
      "score": 0.111
    },
    "www.captcha.net": {
      "out": {
        "other": 1
      },
      "score": 0.111
    },
    "canadianhomeandcountry.com": {
      "out": {
        "other": 1
      },
      "score": 0.111
    },
    "fao.270a.uisinfo": {
      "out": {
        "other": 1
      },
      "score": 0.111
    },
    "recently.rainweb.net": {
      "out": {
        "other": 1
      },
      "score": 0.111
    },
    "transparency.org": {
      "out": {
        "other": 1
      },
      "score": 0.111
    },
    "twitter.com/WikiResearch": {
      "out": {
        "other": 1
      },
      "score": 0.111
    },
    "www.derekmartin.ca": {
      "out": {
        "other": 1
      },
      "score": 0.111
    },
    "www.federalreserve.org": {
      "out": {
        "other": 1
      },
      "score": 0.111
    },
    "www.fmethod.com": {
      "out": {
        "other": 1
      },
      "score": 0.111
    },
    "www.getty.edu": {
      "out": {
        "other": 1
      },
      "score": 0.111
    },
    "www.leancrew.com": {
      "out": {
        "other": 1
      },
      "score": 0.111
    },
    "www.statoo.ch": {
      "out": {
        "other": 1
      },
      "score": 0.111
    },
    "www.ymca.ca": {
      "out": {
        "other": 1
      },
      "score": 0.111
    },
    "www.youtube.com": {
      "out": {
        "other": 1
      },
      "score": 0.111
    },
    "www.yowan.me": {
      "out": {
        "other": 1
      },
      "score": 0.111
    },
    "evan.status.net": {
      "out": {
        "other": 1
      },
      "score": 0.111
    },
    "jaimejim.github.io": {
      "out": {
        "other": 1
      },
      "score": 0.111
    },
    "twitter.com/MarcoBrambi": {
      "out": {
        "other": 1
      },
      "score": 0.111
    },
    "www.oclc.org": {
      "out": {
        "other": 1
      },
      "score": 0.111
    },
    "challenges.2014.eswc-conferences.org": {
      "out": {
        "other": 1
      },
      "score": 0.111
    },
    "data.lod2.eu": {
      "out": {
        "other": 1
      },
      "score": 0.111
    },
    "plus.google.com/101533734166237829528": {
      "out": {
        "other": 1
      },
      "score": 0.111
    },
    "twitter.com/voxpelli": {
      "out": {
        "other": 1
      },
      "score": 0.111
    },
    "www.ame.org": {
      "out": {
        "other": 1
      },
      "score": 0.111
    },
    "www.epimorphics.com": {
      "out": {
        "other": 1
      },
      "score": 0.111
    },
    "eunis.eea.europa.eu": {
      "out": {
        "other": 1
      },
      "score": 0.111
    },
    "lipsum.com": {
      "out": {
        "other": 1
      },
      "score": 0.111
    },
    "news.netcraft.com": {
      "out": {
        "other": 1
      },
      "score": 0.111
    },
    "osf.io": {
      "out": {
        "other": 1
      },
      "score": 0.111
    },
    "richardbarnet.com": {
      "out": {
        "other": 1
      },
      "score": 0.111
    },
    "viaf.org": {
      "out": {
        "other": 1
      },
      "score": 0.111
    },
    "www.proximasoftware.com": {
      "out": {
        "other": 1
      },
      "score": 0.111
    },
    "chatzilla.hacksrus.com": {
      "out": {
        "other": 1
      },
      "score": 0.111
    },
    "doe.concordia.ca": {
      "out": {
        "other": 1
      },
      "score": 0.111
    },
    "event.knowledgeblog.org": {
      "out": {
        "other": 1
      },
      "score": 0.111
    },
    "fiduswriter.org": {
      "out": {
        "other": 1
      },
      "score": 0.111
    },
    "geog.ucsb.edu": {
      "out": {
        "other": 1
      },
      "score": 0.111
    },
    "http;": {
      "out": {
        "other": 1
      },
      "score": 0.111
    },
    "kei.ki": {
      "out": {
        "other": 1
      },
      "score": 0.111
    },
    "km.aifb.kit.edu": {
      "out": {
        "other": 1
      },
      "score": 0.111
    },
    "meta.wikimedia.org": {
      "out": {
        "other": 1
      },
      "score": 0.111
    },
    "mimoymima.com": {
      "out": {
        "other": 1
      },
      "score": 0.111
    },
    "plus.google.com/110265753115549023065": {
      "out": {
        "other": 1
      },
      "score": 0.111
    },
    "www.bargaineering.com": {
      "out": {
        "other": 1
      },
      "score": 0.111
    },
    "www.csail.mit.edu": {
      "out": {
        "other": 1
      },
      "score": 0.111
    },
    "www.google.de": {
      "out": {
        "other": 1
      },
      "score": 0.111
    },
    "www.ics.uci.edu": {
      "out": {
        "other": 1
      },
      "score": 0.111
    },
    "www.lordleiter.com": {
      "out": {
        "other": 1
      },
      "score": 0.111
    },
    "livres.transcontinental.ca": {
      "out": {
        "other": 1
      },
      "score": 0.111
    },
    "ruslanpopov-r.blogspot.com": {
      "out": {
        "other": 1
      },
      "score": 0.111
    },
    "twitter.com/OmarAlsaydia": {
      "out": {
        "other": 1
      },
      "score": 0.111
    },
    "twitter.com/fsteeg": {
      "out": {
        "other": 1
      },
      "score": 0.111
    },
    "web2.concordia.ca": {
      "out": {
        "other": 1
      },
      "score": 0.111
    },
    "www.csslounge.co.uk": {
      "out": {
        "other": 1
      },
      "score": 0.111
    },
    "datasets-satin.telecom-st-etienne.fr": {
      "out": {
        "other": 1
      },
      "score": 0.111
    },
    "philarcher.org": {
      "out": {
        "other": 1
      },
      "score": 0.111
    },
    "rdface.aksw.org": {
      "out": {
        "other": 1
      },
      "score": 0.111
    },
    "schangri-la.at": {
      "out": {
        "other": 1
      },
      "score": 0.111
    },
    "twitter.com/atomgraphhq": {
      "out": {
        "other": 1
      },
      "score": 0.111
    },
    "www.hedir.com": {
      "out": {
        "other": 1
      },
      "score": 0.111
    },
    "www.pidgin.im": {
      "out": {
        "other": 1
      },
      "score": 0.111
    },
    "www.cidrdb.org": {
      "out": {
        "other": 1
      },
      "score": 0.111
    },
    "www.cyprusconferences.org": {
      "out": {
        "other": 1
      },
      "score": 0.111
    },
    "www.datacite.org": {
      "out": {
        "other": 1
      },
      "score": 0.111
    },
    "www.experimentadesign.pt": {
      "out": {
        "other": 1
      },
      "score": 0.111
    },
    "amitdeshpande.com": {
      "out": {
        "other": 1
      },
      "score": 0.111
    },
    "christophe.gueret.me": {
      "out": {
        "other": 1
      },
      "score": 0.111
    },
    "easychair.org": {
      "out": {
        "other": 1
      },
      "score": 0.111
    },
    "identical-tabindex-values-and-group-iterations": {
      "out": {
        "other": 1
      },
      "score": 0.111
    },
    "shexspec.github.io": {
      "out": {
        "other": 1
      },
      "score": 0.111
    },
    "transitionlab.de": {
      "out": {
        "other": 1
      },
      "score": 0.111
    },
    "www.armin-haller.com": {
      "out": {
        "other": 1
      },
      "score": 0.111
    },
    "www.brainonfire.net": {
      "out": {
        "other": 1
      },
      "score": 0.111
    },
    "canadavisa.com": {
      "out": {
        "other": 1
      },
      "score": 0.111
    },
    "csszengarden.com": {
      "out": {
        "other": 1
      },
      "score": 0.111
    },
    "is.gd": {
      "out": {
        "other": 1
      },
      "score": 0.111
    },
    "musonica.com.au": {
      "out": {
        "other": 1
      },
      "score": 0.111
    },
    "plus.google.com/106039894746456347176": {
      "out": {
        "other": 1
      },
      "score": 0.111
    },
    "sepublica.mywikipaper.org": {
      "out": {
        "other": 1
      },
      "score": 0.111
    },
    "sourceforge.net": {
      "out": {
        "other": 1
      },
      "score": 0.111
    },
    "web.mit.edu": {
      "out": {
        "other": 1
      },
      "score": 0.111
    },
    "www.visarts.de": {
      "out": {
        "other": 1
      },
      "score": 0.111
    },
    "xml.fido.gov": {
      "out": {
        "other": 1
      },
      "score": 0.111
    },
    "about": {
      "out": {
        "other": 1
      },
      "score": 0.111
    },
    "dados.gov.br": {
      "out": {
        "other": 1
      },
      "score": 0.111
    },
    "more.ca": {
      "out": {
        "other": 1
      },
      "score": 0.111
    },
    "sepublica.info": {
      "out": {
        "other": 1
      },
      "score": 0.111
    },
    "vis.berkeley.edu": {
      "out": {
        "other": 1
      },
      "score": 0.111
    },
    "www.linkededitrules.org": {
      "out": {
        "other": 1
      },
      "score": 0.111
    },
    "www.percocomarble.com": {
      "out": {
        "other": 1
      },
      "score": 0.111
    },
    "www.seoskeptic.com": {
      "out": {
        "other": 1
      },
      "score": 0.111
    },
    "edwardcurry.org": {
      "out": {
        "other": 1
      },
      "score": 0.111
    },
    "groups.google.com": {
      "out": {
        "other": 1
      },
      "score": 0.111
    },
    "twitter.com/Fairphone": {
      "out": {
        "other": 1
      },
      "score": 0.111
    },
    "twitter.com/aprilush": {
      "out": {
        "other": 1
      },
      "score": 0.111
    },
    "twitter.com/invisiblecomma": {
      "out": {
        "other": 1
      },
      "score": 0.111
    },
    "www.imec-int.com": {
      "out": {
        "other": 1
      },
      "score": 0.111
    },
    "www.slate.com": {
      "out": {
        "other": 1
      },
      "score": 0.111
    },
    "www.webdevout.net": {
      "out": {
        "other": 1
      },
      "score": 0.111
    },
    "eprints.ecs.soton.ac.uk": {
      "out": {
        "other": 1
      },
      "score": 0.111
    },
    "goreworkwear.com": {
      "out": {
        "other": 1
      },
      "score": 0.111
    },
    "linkedresearc.org": {
      "out": {
        "other": 1
      },
      "score": 0.111
    },
    "nl.linkedin.com": {
      "out": {
        "other": 1
      },
      "score": 0.111
    },
    "robertdot.org": {
      "out": {
        "other": 1
      },
      "score": 0.111
    },
    "del.icio.us": {
      "out": {
        "other": 1
      },
      "score": 0.111
    },
    "fcrepo.github.io": {
      "out": {
        "other": 1
      },
      "score": 0.111
    },
    "linkedgeodata.org": {
      "out": {
        "other": 1
      },
      "score": 0.111
    },
    "nstein.com": {
      "out": {
        "other": 1
      },
      "score": 0.111
    },
    "poynder.blogspot.ch": {
      "out": {
        "other": 1
      },
      "score": 0.111
    },
    "twitter.com/valexiev1": {
      "out": {
        "other": 1
      },
      "score": 0.111
    },
    "www.clockss.org": {
      "out": {
        "other": 1
      },
      "score": 0.111
    },
    "elifesciences.org": {
      "out": {
        "other": 1
      },
      "score": 0.111
    },
    "fightingforalostcause.net": {
      "out": {
        "other": 1
      },
      "score": 0.111
    },
    "meyerweb.com": {
      "out": {
        "other": 1
      },
      "score": 0.111
    },
    "openid.net": {
      "out": {
        "other": 1
      },
      "score": 0.111
    },
    "people.csail.mit.edu": {
      "out": {
        "other": 1
      },
      "score": 0.111
    },
    "researchobject.org": {
      "out": {
        "other": 1
      },
      "score": 0.111
    },
    "trustyuri.net": {
      "out": {
        "other": 1
      },
      "score": 0.111
    },
    "twitter.com/ugent": {
      "out": {
        "other": 1
      },
      "score": 0.111
    },
    "windstopper.com": {
      "out": {
        "other": 1
      },
      "score": 0.111
    },
    "www.christlivingchurch.com": {
      "out": {
        "other": 1
      },
      "score": 0.111
    },
    "www.getbettertips.blogspot.com": {
      "out": {
        "other": 1
      },
      "score": 0.111
    },
    "www.webhooks.org": {
      "out": {
        "other": 1
      },
      "score": 0.111
    },
    "archive-it.org": {
      "out": {
        "other": 1
      },
      "score": 0.111
    },
    "rescience.github.io": {
      "out": {
        "other": 1
      },
      "score": 0.111
    },
    "www.doi.org": {
      "out": {
        "other": 1
      },
      "score": 0.111
    },
    "www.phantasia.nl": {
      "out": {
        "other": 1
      },
      "score": 0.111
    },
    "www.sopov.com": {
      "out": {
        "other": 1
      },
      "score": 0.111
    },
    "hublog.hubmed.org": {
      "out": {
        "other": 1
      },
      "score": 0.111
    },
    "latc-project.eu": {
      "out": {
        "other": 1
      },
      "score": 0.111
    },
    "plus.google.com/111779761317631192938": {
      "out": {
        "other": 1
      },
      "score": 0.111
    },
    "twitter.com/lechatpito": {
      "out": {
        "other": 1
      },
      "score": 0.111
    },
    "www.evenflow.ca": {
      "out": {
        "other": 1
      },
      "score": 0.111
    },
    "canadianimmigrationtalk.org": {
      "out": {
        "other": 1
      },
      "score": 0.111
    },
    "data.fao.org": {
      "out": {
        "other": 1
      },
      "score": 0.111
    },
    "info.cern.ch": {
      "out": {
        "other": 1
      },
      "score": 0.111
    },
    "joelkuiper.eu": {
      "out": {
        "other": 1
      },
      "score": 0.111
    },
    "thinklab.com": {
      "out": {
        "other": 1
      },
      "score": 0.111
    },
    "twitter.com/KKjernsmo": {
      "out": {
        "other": 1
      },
      "score": 0.111
    },
    "w2.syronex.com": {
      "out": {
        "other": 1
      },
      "score": 0.111
    },
    "wordlift.it": {
      "out": {
        "other": 1
      },
      "score": 0.111
    },
    "www.gfz-potsdam.de": {
      "out": {
        "other": 1
      },
      "score": 0.111
    },
    "www.paulsjourney.com": {
      "out": {
        "other": 1
      },
      "score": 0.111
    },
    "archive.is": {
      "out": {
        "other": 1
      },
      "score": 0.111
    },
    "irc": {
      "out": {
        "other": 1
      },
      "score": 0.111
    },
    "irc.freenode.net%23microformats": {
      "out": {
        "other": 1
      },
      "score": 0.111
    },
    "recipefeast.com": {
      "out": {
        "other": 1
      },
      "score": 0.111
    },
    "ref-4": {
      "out": {
        "other": 1
      },
      "score": 0.111
    },
    "researchgate.net": {
      "out": {
        "other": 1
      },
      "score": 0.111
    },
    "twitter.com/worldbankdata": {
      "out": {
        "other": 1
      },
      "score": 0.111
    },
    "www.iana.org": {
      "out": {
        "other": 1
      },
      "score": 0.111
    },
    "www.robotstxt.org": {
      "out": {
        "other": 1
      },
      "score": 0.111
    },
    "canadaworkvisa.com": {
      "out": {
        "other": 1
      },
      "score": 0.111
    },
    "inf.ed.ac.uk": {
      "out": {
        "other": 1
      },
      "score": 0.111
    },
    "lebelage.ca": {
      "out": {
        "other": 1
      },
      "score": 0.111
    },
    "noise-workshop.org": {
      "out": {
        "other": 1
      },
      "score": 0.111
    },
    "plus.google.com/110364595484203610808": {
      "out": {
        "other": 1
      },
      "score": 0.111
    },
    "tobyinkster.co.uk": {
      "out": {
        "other": 1
      },
      "score": 0.111
    },
    "twitter.com/wonkestehle": {
      "out": {
        "other": 1
      },
      "score": 0.111
    },
    "www.ac-creations.com": {
      "out": {
        "other": 1
      },
      "score": 0.111
    },
    "www.davenzhang.com": {
      "out": {
        "other": 1
      },
      "score": 0.111
    },
    "www.it-bbr.de": {
      "out": {
        "other": 1
      },
      "score": 0.111
    },
    "www.mcgill.ca": {
      "out": {
        "other": 1
      },
      "score": 0.111
    },
    "www.sitemaps.org": {
      "out": {
        "other": 1
      },
      "score": 0.111
    },
    "www.un.org": {
      "out": {
        "other": 1
      },
      "score": 0.111
    },
    "nightly.mozilla.org": {
      "out": {
        "other": 1
      },
      "score": 0.111
    },
    "patft.uspto.gov": {
      "out": {
        "other": 1
      },
      "score": 0.111
    },
    "twitter.com/violetailik": {
      "out": {
        "other": 1
      },
      "score": 0.111
    },
    "www.comehike.com": {
      "out": {
        "other": 1
      },
      "score": 0.111
    },
    "www.dogchasestail.com": {
      "out": {
        "other": 1
      },
      "score": 0.111
    },
    "www.irchelp.org": {
      "out": {
        "other": 1
      },
      "score": 0.111
    },
    "www.opera.com": {
      "out": {
        "other": 1
      },
      "score": 0.111
    },
    "REMOVETHISbar.baz": {
      "out": {
        "other": 1
      },
      "score": 0.111
    },
    "drive.google.com": {
      "out": {
        "other": 1
      },
      "score": 0.111
    },
    "encs.concordia.ca": {
      "out": {
        "other": 1
      },
      "score": 0.111
    },
    "melvincarvalho.github.io": {
      "out": {
        "other": 1
      },
      "score": 0.111
    },
    "naked.dustindiaz.com": {
      "out": {
        "other": 1
      },
      "score": 0.111
    },
    "station-c.com": {
      "out": {
        "other": 1
      },
      "score": 0.111
    },
    "www.bct.pt": {
      "out": {
        "other": 1
      },
      "score": 0.111
    },
    "cedar-project.nl": {
      "out": {
        "other": 1
      },
      "score": 0.111
    },
    "conferences.idealliance.org": {
      "out": {
        "other": 1
      },
      "score": 0.111
    },
    "www.awebthatworks.com": {
      "out": {
        "other": 1
      },
      "score": 0.111
    },
    "www.hbku.edu.qa": {
      "out": {
        "other": 1
      },
      "score": 0.111
    },
    "www.microsoft.com": {
      "out": {
        "other": 1
      },
      "score": 0.111
    },
    "www.waetzman.com": {
      "out": {
        "other": 1
      },
      "score": 0.111
    },
    "kalampok.is": {
      "out": {
        "other": 1
      },
      "score": 0.111
    },
    "nigelduckworth.com": {
      "out": {
        "other": 1
      },
      "score": 0.111
    },
    "oro.open.ac.uk": {
      "out": {
        "other": 1
      },
      "score": 0.111
    },
    "plus.google.com/114044223936446378312": {
      "out": {
        "other": 1
      },
      "score": 0.111
    },
    "twitter.com/ReaderMeter": {
      "out": {
        "other": 1
      },
      "score": 0.111
    },
    "twitter.com/jaim": {
      "out": {
        "other": 1
      },
      "score": 0.111
    },
    "users.ox.ac.uk": {
      "out": {
        "other": 1
      },
      "score": 0.111
    },
    "www.diachron-fp7.eu": {
      "out": {
        "other": 1
      },
      "score": 0.111
    },
    "crctcs.openum.ca": {
      "out": {
        "other": 1
      },
      "score": 0.111
    },
    "gmpg.org": {
      "out": {
        "other": 1
      },
      "score": 0.111
    },
    "google-deutschland-stole-my-article": {
      "out": {
        "other": 1
      },
      "score": 0.111
    },
    "homepages.cwi.nl": {
      "out": {
        "other": 1
      },
      "score": 0.111
    },
    "mardeg.sitesled.com": {
      "out": {
        "other": 1
      },
      "score": 0.111
    },
    "www.bergnet.org": {
      "out": {
        "other": 1
      },
      "score": 0.111
    },
    "www.qdigitalstudio.com": {
      "out": {
        "other": 1
      },
      "score": 0.111
    },
    "www.stylegala.com": {
      "out": {
        "other": 1
      },
      "score": 0.111
    },
    "www.uberwald.com": {
      "out": {
        "other": 1
      },
      "score": 0.111
    },
    "drupal.org": {
      "out": {
        "other": 1
      },
      "score": 0.111
    },
    "linkeddataeurope.eu": {
      "out": {
        "other": 1
      },
      "score": 0.111
    },
    "repository.apache.org": {
      "out": {
        "other": 1
      },
      "score": 0.111
    },
    "twitter.com/newtoncalegari": {
      "out": {
        "other": 1
      },
      "score": 0.111
    },
    "whatwg.org": {
      "out": {
        "other": 1
      },
      "score": 0.111
    },
    "www.cost.eu": {
      "out": {
        "other": 1
      },
      "score": 0.111
    },
    "www.r-project.org": {
      "out": {
        "other": 1
      },
      "score": 0.111
    },
    "ellequebec.ca": {
      "out": {
        "other": 1
      },
      "score": 0.111
    },
    "id.myopenlink.net": {
      "out": {
        "other": 1
      },
      "score": 0.111
    },
    "jibe-b.github.io": {
      "out": {
        "other": 1
      },
      "score": 0.111
    },
    "plus.google.com/118155157811056542209": {
      "out": {
        "other": 1
      },
      "score": 0.111
    },
    "ptips.wordpress.com": {
      "out": {
        "other": 1
      },
      "score": 0.111
    },
    "tantek.pbwiki.com": {
      "out": {
        "other": 1
      },
      "score": 0.111
    },
    "www.jmfeurprier.com": {
      "out": {
        "other": 1
      },
      "score": 0.111
    },
    "www.stockalicious.com": {
      "out": {
        "other": 1
      },
      "score": 0.111
    },
    "www.threepixeldrift.com": {
      "out": {
        "other": 1
      },
      "score": 0.111
    },
    "ftp.springer.de": {
      "out": {
        "other": 1
      },
      "score": 0.111
    },
    "gore-tex.com": {
      "out": {
        "other": 1
      },
      "score": 0.111
    },
    "hsivonen.iki.fi": {
      "out": {
        "other": 1
      },
      "score": 0.111
    },
    "impactstory.com": {
      "out": {
        "other": 1
      },
      "score": 0.111
    },
    "irfu.blogspot.com": {
      "out": {
        "other": 1
      },
      "score": 0.111
    },
    "lightwavers.net": {
      "out": {
        "other": 1
      },
      "score": 0.111
    },
    "microformats-introduction": {
      "out": {
        "other": 1
      },
      "score": 0.111
    },
    "pubpeer.com": {
      "out": {
        "other": 1
      },
      "score": 0.111
    },
    "thepund.it": {
      "out": {
        "other": 1
      },
      "score": 0.111
    },
    "twitter.com/kidehen": {
      "out": {
        "other": 1
      },
      "score": 0.111
    },
    "wiki.creativecommons.org": {
      "out": {
        "other": 1
      },
      "score": 0.111
    },
    "www.federalreserve.gov": {
      "out": {
        "other": 1
      },
      "score": 0.111
    },
    "www.liberquarterly.eu": {
      "out": {
        "other": 1
      },
      "score": 0.111
    },
    "www.nature.com": {
      "out": {
        "other": 1
      },
      "score": 0.111
    },
    "www.rocococamp.info": {
      "out": {
        "other": 1
      },
      "score": 0.111
    },
    "www.uebertext.org": {
      "out": {
        "other": 1
      },
      "score": 0.111
    },
    "2012.eswc-conferences.org": {
      "out": {
        "other": 1
      },
      "score": 0.111
    },
    "infolab.stanford.edu": {
      "out": {
        "other": 1
      },
      "score": 0.111
    },
    "jacobdubail.com": {
      "out": {
        "other": 1
      },
      "score": 0.111
    },
    "jodrell.net": {
      "out": {
        "other": 1
      },
      "score": 0.111
    },
    "openaccess.eprints.org": {
      "out": {
        "other": 1
      },
      "score": 0.111
    },
    "opencitations.net": {
      "out": {
        "other": 1
      },
      "score": 0.111
    },
    "styleathome.com": {
      "out": {
        "other": 1
      },
      "score": 0.111
    },
    "swib.org": {
      "out": {
        "other": 1
      },
      "score": 0.111
    },
    "webmention.org": {
      "out": {
        "other": 1
      },
      "score": 0.111
    },
    "wordpress.org": {
      "out": {
        "other": 1
      },
      "score": 0.111
    },
    "www.cibiv.at": {
      "out": {
        "other": 1
      },
      "score": 0.111
    },
    "aprilush.ro": {
      "out": {
        "other": 1
      },
      "score": 0.111
    },
    "bengo.is": {
      "out": {
        "other": 1
      },
      "score": 0.111
    },
    "canadianliving.com": {
      "out": {
        "other": 1
      },
      "score": 0.111
    },
    "cicnews.com": {
      "out": {
        "other": 1
      },
      "score": 0.111
    },
    "disi.unitn.it": {
      "out": {
        "other": 1
      },
      "score": 0.111
    },
    "esw.w3.org": {
      "out": {
        "other": 1
      },
      "score": 0.111
    },
    "g1o.net": {
      "out": {
        "other": 1
      },
      "score": 0.111
    },
    "irc-social-network": {
      "out": {
        "other": 1
      },
      "score": 0.111
    },
    "jigsaw.w3.org": {
      "out": {
        "other": 1
      },
      "score": 0.111
    },
    "mambo-foundation.org": {
      "out": {
        "other": 1
      },
      "score": 0.111
    },
    "plus.google.com/108363728773973627360": {
      "out": {
        "other": 1
      },
      "score": 0.111
    },
    "samos-summit.org": {
      "out": {
        "other": 1
      },
      "score": 0.111
    },
    "trashy.sourceforge.net": {
      "out": {
        "other": 1
      },
      "score": 0.111
    },
    "twitter.com/graphityhq": {
      "out": {
        "other": 1
      },
      "score": 0.111
    },
    "w3qc.org": {
      "out": {
        "other": 1
      },
      "score": 0.111
    },
    "www.callimachusproject.org": {
      "out": {
        "other": 1
      },
      "score": 0.111
    },
    "yasgui.org": {
      "out": {
        "other": 1
      },
      "score": 0.111
    },
    "canadiangardening.com": {
      "out": {
        "other": 1
      },
      "score": 0.111
    },
    "crossref.org": {
      "out": {
        "other": 1
      },
      "score": 0.111
    },
    "davidcohen.ca": {
      "out": {
        "other": 1
      },
      "score": 0.111
    },
    "id.loc.gov": {
      "out": {
        "other": 1
      },
      "score": 0.111
    },
    "rocococamp.info": {
      "out": {
        "other": 1
      },
      "score": 0.111
    },
    "www.bordercloud.com": {
      "out": {
        "other": 1
      },
      "score": 0.111
    },
    "www.meetup.com": {
      "out": {
        "other": 1
      },
      "score": 0.111
    },
    "www.openlinksw.com": {
      "out": {
        "other": 1
      },
      "score": 0.111
    },
    "www.researchobject.org": {
      "out": {
        "other": 1
      },
      "score": 0.111
    },
    "aucegypt.edu": {
      "out": {
        "other": 1
      },
      "score": 0.111
    },
    "linkeddata.uriburner.com": {
      "out": {
        "other": 1
      },
      "score": 0.111
    },
    "mondaybynoon.com": {
      "out": {
        "other": 1
      },
      "score": 0.111
    },
    "ogdcamp.org": {
      "out": {
        "other": 1
      },
      "score": 0.111
    },
    "pleasantholidays.com": {
      "out": {
        "other": 1
      },
      "score": 0.111
    },
    "soiland-reyes.com": {
      "out": {
        "other": 1
      },
      "score": 0.111
    },
    "www.scopulus.co.uk": {
      "out": {
        "other": 1
      },
      "score": 0.111
    },
    "athena.uwindsor.ca": {
      "out": {
        "other": 1
      },
      "score": 0.111
    },
    "canadianhomeworkshop.com": {
      "out": {
        "other": 1
      },
      "score": 0.111
    },
    "indiewebcamp.com": {
      "out": {
        "other": 1
      },
      "score": 0.111
    },
    "ods.openlinksw.com": {
      "out": {
        "other": 1
      },
      "score": 0.111
    },
    "per.liedman.net": {
      "out": {
        "other": 1
      },
      "score": 0.111
    },
    "www.Google.Ca": {
      "out": {
        "other": 1
      },
      "score": 0.111
    },
    "www.joecheng.com": {
      "out": {
        "other": 1
      },
      "score": 0.111
    },
    "www.ontologymatching.org": {
      "out": {
        "other": 1
      },
      "score": 0.111
    },
    "genius.com": {
      "out": {
        "other": 1
      },
      "score": 0.111
    },
    "tilaa-kotisivut.com": {
      "out": {
        "other": 1
      },
      "score": 0.111
    },
    "twitter.com/rektide": {
      "out": {
        "other": 1
      },
      "score": 0.111
    },
    "www.easychair.org": {
      "out": {
        "other": 1
      },
      "score": 0.111
    },
    "www.otadesigns.com": {
      "out": {
        "other": 1
      },
      "score": 0.111
    },
    "kartikprabhu.com": {
      "in": {
        "other": 1
      },
      "score": 0
    }
  }
}