{
  "domain": "cuadratin.withknown.com",
  "urls": [
    "https://cuadratin.withknown.com/profile/cuadratin",
    "http://www.cuadratin.es",
    "https://twitter.com/emilianomolina_"
  ],
  "names": [
    "Emiliano Molina",
    "Ideas y proyectos"
  ],
  "descriptions": [
    "Diseñador editorial\n \n www.cuadratin.es\n\n\n twitter.com/emilianomolina_",
    "Cosas sobre edición, diseño, libros y más"
  ],
  "pictures": [
    "https://cuadratin.withknown.com/file/920d032099fac7408133ff9493e8826f/thumb.jpg"
  ],
  "hcard": {
    "properties": {
      "name": [
        "Emiliano Molina"
      ],
      "note": [
        {
          "html": "<div class=\"highlightedText\">\n<p>Diseñador editorial</p>\n</div> <p class=\"url-container\">\n<i class=\"fa fa-link\"></i> <a class=\"u-url\" href=\"http://www.cuadratin.es\" rel=\"me\">www.cuadratin.es</a>\n</p>\n<p class=\"url-container\">\n<i class=\"fa fa-twitter\"></i> <a class=\"u-url\" href=\"https://twitter.com/emilianomolina_\" rel=\"me\">twitter.com/emilianomolina_</a>\n</p>\n",
          "value": "\nDiseñador editorial\n \n www.cuadratin.es\n\n\n twitter.com/emilianomolina_\n\n"
        }
      ],
      "photo": [
        "https://cuadratin.withknown.com/file/920d032099fac7408133ff9493e8826f/thumb.jpg"
      ],
      "profile": [
        "Emiliano Molina"
      ],
      "url": [
        "https://cuadratin.withknown.com/profile/cuadratin",
        "https://cuadratin.withknown.com/profile/cuadratin",
        "http://www.cuadratin.es",
        "https://twitter.com/emilianomolina_"
      ]
    },
    "type": [
      "h-card"
    ]
  },
  "rel_mes": [
    "http://www.cuadratin.es",
    "https://twitter.com/emilianomolina_"
  ],
  "crawl_start": "2017-04-28T05:16:18",
  "crawl_end": "2017-04-28T05:16:32",
  "num_pages": 15,
  "total_html_size": 286641,
  "servers": [
    "Apache",
    "Known"
  ],
  "mf2_classes": [
    "h-entry",
    "h-card"
  ],
  "tags": [
    "relme",
    "bridgy",
    "webmention",
    "websub",
    "Known"
  ],
  "endpoints": {
    "webmention": [
      "https://cuadratin.withknown.com/webmention/"
    ],
    "websub": [
      "http://withknown.superfeedr.com/"
    ]
  },
  "links_out": 42,
  "links_in": 1,
  "links": {
    "withknown.com": {
      "out": {
        "other": 15
      },
      "score": 1
    },
    "www.cuadratin.es": {
      "out": {
        "other": 9
      },
      "score": 0.85
    },
    "twitter.com/emilianomolina_": {
      "out": {
        "other": 9
      },
      "score": 0.85
    },
    "www.behance.net": {
      "out": {
        "other": 5
      },
      "score": 0.676
    },
    "i2.wp.com": {
      "out": {
        "other": 4
      },
      "score": 0.612
    },
    "brid.gy": {
      "in": {
        "other": 1
      },
      "score": 0
    }
  }
}