{
  "domain": "cubouldertheory.shaffermusic.com",
  "urls": [
    "http://cubouldertheory.shaffermusic.com/"
  ],
  "names": [
    "cubouldertheory.shaffermusic.com"
  ],
  "descriptions": [],
  "pictures": [],
  "hcard": {},
  "rel_mes": [],
  "tags": [
    "bridgy"
  ],
  "endpoints": {},
  "crawl_start": "2017-05-19T22:53:32.263047",
  "crawl_end": "2017-05-19T22:53:32.263047",
  "links_out": 0,
  "links_in": 4,
  "links": {
    "brid.gy": {
      "in": {
        "other": 3
      },
      "score": 1
    },
    "pushpullfork.com": {
      "in": {
        "other": 1
      },
      "score": 0
    }
  }
}