{
  "domain": "culturia.one",
  "urls": [
    "http://culturia.one/"
  ],
  "names": [
    "culturia.one"
  ],
  "descriptions": [],
  "pictures": [],
  "hcard": {},
  "rel_mes": [
    "http://twitter.com/_amz3_",
    "http://github.com/amirouche"
  ],
  "crawl_start": "2017-06-09T17:35:16",
  "crawl_end": "2017-06-09T17:35:16",
  "num_pages": 1,
  "total_html_size": 796,
  "servers": [
    "nginx"
  ],
  "tags": [
    "relme"
  ],
  "endpoints": {},
  "links_out": 0,
  "links_in": 2,
  "links": {
    "chat.indieweb.org": {
      "in": {
        "other": 2
      },
      "score": 1
    }
  }
}