{
  "domain": "cursoseducacion.withknown.com",
  "urls": [
    "https://cursoseducacion.withknown.com/profile/animacion",
    "http://cursosanimacion.weebly.com",
    "http://cursoseducadores.blogspot.com.es",
    "http://animacion.synthasite.com",
    "https://www.facebook.com/animacioncursos",
    "https://twitter.com/cursosanimacion",
    "http://pinterest.com/animacioncursos",
    "http://animacionservicios.wordpress.com/",
    "https://www.youtube.com/playlist?list=PL894F1F8444E59E89",
    "http://list.ly/list/5cL-cursos-educacion-integracion-trabajo-social",
    "http://list.ly/list/NrV-articulos-integracion-psicologia-trabajo-social",
    "http://list.ly/list/Gks-videos-cursos-educacion-trabajo-social-integracion-social"
  ],
  "names": [
    "Animacion Servicios Educativos y Tiempo Libre",
    "Cursos educacion a distancia",
    "Cursos educacion, trabajo social, animacion sociocultural"
  ],
  "descriptions": [
    "Cursos toda España y latinoamerica sobre ludotecas, juegos, bullying, maltrato, discapacidad intelectual, educacion familiar, educadores de calle, psicologia para educadoras, inadaptacion, menores en riesgo, sexualidad, orientador laboral, formacion de formadores, inteligencia emocional, animador tercera edad",
    "Cursos ludotecas, juegos, sexualidad, bullying, maltrato, violencia escolar, psicologia, pedagogia, marginacion, educacion de calle, orientacion laboral"
  ],
  "pictures": [
    "https://cursoseducacion.withknown.com/file/d18c6ceb46e27f4e5c6d74eddb653052",
    "https://cursoseducacion.withknown.com/gfx/logos/logo_k.png"
  ],
  "hcard": {
    "properties": {
      "name": [
        "Animacion Servicios Educativos y Tiempo Libre"
      ],
      "note": [
        {
          "html": "<div class=\"highlightedText\">\n<p>Cursos toda España y latinoamerica sobre ludotecas, juegos, bullying, maltrato, discapacidad intelectual, educacion familiar, educadores de calle, psicologia para educadoras, inadaptacion, menores en riesgo, sexualidad, orientador laboral, formacion de formadores, inteligencia emocional, animador tercera edad</p>\n</div>",
          "value": "\nCursos toda España y latinoamerica sobre ludotecas, juegos, bullying, maltrato, discapacidad intelectual, educacion familiar, educadores de calle, psicologia para educadoras, inadaptacion, menores en riesgo, sexualidad, orientador laboral, formacion de formadores, inteligencia emocional, animador tercera edad\n"
        }
      ],
      "photo": [
        "https://cursoseducacion.withknown.com/file/d18c6ceb46e27f4e5c6d74eddb653052"
      ],
      "profile": [
        "Animacion Servicios Educativos y Tiempo Libre"
      ],
      "url": [
        "https://cursoseducacion.withknown.com/profile/animacion",
        "https://cursoseducacion.withknown.com/profile/animacion",
        "http://cursosanimacion.weebly.com",
        "http://cursoseducadores.blogspot.com.es",
        "http://animacion.synthasite.com",
        "https://www.facebook.com/animacioncursos",
        "https://twitter.com/cursosanimacion",
        "http://pinterest.com/animacioncursos",
        "http://animacionservicios.wordpress.com/",
        "https://www.youtube.com/playlist?list=PL894F1F8444E59E89",
        "http://list.ly/list/5cL-cursos-educacion-integracion-trabajo-social",
        "http://list.ly/list/NrV-articulos-integracion-psicologia-trabajo-social",
        "http://list.ly/list/Gks-videos-cursos-educacion-trabajo-social-integracion-social"
      ]
    },
    "type": [
      "h-card"
    ]
  },
  "rel_mes": [
    "http://cursosanimacion.weebly.com",
    "http://cursoseducadores.blogspot.com.es",
    "http://animacion.synthasite.com",
    "https://www.facebook.com/animacioncursos",
    "https://twitter.com/cursosanimacion",
    "http://pinterest.com/animacioncursos",
    "http://animacionservicios.wordpress.com/",
    "https://www.youtube.com/playlist?list=PL894F1F8444E59E89",
    "http://list.ly/list/5cL-cursos-educacion-integracion-trabajo-social",
    "http://list.ly/list/NrV-articulos-integracion-psicologia-trabajo-social",
    "http://list.ly/list/Gks-videos-cursos-educacion-trabajo-social-integracion-social"
  ],
  "crawl_start": "2017-04-28T05:16:18",
  "crawl_end": "2017-04-28T05:23:05",
  "num_pages": 415,
  "total_html_size": 12982550,
  "servers": [
    "Apache",
    "Known"
  ],
  "mf2_classes": [
    "h-card",
    "h-entry"
  ],
  "tags": [
    "relme",
    "bridgy",
    "webmention",
    "websub",
    "Known"
  ],
  "endpoints": {
    "webmention": [
      "https://cursoseducacion.withknown.com/webmention/"
    ],
    "websub": [
      "http://withknown.superfeedr.com/"
    ]
  },
  "links_out": 4485,
  "links_in": 0,
  "links": {
    "cursoseducadores.blogspot.com.es": {
      "out": {
        "other": 849
      },
      "score": 1
    },
    "animacion.synthasite.com": {
      "out": {
        "other": 627
      },
      "score": 0.958
    },
    "list.ly": {
      "out": {
        "other": 567
      },
      "score": 0.945
    },
    "www.youtube.com": {
      "out": {
        "other": 416
      },
      "score": 0.903
    },
    "animacionsociocultural.tumblr.com": {
      "out": {
        "other": 325
      },
      "score": 0.871
    },
    "twitter.com/cursosanimacion": {
      "out": {
        "other": 296
      },
      "score": 0.858
    },
    "facebook.com/animacioncursos": {
      "out": {
        "other": 278
      },
      "score": 0.849
    },
    "cursosanimacion.weebly.com": {
      "out": {
        "other": 213
      },
      "score": 0.813
    },
    "animacionservicios.wordpress.com": {
      "out": {
        "other": 157
      },
      "score": 0.773
    },
    "pinterest.com": {
      "out": {
        "other": 153
      },
      "score": 0.769
    },
    "www.pinterest.com": {
      "out": {
        "other": 121
      },
      "score": 0.738
    },
    "es.linkedin.com": {
      "out": {
        "other": 117
      },
      "score": 0.734
    },
    "bundlr.com": {
      "out": {
        "other": 83
      },
      "score": 0.687
    },
    "issuu.com": {
      "out": {
        "other": 69
      },
      "score": 0.663
    },
    "livingjunction.com": {
      "out": {
        "other": 50
      },
      "score": 0.620
    },
    "storify.com": {
      "out": {
        "other": 36
      },
      "score": 0.575
    },
    "www.vingle.net": {
      "out": {
        "other": 17
      },
      "score": 0.474
    },
    "t.umblr.com": {
      "out": {
        "other": 14
      },
      "score": 0.448
    },
    "es.slideshare.net": {
      "out": {
        "other": 12
      },
      "score": 0.427
    },
    "www.yumpu.com": {
      "out": {
        "other": 12
      },
      "score": 0.427
    },
    "weheartit.com": {
      "out": {
        "other": 12
      },
      "score": 0.427
    },
    "animacion.jimdo.com": {
      "out": {
        "other": 10
      },
      "score": 0.403
    },
    "plus.google.com/115447951348675725702": {
      "out": {
        "other": 8
      },
      "score": 0.372
    },
    "cursostrabajosocial.jimdo.com": {
      "out": {
        "other": 5
      },
      "score": 0.309
    },
    "jiapps.com": {
      "out": {
        "other": 5
      },
      "score": 0.309
    },
    "animacion": {
      "out": {
        "other": 5
      },
      "score": 0.309
    },
    "cursoexpertoeducaciondecalle.jimdo.com": {
      "out": {
        "other": 4
      },
      "score": 0.280
    },
    "cursomalostratos.jimdo.com": {
      "out": {
        "other": 4
      },
      "score": 0.280
    },
    "www.caja-pdf.es": {
      "out": {
        "other": 4
      },
      "score": 0.280
    },
    "www.interesante.com": {
      "out": {
        "other": 4
      },
      "score": 0.280
    },
    "www.sociedadytecnologia.org": {
      "out": {
        "other": 4
      },
      "score": 0.280
    },
    "ludotecas.jimdo.com": {
      "out": {
        "other": 4
      },
      "score": 0.280
    },
    "cursointervencionmarginacion.jimdo.com": {
      "out": {
        "other": 4
      },
      "score": 0.280
    }
  }
}