{
  "domain": "cweiske.de",
  "urls": [
    "http://cweiske.de/"
  ],
  "names": [
    "cweiske.de: home"
  ],
  "descriptions": [],
  "pictures": [
    "http://cweiske.de/favicon.ico"
  ],
  "hcard": {},
  "rel_mes": [],
  "crawl_start": "2017-04-24T02:26:37",
  "crawl_end": "2017-04-24T02:57:22",
  "num_pages": 302,
  "total_html_size": 2947924,
  "servers": [
    "Apache (Debian) SVN mod_fastcgi/mod_fastcgi-SNAP-0910052141 mod_jk PHP-0+deb8u1 mod_python Python OpenSSLk",
    "screenplain",
    "DocBook XSL Stylesheets V",
    "Docutils: http://docutils.sourceforge.net/",
    "S5",
    "my own hands"
  ],
  "mf2_classes": [
    "h-cite",
    "h-card",
    "h-event"
  ],
  "tags": [
    "bridgy",
    "elder",
    "IRC",
    "authorization"
  ],
  "endpoints": {
    "authorization": [
      "http://indieauth.id.cweiske.de/"
    ]
  },
  "links_out": 2759,
  "links_in": 21172,
  "links": {
    "indieweb.org": {
      "in": {
        "other": 12275
      },
      "out": {
        "other": 16
      },
      "score": 1
    },
    "chat.indieweb.org": {
      "in": {
        "other": 8784
      },
      "score": 0.964
    },
    "index.html": {
      "out": {
        "other": 160
      },
      "score": 0.613
    },
    "jigsaw.w3.org": {
      "out": {
        "other": 114
      },
      "score": 0.576
    },
    "validator.w3.org": {
      "out": {
        "other": 114
      },
      "score": 0.576
    },
    "www.cweiske.de": {
      "out": {
        "other": 96
      },
      "score": 0.558
    },
    "de": {
      "out": {
        "other": 76
      },
      "score": 0.533
    },
    "download": {
      "out": {
        "other": 64
      },
      "score": 0.515
    },
    "ch02.html": {
      "out": {
        "other": 62
      },
      "score": 0.512
    },
    "misc_extensions.htm": {
      "out": {
        "other": 56
      },
      "score": 0.501
    },
    "ch01.html": {
      "out": {
        "other": 54
      },
      "score": 0.497
    },
    "ch03.html": {
      "out": {
        "other": 52
      },
      "score": 0.493
    },
    "pear.php.net": {
      "out": {
        "other": 51
      },
      "score": 0.490
    },
    "ch02s03.html": {
      "out": {
        "other": 44
      },
      "score": 0.476
    },
    "ch01s02.html": {
      "out": {
        "other": 44
      },
      "score": 0.476
    },
    "php.net": {
      "out": {
        "other": 42
      },
      "score": 0.470
    },
    "ch04.html": {
      "out": {
        "other": 42
      },
      "score": 0.470
    },
    "github.com": {
      "out": {
        "other": 40
      },
      "score": 0.465
    },
    "git.cweiske.de": {
      "out": {
        "other": 40
      },
      "score": 0.465
    },
    "aaronparecki.com": {
      "in": {
        "other": 4,
        "bookmark-of": 29
      },
      "score": 0.438
    },
    "phpgtk_apps.htm": {
      "out": {
        "other": 30
      },
      "score": 0.434
    },
    "phpgtk_coders.htm": {
      "out": {
        "other": 30
      },
      "score": 0.434
    },
    "ch02s02.html": {
      "out": {
        "other": 30
      },
      "score": 0.434
    },
    "misc_documents.htm": {
      "out": {
        "other": 28
      },
      "score": 0.428
    },
    "microformats.org": {
      "out": {
        "other": 22
      },
      "score": 0.401
    },
    "ch14.html": {
      "out": {
        "other": 22
      },
      "score": 0.401
    },
    "pr01.html": {
      "out": {
        "other": 20
      },
      "score": 0.392
    },
    "ch05.html": {
      "out": {
        "other": 20
      },
      "score": 0.392
    },
    "ch04s02.html": {
      "out": {
        "other": 20
      },
      "score": 0.392
    },
    "overview-tree.html": {
      "out": {
        "other": 18
      },
      "score": 0.380
    },
    "deprecated-list.html": {
      "out": {
        "other": 18
      },
      "score": 0.380
    },
    "ch04s04.html": {
      "out": {
        "other": 18
      },
      "score": 0.380
    },
    "ch09.html": {
      "out": {
        "other": 18
      },
      "score": 0.380
    },
    "ar01s07.html": {
      "out": {
        "other": 18
      },
      "score": 0.380
    },
    "ch10.html": {
      "out": {
        "other": 18
      },
      "score": 0.380
    },
    "index-all.html": {
      "out": {
        "other": 18
      },
      "score": 0.380
    },
    "ch04s03.html": {
      "out": {
        "other": 18
      },
      "score": 0.380
    },
    "ch12.html": {
      "out": {
        "other": 18
      },
      "score": 0.380
    },
    "waterpigs.co.uk": {
      "in": {
        "other": 33
      },
      "score": 0.372
    },
    "help-doc.html": {
      "out": {
        "other": 16
      },
      "score": 0.368
    },
    "ch08.html": {
      "out": {
        "other": 16
      },
      "score": 0.368
    },
    "allclasses-noframe.html": {
      "out": {
        "other": 16
      },
      "score": 0.368
    },
    "creativecommons.org": {
      "out": {
        "other": 15
      },
      "score": 0.361
    },
    "ch03s02.html": {
      "out": {
        "other": 14
      },
      "score": 0.354
    },
    "ar01s08.html": {
      "out": {
        "other": 14
      },
      "score": 0.354
    },
    "ch05s03.html": {
      "out": {
        "other": 14
      },
      "score": 0.354
    },
    "ch03s04.html": {
      "out": {
        "other": 14
      },
      "score": 0.354
    },
    "www.gnu.org": {
      "out": {
        "other": 14
      },
      "score": 0.354
    },
    "howto": {
      "out": {
        "other": 14
      },
      "score": 0.354
    },
    "ch04s05.html": {
      "out": {
        "other": 14
      },
      "score": 0.354
    },
    "ch03s03.html": {
      "out": {
        "other": 14
      },
      "score": 0.354
    },
    "www.w3.org": {
      "out": {
        "other": 14
      },
      "score": 0.354
    },
    "ch04s06.html": {
      "out": {
        "other": 14
      },
      "score": 0.354
    },
    "ch05s02.html": {
      "out": {
        "other": 14
      },
      "score": 0.354
    },
    "ch12s02.html": {
      "out": {
        "other": 14
      },
      "score": 0.354
    },
    "ch10s02.html": {
      "out": {
        "other": 14
      },
      "score": 0.354
    },
    "apa.html": {
      "out": {
        "other": 12
      },
      "score": 0.338
    },
    "package-summary.html": {
      "out": {
        "other": 12
      },
      "score": 0.338
    },
    "schneewittchen": {
      "out": {
        "other": 12
      },
      "score": 0.338
    },
    "phorkie.htm": {
      "out": {
        "other": 12
      },
      "score": 0.338
    },
    "ch07.html": {
      "out": {
        "other": 12
      },
      "score": 0.338
    },
    "ch14s03.html": {
      "out": {
        "other": 12
      },
      "score": 0.338
    },
    "ch09s02.html": {
      "out": {
        "other": 12
      },
      "score": 0.338
    },
    "ar01s09.html": {
      "out": {
        "other": 12
      },
      "score": 0.338
    },
    "ch06.html": {
      "out": {
        "other": 12
      },
      "score": 0.338
    },
    "ch14s05.html": {
      "out": {
        "other": 12
      },
      "score": 0.338
    },
    "graphics": {
      "out": {
        "other": 12
      },
      "score": 0.338
    },
    "feedback.htm": {
      "out": {
        "other": 12
      },
      "score": 0.338
    },
    "ar01s06.html": {
      "out": {
        "other": 12
      },
      "score": 0.338
    },
    "ch14s04.html": {
      "out": {
        "other": 12
      },
      "score": 0.338
    },
    "ch13.html": {
      "out": {
        "other": 12
      },
      "score": 0.338
    },
    "ch14s02.html": {
      "out": {
        "other": 12
      },
      "score": 0.338
    },
    "ch01s04.html": {
      "out": {
        "other": 12
      },
      "score": 0.338
    },
    "ch02s04.html": {
      "out": {
        "other": 12
      },
      "score": 0.338
    },
    "gentoo-wiki.com": {
      "out": {
        "other": 12
      },
      "score": 0.338
    },
    "ch01s03.html": {
      "out": {
        "other": 12
      },
      "score": 0.338
    },
    "ar01s03.html": {
      "out": {
        "other": 10
      },
      "score": 0.318
    },
    "ar01s04.html": {
      "out": {
        "other": 10
      },
      "score": 0.318
    },
    "misc_tools.htm": {
      "out": {
        "other": 10
      },
      "score": 0.318
    },
    "ch11.html": {
      "out": {
        "other": 10
      },
      "score": 0.318
    },
    "ar01s05.html": {
      "out": {
        "other": 10
      },
      "score": 0.318
    },
    "ar01s02.html": {
      "out": {
        "other": 10
      },
      "score": 0.318
    },
    "ar01s10.html": {
      "out": {
        "other": 10
      },
      "score": 0.318
    },
    "birthday3.htm": {
      "out": {
        "other": 10
      },
      "score": 0.318
    },
    "gtk.php.net": {
      "out": {
        "other": 10
      },
      "score": 0.318
    },
    "playVideoOnDreambox.htm": {
      "out": {
        "other": 8
      },
      "score": 0.294
    },
    "tagebuch": {
      "out": {
        "other": 8
      },
      "score": 0.294
    },
    "portland.freedesktop.org": {
      "out": {
        "other": 8
      },
      "score": 0.294
    },
    "ch15.html": {
      "out": {
        "other": 8
      },
      "score": 0.294
    },
    "www.mozilla.org": {
      "out": {
        "other": 8
      },
      "score": 0.294
    },
    "packages.gentoo.org": {
      "out": {
        "other": 8
      },
      "score": 0.294
    },
    "wiki.gnome.org": {
      "out": {
        "other": 8
      },
      "score": 0.294
    },
    "package-tree.html": {
      "out": {
        "other": 8
      },
      "score": 0.294
    },
    "sourceforge.net": {
      "out": {
        "other": 8
      },
      "score": 0.294
    },
    "forums.gentoo.org": {
      "out": {
        "other": 8
      },
      "score": 0.294
    },
    "www.gnope.org": {
      "out": {
        "other": 7
      },
      "score": 0.280
    },
    "wiki.php.net": {
      "out": {
        "other": 6
      },
      "score": 0.263
    },
    "tuxmobil.org": {
      "out": {
        "other": 6
      },
      "score": 0.263
    },
    "php-sqllint.htm": {
      "out": {
        "other": 6
      },
      "score": 0.263
    },
    "ouya-store-api-docs.htm": {
      "out": {
        "other": 6
      },
      "score": 0.263
    },
    "phancap.htm": {
      "out": {
        "other": 6
      },
      "score": 0.263
    },
    "bdrem.htm": {
      "out": {
        "other": 6
      },
      "score": 0.263
    },
    "home_newsletter.htm": {
      "out": {
        "other": 6
      },
      "score": 0.263
    },
    "tools.ietf.org": {
      "out": {
        "other": 6
      },
      "score": 0.263
    },
    "diplomarbeit.htm": {
      "out": {
        "other": 6
      },
      "score": 0.263
    },
    "apb.html": {
      "out": {
        "other": 6
      },
      "score": 0.263
    },
    "ar01s11.html": {
      "out": {
        "other": 6
      },
      "score": 0.263
    },
    "store.saddle-creek.com": {
      "out": {
        "other": 6
      },
      "score": 0.263
    },
    "phpgtk_appwizard.htm": {
      "out": {
        "other": 6
      },
      "score": 0.263
    },
    "shpub.htm": {
      "out": {
        "other": 6
      },
      "score": 0.263
    },
    "noxon-api.htm": {
      "out": {
        "other": 6
      },
      "score": 0.263
    },
    "home_stylesheet.htm": {
      "out": {
        "other": 6
      },
      "score": 0.263
    },
    "addons.mozilla.org": {
      "out": {
        "other": 6
      },
      "score": 0.263
    },
    "gnope.org": {
      "out": {
        "other": 6
      },
      "score": 0.263
    },
    "enigmail.mozdev.org": {
      "out": {
        "other": 6
      },
      "score": 0.263
    },
    "mnenhy.mozdev.org": {
      "out": {
        "other": 6
      },
      "score": 0.263
    },
    "CSVReader.html": {
      "out": {
        "other": 6
      },
      "score": 0.263
    },
    "linksys-wrt3g-tools.htm": {
      "out": {
        "other": 6
      },
      "score": 0.263
    },
    "talks.php.net": {
      "out": {
        "other": 6
      },
      "score": 0.263
    },
    "misc_classes.htm": {
      "out": {
        "other": 6
      },
      "score": 0.263
    },
    "grauphel.htm": {
      "out": {
        "other": 6
      },
      "score": 0.263
    },
    "2.png": {
      "out": {
        "other": 4
      },
      "score": 0.221
    },
    "phpgtk_themes_readme.htm": {
      "out": {
        "other": 4
      },
      "score": 0.221
    },
    "www.ikp.uni-bonn.de": {
      "out": {
        "other": 4
      },
      "score": 0.221
    },
    "3.png": {
      "out": {
        "other": 4
      },
      "score": 0.221
    },
    "xmlmind.com": {
      "out": {
        "other": 4
      },
      "score": 0.221
    },
    "ftp.noxonradio.de": {
      "out": {
        "other": 4
      },
      "score": 0.221
    },
    "www.smlink.com": {
      "out": {
        "other": 4
      },
      "score": 0.221
    },
    "rhiaro.co.uk": {
      "in": {
        "other": 8
      },
      "score": 0.221
    },
    "phpgtk_themes.htm": {
      "out": {
        "other": 4
      },
      "score": 0.221
    },
    "stunnel.mirt.net": {
      "out": {
        "other": 4
      },
      "score": 0.221
    },
    "home_history.htm": {
      "out": {
        "other": 4
      },
      "score": 0.221
    },
    "www.logitech.de": {
      "out": {
        "other": 4
      },
      "score": 0.221
    },
    "yourhost": {
      "out": {
        "other": 4
      },
      "score": 0.221
    },
    "lineak.sourceforge.net": {
      "out": {
        "other": 4
      },
      "score": 0.221
    },
    "popfile.sourceforge.net": {
      "out": {
        "other": 4
      },
      "score": 0.221
    },
    "travis-ci.org": {
      "out": {
        "other": 4
      },
      "score": 0.221
    },
    "www.cookie-craft.de": {
      "out": {
        "other": 4
      },
      "score": 0.221
    },
    "www.xmms.org": {
      "out": {
        "other": 4
      },
      "score": 0.221
    },
    "zustellzentrum.cweiske.de": {
      "out": {
        "other": 4
      },
      "score": 0.221
    },
    "books.htm": {
      "out": {
        "other": 4
      },
      "score": 0.221
    },
    "launchpad.net": {
      "out": {
        "other": 4
      },
      "score": 0.221
    },
    "phorkie-news.htm": {
      "out": {
        "other": 4
      },
      "score": 0.221
    },
    "vorlon.cwru.edu": {
      "out": {
        "other": 4
      },
      "score": 0.221
    },
    "www.icecast.org": {
      "out": {
        "other": 4
      },
      "score": 0.221
    },
    "www.wotfun.com": {
      "out": {
        "other": 4
      },
      "score": 0.221
    },
    "misc_filelister.htm": {
      "out": {
        "other": 4
      },
      "score": 0.221
    },
    "ontowiki.net": {
      "out": {
        "other": 4
      },
      "score": 0.221
    },
    "pcmcia-cs.sourceforge.net": {
      "out": {
        "other": 4
      },
      "score": 0.221
    },
    "www.bernd-wurst.de": {
      "out": {
        "other": 4
      },
      "score": 0.221
    },
    "www.informatik.hu-berlin.de": {
      "out": {
        "other": 4
      },
      "score": 0.221
    },
    "mozilla.org": {
      "out": {
        "other": 4
      },
      "score": 0.221
    },
    "www.kde.org": {
      "out": {
        "other": 4
      },
      "score": 0.221
    },
    "www.linuxnet.com": {
      "out": {
        "other": 4
      },
      "score": 0.221
    },
    "linux.omnipotent.net": {
      "out": {
        "other": 4
      },
      "score": 0.221
    },
    "apps.owncloud.com": {
      "out": {
        "other": 4
      },
      "score": 0.221
    },
    "phpgtk2_devguiinspector.htm": {
      "out": {
        "other": 4
      },
      "score": 0.221
    },
    "phpgtk2_devinspector.htm": {
      "out": {
        "other": 4
      },
      "score": 0.221
    },
    "www.thpoon.com": {
      "out": {
        "other": 4
      },
      "score": 0.221
    },
    "misc.htm": {
      "out": {
        "other": 4
      },
      "score": 0.221
    },
    "mogic.com": {
      "out": {
        "other": 4
      },
      "score": 0.221
    },
    "howto-tipsnscripts": {
      "out": {
        "other": 4
      },
      "score": 0.221
    },
    "www.schmi-dt.de": {
      "out": {
        "other": 4
      },
      "score": 0.221
    },
    "opera.htm": {
      "out": {
        "other": 4
      },
      "score": 0.221
    },
    "freedesktop.org": {
      "out": {
        "other": 4
      },
      "score": 0.221
    },
    "i855crt.sourceforge.net": {
      "out": {
        "other": 4
      },
      "score": 0.221
    },
    "1.png": {
      "out": {
        "other": 4
      },
      "score": 0.221
    },
    "tcts.fpms.ac.be": {
      "out": {
        "other": 4
      },
      "score": 0.221
    },
    "global.acer.com": {
      "out": {
        "other": 4
      },
      "score": 0.221
    },
    "perso.wanadoo.fr": {
      "out": {
        "other": 4
      },
      "score": 0.221
    },
    "www.linux1394.org": {
      "out": {
        "other": 4
      },
      "score": 0.221
    },
    "www.kcore.org": {
      "out": {
        "other": 4
      },
      "score": 0.221
    },
    "www.netresearch.de": {
      "out": {
        "other": 4
      },
      "score": 0.221
    },
    "howto-laptop": {
      "out": {
        "other": 4
      },
      "score": 0.221
    },
    "kaffeine.sourceforge.net": {
      "out": {
        "other": 4
      },
      "score": 0.221
    },
    "noxon-gateway.htm": {
      "out": {
        "other": 4
      },
      "score": 0.221
    },
    "www.kinodv.org": {
      "out": {
        "other": 4
      },
      "score": 0.221
    },
    "www.tvtime.net": {
      "out": {
        "other": 4
      },
      "score": 0.221
    },
    "adactio.com": {
      "in": {
        "other": 6
      },
      "score": 0.190
    },
    "known.kylewm.com": {
      "in": {
        "other": 6
      },
      "score": 0.190
    },
    "ollehost.dk": {
      "in": {
        "other": 5
      },
      "score": 0.171
    },
    "schemaweb.info": {
      "out": {
        "other": 2
      },
      "score": 0.148
    },
    "ffmpeg.org": {
      "out": {
        "other": 2
      },
      "score": 0.148
    },
    "pear.htm": {
      "out": {
        "other": 2
      },
      "score": 0.148
    },
    "jrisk.sourceforge.net": {
      "out": {
        "other": 2
      },
      "score": 0.148
    },
    "arc.semsol.org": {
      "out": {
        "other": 2
      },
      "score": 0.148
    },
    "home_feelbetter.htm": {
      "out": {
        "other": 2
      },
      "score": 0.148
    },
    "phpgtk2.htm": {
      "out": {
        "other": 2
      },
      "score": 0.148
    },
    "projects.htm": {
      "out": {
        "other": 2
      },
      "score": 0.148
    },
    "triplify.org": {
      "out": {
        "other": 2
      },
      "score": 0.148
    },
    "www.pallms.de": {
      "out": {
        "other": 2
      },
      "score": 0.148
    },
    "piratenpartei.de": {
      "out": {
        "other": 2
      },
      "score": 0.148
    },
    "users.skynet.be": {
      "out": {
        "other": 2
      },
      "score": 0.148
    },
    "tntluoma.com": {
      "out": {
        "other": 2
      },
      "score": 0.148
    },
    "usb-wde1-tools.htm": {
      "out": {
        "other": 2
      },
      "score": 0.148
    },
    "doc.owncloud.org": {
      "out": {
        "other": 2
      },
      "score": 0.148
    },
    "freeguide-tv.sourceforge.net": {
      "out": {
        "other": 2
      },
      "score": 0.148
    },
    "ia300124.us.archive.org": {
      "out": {
        "other": 2
      },
      "score": 0.148
    },
    "www.openhub.net": {
      "out": {
        "other": 2
      },
      "score": 0.148
    },
    "phpgtk2_vardump.htm": {
      "out": {
        "other": 2
      },
      "score": 0.148
    },
    "store.xkcd.com": {
      "out": {
        "other": 2
      },
      "score": 0.148
    },
    "tweiske.de": {
      "out": {
        "other": 2
      },
      "score": 0.148
    },
    "www.grundschule-kuehren.de": {
      "out": {
        "other": 2
      },
      "score": 0.148
    },
    "kita-ruesselchen.de": {
      "out": {
        "other": 2
      },
      "score": 0.148
    },
    "www.beesknees.freeserve.co.uk": {
      "out": {
        "other": 2
      },
      "score": 0.148
    },
    "www.elasticsearch.org": {
      "out": {
        "other": 2
      },
      "score": 0.148
    },
    "librdf.org": {
      "out": {
        "other": 2
      },
      "score": 0.148
    },
    "pecl.php.net": {
      "out": {
        "other": 2
      },
      "score": 0.148
    },
    "phpgtk_appwizard_changelog.htm": {
      "out": {
        "other": 2
      },
      "score": 0.148
    },
    "www.claws-mail.org": {
      "out": {
        "other": 2
      },
      "score": 0.148
    },
    "thespeakeasy-sprachschule.de": {
      "out": {
        "other": 2
      },
      "score": 0.148
    },
    "www.elastic.co": {
      "out": {
        "other": 2
      },
      "score": 0.148
    },
    "chromic.org": {
      "in": {
        "other": 4
      },
      "score": 0.148
    },
    "careers.stackoverflow.com": {
      "out": {
        "other": 2
      },
      "score": 0.148
    },
    "cweiske-24EAF823.pubkey.asc": {
      "out": {
        "other": 2
      },
      "score": 0.148
    },
    "phpgtk_appwizard_uservoices.htm": {
      "out": {
        "other": 2
      },
      "score": 0.148
    },
    "www.jabber.org": {
      "out": {
        "other": 2
      },
      "score": 0.148
    },
    "lists.php.net": {
      "out": {
        "other": 2
      },
      "score": 0.148
    },
    "www.google.com": {
      "out": {
        "other": 2
      },
      "score": 0.148
    },
    "phpugl.de": {
      "out": {
        "other": 2
      },
      "score": 0.148
    },
    "www.on-ohr.de": {
      "out": {
        "other": 2
      },
      "score": 0.148
    },
    "de.slideshare.net": {
      "out": {
        "other": 2
      },
      "score": 0.148
    },
    "grauphel-howto.htm": {
      "out": {
        "other": 2
      },
      "score": 0.148
    },
    "less.aksw.org": {
      "out": {
        "other": 2
      },
      "score": 0.148
    },
    "www.daschmi.de": {
      "out": {
        "other": 2
      },
      "score": 0.148
    },
    "www.noxonradio.de": {
      "out": {
        "other": 2
      },
      "score": 0.148
    },
    "www.lornajane.net": {
      "out": {
        "other": 2
      },
      "score": 0.148
    },
    "www.staugustin.de": {
      "out": {
        "other": 2
      },
      "score": 0.148
    },
    "bdrem_readme.htm": {
      "out": {
        "other": 2
      },
      "score": 0.148
    },
    "xn--gasthof-strmthal-vwb.de": {
      "out": {
        "other": 2
      },
      "score": 0.148
    },
    "ftp.rfc-editor.org": {
      "out": {
        "other": 2
      },
      "score": 0.148
    },
    "www.opera.com": {
      "out": {
        "other": 2
      },
      "score": 0.148
    },
    "www.panayotis.com": {
      "out": {
        "other": 2
      },
      "score": 0.148
    },
    "phancap_readme.htm": {
      "out": {
        "other": 2
      },
      "score": 0.148
    },
    "stackoverflow.com": {
      "out": {
        "other": 2
      },
      "score": 0.148
    },
    "cycle.sourceforge.net": {
      "out": {
        "other": 2
      },
      "score": 0.148
    },
    "de.wikipedia.org": {
      "out": {
        "other": 2
      },
      "score": 0.148
    },
    "virtuoso.openlinksw.com": {
      "out": {
        "other": 2
      },
      "score": 0.148
    },
    "php-gtk2.de": {
      "out": {
        "other": 2
      },
      "score": 0.148
    },
    "rdfapi-php.sourceforge.net": {
      "out": {
        "other": 2
      },
      "score": 0.148
    },
    "www.juergen-ernst.de": {
      "out": {
        "other": 2
      },
      "score": 0.148
    },
    "munin-monitoring.org": {
      "out": {
        "other": 2
      },
      "score": 0.148
    },
    "www.lafkon.net": {
      "out": {
        "other": 2
      },
      "score": 0.148
    },
    "semanticscuttle.sf.net": {
      "out": {
        "other": 2
      },
      "score": 0.148
    },
    "www.imagemagick.org": {
      "out": {
        "other": 2
      },
      "score": 0.148
    },
    "snarfed.org": {
      "in": {
        "like-of": 2
      },
      "score": 0.148
    },
    "conboy.garage.maemo.org": {
      "out": {
        "other": 2
      },
      "score": 0.148
    },
    "jrenslin.de": {
      "in": {
        "other": 4
      },
      "score": 0.148
    },
    "me.gidzit.org": {
      "in": {
        "bookmark-of": 2
      },
      "score": 0.148
    },
    "books.slashdot.org": {
      "out": {
        "other": 2
      },
      "score": 0.148
    },
    "kromann.info": {
      "out": {
        "other": 2
      },
      "score": 0.148
    },
    "lanzfreunde-sachsen.de": {
      "out": {
        "other": 2
      },
      "score": 0.148
    },
    "archive.cweiske.de": {
      "out": {
        "other": 2
      },
      "score": 0.148
    },
    "phorkie-download.htm": {
      "out": {
        "other": 2
      },
      "score": 0.148
    },
    "kylewm.com": {
      "in": {
        "other": 4
      },
      "score": 0.148
    },
    "micropub.net": {
      "out": {
        "other": 2
      },
      "score": 0.148
    },
    "owncloud.org": {
      "out": {
        "other": 2
      },
      "score": 0.148
    },
    "www.phing.info": {
      "out": {
        "other": 2
      },
      "score": 0.148
    },
    "news.indieweb.org": {
      "in": {
        "other": 4
      },
      "score": 0.148
    },
    "birthday_changelog.htm": {
      "out": {
        "other": 2
      },
      "score": 0.148
    },
    "my.opera.com": {
      "out": {
        "other": 2
      },
      "score": 0.148
    },
    "trowski.com": {
      "out": {
        "other": 2
      },
      "score": 0.148
    },
    "www.alistapart.com": {
      "out": {
        "other": 2
      },
      "score": 0.148
    },
    "en.wikipedia.org": {
      "out": {
        "other": 2
      },
      "score": 0.148
    },
    "ibiblio.org": {
      "out": {
        "other": 2
      },
      "score": 0.148
    },
    "code.google.com": {
      "out": {
        "other": 2
      },
      "score": 0.148
    },
    "www.dream-multimedia-tv.de": {
      "out": {
        "other": 2
      },
      "score": 0.148
    },
    "fountain.io": {
      "out": {
        "other": 2
      },
      "score": 0.148
    },
    "www.uni-leipzig.de": {
      "out": {
        "other": 2
      },
      "score": 0.148
    },
    "cutycapt.sourceforge.net": {
      "out": {
        "other": 2
      },
      "score": 0.148
    },
    "www.informatik.uni-leipzig.de": {
      "out": {
        "other": 2
      },
      "score": 0.148
    },
    "stefan.endrullis.de": {
      "out": {
        "other": 2
      },
      "score": 0.148
    },
    "nonight.config": {
      "out": {
        "other": 1
      },
      "score": 0.0736
    },
    "xplanet.sourceforge.net": {
      "out": {
        "other": 1
      },
      "score": 0.0736
    },
    "rn7.net": {
      "in": {
        "other": 1
      },
      "score": 0
    },
    "kartikprabhu.com": {
      "in": {
        "other": 1
      },
      "score": 0
    }
  }
}