{
  "domain": "cyborgcamp.com",
  "urls": [
    "http://cyborgcamp.com/"
  ],
  "names": [
    "CyborgCamp | An Unconference on the Future of Humans and Technology"
  ],
  "descriptions": [],
  "pictures": [],
  "hcard": {},
  "rel_mes": [],
  "crawl_start": "2017-04-28T05:16:18",
  "crawl_end": "2017-04-28T05:17:43",
  "num_pages": 98,
  "total_html_size": 3699936,
  "servers": [
    "Apache",
    "WordPress"
  ],
  "mf2_classes": [
    "h-entry"
  ],
  "tags": [
    "bridgy",
    "webmention",
    "generator",
    "WordPress"
  ],
  "endpoints": {
    "webmention": [
      "http://cyborgcamp.com/?webmention=endpoint"
    ],
    "generator": [
      "http://wordpress.org/"
    ]
  },
  "links_out": 1928,
  "links_in": 446,
  "links": {
    "twitter.com/caseorganic": {
      "out": {
        "other": 276
      },
      "score": 1
    },
    "caseorganic.com": {
      "in": {
        "other": 239
      },
      "out": {
        "other": 17
      },
      "score": 0.889
    },
    "mindfulcyborgs.com": {
      "out": {
        "other": 111
      },
      "score": 0.856
    },
    "theme.wordpress.com": {
      "out": {
        "other": 98
      },
      "score": 0.837
    },
    "wordpress.org": {
      "out": {
        "other": 98
      },
      "score": 0.837
    },
    "loqi.me": {
      "out": {
        "other": 79
      },
      "score": 0.802
    },
    "werd.io": {
      "out": {
        "other": 19
      },
      "in": {
        "in-reply-to": 7,
        "other": 53
      },
      "score": 0.767
    },
    "www.flickr.com": {
      "out": {
        "other": 47
      },
      "score": 0.719
    },
    "twitter.com/2mmaz": {
      "out": {
        "other": 44
      },
      "score": 0.710
    },
    "twitter.com/modern7": {
      "out": {
        "other": 44
      },
      "score": 0.710
    },
    "www.eventbrite.com": {
      "out": {
        "other": 38
      },
      "score": 0.686
    },
    "www.readwriteweb.com": {
      "out": {
        "other": 30
      },
      "score": 0.648
    },
    "pdxapi.com": {
      "out": {
        "other": 30
      },
      "score": 0.648
    },
    "aaronparecki.com": {
      "in": {
        "other": 55
      },
      "score": 0.635
    },
    "vimeo.com": {
      "out": {
        "other": 27
      },
      "score": 0.632
    },
    "geoloqi.com": {
      "out": {
        "other": 27
      },
      "score": 0.632
    },
    "cyborgcamp2012.eventbrite.com": {
      "out": {
        "other": 26
      },
      "score": 0.626
    },
    "portland.cyborgcamp.com": {
      "out": {
        "other": 26
      },
      "score": 0.626
    },
    "goo.gl": {
      "out": {
        "other": 25
      },
      "score": 0.620
    },
    "twitter.com/willowbl00": {
      "out": {
        "other": 24
      },
      "score": 0.613
    },
    "twitter.com/aaronpk": {
      "out": {
        "other": 24
      },
      "score": 0.613
    },
    "twitter.com/cyborgcamp": {
      "out": {
        "other": 23
      },
      "score": 0.607
    },
    "twitter.com/mulderc": {
      "out": {
        "other": 22
      },
      "score": 0.599
    },
    "twitter.com/b_dresser": {
      "out": {
        "other": 22
      },
      "score": 0.599
    },
    "compositecode.com": {
      "out": {
        "other": 21
      },
      "score": 0.593
    },
    "tropo.com": {
      "out": {
        "other": 20
      },
      "score": 0.585
    },
    "tylersticka.com": {
      "out": {
        "other": 20
      },
      "score": 0.585
    },
    "etherpad.cyborgcamp.com": {
      "out": {
        "other": 20
      },
      "score": 0.585
    },
    "markcolemanphoto.com": {
      "out": {
        "other": 19
      },
      "score": 0.577
    },
    "www.cloacina.org": {
      "out": {
        "other": 18
      },
      "score": 0.567
    },
    "kmikeym.com": {
      "out": {
        "other": 18
      },
      "score": 0.567
    },
    "en.wikipedia.org": {
      "out": {
        "other": 17
      },
      "score": 0.559
    },
    "www.tropo.com": {
      "out": {
        "other": 17
      },
      "score": 0.559
    },
    "upcoming.org": {
      "out": {
        "other": 16
      },
      "score": 0.550
    },
    "www.paypal.com": {
      "out": {
        "other": 16
      },
      "score": 0.550
    },
    "www.grassyknollgallery.com": {
      "out": {
        "other": 14
      },
      "score": 0.528
    },
    "indieweb.org": {
      "in": {
        "other": 28
      },
      "score": 0.528
    },
    "portland.cyborgcamp.org": {
      "out": {
        "other": 14
      },
      "score": 0.528
    },
    "twitter.com/tomasinsua": {
      "out": {
        "other": 13
      },
      "score": 0.517
    },
    "twitter.com/Nikolas_DCM": {
      "out": {
        "other": 13
      },
      "score": 0.517
    },
    "twitter.com/ServiceSphere": {
      "out": {
        "other": 12
      },
      "score": 0.504
    },
    "twitter.com/angelday": {
      "out": {
        "other": 11
      },
      "score": 0.490
    },
    "twitter.com/selator": {
      "out": {
        "other": 11
      },
      "score": 0.490
    },
    "twitter.com/marksimpkins": {
      "out": {
        "other": 11
      },
      "score": 0.490
    },
    "twitter.com/reidab": {
      "out": {
        "other": 10
      },
      "score": 0.475
    },
    "www.slideshare.net": {
      "out": {
        "other": 10
      },
      "score": 0.475
    },
    "sally.com": {
      "out": {
        "other": 10
      },
      "score": 0.475
    },
    "blog.tropo.com": {
      "out": {
        "other": 10
      },
      "score": 0.475
    },
    "cyborgcamp.bretevan.com": {
      "out": {
        "other": 10
      },
      "score": 0.475
    },
    "www.civicapps.org": {
      "out": {
        "other": 10
      },
      "score": 0.475
    },
    "www.nedspace.com": {
      "out": {
        "other": 10
      },
      "score": 0.475
    },
    "kyledrake.net": {
      "out": {
        "other": 10
      },
      "score": 0.475
    },
    "facebook.com/events": {
      "out": {
        "other": 10
      },
      "score": 0.475
    },
    "twitter.com/maxogden": {
      "out": {
        "other": 10
      },
      "score": 0.475
    },
    "www.sally.com": {
      "out": {
        "other": 10
      },
      "score": 0.475
    },
    "docs.google.com": {
      "out": {
        "other": 10
      },
      "score": 0.475
    },
    "maxogden.com": {
      "out": {
        "other": 10
      },
      "score": 0.475
    },
    "twitter.com/marshallk": {
      "out": {
        "other": 10
      },
      "score": 0.475
    },
    "calagator.org": {
      "out": {
        "other": 10
      },
      "score": 0.475
    },
    "marshallk.com": {
      "out": {
        "other": 10
      },
      "score": 0.475
    },
    "twitter.com/anthropunk": {
      "out": {
        "other": 10
      },
      "score": 0.475
    },
    "twitter.com/kyledrake": {
      "out": {
        "other": 10
      },
      "score": 0.475
    },
    "twitter.com/nopoconi": {
      "out": {
        "other": 10
      },
      "score": 0.475
    },
    "www.headfullofair.com": {
      "out": {
        "other": 9
      },
      "score": 0.458
    },
    "phlush.org": {
      "out": {
        "other": 9
      },
      "score": 0.458
    },
    "twitter.com/kmikeym": {
      "out": {
        "other": 9
      },
      "score": 0.458
    },
    "www.recodeoregon.net": {
      "out": {
        "other": 9
      },
      "score": 0.458
    },
    "twitter.com/kram": {
      "out": {
        "other": 9
      },
      "score": 0.458
    },
    "twitter.com/BorealNemeton": {
      "out": {
        "other": 9
      },
      "score": 0.458
    },
    "twitter.com/search": {
      "out": {
        "other": 8
      },
      "score": 0.439
    },
    "gwob.org": {
      "out": {
        "other": 8
      },
      "score": 0.439
    },
    "twitter.com/obra": {
      "out": {
        "other": 8
      },
      "score": 0.439
    },
    "twitter.com/servicesphere": {
      "out": {
        "other": 8
      },
      "score": 0.439
    },
    "twitter.com/debcha": {
      "out": {
        "other": 8
      },
      "score": 0.439
    },
    "stream.withknown.com": {
      "in": {
        "other": 16
      },
      "score": 0.439
    },
    "twitter.com/danndalf": {
      "out": {
        "other": 7
      },
      "score": 0.418
    },
    "geoloqi.org": {
      "out": {
        "other": 7
      },
      "score": 0.418
    },
    "twitter.com/jburrows": {
      "out": {
        "other": 7
      },
      "score": 0.418
    },
    "www.wired.com": {
      "out": {
        "other": 7
      },
      "score": 0.418
    },
    "jigsawrenaissance.org": {
      "out": {
        "other": 7
      },
      "score": 0.418
    },
    "gmail.com": {
      "out": {
        "other": 7
      },
      "score": 0.418
    },
    "www.sugarbakerycafe.com": {
      "out": {
        "other": 7
      },
      "score": 0.418
    },
    "cyborgcampsea12.eventbrite.com": {
      "out": {
        "other": 7
      },
      "score": 0.418
    },
    "dann.stayskal.com": {
      "out": {
        "other": 7
      },
      "score": 0.418
    },
    "twitter.com/adron": {
      "out": {
        "other": 7
      },
      "score": 0.418
    },
    "www.bretevan.com": {
      "out": {
        "other": 7
      },
      "score": 0.418
    },
    "xtof.withknown.com": {
      "out": {
        "other": 2
      },
      "in": {
        "other": 8
      },
      "score": 0.393
    },
    "calmtechnology.com": {
      "out": {
        "other": 6
      },
      "score": 0.393
    },
    "blog.bl00cyb.org": {
      "in": {
        "other": 11
      },
      "score": 0.380
    },
    "www.babeland.com": {
      "out": {
        "other": 5
      },
      "score": 0.365
    },
    "www.ustream.tv": {
      "out": {
        "other": 5
      },
      "score": 0.365
    },
    "chat.indieweb.org": {
      "in": {
        "other": 10
      },
      "score": 0.365
    },
    "www.escapehatchlabs.com": {
      "out": {
        "other": 5
      },
      "score": 0.365
    },
    "www.youtube.com": {
      "out": {
        "other": 5
      },
      "score": 0.365
    },
    "brid.gy": {
      "in": {
        "other": 9
      },
      "score": 0.349
    },
    "community.geoloqi.com": {
      "in": {
        "other": 7
      },
      "score": 0.309
    },
    "indiewebcamp.com": {
      "out": {
        "other": 3
      },
      "score": 0.284
    },
    "twitter.com/mdbraber": {
      "out": {
        "other": 2
      },
      "score": 0.220
    },
    "twitter.com/m1k3y": {
      "out": {
        "other": 2
      },
      "score": 0.220
    },
    "twitter.com/REcheverria": {
      "out": {
        "other": 2
      },
      "score": 0.220
    },
    "twitter.com/daveohoots": {
      "out": {
        "other": 2
      },
      "score": 0.220
    },
    "twitter.com/Grei_ner": {
      "out": {
        "other": 2
      },
      "score": 0.220
    },
    "twitter.com/TishShute": {
      "out": {
        "other": 2
      },
      "score": 0.220
    },
    "twitter.com/mindfulcyborgs": {
      "out": {
        "other": 2
      },
      "score": 0.220
    },
    "twitter.com/romansf": {
      "out": {
        "other": 2
      },
      "score": 0.220
    },
    "twitter.com/neenerson": {
      "out": {
        "other": 2
      },
      "score": 0.220
    },
    "twitter.com/Cyborgs_cc": {
      "out": {
        "other": 2
      },
      "score": 0.220
    },
    "twitter.com/skjonas": {
      "out": {
        "other": 2
      },
      "score": 0.220
    },
    "twitter.com/nniiicc": {
      "out": {
        "other": 2
      },
      "score": 0.220
    },
    "twitter.com/SamSohel42": {
      "out": {
        "other": 2
      },
      "score": 0.220
    },
    "twitter.com/alizardx": {
      "out": {
        "other": 2
      },
      "score": 0.220
    },
    "twitter.com/rmtwrkr": {
      "out": {
        "other": 2
      },
      "score": 0.220
    },
    "twitter.com/bennett_alison": {
      "out": {
        "other": 2
      },
      "score": 0.220
    },
    "twitter.com/kevinmarks": {
      "out": {
        "other": 2
      },
      "score": 0.220
    },
    "twitter.com/benwerd": {
      "out": {
        "other": 2
      },
      "score": 0.220
    },
    "twitter.com/thornedu": {
      "out": {
        "other": 2
      },
      "score": 0.220
    },
    "twitter.com/idleglory": {
      "out": {
        "other": 2
      },
      "score": 0.220
    },
    "twitter.com/mitchheiner": {
      "out": {
        "other": 2
      },
      "score": 0.220
    },
    "twitter.com/gravitydrift": {
      "out": {
        "other": 2
      },
      "score": 0.220
    },
    "danhon.com": {
      "out": {
        "other": 2
      },
      "score": 0.220
    },
    "twitter.com/counti8": {
      "out": {
        "other": 2
      },
      "score": 0.220
    },
    "twitter.com/ipadunlease": {
      "out": {
        "other": 2
      },
      "score": 0.220
    },
    "deanhammer.withknown.com": {
      "out": {
        "other": 2
      },
      "score": 0.220
    },
    "twitter.com/pablojenkins": {
      "out": {
        "other": 2
      },
      "score": 0.220
    },
    "c2.com": {
      "in": {
        "other": 3
      },
      "score": 0.174
    },
    "www.google.com": {
      "out": {
        "other": 1
      },
      "score": 0.110
    },
    "creativecommons.org": {
      "out": {
        "other": 1
      },
      "score": 0.110
    },
    "cyborgcamp-mit-2014": {
      "out": {
        "other": 1
      },
      "score": 0.110
    },
    "www.yelp.com": {
      "out": {
        "other": 1
      },
      "score": 0.110
    }
  }
}