{
  "domain": "cyborganthropology.com",
  "urls": [
    "http://cyborganthropology.com/"
  ],
  "names": [
    "Cyborg Anthropology"
  ],
  "descriptions": [],
  "pictures": [
    "http://cyborganthropology.com/favicon.ico"
  ],
  "hcard": {},
  "rel_mes": [],
  "crawl_start": "2017-04-30T22:28:41",
  "crawl_end": "2017-05-02T12:44:52",
  "num_pages": 5164,
  "total_html_size": 100268319,
  "servers": [
    "Apache",
    "MediaWiki"
  ],
  "tags": [
    "webmention.io"
  ],
  "endpoints": {},
  "links_out": 41307,
  "links_in": 282,
  "links": {
    "www.mediawiki.org": {
      "out": {
        "other": 16442
      },
      "score": 1
    },
    "api.php": {
      "out": {
        "other": 11217
      },
      "score": 0.962
    },
    "creativecommons.org": {
      "out": {
        "other": 6346
      },
      "score": 0.909
    },
    "www.paypal.com": {
      "out": {
        "other": 4994
      },
      "score": 0.886
    },
    "en.wikipedia.org": {
      "out": {
        "other": 235
      },
      "score": 0.591
    },
    "lists.wikimedia.org": {
      "out": {
        "other": 120
      },
      "score": 0.527
    },
    "bugzilla.wikimedia.org": {
      "out": {
        "other": 118
      },
      "score": 0.525
    },
    "caseorganic.com": {
      "in": {
        "other": 170
      },
      "out": {
        "other": 4
      },
      "score": 0.498
    },
    "amzn.to": {
      "out": {
        "other": 60
      },
      "score": 0.461
    },
    "meta.wikimedia.org": {
      "out": {
        "other": 59
      },
      "score": 0.459
    },
    "translatewiki.net": {
      "out": {
        "other": 53
      },
      "score": 0.448
    },
    "www.flickr.com": {
      "out": {
        "other": 49
      },
      "score": 0.440
    },
    "anthro.palomar.edu": {
      "out": {
        "other": 46
      },
      "score": 0.435
    },
    "ocw.mit.edu": {
      "out": {
        "other": 36
      },
      "score": 0.412
    },
    "bl00cyb.org": {
      "out": {
        "other": 33
      },
      "score": 0.403
    },
    "www.amazon.com": {
      "out": {
        "other": 32
      },
      "score": 0.4
    },
    "aaronparecki.com": {
      "out": {
        "other": 5
      },
      "in": {
        "other": 51
      },
      "score": 0.395
    },
    "www.youtube.com": {
      "out": {
        "other": 27
      },
      "score": 0.384
    },
    "www.nytimes.com": {
      "out": {
        "other": 25
      },
      "score": 0.376
    },
    "search.barnesandnoble.com": {
      "out": {
        "other": 19
      },
      "score": 0.35
    },
    "www.addall.com": {
      "out": {
        "other": 19
      },
      "score": 0.35
    },
    "www.pricescan.com": {
      "out": {
        "other": 19
      },
      "score": 0.35
    },
    "jcmc.indiana.edu": {
      "out": {
        "other": 16
      },
      "score": 0.334
    },
    "quizlet.com": {
      "out": {
        "other": 14
      },
      "score": 0.320
    },
    "web.mit.edu": {
      "out": {
        "other": 13
      },
      "score": 0.313
    },
    "web.archive.org": {
      "out": {
        "other": 13
      },
      "score": 0.313
    },
    "www.wired.com": {
      "out": {
        "other": 11
      },
      "score": 0.297
    },
    "www.slideshare.net": {
      "out": {
        "other": 11
      },
      "score": 0.297
    },
    "oakhazelnut.com": {
      "out": {
        "other": 10
      },
      "score": 0.288
    },
    "firstmonday.org": {
      "out": {
        "other": 9
      },
      "score": 0.278
    },
    "www.ted.com": {
      "out": {
        "other": 9
      },
      "score": 0.278
    },
    "link.com": {
      "out": {
        "other": 8
      },
      "score": 0.266
    },
    "werd.io": {
      "in": {
        "other": 15
      },
      "score": 0.261
    },
    "www.cc.gatech.edu": {
      "out": {
        "other": 7
      },
      "score": 0.254
    },
    "bit.ly": {
      "out": {
        "other": 7
      },
      "score": 0.254
    },
    "www.ubiq.com": {
      "out": {
        "other": 7
      },
      "score": 0.254
    },
    "caseorganic.posterous.com": {
      "out": {
        "other": 7
      },
      "score": 0.254
    },
    "smg.media.mit.edu": {
      "out": {
        "other": 7
      },
      "score": 0.254
    },
    "www.the-scientist.com": {
      "out": {
        "other": 7
      },
      "score": 0.254
    },
    "www.ctheory.net": {
      "out": {
        "other": 7
      },
      "score": 0.254
    },
    "www.media.mit.edu": {
      "out": {
        "other": 7
      },
      "score": 0.254
    },
    "indieweb.org": {
      "in": {
        "other": 13
      },
      "score": 0.246
    },
    "twitter.com/koyetay": {
      "out": {
        "other": 6
      },
      "score": 0.238
    },
    "itunes.apple.com": {
      "out": {
        "other": 6
      },
      "score": 0.238
    },
    "home.olemiss.edu": {
      "out": {
        "other": 6
      },
      "score": 0.238
    },
    "wearcam.org": {
      "out": {
        "other": 6
      },
      "score": 0.238
    },
    "www.jewishmag.com": {
      "out": {
        "other": 6
      },
      "score": 0.238
    },
    "www.guardian.co.uk": {
      "out": {
        "other": 6
      },
      "score": 0.238
    },
    "www.kk.org": {
      "out": {
        "other": 6
      },
      "score": 0.238
    },
    "oreilly.com": {
      "out": {
        "other": 5
      },
      "score": 0.221
    },
    "www.simonlaven.com": {
      "out": {
        "other": 5
      },
      "score": 0.221
    },
    "pespmc1.vub.ac.be": {
      "out": {
        "other": 5
      },
      "score": 0.221
    },
    "www.cyber-anthro.com": {
      "out": {
        "other": 5
      },
      "score": 0.221
    },
    "www.andymiah.net": {
      "out": {
        "other": 5
      },
      "score": 0.221
    },
    "mitpress.mit.edu": {
      "out": {
        "other": 5
      },
      "score": 0.221
    },
    "twitter.com/Nadreck": {
      "out": {
        "other": 5
      },
      "score": 0.221
    },
    "www.eyetap.org": {
      "out": {
        "other": 5
      },
      "score": 0.221
    },
    "anth.ro": {
      "in": {
        "other": 7
      },
      "out": {
        "other": 1
      },
      "score": 0.212
    },
    "timklapdor.wordpress.com": {
      "in": {
        "other": 9
      },
      "score": 0.212
    },
    "thoughtcatalog.com": {
      "out": {
        "other": 4
      },
      "score": 0.2
    },
    "varnelis.net": {
      "out": {
        "other": 4
      },
      "score": 0.2
    },
    "news.bbc.co.uk": {
      "out": {
        "other": 4
      },
      "score": 0.2
    },
    "cscs.umich.edu": {
      "out": {
        "other": 4
      },
      "score": 0.2
    },
    "www.digra.org": {
      "out": {
        "other": 4
      },
      "score": 0.2
    },
    "url.com": {
      "out": {
        "other": 4
      },
      "score": 0.2
    },
    "framework.v2.nl": {
      "out": {
        "other": 4
      },
      "score": 0.2
    },
    "www.cyberpsychology.eu": {
      "out": {
        "other": 4
      },
      "score": 0.2
    },
    "journal.fibreculture.org": {
      "out": {
        "other": 4
      },
      "score": 0.2
    },
    "vimeo.com": {
      "out": {
        "other": 4
      },
      "score": 0.2
    },
    "www.jstor.org": {
      "out": {
        "other": 4
      },
      "score": 0.2
    },
    "www.pewinternet.org": {
      "out": {
        "other": 4
      },
      "score": 0.2
    },
    "books.google.com": {
      "out": {
        "other": 4
      },
      "score": 0.2
    },
    "sensebridge.net": {
      "out": {
        "other": 4
      },
      "score": 0.2
    },
    "www.scribd.com": {
      "out": {
        "other": 4
      },
      "score": 0.2
    },
    "www.bergpublishers.com": {
      "out": {
        "other": 4
      },
      "score": 0.2
    },
    "tantek.pbworks.com": {
      "out": {
        "other": 4
      },
      "score": 0.2
    },
    "community.geoloqi.com": {
      "in": {
        "other": 8
      },
      "score": 0.2
    },
    "c2.com": {
      "out": {
        "other": 3
      },
      "score": 0.172
    },
    "www.huffingtonpost.com": {
      "out": {
        "other": 3
      },
      "score": 0.172
    },
    "www.fastcompany.com": {
      "out": {
        "other": 3
      },
      "score": 0.172
    },
    "www.word-detective.com": {
      "out": {
        "other": 3
      },
      "score": 0.172
    },
    "www.springer.com": {
      "out": {
        "other": 3
      },
      "score": 0.172
    },
    "math.hws.edu": {
      "out": {
        "other": 3
      },
      "score": 0.172
    },
    "tcs.sagepub.com": {
      "out": {
        "other": 3
      },
      "score": 0.172
    },
    "techcrunch.com": {
      "out": {
        "other": 3
      },
      "score": 0.172
    },
    "www.knowledgecartography.org": {
      "out": {
        "other": 3
      },
      "score": 0.172
    },
    "www.thedailybeast.com": {
      "out": {
        "other": 3
      },
      "score": 0.172
    },
    "free.7host01.com": {
      "out": {
        "other": 3
      },
      "score": 0.172
    },
    "spacecollective.org": {
      "out": {
        "other": 3
      },
      "score": 0.172
    },
    "darwiniana.com": {
      "out": {
        "other": 3
      },
      "score": 0.172
    },
    "freakangels.com": {
      "out": {
        "other": 3
      },
      "score": 0.172
    },
    "www.rfc-editor.org": {
      "out": {
        "other": 3
      },
      "score": 0.172
    },
    "www-sul.stanford.edu": {
      "out": {
        "other": 3
      },
      "score": 0.172
    },
    "www.gamesetwatch.com": {
      "out": {
        "other": 3
      },
      "score": 0.172
    },
    "www.4sonline.org": {
      "out": {
        "other": 3
      },
      "score": 0.172
    },
    "sethgodin.typepad.com": {
      "out": {
        "other": 3
      },
      "score": 0.172
    },
    "www.sparkfun.com": {
      "out": {
        "other": 3
      },
      "score": 0.172
    },
    "www.cbc.ca": {
      "out": {
        "other": 3
      },
      "score": 0.172
    },
    "www.stanford.edu": {
      "out": {
        "other": 3
      },
      "score": 0.172
    },
    "alistair.cockburn.us": {
      "out": {
        "other": 3
      },
      "score": 0.172
    },
    "factoidz.com": {
      "out": {
        "other": 3
      },
      "score": 0.172
    },
    "www.springerlink.com": {
      "out": {
        "other": 3
      },
      "score": 0.172
    },
    "www.v2.nl": {
      "out": {
        "other": 3
      },
      "score": 0.172
    },
    "drawyourbrain.posterous.com": {
      "out": {
        "other": 3
      },
      "score": 0.172
    },
    "www.jarnokoponen.net": {
      "out": {
        "other": 3
      },
      "score": 0.172
    },
    "www.networkworld.com": {
      "out": {
        "other": 3
      },
      "score": 0.172
    },
    "wiki.answers.com": {
      "out": {
        "other": 3
      },
      "score": 0.172
    },
    "www.wisegeek.com": {
      "out": {
        "other": 3
      },
      "score": 0.172
    },
    "thesocietypages.org": {
      "out": {
        "other": 3
      },
      "score": 0.172
    },
    "www.rpi.edu": {
      "out": {
        "other": 3
      },
      "score": 0.172
    },
    "www.sciencedirect.com": {
      "out": {
        "other": 3
      },
      "score": 0.172
    },
    "www.sfra.org": {
      "out": {
        "other": 3
      },
      "score": 0.172
    },
    "histcon.ucsc.edu": {
      "out": {
        "other": 3
      },
      "score": 0.172
    },
    "www.imdb.com": {
      "out": {
        "other": 3
      },
      "score": 0.172
    },
    "faculty.chass.ncsu.edu": {
      "out": {
        "other": 3
      },
      "score": 0.172
    },
    "senseable.mit.edu": {
      "out": {
        "other": 3
      },
      "score": 0.172
    },
    "www.atlassian.com": {
      "out": {
        "other": 3
      },
      "score": 0.172
    },
    "www.massivechange.com": {
      "out": {
        "other": 3
      },
      "score": 0.172
    },
    "www.obesitypanacea.com": {
      "out": {
        "other": 3
      },
      "score": 0.172
    },
    "archive.org": {
      "out": {
        "other": 3
      },
      "score": 0.172
    },
    "en.wiktionary.org": {
      "out": {
        "other": 3
      },
      "score": 0.172
    },
    "wearables.cs.uoregon.edu": {
      "out": {
        "other": 3
      },
      "score": 0.172
    },
    "web.ebscohost.com.proxy.lib.pdx.edu": {
      "out": {
        "other": 3
      },
      "score": 0.172
    },
    "quux.org": {
      "out": {
        "other": 3
      },
      "score": 0.172
    },
    "www.ibiblio.org": {
      "out": {
        "other": 3
      },
      "score": 0.172
    },
    "www.facebook.com": {
      "out": {
        "other": 3
      },
      "score": 0.172
    },
    "www.substitutematerials.com": {
      "out": {
        "other": 3
      },
      "score": 0.172
    },
    "www.newscientist.com": {
      "out": {
        "other": 3
      },
      "score": 0.172
    },
    "bits.blogs.nytimes.com": {
      "out": {
        "other": 2
      },
      "score": 0.134
    },
    "www.paulgraham.com": {
      "out": {
        "other": 2
      },
      "score": 0.134
    },
    "digitallabor.org": {
      "out": {
        "other": 2
      },
      "score": 0.134
    },
    "eyetap.org": {
      "out": {
        "other": 2
      },
      "score": 0.134
    },
    "ipv6.com": {
      "out": {
        "other": 2
      },
      "score": 0.134
    },
    "cytowic.net": {
      "out": {
        "other": 2
      },
      "score": 0.134
    },
    "networkedpublics.org": {
      "out": {
        "other": 2
      },
      "score": 0.134
    },
    "video.nytimes.com": {
      "out": {
        "other": 2
      },
      "score": 0.134
    },
    "www.ischool.berkeley.edu": {
      "out": {
        "other": 2
      },
      "score": 0.134
    },
    "twitter.com/aaronpk": {
      "out": {
        "other": 2
      },
      "score": 0.134
    },
    "jerz.setonhill.edu": {
      "out": {
        "other": 2
      },
      "score": 0.134
    },
    "w2.eff.org": {
      "out": {
        "other": 2
      },
      "score": 0.134
    },
    "www.digitalphilosophy.org": {
      "out": {
        "other": 2
      },
      "score": 0.134
    },
    "www.picturesocial.com": {
      "out": {
        "other": 2
      },
      "score": 0.134
    },
    "www.pnas.org": {
      "out": {
        "other": 2
      },
      "score": 0.134
    },
    "www.vimeo.com": {
      "out": {
        "other": 2
      },
      "score": 0.134
    },
    "gac.sagepub.com": {
      "out": {
        "other": 2
      },
      "score": 0.134
    },
    "www.biotele.com": {
      "out": {
        "other": 2
      },
      "score": 0.134
    },
    "www.english.ucla.edu": {
      "out": {
        "other": 2
      },
      "score": 0.134
    },
    "www.nearfuturelaboratory.com": {
      "out": {
        "other": 2
      },
      "score": 0.134
    },
    "ascii.textfiles.com": {
      "out": {
        "other": 2
      },
      "score": 0.134
    },
    "prezi.com": {
      "out": {
        "other": 2
      },
      "score": 0.134
    },
    "sss.sagepub.com": {
      "out": {
        "other": 2
      },
      "score": 0.134
    },
    "www.internetarchaeology.org": {
      "out": {
        "other": 2
      },
      "score": 0.134
    },
    "www.danah.org": {
      "out": {
        "other": 2
      },
      "score": 0.134
    },
    "www.worldchanging.com": {
      "out": {
        "other": 2
      },
      "score": 0.134
    },
    "www.pbs.org": {
      "out": {
        "other": 2
      },
      "score": 0.134
    },
    "www.maryflanagan.com": {
      "out": {
        "other": 2
      },
      "score": 0.134
    },
    "www.zephoria.org": {
      "out": {
        "other": 2
      },
      "score": 0.134
    },
    "www.gogamestorm.com": {
      "out": {
        "other": 2
      },
      "score": 0.134
    },
    "www.kluweronline.com": {
      "out": {
        "other": 2
      },
      "score": 0.134
    },
    "www.russian-cyberspace.com": {
      "out": {
        "other": 2
      },
      "score": 0.134
    },
    "developers.facebook.com": {
      "out": {
        "other": 2
      },
      "score": 0.134
    },
    "wearcomp.org": {
      "out": {
        "other": 2
      },
      "score": 0.134
    },
    "www.sarai.net": {
      "out": {
        "other": 2
      },
      "score": 0.134
    },
    "www.edge.org": {
      "out": {
        "other": 2
      },
      "score": 0.134
    },
    "www.well.com": {
      "out": {
        "other": 2
      },
      "score": 0.134
    },
    "lindastone.net": {
      "out": {
        "other": 2
      },
      "score": 0.134
    },
    "www.bookslut.com": {
      "out": {
        "other": 2
      },
      "score": 0.134
    },
    "www.receiver.vodafone.com": {
      "out": {
        "other": 2
      },
      "score": 0.134
    },
    "ieet.org": {
      "out": {
        "other": 2
      },
      "score": 0.134
    },
    "worlddominationsummit.com": {
      "out": {
        "other": 2
      },
      "score": 0.134
    },
    "twitter.com": {
      "out": {
        "other": 2
      },
      "score": 0.134
    },
    "web.media.mit.edu": {
      "out": {
        "other": 2
      },
      "score": 0.134
    },
    "www.webopedia.com": {
      "out": {
        "other": 2
      },
      "score": 0.134
    },
    "pulse.yahoo.com": {
      "out": {
        "other": 2
      },
      "score": 0.134
    },
    "ethics-games-cinema-depaul.com": {
      "out": {
        "other": 2
      },
      "score": 0.134
    },
    "neuroanthropology.net": {
      "out": {
        "other": 2
      },
      "score": 0.134
    },
    "www.aaanet.org": {
      "out": {
        "other": 2
      },
      "score": 0.134
    },
    "www.notbored.org": {
      "out": {
        "other": 2
      },
      "score": 0.134
    },
    "rhizome.org": {
      "out": {
        "other": 2
      },
      "score": 0.134
    },
    "www.interaction-design.org": {
      "out": {
        "other": 2
      },
      "score": 0.134
    },
    "50cyborgs.tumblr.com": {
      "out": {
        "other": 2
      },
      "score": 0.134
    },
    "arielwaldman.com": {
      "out": {
        "other": 2
      },
      "score": 0.134
    },
    "www.cs.yale.edu": {
      "out": {
        "other": 2
      },
      "score": 0.134
    },
    "ftp.rfc-editor.org": {
      "out": {
        "other": 2
      },
      "score": 0.134
    },
    "nyti.ms": {
      "out": {
        "other": 2
      },
      "score": 0.134
    },
    "www.invisiblerevolution.net": {
      "out": {
        "other": 2
      },
      "score": 0.134
    },
    "www.metamute.org": {
      "out": {
        "other": 2
      },
      "score": 0.134
    },
    "www.urbandictionary.com": {
      "out": {
        "other": 2
      },
      "score": 0.134
    },
    "grinding.be": {
      "out": {
        "other": 2
      },
      "score": 0.134
    },
    "www.informationweek.com": {
      "out": {
        "other": 2
      },
      "score": 0.134
    },
    "opensourcebridge.org": {
      "out": {
        "other": 2
      },
      "score": 0.134
    },
    "replay.waybackmachine.org": {
      "out": {
        "other": 2
      },
      "score": 0.134
    },
    "www.sjsu.edu": {
      "out": {
        "other": 2
      },
      "score": 0.134
    },
    "eyebeam.org": {
      "out": {
        "other": 2
      },
      "score": 0.134
    },
    "www.google.com": {
      "out": {
        "other": 2
      },
      "score": 0.134
    },
    "www.ici-exhibitions.org": {
      "out": {
        "other": 2
      },
      "score": 0.134
    },
    "www.makeymakey.com": {
      "out": {
        "other": 2
      },
      "score": 0.134
    },
    "www.catb.org": {
      "out": {
        "other": 2
      },
      "score": 0.134
    },
    "www.codedread.com": {
      "out": {
        "other": 2
      },
      "score": 0.134
    },
    "0009.org": {
      "out": {
        "other": 2
      },
      "score": 0.134
    },
    "lsdimension.wordpress.com": {
      "out": {
        "other": 2
      },
      "score": 0.134
    },
    "www.jabberwacky.com": {
      "out": {
        "other": 2
      },
      "score": 0.134
    },
    "www.ustream.tv": {
      "out": {
        "other": 2
      },
      "score": 0.134
    },
    "delivery.acm.org": {
      "out": {
        "other": 2
      },
      "score": 0.134
    },
    "www.jeanhatcherson.com": {
      "out": {
        "other": 2
      },
      "score": 0.134
    },
    "alice.pandorabots.com": {
      "out": {
        "other": 2
      },
      "score": 0.134
    },
    "eth.sagepub.com": {
      "out": {
        "other": 2
      },
      "score": 0.134
    },
    "findarticles.com": {
      "out": {
        "other": 2
      },
      "score": 0.134
    },
    "schizophrenicsummer.wordpress.com": {
      "out": {
        "other": 2
      },
      "score": 0.134
    },
    "twitter.com/InNiaYOUTrust": {
      "out": {
        "other": 2
      },
      "score": 0.134
    },
    "www.dougengelbart.org": {
      "out": {
        "other": 2
      },
      "score": 0.134
    },
    "onthehuman.org": {
      "out": {
        "other": 2
      },
      "score": 0.134
    },
    "paulaitken.com": {
      "out": {
        "other": 2
      },
      "score": 0.134
    },
    "www.informaworld.com": {
      "out": {
        "other": 2
      },
      "score": 0.134
    },
    "freylab.uoregon.edu": {
      "out": {
        "other": 2
      },
      "score": 0.134
    },
    "koo.corpus.cam.ac.uk": {
      "out": {
        "other": 2
      },
      "score": 0.134
    },
    "metaphortean.wordpress.com": {
      "out": {
        "other": 2
      },
      "score": 0.134
    },
    "portal.acm.org": {
      "out": {
        "other": 2
      },
      "score": 0.134
    },
    "www.sdu.dk": {
      "out": {
        "other": 2
      },
      "score": 0.134
    },
    "eyetap.blogspot.com": {
      "out": {
        "other": 2
      },
      "score": 0.134
    },
    "www.businesscommunication.org": {
      "out": {
        "other": 2
      },
      "score": 0.134
    },
    "www.mdpi.com": {
      "out": {
        "other": 2
      },
      "score": 0.134
    },
    "www.physiologicalcomputing.net": {
      "out": {
        "other": 2
      },
      "score": 0.134
    },
    "golifemobile.com": {
      "out": {
        "other": 2
      },
      "score": 0.134
    },
    "www": {
      "out": {
        "other": 2
      },
      "score": 0.134
    },
    "www.etymonline.com": {
      "out": {
        "other": 2
      },
      "score": 0.134
    },
    "www.reddit.com": {
      "out": {
        "other": 2
      },
      "score": 0.134
    },
    "internetarchaeology.org": {
      "out": {
        "other": 2
      },
      "score": 0.134
    },
    "www.alex-reid.net": {
      "out": {
        "other": 2
      },
      "score": 0.134
    },
    "www.kurzweilai.net": {
      "out": {
        "other": 2
      },
      "score": 0.134
    },
    "www.princeton.edu": {
      "out": {
        "other": 2
      },
      "score": 0.134
    },
    "www.streamhead.com": {
      "out": {
        "other": 2
      },
      "score": 0.134
    },
    "arstechnica.com": {
      "out": {
        "other": 2
      },
      "score": 0.134
    },
    "downey.sts.vt.edu": {
      "out": {
        "other": 2
      },
      "score": 0.134
    },
    "www.sociopatterns.org": {
      "out": {
        "other": 2
      },
      "score": 0.134
    },
    "www.techgnosis.com": {
      "out": {
        "other": 2
      },
      "score": 0.134
    },
    "escapepod.org": {
      "out": {
        "other": 2
      },
      "score": 0.134
    },
    "hermetic.com": {
      "out": {
        "other": 2
      },
      "score": 0.134
    },
    "intarch.ac.uk": {
      "out": {
        "other": 2
      },
      "score": 0.134
    },
    "web.stelarc.org": {
      "out": {
        "other": 2
      },
      "score": 0.134
    },
    "www.aaronparecki.com": {
      "out": {
        "other": 2
      },
      "score": 0.134
    },
    "www.oreillynet.com": {
      "out": {
        "other": 2
      },
      "score": 0.134
    },
    "www4.uwm.edu": {
      "out": {
        "other": 2
      },
      "score": 0.134
    },
    "www.anthrobase.com": {
      "out": {
        "other": 2
      },
      "score": 0.134
    },
    "geoloqi.com": {
      "out": {
        "other": 2
      },
      "score": 0.134
    },
    "geoloqi.org": {
      "out": {
        "other": 2
      },
      "score": 0.134
    },
    "networkconference.netstudies.org": {
      "out": {
        "other": 2
      },
      "score": 0.134
    },
    "www.wkwsci.ntu.edu.sg": {
      "out": {
        "other": 2
      },
      "score": 0.134
    },
    "chat.indieweb.org": {
      "in": {
        "other": 3
      },
      "score": 0.106
    },
    "digitalhygiene.com": {
      "out": {
        "other": 1
      },
      "score": 0.0666
    },
    "innovis.cpsc.ucalgary.ca": {
      "out": {
        "other": 1
      },
      "score": 0.0666
    },
    "pdxcontemporaryart.com": {
      "out": {
        "other": 1
      },
      "score": 0.0666
    },
    "thiswasthefuture.wordpress.com": {
      "out": {
        "other": 1
      },
      "score": 0.0666
    },
    "twitter.com/Kitanin": {
      "out": {
        "other": 1
      },
      "score": 0.0666
    },
    "twitter.com/ilparone": {
      "out": {
        "other": 1
      },
      "score": 0.0666
    },
    "webstudies.info": {
      "out": {
        "other": 1
      },
      "score": 0.0666
    },
    "www.blogherald.com": {
      "out": {
        "other": 1
      },
      "score": 0.0666
    },
    "www.consumingexperience.com": {
      "out": {
        "other": 1
      },
      "score": 0.0666
    },
    "www.disambiguity.com": {
      "out": {
        "other": 1
      },
      "score": 0.0666
    },
    "www.faculty.ucr.edu": {
      "out": {
        "other": 1
      },
      "score": 0.0666
    },
    "www.gartner.com": {
      "out": {
        "other": 1
      },
      "score": 0.0666
    },
    "www.kcl.ac.uk": {
      "out": {
        "other": 1
      },
      "score": 0.0666
    },
    "www.ralph-abraham.org": {
      "out": {
        "other": 1
      },
      "score": 0.0666
    },
    "www.valcasey.com": {
      "out": {
        "other": 1
      },
      "score": 0.0666
    },
    "classes.dma.ucla.edu": {
      "out": {
        "other": 1
      },
      "score": 0.0666
    },
    "david.wragg.org": {
      "out": {
        "other": 1
      },
      "score": 0.0666
    },
    "mundane-sf.blogspot.com": {
      "out": {
        "other": 1
      },
      "score": 0.0666
    },
    "plutopia.org": {
      "out": {
        "other": 1
      },
      "score": 0.0666
    },
    "slog.thestranger.com": {
      "out": {
        "other": 1
      },
      "score": 0.0666
    },
    "twitter.com/qubitsu": {
      "out": {
        "other": 1
      },
      "score": 0.0666
    },
    "wantmag.com": {
      "out": {
        "other": 1
      },
      "score": 0.0666
    },
    "wikis.pepperdine.edu": {
      "out": {
        "other": 1
      },
      "score": 0.0666
    },
    "www.adronbhall.com": {
      "out": {
        "other": 1
      },
      "score": 0.0666
    },
    "www.allconferences.com": {
      "out": {
        "other": 1
      },
      "score": 0.0666
    },
    "www.animenewsnetwork.com": {
      "out": {
        "other": 1
      },
      "score": 0.0666
    },
    "www.barflymag.com": {
      "out": {
        "other": 1
      },
      "score": 0.0666
    },
    "www.cyborganthropology.com": {
      "out": {
        "other": 1
      },
      "score": 0.0666
    },
    "www.eurogamer.net": {
      "out": {
        "other": 1
      },
      "score": 0.0666
    },
    "coilhouse.net": {
      "out": {
        "other": 1
      },
      "score": 0.0666
    },
    "irc.netsplit.de": {
      "out": {
        "other": 1
      },
      "score": 0.0666
    },
    "loop1.aiga.org": {
      "out": {
        "other": 1
      },
      "score": 0.0666
    },
    "medialab-prado.es": {
      "out": {
        "other": 1
      },
      "score": 0.0666
    },
    "twitter.com/yasminhowarth": {
      "out": {
        "other": 1
      },
      "score": 0.0666
    },
    "www.androidscience.com": {
      "out": {
        "other": 1
      },
      "score": 0.0666
    },
    "www.constitution.org": {
      "out": {
        "other": 1
      },
      "score": 0.0666
    },
    "www.isoc.org": {
      "out": {
        "other": 1
      },
      "score": 0.0666
    },
    "www.jnd.org": {
      "out": {
        "other": 1
      },
      "score": 0.0666
    },
    "www.mnsu.edu": {
      "out": {
        "other": 1
      },
      "score": 0.0666
    },
    "www.spampoetry.org": {
      "out": {
        "other": 1
      },
      "score": 0.0666
    },
    "www.terrazign.com": {
      "out": {
        "other": 1
      },
      "score": 0.0666
    },
    "www.vgocom.com": {
      "out": {
        "other": 1
      },
      "score": 0.0666
    },
    "developer.intel.com": {
      "out": {
        "other": 1
      },
      "score": 0.0666
    },
    "itp.nyu.edu": {
      "out": {
        "other": 1
      },
      "score": 0.0666
    },
    "news.mmosite.com": {
      "out": {
        "other": 1
      },
      "score": 0.0666
    },
    "pogue.blogs.nytimes.com": {
      "out": {
        "other": 1
      },
      "score": 0.0666
    },
    "twitter.com/Scobleizer": {
      "out": {
        "other": 1
      },
      "score": 0.0666
    },
    "twitter.com/justinpickard": {
      "out": {
        "other": 1
      },
      "score": 0.0666
    },
    "twitter.com/yoyojedi": {
      "out": {
        "other": 1
      },
      "score": 0.0666
    },
    "www.crunchgear.com": {
      "out": {
        "other": 1
      },
      "score": 0.0666
    },
    "www.donothingfor2minutes.com": {
      "out": {
        "other": 1
      },
      "score": 0.0666
    },
    "www.laboralcentrodearte.org": {
      "out": {
        "other": 1
      },
      "score": 0.0666
    },
    "www.loebner.net": {
      "out": {
        "other": 1
      },
      "score": 0.0666
    },
    "www.noisebridge.net": {
      "out": {
        "other": 1
      },
      "score": 0.0666
    },
    "www.stswiki.org": {
      "out": {
        "other": 1
      },
      "score": 0.0666
    },
    "americaswatchtower.com": {
      "out": {
        "other": 1
      },
      "score": 0.0666
    },
    "blog.oregonlive.com": {
      "out": {
        "other": 1
      },
      "score": 0.0666
    },
    "blog.seattletechnicalbooks.com": {
      "out": {
        "other": 1
      },
      "score": 0.0666
    },
    "bodyoptimization.pbworks.com": {
      "out": {
        "other": 1
      },
      "score": 0.0666
    },
    "brighton.ncsa.uiuc.edu": {
      "out": {
        "other": 1
      },
      "score": 0.0666
    },
    "dspace.gla.ac.uk": {
      "out": {
        "other": 1
      },
      "score": 0.0666
    },
    "dspace.mit.edu": {
      "out": {
        "other": 1
      },
      "score": 0.0666
    },
    "neverusethisfont.com": {
      "out": {
        "other": 1
      },
      "score": 0.0666
    },
    "twitter.com/bzztbomb": {
      "out": {
        "other": 1
      },
      "score": 0.0666
    },
    "twitter.com/cee__dub": {
      "out": {
        "other": 1
      },
      "score": 0.0666
    },
    "www.clir.org": {
      "out": {
        "other": 1
      },
      "score": 0.0666
    },
    "www.exploratorium.edu": {
      "out": {
        "other": 1
      },
      "score": 0.0666
    },
    "www.forbes.com": {
      "out": {
        "other": 1
      },
      "score": 0.0666
    },
    "www.iab.org": {
      "out": {
        "other": 1
      },
      "score": 0.0666
    },
    "cogweb.ucla.edu": {
      "out": {
        "other": 1
      },
      "score": 0.0666
    },
    "digitalyouth.ischool.berkeley.edu": {
      "out": {
        "other": 1
      },
      "score": 0.0666
    },
    "loqisaur.tumblr.com": {
      "out": {
        "other": 1
      },
      "score": 0.0666
    },
    "pervegalit.wordpress.com": {
      "out": {
        "other": 1
      },
      "score": 0.0666
    },
    "poopthebook.com": {
      "out": {
        "other": 1
      },
      "score": 0.0666
    },
    "twitter.com/bryanstearns": {
      "out": {
        "other": 1
      },
      "score": 0.0666
    },
    "twitter.com/skinny": {
      "out": {
        "other": 1
      },
      "score": 0.0666
    },
    "userexperienceportal.com": {
      "out": {
        "other": 1
      },
      "score": 0.0666
    },
    "www.archiveteam.org": {
      "out": {
        "other": 1
      },
      "score": 0.0666
    },
    "www.generation-online.org": {
      "out": {
        "other": 1
      },
      "score": 0.0666
    },
    "www.monash.edu.au": {
      "out": {
        "other": 1
      },
      "score": 0.0666
    },
    "www.newegg.com": {
      "out": {
        "other": 1
      },
      "score": 0.0666
    },
    "www.pearsonhighered.com": {
      "out": {
        "other": 1
      },
      "score": 0.0666
    },
    "www.pitt.edu": {
      "out": {
        "other": 1
      },
      "score": 0.0666
    },
    "www.projectcityscope.org": {
      "out": {
        "other": 1
      },
      "score": 0.0666
    },
    "www.transhumanism.org": {
      "out": {
        "other": 1
      },
      "score": 0.0666
    },
    "aslci.blogspot.com": {
      "out": {
        "other": 1
      },
      "score": 0.0666
    },
    "indiewebcamp.com": {
      "out": {
        "other": 1
      },
      "score": 0.0666
    },
    "nioate.blogspot.com": {
      "out": {
        "other": 1
      },
      "score": 0.0666
    },
    "opengraphprotocol.org": {
      "out": {
        "other": 1
      },
      "score": 0.0666
    },
    "oxforddictionaries.com": {
      "out": {
        "other": 1
      },
      "score": 0.0666
    },
    "quietbabylon.com": {
      "out": {
        "other": 1
      },
      "score": 0.0666
    },
    "www.altx.com": {
      "out": {
        "other": 1
      },
      "score": 0.0666
    },
    "www.globalspec.com": {
      "out": {
        "other": 1
      },
      "score": 0.0666
    },
    "www.motorola.com": {
      "out": {
        "other": 1
      },
      "score": 0.0666
    },
    "asia.cnet.com": {
      "out": {
        "other": 1
      },
      "score": 0.0666
    },
    "culturemachine.tees.ac.uk": {
      "out": {
        "other": 1
      },
      "score": 0.0666
    },
    "en.wikiquote.org": {
      "out": {
        "other": 1
      },
      "score": 0.0666
    },
    "hoomanradfar.me": {
      "out": {
        "other": 1
      },
      "score": 0.0666
    },
    "j.mp": {
      "out": {
        "other": 1
      },
      "score": 0.0666
    },
    "mendicantbug.com": {
      "out": {
        "other": 1
      },
      "score": 0.0666
    },
    "www.biography.com": {
      "out": {
        "other": 1
      },
      "score": 0.0666
    },
    "www.cjas.org": {
      "out": {
        "other": 1
      },
      "score": 0.0666
    },
    "www.dailymail.co.uk": {
      "out": {
        "other": 1
      },
      "score": 0.0666
    },
    "www.dreamhost.com": {
      "out": {
        "other": 1
      },
      "score": 0.0666
    },
    "www.mysql.com": {
      "out": {
        "other": 1
      },
      "score": 0.0666
    },
    "www.popularmechanics.com": {
      "out": {
        "other": 1
      },
      "score": 0.0666
    },
    "www.sts.cornell.edu": {
      "out": {
        "other": 1
      },
      "score": 0.0666
    },
    "www.wweek.com": {
      "out": {
        "other": 1
      },
      "score": 0.0666
    },
    "readwriterespond.com": {
      "in": {
        "other": 2
      },
      "score": 0.0666
    },
    "bst.sagepub.com.proxy.lib.pdx.edu": {
      "out": {
        "other": 1
      },
      "score": 0.0666
    },
    "ctheory.net": {
      "out": {
        "other": 1
      },
      "score": 0.0666
    },
    "en.ethiopianreporter.com": {
      "out": {
        "other": 1
      },
      "score": 0.0666
    },
    "mathworld.wolfram.com": {
      "out": {
        "other": 1
      },
      "score": 0.0666
    },
    "obscurantist.com": {
      "out": {
        "other": 1
      },
      "score": 0.0666
    },
    "pos.sagepub.com": {
      "out": {
        "other": 1
      },
      "score": 0.0666
    },
    "rosettaproject.org": {
      "out": {
        "other": 1
      },
      "score": 0.0666
    },
    "tantek.com": {
      "out": {
        "other": 1
      },
      "score": 0.0666
    },
    "twitter.com/non_sensei": {
      "out": {
        "other": 1
      },
      "score": 0.0666
    },
    "www.pangaro.com": {
      "out": {
        "other": 1
      },
      "score": 0.0666
    },
    "www.wiredanthropology.com": {
      "out": {
        "other": 1
      },
      "score": 0.0666
    },
    "encarta.msn.com": {
      "out": {
        "other": 1
      },
      "score": 0.0666
    },
    "etiskraad.dk": {
      "out": {
        "other": 1
      },
      "score": 0.0666
    },
    "ftp.math.utah.edu": {
      "out": {
        "other": 1
      },
      "score": 0.0666
    },
    "gwob.org": {
      "out": {
        "other": 1
      },
      "score": 0.0666
    },
    "news.cnet.com": {
      "out": {
        "other": 1
      },
      "score": 0.0666
    },
    "symbolics.com": {
      "out": {
        "other": 1
      },
      "score": 0.0666
    },
    "world.std.com": {
      "out": {
        "other": 1
      },
      "score": 0.0666
    },
    "www.everydayfiction.com": {
      "out": {
        "other": 1
      },
      "score": 0.0666
    },
    "www.japan-101.com": {
      "out": {
        "other": 1
      },
      "score": 0.0666
    },
    "www.msu.edu": {
      "out": {
        "other": 1
      },
      "score": 0.0666
    },
    "www.roywant.com": {
      "out": {
        "other": 1
      },
      "score": 0.0666
    },
    "www.virose.pt": {
      "out": {
        "other": 1
      },
      "score": 0.0666
    },
    "cogsci.uni-osnabrueck.de": {
      "out": {
        "other": 1
      },
      "score": 0.0666
    },
    "cyberev.org": {
      "out": {
        "other": 1
      },
      "score": 0.0666
    },
    "discovermagazine.com": {
      "out": {
        "other": 1
      },
      "score": 0.0666
    },
    "embodiedspace.blogspot.com": {
      "out": {
        "other": 1
      },
      "score": 0.0666
    },
    "inventors.about.com": {
      "out": {
        "other": 1
      },
      "score": 0.0666
    },
    "personalitymd.com": {
      "out": {
        "other": 1
      },
      "score": 0.0666
    },
    "thefeaturearchives.com": {
      "out": {
        "other": 1
      },
      "score": 0.0666
    },
    "twitter.com/LL_BlaK_Matt": {
      "out": {
        "other": 1
      },
      "score": 0.0666
    },
    "www.bionews.org.uk": {
      "out": {
        "other": 1
      },
      "score": 0.0666
    },
    "www.brown.edu": {
      "out": {
        "other": 1
      },
      "score": 0.0666
    },
    "www.cisco.com": {
      "out": {
        "other": 1
      },
      "score": 0.0666
    },
    "www.cs.cmu.edu": {
      "out": {
        "other": 1
      },
      "score": 0.0666
    },
    "www.lclark.edu": {
      "out": {
        "other": 1
      },
      "score": 0.0666
    },
    "www.learning-theories.com": {
      "out": {
        "other": 1
      },
      "score": 0.0666
    },
    "www.pointfoundation.org": {
      "out": {
        "other": 1
      },
      "score": 0.0666
    },
    "www.profeng.com": {
      "out": {
        "other": 1
      },
      "score": 0.0666
    },
    "www.scopus.com": {
      "out": {
        "other": 1
      },
      "score": 0.0666
    },
    "www.tauzero.com": {
      "out": {
        "other": 1
      },
      "score": 0.0666
    },
    "anthropunk.com": {
      "out": {
        "other": 1
      },
      "score": 0.0666
    },
    "audc.org": {
      "out": {
        "other": 1
      },
      "score": 0.0666
    },
    "grandtextauto.org": {
      "out": {
        "other": 1
      },
      "score": 0.0666
    },
    "www.buzzfeed.com": {
      "out": {
        "other": 1
      },
      "score": 0.0666
    },
    "www.city-data.com": {
      "out": {
        "other": 1
      },
      "score": 0.0666
    },
    "www.cs.uoregon.edu": {
      "out": {
        "other": 1
      },
      "score": 0.0666
    },
    "www.grandin.com": {
      "out": {
        "other": 1
      },
      "score": 0.0666
    },
    "www.greengoose.com": {
      "out": {
        "other": 1
      },
      "score": 0.0666
    },
    "www.heyotwell.com": {
      "out": {
        "other": 1
      },
      "score": 0.0666
    },
    "www.mpdailyfix.com": {
      "out": {
        "other": 1
      },
      "score": 0.0666
    },
    "www.spacesyntax.org": {
      "out": {
        "other": 1
      },
      "score": 0.0666
    },
    "www.theonion.com": {
      "out": {
        "other": 1
      },
      "score": 0.0666
    },
    "www.whannenberg.org": {
      "out": {
        "other": 1
      },
      "score": 0.0666
    },
    "catalog.wwu.edu": {
      "out": {
        "other": 1
      },
      "score": 0.0666
    },
    "maps.google.com": {
      "out": {
        "other": 1
      },
      "score": 0.0666
    },
    "portlandsmells.org": {
      "out": {
        "other": 1
      },
      "score": 0.0666
    },
    "researchclub.posterous.com": {
      "out": {
        "other": 1
      },
      "score": 0.0666
    },
    "www.cbpp.uaa.alaska.edu": {
      "out": {
        "other": 1
      },
      "score": 0.0666
    },
    "www.cyborgdb.org": {
      "out": {
        "other": 1
      },
      "score": 0.0666
    },
    "www.designingsocialinterfaces.com": {
      "out": {
        "other": 1
      },
      "score": 0.0666
    },
    "www.exquisitetweets.com": {
      "out": {
        "other": 1
      },
      "score": 0.0666
    },
    "www.gnu.org": {
      "out": {
        "other": 1
      },
      "score": 0.0666
    },
    "www.last.fm": {
      "out": {
        "other": 1
      },
      "score": 0.0666
    },
    "www.psfk.com": {
      "out": {
        "other": 1
      },
      "score": 0.0666
    },
    "www.time.com": {
      "out": {
        "other": 1
      },
      "score": 0.0666
    },
    "64.236.24.12": {
      "out": {
        "other": 1
      },
      "score": 0.0666
    },
    "bod.sagepub.com": {
      "out": {
        "other": 1
      },
      "score": 0.0666
    },
    "celebritycultureandtheamericandream.wordpress.com": {
      "out": {
        "other": 1
      },
      "score": 0.0666
    },
    "deviance.socprobs.net": {
      "out": {
        "other": 1
      },
      "score": 0.0666
    },
    "espn.go.com": {
      "out": {
        "other": 1
      },
      "score": 0.0666
    },
    "friendfeed.com": {
      "out": {
        "other": 1
      },
      "score": 0.0666
    },
    "sime.nu": {
      "out": {
        "other": 1
      },
      "score": 0.0666
    },
    "thinkorthwim.com": {
      "out": {
        "other": 1
      },
      "score": 0.0666
    },
    "vis.stanford.edu": {
      "out": {
        "other": 1
      },
      "score": 0.0666
    },
    "www.sciencedaily.com": {
      "out": {
        "other": 1
      },
      "score": 0.0666
    },
    "arxiv.org": {
      "out": {
        "other": 1
      },
      "score": 0.0666
    },
    "facebook.com/ellastsocialclub": {
      "out": {
        "other": 1
      },
      "score": 0.0666
    },
    "larval-subjects.blogspot.com": {
      "out": {
        "other": 1
      },
      "score": 0.0666
    },
    "muse.jhu.edu": {
      "out": {
        "other": 1
      },
      "score": 0.0666
    },
    "twitter.com/rutrut": {
      "out": {
        "other": 1
      },
      "score": 0.0666
    },
    "www.csdl.tamu.edu": {
      "out": {
        "other": 1
      },
      "score": 0.0666
    },
    "www.jimmymaks.com": {
      "out": {
        "other": 1
      },
      "score": 0.0666
    },
    "www.longnow.org": {
      "out": {
        "other": 1
      },
      "score": 0.0666
    },
    "www.snagfilms.com": {
      "out": {
        "other": 1
      },
      "score": 0.0666
    },
    "www.techdirt.com": {
      "out": {
        "other": 1
      },
      "score": 0.0666
    },
    "artsites.ucsc.edu": {
      "out": {
        "other": 1
      },
      "score": 0.0666
    },
    "gawker.com": {
      "out": {
        "other": 1
      },
      "score": 0.0666
    },
    "gerrycanavan.wordpress.com": {
      "out": {
        "other": 1
      },
      "score": 0.0666
    },
    "serials.infomotions.com": {
      "out": {
        "other": 1
      },
      "score": 0.0666
    },
    "twitter.com/srenan": {
      "out": {
        "other": 1
      },
      "score": 0.0666
    },
    "twitter.com/thewillennium": {
      "out": {
        "other": 1
      },
      "score": 0.0666
    },
    "www.designinginteractions.com": {
      "out": {
        "other": 1
      },
      "score": 0.0666
    },
    "www.ibm.com": {
      "out": {
        "other": 1
      },
      "score": 0.0666
    },
    "www.ithacahours.com": {
      "out": {
        "other": 1
      },
      "score": 0.0666
    },
    "www.jhfc.duke.edu": {
      "out": {
        "other": 1
      },
      "score": 0.0666
    },
    "www.o2.co.uk": {
      "out": {
        "other": 1
      },
      "score": 0.0666
    },
    "www.sts.rpi.edu": {
      "out": {
        "other": 1
      },
      "score": 0.0666
    },
    "www.thebuffalogap.com": {
      "out": {
        "other": 1
      },
      "score": 0.0666
    },
    "animalvisions.wordpress.com": {
      "out": {
        "other": 1
      },
      "score": 0.0666
    },
    "boingboing.net": {
      "out": {
        "other": 1
      },
      "score": 0.0666
    },
    "gapingvoid.com": {
      "out": {
        "other": 1
      },
      "score": 0.0666
    },
    "kazys.varnelis.net": {
      "out": {
        "other": 1
      },
      "score": 0.0666
    },
    "mindstalk.net": {
      "out": {
        "other": 1
      },
      "score": 0.0666
    },
    "scub3d.com": {
      "out": {
        "other": 1
      },
      "score": 0.0666
    },
    "twitter.com/portlandwiki": {
      "out": {
        "other": 1
      },
      "score": 0.0666
    },
    "vtk.org": {
      "out": {
        "other": 1
      },
      "score": 0.0666
    },
    "www.banffcentre.ca": {
      "out": {
        "other": 1
      },
      "score": 0.0666
    },
    "www.continuumbooks.com": {
      "out": {
        "other": 1
      },
      "score": 0.0666
    },
    "www.whatmakesthemclick.net": {
      "out": {
        "other": 1
      },
      "score": 0.0666
    },
    "artsbeat.blogs.nytimes.com": {
      "out": {
        "other": 1
      },
      "score": 0.0666
    },
    "evatt.labor.net.au": {
      "out": {
        "other": 1
      },
      "score": 0.0666
    },
    "jigsawrenaissance.org": {
      "out": {
        "other": 1
      },
      "score": 0.0666
    },
    "lifehacker.com": {
      "out": {
        "other": 1
      },
      "score": 0.0666
    },
    "networkarchitecturelab.org": {
      "out": {
        "other": 1
      },
      "score": 0.0666
    },
    "news-service.stanford.edu": {
      "out": {
        "other": 1
      },
      "score": 0.0666
    },
    "nickm.com": {
      "out": {
        "other": 1
      },
      "score": 0.0666
    },
    "va-va-vroom.com": {
      "out": {
        "other": 1
      },
      "score": 0.0666
    },
    "www.analytictech.com": {
      "out": {
        "other": 1
      },
      "score": 0.0666
    },
    "www.d.umn.edu": {
      "out": {
        "other": 1
      },
      "score": 0.0666
    },
    "www.davis-floyd.com": {
      "out": {
        "other": 1
      },
      "score": 0.0666
    },
    "www.digitalmethods.net": {
      "out": {
        "other": 1
      },
      "score": 0.0666
    },
    "www.doobybrain.com": {
      "out": {
        "other": 1
      },
      "score": 0.0666
    },
    "www.handykey.com": {
      "out": {
        "other": 1
      },
      "score": 0.0666
    },
    "www.macstories.net": {
      "out": {
        "other": 1
      },
      "score": 0.0666
    },
    "www.sally.com": {
      "out": {
        "other": 1
      },
      "score": 0.0666
    },
    "drwho.virtadpt.net": {
      "out": {
        "other": 1
      },
      "score": 0.0666
    },
    "dx.doi.org": {
      "out": {
        "other": 1
      },
      "score": 0.0666
    },
    "greenrenter.com": {
      "out": {
        "other": 1
      },
      "score": 0.0666
    },
    "little-brother-syndrome.urbanup.com": {
      "out": {
        "other": 1
      },
      "score": 0.0666
    },
    "muppet.wikia.com": {
      "out": {
        "other": 1
      },
      "score": 0.0666
    },
    "techyum.com": {
      "out": {
        "other": 1
      },
      "score": 0.0666
    },
    "terasemcentral.org": {
      "out": {
        "other": 1
      },
      "score": 0.0666
    },
    "www.comscore.com": {
      "out": {
        "other": 1
      },
      "score": 0.0666
    },
    "www.cs.brown.edu": {
      "out": {
        "other": 1
      },
      "score": 0.0666
    },
    "www.metaefficient.com": {
      "out": {
        "other": 1
      },
      "score": 0.0666
    },
    "www.n5m.org": {
      "out": {
        "other": 1
      },
      "score": 0.0666
    },
    "www.npr.org": {
      "out": {
        "other": 1
      },
      "score": 0.0666
    },
    "www.rheingold.com": {
      "out": {
        "other": 1
      },
      "score": 0.0666
    },
    "intermedias.wordpress.com": {
      "out": {
        "other": 1
      },
      "score": 0.0666
    },
    "papertiger.org": {
      "out": {
        "other": 1
      },
      "score": 0.0666
    },
    "search.cpan.org": {
      "out": {
        "other": 1
      },
      "score": 0.0666
    },
    "socialtapestries.net": {
      "out": {
        "other": 1
      },
      "score": 0.0666
    },
    "twitter.com/evanpro": {
      "out": {
        "other": 1
      },
      "score": 0.0666
    },
    "twitter.com/jessejohnston": {
      "out": {
        "other": 1
      },
      "score": 0.0666
    },
    "www.botspot.com": {
      "out": {
        "other": 1
      },
      "score": 0.0666
    },
    "www.brighamandwomens.org": {
      "out": {
        "other": 1
      },
      "score": 0.0666
    },
    "www.louiseferguson.com": {
      "out": {
        "other": 1
      },
      "score": 0.0666
    },
    "www.ojr.org": {
      "out": {
        "other": 1
      },
      "score": 0.0666
    },
    "www.research.ibm.com": {
      "out": {
        "other": 1
      },
      "score": 0.0666
    },
    "www.rotture.com": {
      "out": {
        "other": 1
      },
      "score": 0.0666
    },
    "www.webpages.uidaho.edu": {
      "out": {
        "other": 1
      },
      "score": 0.0666
    },
    "gamesalfresco.com": {
      "out": {
        "other": 1
      },
      "score": 0.0666
    },
    "groups.google.com": {
      "out": {
        "other": 1
      },
      "score": 0.0666
    },
    "http": {
      "out": {
        "other": 1
      },
      "score": 0.0666
    },
    "www.agilekiwi.com": {
      "out": {
        "other": 1
      },
      "score": 0.0666
    },
    "www.holocene.org": {
      "out": {
        "other": 1
      },
      "score": 0.0666
    },
    "www.ifc.com": {
      "out": {
        "other": 1
      },
      "score": 0.0666
    },
    "www.theaudeo.com": {
      "out": {
        "other": 1
      },
      "score": 0.0666
    },
    "www.valuesatplay.org": {
      "out": {
        "other": 1
      },
      "score": 0.0666
    },
    "books.google.fr": {
      "out": {
        "other": 1
      },
      "score": 0.0666
    },
    "climbtothestars.org": {
      "out": {
        "other": 1
      },
      "score": 0.0666
    },
    "jezebel.com": {
      "out": {
        "other": 1
      },
      "score": 0.0666
    },
    "rokdrop.com": {
      "out": {
        "other": 1
      },
      "score": 0.0666
    },
    "sciencenow.sciencemag.org": {
      "out": {
        "other": 1
      },
      "score": 0.0666
    },
    "strangelovelive.blip.tv": {
      "out": {
        "other": 1
      },
      "score": 0.0666
    },
    "twitter.com/enf": {
      "out": {
        "other": 1
      },
      "score": 0.0666
    },
    "urbantapestries.net": {
      "out": {
        "other": 1
      },
      "score": 0.0666
    },
    "www.anthro.uci.edu": {
      "out": {
        "other": 1
      },
      "score": 0.0666
    },
    "www.chrishablesgray.org": {
      "out": {
        "other": 1
      },
      "score": 0.0666
    },
    "www.criterion.com": {
      "out": {
        "other": 1
      },
      "score": 0.0666
    },
    "www.cs.cornell.edu": {
      "out": {
        "other": 1
      },
      "score": 0.0666
    },
    "www.nationalgeographic.com": {
      "out": {
        "other": 1
      },
      "score": 0.0666
    },
    "www.nist.gov": {
      "out": {
        "other": 1
      },
      "score": 0.0666
    },
    "www.ralphmag.org": {
      "out": {
        "other": 1
      },
      "score": 0.0666
    },
    "campaign.soylent.me": {
      "out": {
        "other": 1
      },
      "score": 0.0666
    },
    "lifenaut.com": {
      "out": {
        "other": 1
      },
      "score": 0.0666
    },
    "press.umich.edu": {
      "out": {
        "other": 1
      },
      "score": 0.0666
    },
    "thegoodfoot.com": {
      "out": {
        "other": 1
      },
      "score": 0.0666
    },
    "www.contemplativemind.org": {
      "out": {
        "other": 1
      },
      "score": 0.0666
    },
    "www.futurefarmers.com": {
      "out": {
        "other": 1
      },
      "score": 0.0666
    },
    "www.infoq.com": {
      "out": {
        "other": 1
      },
      "score": 0.0666
    },
    "www.inquisitr.com": {
      "out": {
        "other": 1
      },
      "score": 0.0666
    },
    "www.opus1.com": {
      "out": {
        "other": 1
      },
      "score": 0.0666
    },
    "www.secondskinfilm.com": {
      "out": {
        "other": 1
      },
      "score": 0.0666
    },
    "www.smashwords.com": {
      "out": {
        "other": 1
      },
      "score": 0.0666
    },
    "www.tiara.org": {
      "out": {
        "other": 1
      },
      "score": 0.0666
    },
    "blog.neverusethisfont.com": {
      "out": {
        "other": 1
      },
      "score": 0.0666
    },
    "japan.internet.com": {
      "out": {
        "other": 1
      },
      "score": 0.0666
    },
    "longnow.org": {
      "out": {
        "other": 1
      },
      "score": 0.0666
    },
    "qd.typepad.com": {
      "out": {
        "other": 1
      },
      "score": 0.0666
    },
    "twitter.com/SiliconFarmer": {
      "out": {
        "other": 1
      },
      "score": 0.0666
    },
    "webcache.googleusercontent.com": {
      "out": {
        "other": 1
      },
      "score": 0.0666
    },
    "www.cs.umd.edu": {
      "out": {
        "other": 1
      },
      "score": 0.0666
    },
    "www.economist.com": {
      "out": {
        "other": 1
      },
      "score": 0.0666
    },
    "www.ellastreetsocialclub.com": {
      "out": {
        "other": 1
      },
      "score": 0.0666
    },
    "www.foxnews.com": {
      "out": {
        "other": 1
      },
      "score": 0.0666
    },
    "www.informatik.uni-konstanz.de": {
      "out": {
        "other": 1
      },
      "score": 0.0666
    },
    "www.learner.org": {
      "out": {
        "other": 1
      },
      "score": 0.0666
    },
    "wwwalt.phil-fak.uni-duesseldorf.de": {
      "out": {
        "other": 1
      },
      "score": 0.0666
    },
    "crnano.typepad.com": {
      "out": {
        "other": 1
      },
      "score": 0.0666
    },
    "ht.ly": {
      "out": {
        "other": 1
      },
      "score": 0.0666
    },
    "journals.sfu.ca": {
      "out": {
        "other": 1
      },
      "score": 0.0666
    },
    "projecteuclid.org": {
      "out": {
        "other": 1
      },
      "score": 0.0666
    },
    "twitter.com/anthropunk": {
      "out": {
        "other": 1
      },
      "score": 0.0666
    },
    "twitter.com/sleslie": {
      "out": {
        "other": 1
      },
      "score": 0.0666
    },
    "www.avantgame.com": {
      "out": {
        "other": 1
      },
      "score": 0.0666
    },
    "www.cnlp.org": {
      "out": {
        "other": 1
      },
      "score": 0.0666
    },
    "www.cryptonomicon.com": {
      "out": {
        "other": 1
      },
      "score": 0.0666
    },
    "www.immersivetech.org": {
      "out": {
        "other": 1
      },
      "score": 0.0666
    },
    "www.quora.com": {
      "out": {
        "other": 1
      },
      "score": 0.0666
    },
    "www.sptimes.com": {
      "out": {
        "other": 1
      },
      "score": 0.0666
    },
    "www.terrisenft.net": {
      "out": {
        "other": 1
      },
      "score": 0.0666
    },
    "archonnet.tripod.com": {
      "out": {
        "other": 1
      },
      "score": 0.0666
    },
    "daviddahl.blogspot.com": {
      "out": {
        "other": 1
      },
      "score": 0.0666
    },
    "dump.fm": {
      "out": {
        "other": 1
      },
      "score": 0.0666
    },
    "locative.net": {
      "out": {
        "other": 1
      },
      "score": 0.0666
    },
    "mindclones.blogspot.com": {
      "out": {
        "other": 1
      },
      "score": 0.0666
    },
    "mindhacks.com": {
      "out": {
        "other": 1
      },
      "score": 0.0666
    },
    "thesecretsocietylounge.com": {
      "out": {
        "other": 1
      },
      "score": 0.0666
    },
    "www.egs.edu": {
      "out": {
        "other": 1
      },
      "score": 0.0666
    },
    "www.learnglish.com": {
      "out": {
        "other": 1
      },
      "score": 0.0666
    },
    "www.lifescapes.org": {
      "out": {
        "other": 1
      },
      "score": 0.0666
    },
    "www.tca.or.jp": {
      "out": {
        "other": 1
      },
      "score": 0.0666
    },
    "www.wk.com": {
      "out": {
        "other": 1
      },
      "score": 0.0666
    },
    "5election.com": {
      "out": {
        "other": 1
      },
      "score": 0.0666
    },
    "bst.sagepub.com": {
      "out": {
        "other": 1
      },
      "score": 0.0666
    },
    "clerccenter.gallaudet.edu": {
      "out": {
        "other": 1
      },
      "score": 0.0666
    },
    "community.nytimes.com": {
      "out": {
        "other": 1
      },
      "score": 0.0666
    },
    "textus.diplomacy.edu": {
      "out": {
        "other": 1
      },
      "score": 0.0666
    },
    "web.clas.ufl.edu": {
      "out": {
        "other": 1
      },
      "score": 0.0666
    },
    "www.ecommercetimes.com": {
      "out": {
        "other": 1
      },
      "score": 0.0666
    },
    "www.literatureandlatte.com": {
      "out": {
        "other": 1
      },
      "score": 0.0666
    },
    "www.longserver.org": {
      "out": {
        "other": 1
      },
      "score": 0.0666
    },
    "www.noetic.org": {
      "out": {
        "other": 1
      },
      "score": 0.0666
    },
    "52weeksofux.com": {
      "out": {
        "other": 1
      },
      "score": 0.0666
    },
    "brampitoyo.pbworks.com": {
      "out": {
        "other": 1
      },
      "score": 0.0666
    },
    "citeseerx.ist.psu.edu": {
      "out": {
        "other": 1
      },
      "score": 0.0666
    },
    "fido.rockymedia.net": {
      "out": {
        "other": 1
      },
      "score": 0.0666
    },
    "he.wikisource.org": {
      "out": {
        "other": 1
      },
      "score": 0.0666
    },
    "kk.org": {
      "out": {
        "other": 1
      },
      "score": 0.0666
    },
    "marynowsky.wordpress.com": {
      "out": {
        "other": 1
      },
      "score": 0.0666
    },
    "newsroom.ucla.edu": {
      "out": {
        "other": 1
      },
      "score": 0.0666
    },
    "online.sagepub.com": {
      "out": {
        "other": 1
      },
      "score": 0.0666
    },
    "species.wikipedia.org": {
      "out": {
        "other": 1
      },
      "score": 0.0666
    },
    "urbanomnibus.net": {
      "out": {
        "other": 1
      },
      "score": 0.0666
    },
    "www.billverplank.com": {
      "out": {
        "other": 1
      },
      "score": 0.0666
    },
    "www.dailyillini.com": {
      "out": {
        "other": 1
      },
      "score": 0.0666
    },
    "www.editlib.org": {
      "out": {
        "other": 1
      },
      "score": 0.0666
    },
    "www.educause.edu": {
      "out": {
        "other": 1
      },
      "score": 0.0666
    },
    "www.jwz.org": {
      "out": {
        "other": 1
      },
      "score": 0.0666
    },
    "www.locusplus.org.uk": {
      "out": {
        "other": 1
      },
      "score": 0.0666
    },
    "www.math.utah.edu": {
      "out": {
        "other": 1
      },
      "score": 0.0666
    },
    "www.merriam-webster.com": {
      "out": {
        "other": 1
      },
      "score": 0.0666
    },
    "www.practicemapping.org": {
      "out": {
        "other": 1
      },
      "score": 0.0666
    },
    "www.shacknews.com": {
      "out": {
        "other": 1
      },
      "score": 0.0666
    },
    "www.si.umich.edu": {
      "out": {
        "other": 1
      },
      "score": 0.0666
    },
    "www.visualcomplexity.com": {
      "out": {
        "other": 1
      },
      "score": 0.0666
    },
    "aaron.pk": {
      "out": {
        "other": 1
      },
      "score": 0.0666
    },
    "bara.arizona.edu": {
      "out": {
        "other": 1
      },
      "score": 0.0666
    },
    "journalofia.org": {
      "out": {
        "other": 1
      },
      "score": 0.0666
    },
    "twitter.com/melanntastic": {
      "out": {
        "other": 1
      },
      "score": 0.0666
    },
    "www.maska.si": {
      "out": {
        "other": 1
      },
      "score": 0.0666
    },
    "www.newappsblog.com": {
      "out": {
        "other": 1
      },
      "score": 0.0666
    },
    "www.okcupid.com": {
      "out": {
        "other": 1
      },
      "score": 0.0666
    },
    "www.practicalgatherings.com": {
      "out": {
        "other": 1
      },
      "score": 0.0666
    },
    "www.thenetworkthinker.com": {
      "out": {
        "other": 1
      },
      "score": 0.0666
    },
    "www.wordplayer.com": {
      "out": {
        "other": 1
      },
      "score": 0.0666
    },
    "www2.citypaper.com": {
      "out": {
        "other": 1
      },
      "score": 0.0666
    },
    "abs.sagepub.com": {
      "out": {
        "other": 1
      },
      "score": 0.0666
    },
    "brain.caseorganic.com": {
      "out": {
        "other": 1
      },
      "score": 0.0666
    },
    "cochlearimplants.med.miami.edu": {
      "out": {
        "other": 1
      },
      "score": 0.0666
    },
    "eugenics.washington.edu": {
      "out": {
        "other": 1
      },
      "score": 0.0666
    },
    "johnnyholland.org": {
      "out": {
        "other": 1
      },
      "score": 0.0666
    },
    "onlinejournalismblog.com": {
      "out": {
        "other": 1
      },
      "score": 0.0666
    },
    "st.imul.us": {
      "out": {
        "other": 1
      },
      "score": 0.0666
    },
    "twitter.com/Dymaxion": {
      "out": {
        "other": 1
      },
      "score": 0.0666
    },
    "www.articlesnatch.com": {
      "out": {
        "other": 1
      },
      "score": 0.0666
    },
    "www.coe.uga.edu": {
      "out": {
        "other": 1
      },
      "score": 0.0666
    },
    "www.media-anthropology.net": {
      "out": {
        "other": 1
      },
      "score": 0.0666
    },
    "www.nypost.com": {
      "out": {
        "other": 1
      },
      "score": 0.0666
    },
    "www.rudyrucker.com": {
      "out": {
        "other": 1
      },
      "score": 0.0666
    },
    "www.sfweekly.com": {
      "out": {
        "other": 1
      },
      "score": 0.0666
    },
    "www.swarmingmedia.com": {
      "out": {
        "other": 1
      },
      "score": 0.0666
    },
    "www.wnyc.org": {
      "out": {
        "other": 1
      },
      "score": 0.0666
    },
    "yudkowsky.net": {
      "out": {
        "other": 1
      },
      "score": 0.0666
    },
    "interactions.acm.org": {
      "out": {
        "other": 1
      },
      "score": 0.0666
    },
    "online.wsj.com": {
      "out": {
        "other": 1
      },
      "score": 0.0666
    },
    "oreillynet.com": {
      "out": {
        "other": 1
      },
      "score": 0.0666
    },
    "org.sagepub.com": {
      "out": {
        "other": 1
      },
      "score": 0.0666
    },
    "strivinglife.com": {
      "out": {
        "other": 1
      },
      "score": 0.0666
    },
    "twitter.com/cyberstanta": {
      "out": {
        "other": 1
      },
      "score": 0.0666
    },
    "twitter.com/feKaylius": {
      "out": {
        "other": 1
      },
      "score": 0.0666
    },
    "twitter.com/robehickman": {
      "out": {
        "other": 1
      },
      "score": 0.0666
    },
    "www.devonit.com": {
      "out": {
        "other": 1
      },
      "score": 0.0666
    },
    "www.fastcoexist.com": {
      "out": {
        "other": 1
      },
      "score": 0.0666
    },
    "www.gradnet.de": {
      "out": {
        "other": 1
      },
      "score": 0.0666
    },
    "www.metropolismag.com": {
      "out": {
        "other": 1
      },
      "score": 0.0666
    },
    "chrome.google.com": {
      "out": {
        "other": 1
      },
      "score": 0.0666
    },
    "donpark.org": {
      "out": {
        "other": 1
      },
      "score": 0.0666
    },
    "facebook.com/apps": {
      "out": {
        "other": 1
      },
      "score": 0.0666
    },
    "nms.sagepub.com": {
      "out": {
        "other": 1
      },
      "score": 0.0666
    },
    "philosophyandpsychology.com": {
      "out": {
        "other": 1
      },
      "score": 0.0666
    },
    "venturebeat.com": {
      "out": {
        "other": 1
      },
      "score": 0.0666
    },
    "wikipedia.org": {
      "out": {
        "other": 1
      },
      "score": 0.0666
    },
    "www.alice.org": {
      "out": {
        "other": 1
      },
      "score": 0.0666
    },
    "www.doctorhugo.org": {
      "out": {
        "other": 1
      },
      "score": 0.0666
    },
    "www.washingtonpost.com": {
      "out": {
        "other": 1
      },
      "score": 0.0666
    },
    "www.wiley.com": {
      "out": {
        "other": 1
      },
      "score": 0.0666
    },
    "adam.shand.net": {
      "out": {
        "other": 1
      },
      "score": 0.0666
    },
    "dori3.typepad.com": {
      "out": {
        "other": 1
      },
      "score": 0.0666
    },
    "internetarchaeology.tumblr.com": {
      "out": {
        "other": 1
      },
      "score": 0.0666
    },
    "newlearningonline.com": {
      "out": {
        "other": 1
      },
      "score": 0.0666
    },
    "scaleindependentthought.typepad.com": {
      "out": {
        "other": 1
      },
      "score": 0.0666
    },
    "www.csi.uottawa.ca": {
      "out": {
        "other": 1
      },
      "score": 0.0666
    },
    "www.leda-tutorial.org": {
      "out": {
        "other": 1
      },
      "score": 0.0666
    },
    "www.reuters.com": {
      "out": {
        "other": 1
      },
      "score": 0.0666
    },
    "www.sciencenews.org": {
      "out": {
        "other": 1
      },
      "score": 0.0666
    },
    "www.victorianweb.org": {
      "out": {
        "other": 1
      },
      "score": 0.0666
    },
    "cacm.acm.org": {
      "out": {
        "other": 1
      },
      "score": 0.0666
    },
    "games.sagepub.com": {
      "out": {
        "other": 1
      },
      "score": 0.0666
    },
    "goscon.org": {
      "out": {
        "other": 1
      },
      "score": 0.0666
    },
    "jmh.sagepub.com.proxy.lib.pdx.edu": {
      "out": {
        "other": 1
      },
      "score": 0.0666
    },
    "mhpbooks.com": {
      "out": {
        "other": 1
      },
      "score": 0.0666
    },
    "nickbostrom.com": {
      "out": {
        "other": 1
      },
      "score": 0.0666
    },
    "seattle.cyborgcamp.com": {
      "out": {
        "other": 1
      },
      "score": 0.0666
    },
    "twitter.com/mathpunk": {
      "out": {
        "other": 1
      },
      "score": 0.0666
    },
    "www.allfacebook.com": {
      "out": {
        "other": 1
      },
      "score": 0.0666
    },
    "www.culturemachine.net": {
      "out": {
        "other": 1
      },
      "score": 0.0666
    },
    "www.danielrootphotography.com": {
      "out": {
        "other": 1
      },
      "score": 0.0666
    },
    "www.mobipocket.com": {
      "out": {
        "other": 1
      },
      "score": 0.0666
    },
    "www.netvibes.com": {
      "out": {
        "other": 1
      },
      "score": 0.0666
    },
    "www.viddler.com": {
      "out": {
        "other": 1
      },
      "score": 0.0666
    },
    "www.warrenellis.com": {
      "out": {
        "other": 1
      },
      "score": 0.0666
    },
    "bid.ankara.edu.tr": {
      "out": {
        "other": 1
      },
      "score": 0.0666
    },
    "calmtechnology.com": {
      "out": {
        "other": 1
      },
      "score": 0.0666
    },
    "conference.think.org": {
      "out": {
        "other": 1
      },
      "score": 0.0666
    },
    "courses.unt.edu": {
      "out": {
        "other": 1
      },
      "score": 0.0666
    },
    "eclectic.ss.uci.edu": {
      "out": {
        "other": 1
      },
      "score": 0.0666
    },
    "eprints.rclis.org": {
      "out": {
        "other": 1
      },
      "score": 0.0666
    },
    "highered.mcgraw-hill.com": {
      "out": {
        "other": 1
      },
      "score": 0.0666
    },
    "imul.us": {
      "out": {
        "other": 1
      },
      "score": 0.0666
    },
    "misnt.indstate.edu": {
      "out": {
        "other": 1
      },
      "score": 0.0666
    },
    "ndpr.nd.edu": {
      "out": {
        "other": 1
      },
      "score": 0.0666
    },
    "portal.unesco.org": {
      "out": {
        "other": 1
      },
      "score": 0.0666
    },
    "technoccult.net": {
      "out": {
        "other": 1
      },
      "score": 0.0666
    },
    "twitter.com/aicase": {
      "out": {
        "other": 1
      },
      "score": 0.0666
    },
    "www.chatbots.org": {
      "out": {
        "other": 1
      },
      "score": 0.0666
    },
    "www.ics.uci.edu": {
      "out": {
        "other": 1
      },
      "score": 0.0666
    },
    "www.lcc.gatech.edu": {
      "out": {
        "other": 1
      },
      "score": 0.0666
    },
    "www.pechakuchaportland.org": {
      "out": {
        "other": 1
      },
      "score": 0.0666
    },
    "www.php.net": {
      "out": {
        "other": 1
      },
      "score": 0.0666
    },
    "www.waterlilies.org": {
      "out": {
        "other": 1
      },
      "score": 0.0666
    },
    "blog.alice.org": {
      "out": {
        "other": 1
      },
      "score": 0.0666
    },
    "ccom.unh.edu": {
      "out": {
        "other": 1
      },
      "score": 0.0666
    },
    "courses.media.mit.edu": {
      "out": {
        "other": 1
      },
      "score": 0.0666
    },
    "dresdencodak.com": {
      "out": {
        "other": 1
      },
      "score": 0.0666
    },
    "en.wikinews.org": {
      "out": {
        "other": 1
      },
      "score": 0.0666
    },
    "evolutionofcomputing.org": {
      "out": {
        "other": 1
      },
      "score": 0.0666
    },
    "mcs.sagepub.com": {
      "out": {
        "other": 1
      },
      "score": 0.0666
    },
    "psychweb.uoregon.edu": {
      "out": {
        "other": 1
      },
      "score": 0.0666
    },
    "snappypostcards.com": {
      "out": {
        "other": 1
      },
      "score": 0.0666
    },
    "twitter.com/tenfouragency": {
      "out": {
        "other": 1
      },
      "score": 0.0666
    },
    "www.comp.lancs.ac.uk": {
      "out": {
        "other": 1
      },
      "score": 0.0666
    },
    "www.ninsight.at": {
      "out": {
        "other": 1
      },
      "score": 0.0666
    },
    "www.sagepub.com": {
      "out": {
        "other": 1
      },
      "score": 0.0666
    },
    "www.temple.edu": {
      "out": {
        "other": 1
      },
      "score": 0.0666
    },
    "www.theinternettimemachine.com": {
      "out": {
        "other": 1
      },
      "score": 0.0666
    },
    "academia.edu.documents.s3.amazonaws.com": {
      "out": {
        "other": 1
      },
      "score": 0.0666
    },
    "ic.arc.nasa.gov": {
      "out": {
        "other": 1
      },
      "score": 0.0666
    },
    "lclark.edu": {
      "out": {
        "other": 1
      },
      "score": 0.0666
    },
    "twitter.com/rael": {
      "out": {
        "other": 1
      },
      "score": 0.0666
    },
    "www.cl.cam.ac.uk": {
      "out": {
        "other": 1
      },
      "score": 0.0666
    },
    "www.gamesforchange.org": {
      "out": {
        "other": 1
      },
      "score": 0.0666
    },
    "www.nfpv.com": {
      "out": {
        "other": 1
      },
      "score": 0.0666
    },
    "www.popwuping.com": {
      "out": {
        "other": 1
      },
      "score": 0.0666
    },
    "www.purselipsquarejaw.org": {
      "out": {
        "other": 1
      },
      "score": 0.0666
    },
    "www.seas.columbia.edu": {
      "out": {
        "other": 1
      },
      "score": 0.0666
    },
    "www.xanadu.com.au": {
      "out": {
        "other": 1
      },
      "score": 0.0666
    },
    "74.125.155.132": {
      "out": {
        "other": 1
      },
      "score": 0.0666
    },
    "acd.pnca.edu": {
      "out": {
        "other": 1
      },
      "score": 0.0666
    },
    "anthropology.berkeley.edu": {
      "out": {
        "other": 1
      },
      "score": 0.0666
    },
    "astore.amazon.com": {
      "out": {
        "other": 1
      },
      "score": 0.0666
    },
    "carbon.ucdenver.edu": {
      "out": {
        "other": 1
      },
      "score": 0.0666
    },
    "frontierchannel.com": {
      "out": {
        "other": 1
      },
      "score": 0.0666
    },
    "jazzpdx.org": {
      "out": {
        "other": 1
      },
      "score": 0.0666
    },
    "lu.academia.edu": {
      "out": {
        "other": 1
      },
      "score": 0.0666
    },
    "people.ischool.berkeley.edu": {
      "out": {
        "other": 1
      },
      "score": 0.0666
    },
    "www.arl.org": {
      "out": {
        "other": 1
      },
      "score": 0.0666
    },
    "www.asc-cybernetics.org": {
      "out": {
        "other": 1
      },
      "score": 0.0666
    },
    "www.bbc.co.uk": {
      "out": {
        "other": 1
      },
      "score": 0.0666
    },
    "www.blasttheory.co.uk": {
      "out": {
        "other": 1
      },
      "score": 0.0666
    },
    "www.come-over.to": {
      "out": {
        "other": 1
      },
      "score": 0.0666
    },
    "www.commoncraft.com": {
      "out": {
        "other": 1
      },
      "score": 0.0666
    },
    "www.goodinbed.sg": {
      "out": {
        "other": 1
      },
      "score": 0.0666
    },
    "www.sfaa.net": {
      "out": {
        "other": 1
      },
      "score": 0.0666
    },
    "www.usc.edu": {
      "out": {
        "other": 1
      },
      "score": 0.0666
    },
    "www.weliveinpublicthemovie.com": {
      "out": {
        "other": 1
      },
      "score": 0.0666
    },
    "blogs.forbes.com": {
      "out": {
        "other": 1
      },
      "score": 0.0666
    },
    "deliciousxml.com": {
      "out": {
        "other": 1
      },
      "score": 0.0666
    },
    "julianhansen.com": {
      "out": {
        "other": 1
      },
      "score": 0.0666
    },
    "purba.mit.edu": {
      "out": {
        "other": 1
      },
      "score": 0.0666
    },
    "twitter.com/gcrisp": {
      "out": {
        "other": 1
      },
      "score": 0.0666
    },
    "wiki.activitystrea.ms": {
      "out": {
        "other": 1
      },
      "score": 0.0666
    },
    "www.arch.ksu.edu": {
      "out": {
        "other": 1
      },
      "score": 0.0666
    },
    "www.mikebrotherton.com": {
      "out": {
        "other": 1
      },
      "score": 0.0666
    },
    "www.nature.com": {
      "out": {
        "other": 1
      },
      "score": 0.0666
    },
    "www.peacefromharmony.org": {
      "out": {
        "other": 1
      },
      "score": 0.0666
    },
    "www.tiltfactor.org": {
      "out": {
        "other": 1
      },
      "score": 0.0666
    },
    "en.wikibooks.org": {
      "out": {
        "other": 1
      },
      "score": 0.0666
    },
    "gizmodo.com": {
      "out": {
        "other": 1
      },
      "score": 0.0666
    },
    "incas.mrdonn.org": {
      "out": {
        "other": 1
      },
      "score": 0.0666
    },
    "www.compapp.dcu.ie": {
      "out": {
        "other": 1
      },
      "score": 0.0666
    },
    "www.danpontefract.com": {
      "out": {
        "other": 1
      },
      "score": 0.0666
    },
    "www.i-programmer.info": {
      "out": {
        "other": 1
      },
      "score": 0.0666
    },
    "www.idi.ntnu.no": {
      "out": {
        "other": 1
      },
      "score": 0.0666
    },
    "www.opensorcery.net": {
      "out": {
        "other": 1
      },
      "score": 0.0666
    },
    "blog.seattlepi.nwsource.com": {
      "out": {
        "other": 1
      },
      "score": 0.0666
    },
    "cybersanta.tumblr.com": {
      "out": {
        "other": 1
      },
      "score": 0.0666
    },
    "intertheory.org": {
      "out": {
        "other": 1
      },
      "score": 0.0666
    },
    "pdxapi.com": {
      "out": {
        "other": 1
      },
      "score": 0.0666
    },
    "polyphrenia.blogspot.com": {
      "out": {
        "other": 1
      },
      "score": 0.0666
    },
    "reflexions.typepad.com": {
      "out": {
        "other": 1
      },
      "score": 0.0666
    },
    "stellar.mit.edu": {
      "out": {
        "other": 1
      },
      "score": 0.0666
    },
    "www.autism-resources.com": {
      "out": {
        "other": 1
      },
      "score": 0.0666
    },
    "www.metanexus.net": {
      "out": {
        "other": 1
      },
      "score": 0.0666
    },
    "www.planetary-collegium.net": {
      "out": {
        "other": 1
      },
      "score": 0.0666
    },
    "www.spurse.org": {
      "out": {
        "other": 1
      },
      "score": 0.0666
    },
    "www.sts.wisc.edu": {
      "out": {
        "other": 1
      },
      "score": 0.0666
    },
    "science.discovery.com": {
      "out": {
        "other": 1
      },
      "score": 0.0666
    },
    "storify.com": {
      "out": {
        "other": 1
      },
      "score": 0.0666
    },
    "strange.corante.com": {
      "out": {
        "other": 1
      },
      "score": 0.0666
    },
    "twitter.com/prosperityeng": {
      "out": {
        "other": 1
      },
      "score": 0.0666
    },
    "wiki.projectnerdhaus.com": {
      "out": {
        "other": 1
      },
      "score": 0.0666
    },
    "www-bcf.usc.edu": {
      "out": {
        "other": 1
      },
      "score": 0.0666
    },
    "www-users.cs.umn.edu": {
      "out": {
        "other": 1
      },
      "score": 0.0666
    },
    "www.alanmacfarlane.com": {
      "out": {
        "other": 1
      },
      "score": 0.0666
    },
    "www.orionmagazine.org": {
      "out": {
        "other": 1
      },
      "score": 0.0666
    },
    "www.sciencedirect.com.proxy.lib.pdx.edu": {
      "out": {
        "other": 1
      },
      "score": 0.0666
    },
    "www.silvermapleeditions.com": {
      "out": {
        "other": 1
      },
      "score": 0.0666
    },
    "www.villagevoice.com": {
      "out": {
        "other": 1
      },
      "score": 0.0666
    },
    "apps.facebook.com": {
      "out": {
        "other": 1
      },
      "score": 0.0666
    },
    "calagator.org": {
      "out": {
        "other": 1
      },
      "score": 0.0666
    },
    "code.google.com": {
      "out": {
        "other": 1
      },
      "score": 0.0666
    },
    "digiplay.info": {
      "out": {
        "other": 1
      },
      "score": 0.0666
    },
    "physicsworld.com": {
      "out": {
        "other": 1
      },
      "score": 0.0666
    },
    "www.archive.org": {
      "out": {
        "other": 1
      },
      "score": 0.0666
    },
    "www.gbn.com": {
      "out": {
        "other": 1
      },
      "score": 0.0666
    },
    "www.getcustoms.com": {
      "out": {
        "other": 1
      },
      "score": 0.0666
    },
    "www.google.org": {
      "out": {
        "other": 1
      },
      "score": 0.0666
    },
    "www.klnwcity.org": {
      "out": {
        "other": 1
      },
      "score": 0.0666
    },
    "www.multcolib.org": {
      "out": {
        "other": 1
      },
      "score": 0.0666
    },
    "youtu.be": {
      "out": {
        "other": 1
      },
      "score": 0.0666
    },
    "alumni.media.mit.edu": {
      "out": {
        "other": 1
      },
      "score": 0.0666
    },
    "arjournals.annualreviews.org": {
      "out": {
        "other": 1
      },
      "score": 0.0666
    },
    "blogs.telegraph.co.uk": {
      "out": {
        "other": 1
      },
      "score": 0.0666
    },
    "ddi.cs.uni-potsdam.de": {
      "out": {
        "other": 1
      },
      "score": 0.0666
    },
    "forum.icann.org": {
      "out": {
        "other": 1
      },
      "score": 0.0666
    },
    "inside.fdu.edu": {
      "out": {
        "other": 1
      },
      "score": 0.0666
    },
    "inverge.com": {
      "out": {
        "other": 1
      },
      "score": 0.0666
    },
    "mediacommons.futureofthebook.org": {
      "out": {
        "other": 1
      },
      "score": 0.0666
    },
    "openthefuture.com": {
      "out": {
        "other": 1
      },
      "score": 0.0666
    },
    "socialfiction.org": {
      "out": {
        "other": 1
      },
      "score": 0.0666
    },
    "sources.wikipedia.org": {
      "out": {
        "other": 1
      },
      "score": 0.0666
    },
    "topics.nytimes.com": {
      "out": {
        "other": 1
      },
      "score": 0.0666
    },
    "twitter.com/alicetiara": {
      "out": {
        "other": 1
      },
      "score": 0.0666
    },
    "www.caida.org": {
      "out": {
        "other": 1
      },
      "score": 0.0666
    },
    "www.math.buffalo.edu": {
      "out": {
        "other": 1
      },
      "score": 0.0666
    },
    "articles.latimes.com": {
      "out": {
        "other": 1
      },
      "score": 0.0666
    },
    "cass.anu.edu.au": {
      "out": {
        "other": 1
      },
      "score": 0.0666
    },
    "midi.internetarchaeology.org": {
      "out": {
        "other": 1
      },
      "score": 0.0666
    },
    "negativesum.net": {
      "out": {
        "other": 1
      },
      "score": 0.0666
    },
    "scholar.google.com": {
      "out": {
        "other": 1
      },
      "score": 0.0666
    },
    "wiki.openstreetmap.org": {
      "out": {
        "other": 1
      },
      "score": 0.0666
    },
    "www.biology-online.org": {
      "out": {
        "other": 1
      },
      "score": 0.0666
    },
    "www.minnpost.com": {
      "out": {
        "other": 1
      },
      "score": 0.0666
    },
    "www.quietearth.us": {
      "out": {
        "other": 1
      },
      "score": 0.0666
    },
    "www.reachoutmichigan.org": {
      "out": {
        "other": 1
      },
      "score": 0.0666
    },
    "www.worldwidewords.org": {
      "out": {
        "other": 1
      },
      "score": 0.0666
    },
    "maxogden.com": {
      "in": {
        "other": 2
      },
      "score": 0.0666
    },
    "derekbruff.com": {
      "out": {
        "other": 1
      },
      "score": 0.0666
    },
    "www.businessweek.com": {
      "out": {
        "other": 1
      },
      "score": 0.0666
    },
    "www.darrouzet-nardi.net": {
      "out": {
        "other": 1
      },
      "score": 0.0666
    },
    "www.dekaresearch.com": {
      "out": {
        "other": 1
      },
      "score": 0.0666
    },
    "www.genealogy.ams.org": {
      "out": {
        "other": 1
      },
      "score": 0.0666
    },
    "www.rathergood.com": {
      "out": {
        "other": 1
      },
      "score": 0.0666
    },
    "www.rhizome.org": {
      "out": {
        "other": 1
      },
      "score": 0.0666
    },
    "www.transparencynow.com": {
      "out": {
        "other": 1
      },
      "score": 0.0666
    },
    "www.w3.org": {
      "out": {
        "other": 1
      },
      "score": 0.0666
    },
    "www.worldculturepictorial.com": {
      "out": {
        "other": 1
      },
      "score": 0.0666
    },
    "anthro.edublogs.org": {
      "out": {
        "other": 1
      },
      "score": 0.0666
    },
    "blog.bl00cyb.org": {
      "out": {
        "other": 1
      },
      "score": 0.0666
    },
    "bugzilla.wikipedia.org": {
      "out": {
        "other": 1
      },
      "score": 0.0666
    },
    "japanfocus.org": {
      "out": {
        "other": 1
      },
      "score": 0.0666
    },
    "nerdle.tumblr.com": {
      "out": {
        "other": 1
      },
      "score": 0.0666
    },
    "wikitravel.org": {
      "out": {
        "other": 1
      },
      "score": 0.0666
    },
    "www.abitare.it": {
      "out": {
        "other": 1
      },
      "score": 0.0666
    },
    "www.futuresonic.com": {
      "out": {
        "other": 1
      },
      "score": 0.0666
    },
    "www.nettime.org": {
      "out": {
        "other": 1
      },
      "score": 0.0666
    },
    "www.ok-cancel.com": {
      "out": {
        "other": 1
      },
      "score": 0.0666
    },
    "www.plastic.com": {
      "out": {
        "other": 1
      },
      "score": 0.0666
    },
    "www.usernomics.com": {
      "out": {
        "other": 1
      },
      "score": 0.0666
    },
    "blogoehlert.typepad.com": {
      "out": {
        "other": 1
      },
      "score": 0.0666
    },
    "speedbird.wordpress.com": {
      "out": {
        "other": 1
      },
      "score": 0.0666
    },
    "www.africa.upenn.edu": {
      "out": {
        "other": 1
      },
      "score": 0.0666
    },
    "www.bitstorm.org": {
      "out": {
        "other": 1
      },
      "score": 0.0666
    },
    "www.charlierose.com": {
      "out": {
        "other": 1
      },
      "score": 0.0666
    },
    "www.modernprimate.com": {
      "out": {
        "other": 1
      },
      "score": 0.0666
    },
    "www.nad.org": {
      "out": {
        "other": 1
      },
      "score": 0.0666
    },
    "www.palgrave-journals.com": {
      "out": {
        "other": 1
      },
      "score": 0.0666
    },
    "www.publicpraxis.com": {
      "out": {
        "other": 1
      },
      "score": 0.0666
    },
    "www.ticalc.org": {
      "out": {
        "other": 1
      },
      "score": 0.0666
    },
    "blog.futurestreetconsulting.com": {
      "out": {
        "other": 1
      },
      "score": 0.0666
    },
    "blog.joelglovier.com": {
      "out": {
        "other": 1
      },
      "score": 0.0666
    },
    "www.boingboing.net": {
      "out": {
        "other": 1
      },
      "score": 0.0666
    },
    "www.econtentmag.com": {
      "out": {
        "other": 1
      },
      "score": 0.0666
    },
    "www.gutenberg.org": {
      "out": {
        "other": 1
      },
      "score": 0.0666
    },
    "www.sifteo.com": {
      "out": {
        "other": 1
      },
      "score": 0.0666
    },
    "www.slate.com": {
      "out": {
        "other": 1
      },
      "score": 0.0666
    },
    "college.lclark.edu": {
      "out": {
        "other": 1
      },
      "score": 0.0666
    },
    "cpwebtool.org": {
      "out": {
        "other": 1
      },
      "score": 0.0666
    },
    "irevolution.wordpress.com": {
      "out": {
        "other": 1
      },
      "score": 0.0666
    },
    "mediaevolution.se": {
      "out": {
        "other": 1
      },
      "score": 0.0666
    },
    "www.asiaone.com": {
      "out": {
        "other": 1
      },
      "score": 0.0666
    },
    "www.audiodregs.com": {
      "out": {
        "other": 1
      },
      "score": 0.0666
    },
    "www.infoplease.com": {
      "out": {
        "other": 1
      },
      "score": 0.0666
    },
    "www.urbandrinks.com": {
      "out": {
        "other": 1
      },
      "score": 0.0666
    },
    "www.ylem.org": {
      "out": {
        "other": 1
      },
      "score": 0.0666
    },
    "brid.gy": {
      "in": {
        "other": 1
      },
      "score": 0
    },
    "nadreck.me": {
      "in": {
        "other": 1
      },
      "score": 0
    }
  }
}