{
  "domain": "d.mcni.ch",
  "urls": [
    "mailto:d@mcni.ch"
  ],
  "names": [
    "Duncan McNicholl",
    "duncan mcnicholl"
  ],
  "descriptions": [],
  "pictures": [
    "https://d.mcni.ch/avatar.jpeg"
  ],
  "hcard": {
    "properties": {
      "name": [
        "Duncan McNicholl"
      ],
      "photo": [
        "https://d.mcni.ch/avatar.jpeg"
      ],
      "url": [
        "mailto:d@mcni.ch"
      ]
    },
    "type": [
      "h-card"
    ]
  },
  "rel_mes": [
    "mailto:d@mcni.ch"
  ],
  "crawl_start": "2017-06-09T17:35:20",
  "crawl_end": "2017-06-09T17:36:09",
  "num_pages": 116,
  "total_html_size": 496925,
  "servers": [
    "nginx"
  ],
  "mf2_classes": [
    "h-entry",
    "h-card"
  ],
  "tags": [
    "relme"
  ],
  "endpoints": {},
  "links_out": 747,
  "links_in": 0,
  "links": {
    "creativecommons.org": {
      "out": {
        "other": 116
      },
      "score": 1
    },
    "itun.es": {
      "out": {
        "other": 99
      },
      "score": 0.971
    },
    "archive.html": {
      "out": {
        "other": 29
      },
      "score": 0.745
    },
    "amnesty.org.uk": {
      "out": {
        "other": 28
      },
      "score": 0.739
    },
    "en.wikipedia.org": {
      "out": {
        "other": 22
      },
      "score": 0.694
    },
    "www.amazon.co.uk": {
      "out": {
        "other": 9
      },
      "score": 0.530
    },
    "biffyclyro.com": {
      "out": {
        "other": 6
      },
      "score": 0.455
    },
    "passionpitmusic.com": {
      "out": {
        "other": 6
      },
      "score": 0.455
    },
    "itunes.apple.com": {
      "out": {
        "other": 6
      },
      "score": 0.455
    },
    "en.m.wikipedia.org": {
      "out": {
        "other": 5
      },
      "score": 0.422
    },
    "www.nasa.gov": {
      "out": {
        "other": 4
      },
      "score": 0.382
    },
    "poozies.co.uk": {
      "out": {
        "other": 4
      },
      "score": 0.382
    },
    "myspace.com": {
      "out": {
        "other": 4
      },
      "score": 0.382
    },
    "benharper.com": {
      "out": {
        "other": 4
      },
      "score": 0.382
    },
    "lau-music.co.uk": {
      "out": {
        "other": 4
      },
      "score": 0.382
    },
    "cyndilauper.com": {
      "out": {
        "other": 4
      },
      "score": 0.382
    },
    "pixiesmusic.com": {
      "out": {
        "other": 4
      },
      "score": 0.382
    },
    "theshins.com": {
      "out": {
        "other": 4
      },
      "score": 0.382
    },
    "lyratic-resolution.html": {
      "out": {
        "other": 3
      },
      "score": 0.328
    },
    "tides.html": {
      "out": {
        "other": 3
      },
      "score": 0.328
    },
    "file-formats.html": {
      "out": {
        "other": 3
      },
      "score": 0.328
    },
    "his-story.html": {
      "out": {
        "other": 3
      },
      "score": 0.328
    },
    "stories.html": {
      "out": {
        "other": 3
      },
      "score": 0.328
    },
    "www.open.ac.uk": {
      "out": {
        "other": 3
      },
      "score": 0.328
    },
    "objects-of-importance.html": {
      "out": {
        "other": 3
      },
      "score": 0.328
    },
    "every-day-carry.html": {
      "out": {
        "other": 3
      },
      "score": 0.328
    },
    "wallets.html": {
      "out": {
        "other": 3
      },
      "score": 0.328
    },
    "tea.html": {
      "out": {
        "other": 3
      },
      "score": 0.328
    },
    "validation.html": {
      "out": {
        "other": 3
      },
      "score": 0.328
    },
    "crowmedicine.com": {
      "out": {
        "other": 2
      },
      "score": 0.255
    },
    "fangisland.com": {
      "out": {
        "other": 2
      },
      "score": 0.255
    },
    "impressions.html": {
      "out": {
        "other": 2
      },
      "score": 0.255
    },
    "thefugees.com": {
      "out": {
        "other": 2
      },
      "score": 0.255
    },
    "auld-reekie.html": {
      "out": {
        "other": 2
      },
      "score": 0.255
    },
    "the-sounds.com": {
      "out": {
        "other": 2
      },
      "score": 0.255
    },
    "economics.html": {
      "out": {
        "other": 2
      },
      "score": 0.255
    },
    "groove-coverage.de": {
      "out": {
        "other": 2
      },
      "score": 0.255
    },
    "styling-travails.html": {
      "out": {
        "other": 2
      },
      "score": 0.255
    },
    "www.thecure.com": {
      "out": {
        "other": 2
      },
      "score": 0.255
    },
    "drevermccuskerwoomble.com": {
      "out": {
        "other": 2
      },
      "score": 0.255
    },
    "quantum-of-science.html": {
      "out": {
        "other": 2
      },
      "score": 0.255
    },
    "thekillersmusic.com": {
      "out": {
        "other": 2
      },
      "score": 0.255
    },
    "book-review.html": {
      "out": {
        "other": 2
      },
      "score": 0.255
    },
    "sleeping-through-earthquakes.html": {
      "out": {
        "other": 2
      },
      "score": 0.255
    },
    "www.apple.com": {
      "out": {
        "other": 2
      },
      "score": 0.255
    },
    "encoding.html": {
      "out": {
        "other": 2
      },
      "score": 0.255
    },
    "glass.html": {
      "out": {
        "other": 2
      },
      "score": 0.255
    },
    "katebush.com": {
      "out": {
        "other": 2
      },
      "score": 0.255
    },
    "nothing-better.html": {
      "out": {
        "other": 2
      },
      "score": 0.255
    },
    "time-compass.html": {
      "out": {
        "other": 2
      },
      "score": 0.255
    },
    "www.krisdrever.com": {
      "out": {
        "other": 2
      },
      "score": 0.255
    },
    "caledonia.html": {
      "out": {
        "other": 2
      },
      "score": 0.255
    },
    "in-the-open.html": {
      "out": {
        "other": 2
      },
      "score": 0.255
    },
    "robertaflack.com": {
      "out": {
        "other": 2
      },
      "score": 0.255
    },
    "sigur-ros.co.uk": {
      "out": {
        "other": 2
      },
      "score": 0.255
    },
    "whitestripes.com": {
      "out": {
        "other": 2
      },
      "score": 0.255
    },
    "www.classiccat.net": {
      "out": {
        "other": 2
      },
      "score": 0.255
    },
    "www.idlewild.co.uk": {
      "out": {
        "other": 2
      },
      "score": 0.255
    },
    "batteries-not-included.html": {
      "out": {
        "other": 2
      },
      "score": 0.255
    },
    "fading-away.html": {
      "out": {
        "other": 2
      },
      "score": 0.255
    },
    "garypuckettmusic.com": {
      "out": {
        "other": 2
      },
      "score": 0.255
    },
    "geo.itunes.apple.com": {
      "out": {
        "other": 2
      },
      "score": 0.255
    },
    "clouds-edged-with-golden-lace.html": {
      "out": {
        "other": 2
      },
      "score": 0.255
    },
    "times-change.html": {
      "out": {
        "other": 2
      },
      "score": 0.255
    },
    "walk-away.html": {
      "out": {
        "other": 2
      },
      "score": 0.255
    },
    "foofighters.com": {
      "out": {
        "other": 2
      },
      "score": 0.255
    },
    "idlewild.co.uk": {
      "out": {
        "other": 2
      },
      "score": 0.255
    },
    "cardsagainsthumanity.com": {
      "out": {
        "other": 2
      },
      "score": 0.255
    },
    "micro-four-thirds.html": {
      "out": {
        "other": 2
      },
      "score": 0.255
    },
    "www.npr.org": {
      "out": {
        "other": 2
      },
      "score": 0.255
    },
    "bl.mcni.ch": {
      "out": {
        "other": 2
      },
      "score": 0.255
    },
    "glasvegas.net": {
      "out": {
        "other": 2
      },
      "score": 0.255
    },
    "oasisinet.com": {
      "out": {
        "other": 2
      },
      "score": 0.255
    },
    "www.thesixtyone.com": {
      "out": {
        "other": 2
      },
      "score": 0.255
    },
    "stubborn-love.html": {
      "out": {
        "other": 2
      },
      "score": 0.255
    },
    "dvorak.html": {
      "out": {
        "other": 2
      },
      "score": 0.255
    },
    "tvtropes.org": {
      "out": {
        "other": 2
      },
      "score": 0.255
    },
    "www.thekillersmusic.com": {
      "out": {
        "other": 2
      },
      "score": 0.255
    },
    "teenagefanclub.com": {
      "out": {
        "other": 2
      },
      "score": 0.255
    },
    "abinner.com": {
      "out": {
        "other": 2
      },
      "score": 0.255
    },
    "amymacdonald.co.uk": {
      "out": {
        "other": 2
      },
      "score": 0.255
    },
    "breabach.com": {
      "out": {
        "other": 2
      },
      "score": 0.255
    },
    "festival.sundance.org": {
      "out": {
        "other": 2
      },
      "score": 0.255
    },
    "object-permanence.html": {
      "out": {
        "other": 2
      },
      "score": 0.255
    },
    "rammstein.de": {
      "out": {
        "other": 2
      },
      "score": 0.255
    },
    "www.tinthepark.com": {
      "out": {
        "other": 2
      },
      "score": 0.255
    },
    "correspondence.html": {
      "out": {
        "other": 2
      },
      "score": 0.255
    },
    "github.com": {
      "out": {
        "other": 2
      },
      "score": 0.255
    },
    "silentbobspeaks.com": {
      "out": {
        "other": 2
      },
      "score": 0.255
    },
    "thepolyphonicspree.com": {
      "out": {
        "other": 2
      },
      "score": 0.255
    },
    "www.spotify.com": {
      "out": {
        "other": 2
      },
      "score": 0.255
    },
    "thebeatles.com": {
      "out": {
        "other": 2
      },
      "score": 0.255
    },
    "apple.com": {
      "out": {
        "other": 2
      },
      "score": 0.255
    },
    "daringfireball.net": {
      "out": {
        "other": 2
      },
      "score": 0.255
    },
    "state-function.html": {
      "out": {
        "other": 2
      },
      "score": 0.255
    },
    "www.drowningpool.com": {
      "out": {
        "other": 2
      },
      "score": 0.255
    },
    "www.shedseven.com": {
      "out": {
        "other": 2
      },
      "score": 0.255
    },
    "adele.tv": {
      "out": {
        "other": 2
      },
      "score": 0.255
    },
    "all-this-and-heaven-too.html": {
      "out": {
        "other": 2
      },
      "score": 0.255
    },
    "norwegian-with-english-subtitles.html": {
      "out": {
        "other": 2
      },
      "score": 0.255
    },
    "paolonutini.com": {
      "out": {
        "other": 2
      },
      "score": 0.255
    },
    "blur.co.uk": {
      "out": {
        "other": 2
      },
      "score": 0.255
    },
    "hcard.html": {
      "out": {
        "other": 2
      },
      "score": 0.255
    },
    "www.euro-fusion.org": {
      "out": {
        "other": 2
      },
      "score": 0.255
    },
    "yeah-you.html": {
      "out": {
        "other": 2
      },
      "score": 0.255
    },
    "beyonceonline.com": {
      "out": {
        "other": 2
      },
      "score": 0.255
    },
    "thewho.com": {
      "out": {
        "other": 2
      },
      "score": 0.255
    },
    "www.chicagomasteringservice.com": {
      "out": {
        "other": 2
      },
      "score": 0.255
    },
    "www.energy-storage.news": {
      "out": {
        "other": 2
      },
      "score": 0.255
    },
    "ice-cream.html": {
      "out": {
        "other": 2
      },
      "score": 0.255
    },
    "lorilieberman.com": {
      "out": {
        "other": 2
      },
      "score": 0.255
    },
    "www.rdio.com": {
      "out": {
        "other": 2
      },
      "score": 0.255
    },
    "its-always-sunny-in-philadelphia.html": {
      "out": {
        "other": 2
      },
      "score": 0.255
    },
    "manuchao.net": {
      "out": {
        "other": 2
      },
      "score": 0.255
    },
    "mrscruff.com": {
      "out": {
        "other": 2
      },
      "score": 0.255
    },
    "gimmegimmes.com": {
      "out": {
        "other": 2
      },
      "score": 0.255
    },
    "nirvana.com": {
      "out": {
        "other": 2
      },
      "score": 0.255
    },
    "gracious.html": {
      "out": {
        "other": 2
      },
      "score": 0.255
    },
    "little-talks.html": {
      "out": {
        "other": 2
      },
      "score": 0.255
    },
    "www.pandora.com": {
      "out": {
        "other": 2
      },
      "score": 0.255
    },
    "angular-momentum.html": {
      "out": {
        "other": 2
      },
      "score": 0.255
    },
    "apologies.html": {
      "out": {
        "other": 2
      },
      "score": 0.255
    },
    "belleandsebastian.com": {
      "out": {
        "other": 2
      },
      "score": 0.255
    },
    "chocolat.html": {
      "out": {
        "other": 2
      },
      "score": 0.255
    },
    "www.soundcloud.com": {
      "out": {
        "other": 2
      },
      "score": 0.255
    },
    "don-mclean.com": {
      "out": {
        "other": 2
      },
      "score": 0.255
    },
    "independent-cinema.html": {
      "out": {
        "other": 2
      },
      "score": 0.255
    },
    "www.impallari.com": {
      "out": {
        "other": 2
      },
      "score": 0.255
    },
    "www.thestrokes.com": {
      "out": {
        "other": 2
      },
      "score": 0.255
    },
    "canonical-data-store.html": {
      "out": {
        "other": 2
      },
      "score": 0.255
    },
    "motto.html": {
      "out": {
        "other": 2
      },
      "score": 0.255
    },
    "www.guardian.co.uk": {
      "out": {
        "other": 2
      },
      "score": 0.255
    },
    "crystalfighters.com": {
      "out": {
        "other": 2
      },
      "score": 0.255
    },
    "data-redundancy.html": {
      "out": {
        "other": 2
      },
      "score": 0.255
    },
    "garbage.com": {
      "out": {
        "other": 2
      },
      "score": 0.255
    },
    "spelling-test.html": {
      "out": {
        "other": 2
      },
      "score": 0.255
    },
    "time.html": {
      "out": {
        "other": 2
      },
      "score": 0.255
    },
    "dollypartonmusic.net": {
      "out": {
        "other": 2
      },
      "score": 0.255
    },
    "schifrin.com": {
      "out": {
        "other": 2
      },
      "score": 0.255
    },
    "www.glasgowsciencecentre.org": {
      "out": {
        "other": 2
      },
      "score": 0.255
    },
    "www.python.org": {
      "out": {
        "other": 2
      },
      "score": 0.255
    },
    "florenceandthemachine.net": {
      "out": {
        "other": 2
      },
      "score": 0.255
    },
    "radiohead.com": {
      "out": {
        "other": 2
      },
      "score": 0.255
    },
    "www.getsongbird.com": {
      "out": {
        "other": 2
      },
      "score": 0.255
    },
    "cleopatra.html": {
      "out": {
        "other": 2
      },
      "score": 0.255
    },
    "thejacksons.com": {
      "out": {
        "other": 2
      },
      "score": 0.255
    },
    "circadian-rhythms.html": {
      "out": {
        "other": 2
      },
      "score": 0.255
    },
    "thecoral.co.uk": {
      "out": {
        "other": 2
      },
      "score": 0.255
    },
    "www.getsonora.com": {
      "out": {
        "other": 2
      },
      "score": 0.255
    },
    "www.theclash.com": {
      "out": {
        "other": 2
      },
      "score": 0.255
    },
    "xaphoonjones.com": {
      "out": {
        "other": 2
      },
      "score": 0.255
    },
    "katyperry.com": {
      "out": {
        "other": 2
      },
      "score": 0.255
    },
    "www.undiscoveredscotland.co.uk": {
      "out": {
        "other": 2
      },
      "score": 0.255
    },
    "equinox.html": {
      "out": {
        "other": 2
      },
      "score": 0.255
    },
    "stars.html": {
      "out": {
        "other": 2
      },
      "score": 0.255
    },
    "thestoneroses.org": {
      "out": {
        "other": 2
      },
      "score": 0.255
    },
    "www.bbc.co.uk": {
      "out": {
        "other": 2
      },
      "score": 0.255
    },
    "www.placeboworld.co.uk": {
      "out": {
        "other": 2
      },
      "score": 0.255
    },
    "db.tt": {
      "out": {
        "other": 2
      },
      "score": 0.255
    },
    "edsheeran.com": {
      "out": {
        "other": 2
      },
      "score": 0.255
    },
    "glencampbellshow.com": {
      "out": {
        "other": 2
      },
      "score": 0.255
    },
    "world-spins-madly-on.html": {
      "out": {
        "other": 2
      },
      "score": 0.255
    },
    "www.theleagueofmoveabletype.com": {
      "out": {
        "other": 2
      },
      "score": 0.255
    },
    "bobdylan.com": {
      "out": {
        "other": 2
      },
      "score": 0.255
    },
    "fangisland.bandcamp.com": {
      "out": {
        "other": 2
      },
      "score": 0.255
    },
    "www.dmcnicholl.net": {
      "out": {
        "other": 2
      },
      "score": 0.255
    },
    "www.esa.int": {
      "out": {
        "other": 2
      },
      "score": 0.255
    },
    "last.fm": {
      "out": {
        "other": 2
      },
      "score": 0.255
    },
    "understanding.html": {
      "out": {
        "other": 2
      },
      "score": 0.255
    },
    "www.nobelprize.org": {
      "out": {
        "other": 2
      },
      "score": 0.255
    },
    "mcni.ch": {
      "out": {
        "other": 1
      },
      "score": 0.127
    },
    "prestressed.html": {
      "out": {
        "other": 1
      },
      "score": 0.127
    },
    "www.musee-rodin.fr": {
      "out": {
        "other": 1
      },
      "score": 0.127
    },
    "www.icloud.com": {
      "out": {
        "other": 1
      },
      "score": 0.127
    },
    "www.musselburgh-racecourse.co.uk": {
      "out": {
        "other": 1
      },
      "score": 0.127
    },
    "www.filmhousecinema.com": {
      "out": {
        "other": 1
      },
      "score": 0.127
    },
    "www.unicode.org": {
      "out": {
        "other": 1
      },
      "score": 0.127
    },
    "www.hotelchocolat.co.uk": {
      "out": {
        "other": 1
      },
      "score": 0.127
    },
    "www.vangoghmuseum.nl": {
      "out": {
        "other": 1
      },
      "score": 0.127
    },
    "mattgemmell.com": {
      "out": {
        "other": 1
      },
      "score": 0.127
    },
    "sass-lang.com": {
      "out": {
        "other": 1
      },
      "score": 0.127
    },
    "www.google.com": {
      "out": {
        "other": 1
      },
      "score": 0.127
    },
    "www.nottingham.ac.uk": {
      "out": {
        "other": 1
      },
      "score": 0.127
    },
    "www.rmg.co.uk": {
      "out": {
        "other": 1
      },
      "score": 0.127
    },
    "netflix.com": {
      "out": {
        "other": 1
      },
      "score": 0.127
    },
    "www.ruby-lang.org": {
      "out": {
        "other": 1
      },
      "score": 0.127
    },
    "dmcnicholl.net": {
      "out": {
        "other": 1
      },
      "score": 0.127
    },
    "twitter.com/robertconcannon": {
      "out": {
        "other": 1
      },
      "score": 0.127
    },
    "www.wnyc.org": {
      "out": {
        "other": 1
      },
      "score": 0.127
    },
    "omz-software.com": {
      "out": {
        "other": 1
      },
      "score": 0.127
    },
    "the-magazine.org": {
      "out": {
        "other": 1
      },
      "score": 0.127
    },
    "www.adaic.org": {
      "out": {
        "other": 1
      },
      "score": 0.127
    },
    "www.picturehouses.co.uk": {
      "out": {
        "other": 1
      },
      "score": 0.127
    },
    "www.waterstones.com": {
      "out": {
        "other": 1
      },
      "score": 0.127
    },
    "smp.uq.edu.au": {
      "out": {
        "other": 1
      },
      "score": 0.127
    },
    "validator.w3.org": {
      "out": {
        "other": 1
      },
      "score": 0.127
    },
    "microformats.org": {
      "out": {
        "other": 1
      },
      "score": 0.127
    },
    "www.h2g2.com": {
      "out": {
        "other": 1
      },
      "score": 0.127
    },
    "scribtex.com": {
      "out": {
        "other": 1
      },
      "score": 0.127
    },
    "andalusian-dog.epub": {
      "out": {
        "other": 1
      },
      "score": 0.127
    },
    "mustache.github.io": {
      "out": {
        "other": 1
      },
      "score": 0.127
    },
    "panic.com": {
      "out": {
        "other": 1
      },
      "score": 0.127
    },
    "www.edinburghbookshop.com": {
      "out": {
        "other": 1
      },
      "score": 0.127
    },
    "longnow.org": {
      "out": {
        "other": 1
      },
      "score": 0.127
    },
    "mobile.twitter.com": {
      "out": {
        "other": 1
      },
      "score": 0.127
    },
    "www.fontsquirrel.com": {
      "out": {
        "other": 1
      },
      "score": 0.127
    },
    "youtube.com": {
      "out": {
        "other": 1
      },
      "score": 0.127
    },
    "www.nationalgalleries.org": {
      "out": {
        "other": 1
      },
      "score": 0.127
    },
    "www.orkneyicecream.com": {
      "out": {
        "other": 1
      },
      "score": 0.127
    },
    "www.theatlantic.com": {
      "out": {
        "other": 1
      },
      "score": 0.127
    },
    "theleagueof.github.io": {
      "out": {
        "other": 1
      },
      "score": 0.127
    },
    "web.archive.org": {
      "out": {
        "other": 1
      },
      "score": 0.127
    },
    "whispersystems.org": {
      "out": {
        "other": 1
      },
      "score": 0.127
    },
    "www.booksatoz.com": {
      "out": {
        "other": 1
      },
      "score": 0.127
    },
    "gallery": {
      "out": {
        "other": 1
      },
      "score": 0.127
    },
    "pelican.readthedocs.org": {
      "out": {
        "other": 1
      },
      "score": 0.127
    },
    "www.zavvi.com": {
      "out": {
        "other": 1
      },
      "score": 0.127
    },
    "www.slate.com": {
      "out": {
        "other": 1
      },
      "score": 0.127
    },
    "mikeshea.net": {
      "out": {
        "other": 1
      },
      "score": 0.127
    },
    "www.digitalocean.com": {
      "out": {
        "other": 1
      },
      "score": 0.127
    },
    "pgpeverywhere.com": {
      "out": {
        "other": 1
      },
      "score": 0.127
    },
    "chatsecure.org": {
      "out": {
        "other": 1
      },
      "score": 0.127
    },
    "www.cantab.net": {
      "out": {
        "other": 1
      },
      "score": 0.127
    },
    "conversations.im": {
      "out": {
        "other": 1
      },
      "score": 0.127
    },
    "getcloudapp.com": {
      "out": {
        "other": 1
      },
      "score": 0.127
    },
    "medialoot.com": {
      "out": {
        "other": 1
      },
      "score": 0.127
    },
    "happy-new-year.html": {
      "out": {
        "other": 1
      },
      "score": 0.127
    },
    "www.filmsite.org": {
      "out": {
        "other": 1
      },
      "score": 0.127
    },
    "www.lorettoschool.co.uk": {
      "out": {
        "other": 1
      },
      "score": 0.127
    },
    "www.philip-pullman.com": {
      "out": {
        "other": 1
      },
      "score": 0.127
    },
    "www.artisanroast.co.uk": {
      "out": {
        "other": 1
      },
      "score": 0.127
    },
    "aws.amazon.com": {
      "out": {
        "other": 1
      },
      "score": 0.127
    },
    "eurofurence.net": {
      "out": {
        "other": 1
      },
      "score": 0.127
    },
    "www.foxsearchlight.com": {
      "out": {
        "other": 1
      },
      "score": 0.127
    },
    "www.gov.uk": {
      "out": {
        "other": 1
      },
      "score": 0.127
    },
    "www.newyorker.com": {
      "out": {
        "other": 1
      },
      "score": 0.127
    },
    "blog": {
      "out": {
        "other": 1
      },
      "score": 0.127
    },
    "minilock.io": {
      "out": {
        "other": 1
      },
      "score": 0.127
    },
    "www.trin.cam.ac.uk": {
      "out": {
        "other": 1
      },
      "score": 0.127
    },
    "nanowrimo.org": {
      "out": {
        "other": 1
      },
      "score": 0.127
    },
    "www.open-std.org": {
      "out": {
        "other": 1
      },
      "score": 0.127
    },
    "www.s-luca.co.uk": {
      "out": {
        "other": 1
      },
      "score": 0.127
    },
    "www.dominioncinemas.net": {
      "out": {
        "other": 1
      },
      "score": 0.127
    },
    "www.youtube.com": {
      "out": {
        "other": 1
      },
      "score": 0.127
    }
  }
}