{
  "domain": "daisystanton.blogspot.com",
  "urls": [
    "http://daisystanton.blogspot.com/"
  ],
  "names": [
    "youwot?"
  ],
  "descriptions": [],
  "pictures": [
    "http://daisystanton.blogspot.com/favicon.ico"
  ],
  "hcard": {},
  "rel_mes": [
    "https://plus.google.com/103965006877318223800"
  ],
  "crawl_start": "2017-04-28T05:16:19",
  "crawl_end": "2017-04-28T05:16:19",
  "num_pages": 1,
  "total_html_size": 17825,
  "servers": [
    "GSE"
  ],
  "tags": [
    "relme",
    "bridgy"
  ],
  "endpoints": {},
  "links_out": 0,
  "links_in": 21,
  "links": {
    "brid.gy": {
      "in": {
        "other": 20
      },
      "score": 1
    },
    "snarfed.org": {
      "in": {
        "like-of": 1
      },
      "score": 0.231
    }
  }
}