{
  "domain": "daiyi.co",
  "urls": [
    "http://daiyi.co"
  ],
  "names": [
    "chris⚡ / daiyi!",
    "daiyi! on the internet.",
    "daiyi! on the internet"
  ],
  "descriptions": [
    "wayward alpinist, hitchhiker, and technomancer",
    "daiyi is a smol alpinist, hitchhiker, and technomancer from California",
    "daiyi is a smol alpinist, hitchhiker, and technomancer from Californias"
  ],
  "pictures": [
    "http://daiyi.co/static/daiyi_ny.jpg"
  ],
  "hcard": {
    "properties": {
      "name": [
        "chris⚡ / daiyi!"
      ],
      "note": [
        "wayward alpinist, hitchhiker, and technomancer"
      ],
      "url": [
        "http://daiyi.co"
      ]
    },
    "type": [
      "h-card"
    ]
  },
  "rel_mes": [
    "http://daiyi.co",
    "http://daiyi.co/blog",
    "http://daiyi.tumblr.com/tagged/original_art",
    "http://daiyi.co/photography",
    "mailto:daiyitastic@gmail.com",
    "https://github.com/daiyi",
    "https://twitter.com/daiyitastic",
    "http://daiyi.tumblr.com",
    "https://www.trustroots.org/profile/daiyi",
    "https://www.facebook.com/daiyitastic",
    "https://www.instagram.com/daiyitastic"
  ],
  "tags": [
    "relme"
  ],
  "endpoints": {},
  "crawl_start": "2017-06-11T14:41:38.845823",
  "crawl_end": "2017-06-11T14:41:38.845823",
  "links_out": 0,
  "links_in": 10,
  "links": {
    "www.daiyi.co": {
      "in": {
        "other": 8
      },
      "score": 1
    },
    "indieweb.org": {
      "in": {
        "other": 2
      },
      "score": 0.333
    }
  }
}