{
  "domain": "daltoncaldwell.com",
  "urls": [
    "http://daltoncaldwell.com"
  ],
  "names": [
    "Dalton Caldwell",
    "Dalton Caldwell on Svbtle"
  ],
  "descriptions": [
    "Dalton Caldwell | Partner @ Y Combinator"
  ],
  "pictures": [
    "https://d1yg14i6wd46hx.cloudfront.net/assets/favicon-5ed3591b57f6a4f0d5cb82c6680b33bb1058fe757c71ccb094952824e7e00b17.ico",
    "https://d2l2xugcou6irs.cloudfront.net/svbtle_logo.png"
  ],
  "hcard": {},
  "rel_mes": [],
  "crawl_start": "2017-06-09T17:35:25",
  "crawl_end": "2017-06-09T17:35:48",
  "num_pages": 42,
  "total_html_size": 597338,
  "servers": [
    "nginx",
    "Svbtle.com"
  ],
  "tags": [],
  "endpoints": {},
  "links_out": 336,
  "links_in": 140,
  "links": {
    "svbtle.com": {
      "out": {
        "other": 294
      },
      "score": 1
    },
    "facebook.com/dalton.caldwell": {
      "out": {
        "other": 42
      },
      "score": 0.694
    },
    "aaronparecki.com": {
      "in": {
        "other": 21,
        "bookmark-of": 20
      },
      "score": 0.644
    },
    "indieweb.org": {
      "in": {
        "other": 20
      },
      "score": 0.470
    },
    "notiz.blog": {
      "in": {
        "other": 17
      },
      "score": 0.444
    },
    "www.manton.org": {
      "in": {
        "other": 17
      },
      "score": 0.444
    },
    "techlifeweb.com": {
      "in": {
        "other": 11
      },
      "score": 0.376
    },
    "colinwalker.blog": {
      "in": {
        "other": 8
      },
      "score": 0.326
    },
    "petermolnar.net": {
      "in": {
        "bookmark-of": 4
      },
      "score": 0.326
    },
    "cdevroe.com": {
      "in": {
        "other": 7
      },
      "score": 0.306
    },
    "chat.indieweb.org": {
      "in": {
        "other": 6
      },
      "score": 0.281
    },
    "paulrobertlloyd.com": {
      "in": {
        "other": 4
      },
      "score": 0.218
    },
    "conoroneill.net": {
      "in": {
        "other": 2
      },
      "score": 0.109
    },
    "noahread.net": {
      "in": {
        "other": 1
      },
      "score": 0
    },
    "lifestreamblog.com": {
      "in": {
        "other": 1
      },
      "score": 0
    },
    "pfauth.com": {
      "in": {
        "other": 1
      },
      "score": 0
    }
  }
}