{
  "domain": "danbri.org",
  "urls": [
    "http://danbri.org/"
  ],
  "names": [
    "Dan Brickley"
  ],
  "descriptions": [],
  "pictures": [],
  "hcard": {},
  "rel_mes": [
    "http://danbri.org/words/",
    "https://twitter.com/danbri",
    "http://www.linkedin.com/in/danbri"
  ],
  "crawl_start": "2017-04-24T02:34:55",
  "crawl_end": "2017-04-24T02:34:55",
  "num_pages": 1,
  "total_html_size": 1824,
  "servers": [
    "Apache (Ubuntu)"
  ],
  "tags": [
    "relme",
    "IRC"
  ],
  "endpoints": {},
  "links_out": 3,
  "links_in": 649,
  "links": {
    "indieweb.org": {
      "in": {
        "other": 183
      },
      "score": 1
    },
    "chat.indieweb.org": {
      "in": {
        "other": 145
      },
      "score": 0.956
    },
    "adactio.com": {
      "in": {
        "other": 138
      },
      "score": 0.946
    },
    "tommorris.org": {
      "in": {
        "other": 71
      },
      "score": 0.818
    },
    "www.funnymonkey.com": {
      "in": {
        "other": 45
      },
      "score": 0.731
    },
    "notiz.blog": {
      "in": {
        "other": 24
      },
      "score": 0.610
    },
    "thunk.coffeecode.ca": {
      "in": {
        "other": 16
      },
      "score": 0.532
    },
    "fberriman.com": {
      "in": {
        "other": 13
      },
      "score": 0.491
    },
    "inkdroid.org": {
      "in": {
        "other": 5
      },
      "score": 0.309
    },
    "www.ftrain.com": {
      "in": {
        "other": 4
      },
      "score": 0.267
    },
    "www.1500wordmtu.com": {
      "in": {
        "other": 2
      },
      "score": 0.133
    },
    "cv": {
      "out": {
        "other": 1
      },
      "score": 0.133
    },
    "www.linkedin.com": {
      "out": {
        "other": 1
      },
      "score": 0.133
    },
    "twitter.com/danbri": {
      "out": {
        "other": 1
      },
      "score": 0.133
    },
    "www.downes.ca": {
      "in": {
        "other": 2
      },
      "score": 0.133
    },
    "glennjones.net": {
      "in": {
        "other": 1
      },
      "score": 0
    }
  }
}