{
  "domain": "danielindqvist.withknown.com",
  "urls": [
    "http://danielindqvist.withknown.com/profile/linqan",
    "https://twitter.com/danielindqvist",
    "http://instagram.com/danielindqvist"
  ],
  "names": [
    "Daniel Lindqvist",
    "Discovering Daniel Lindqvist"
  ],
  "descriptions": [
    "Slightly taller than average, loving father of two and husband of a true geek.",
    "The life and adventures of Daniel Lindqvist. Slightly taller than average, loving father of two, and husband of a beautiful true geek."
  ],
  "pictures": [
    "http://danielindqvist.withknown.com/file/9d8bb6e7afc380f51b3cee708bcba097"
  ],
  "hcard": {
    "properties": {
      "name": [
        "Daniel Lindqvist"
      ],
      "note": [
        {
          "html": "<div class=\"highlightedText\">\n<p>Slightly taller than average, loving father of two and husband of a true geek.</p>\n</div> ",
          "value": "\nSlightly taller than average, loving father of two and husband of a true geek.\n "
        }
      ],
      "photo": [
        "http://danielindqvist.withknown.com/file/9d8bb6e7afc380f51b3cee708bcba097"
      ],
      "profile": [
        "Daniel Lindqvist"
      ],
      "url": [
        "http://danielindqvist.withknown.com/profile/linqan",
        "http://danielindqvist.withknown.com/profile/linqan",
        "https://twitter.com/danielindqvist",
        "http://instagram.com/danielindqvist"
      ]
    },
    "type": [
      "h-card"
    ]
  },
  "rel_mes": [
    "https://twitter.com/danielindqvist",
    "http://instagram.com/danielindqvist"
  ],
  "crawl_start": "2017-04-28T05:16:28",
  "crawl_end": "2017-04-28T05:28:41",
  "num_pages": 618,
  "total_html_size": 19000376,
  "servers": [
    "Apache",
    "Known"
  ],
  "mf2_classes": [
    "h-card",
    "h-entry",
    "h-cite"
  ],
  "tags": [
    "relme",
    "bridgy",
    "webmention",
    "micropub",
    "authorization",
    "token",
    "websub",
    "Known"
  ],
  "endpoints": {
    "webmention": [
      "http://danielindqvist.withknown.com/webmention/",
      "https://danielindqvist.withknown.com/webmention/"
    ],
    "micropub": [
      "http://danielindqvist.withknown.com/micropub/endpoint",
      "https://danielindqvist.withknown.com/micropub/endpoint"
    ],
    "authorization": [
      "https://danielindqvist.withknown.com/indieauth/auth",
      "http://danielindqvist.withknown.com/indieauth/auth"
    ],
    "token": [
      "https://danielindqvist.withknown.com/indieauth/token",
      "http://danielindqvist.withknown.com/indieauth/token"
    ],
    "websub": [
      "http://withknown.superfeedr.com/"
    ]
  },
  "links_out": 3526,
  "links_in": 31,
  "links": {
    "facebook.com/1279252335": {
      "out": {
        "other": 1324
      },
      "score": 1
    },
    "youtu.be": {
      "out": {
        "in-reply-to": 10,
        "other": 182
      },
      "score": 0.779
    },
    "twitter.com/danielindqvist": {
      "out": {
        "other": 156
      },
      "score": 0.728
    },
    "facebook.com/10204892010812032": {
      "out": {
        "other": 136
      },
      "score": 0.712
    },
    "instagram.com": {
      "out": {
        "other": 116
      },
      "score": 0.692
    },
    "www.youtube.com": {
      "out": {
        "other": 82
      },
      "score": 0.647
    },
    "facebook.com/10152527923397131": {
      "out": {
        "other": 76
      },
      "score": 0.637
    },
    "facebook.com/1047340988614357": {
      "out": {
        "other": 76
      },
      "score": 0.637
    },
    "facebook.com/1051497148209077": {
      "out": {
        "other": 60
      },
      "score": 0.608
    },
    "werd.io": {
      "out": {
        "other": 8
      },
      "in": {
        "in-reply-to": 15
      },
      "score": 0.572
    },
    "facebook.com/10153497010027656": {
      "out": {
        "other": 44
      },
      "score": 0.569
    },
    "facebook.com/515970711668": {
      "out": {
        "other": 40
      },
      "score": 0.556
    },
    "facebook.com/10203594580564663": {
      "out": {
        "other": 32
      },
      "score": 0.528
    },
    "play.google.com": {
      "out": {
        "other": 30
      },
      "score": 0.519
    },
    "facebook.com/10153034117197429": {
      "out": {
        "other": 28
      },
      "score": 0.511
    },
    "facebook.com/876659929051681": {
      "out": {
        "other": 28
      },
      "score": 0.511
    },
    "facebook.com/10153046227205775": {
      "out": {
        "other": 28
      },
      "score": 0.511
    },
    "facebook.com/10206035818557338": {
      "out": {
        "other": 28
      },
      "score": 0.511
    },
    "facebook.com/10152972330675306": {
      "out": {
        "other": 24
      },
      "score": 0.491
    },
    "facebook.com/10152699540327684": {
      "out": {
        "other": 24
      },
      "score": 0.491
    },
    "facebook.com/10153522551175968": {
      "out": {
        "other": 24
      },
      "score": 0.491
    },
    "facebook.com/10100783868248729": {
      "out": {
        "other": 24
      },
      "score": 0.491
    },
    "www.engadget.com": {
      "out": {
        "other": 20
      },
      "score": 0.468
    },
    "www.theverge.com": {
      "out": {
        "other": 20
      },
      "score": 0.468
    },
    "facebook.com/792667027477757": {
      "out": {
        "other": 20
      },
      "score": 0.468
    },
    "www.wired.com": {
      "out": {
        "other": 18
      },
      "score": 0.454
    },
    "urskola.se": {
      "out": {
        "other": 18
      },
      "score": 0.454
    },
    "facebook.com/10152716240811752": {
      "out": {
        "other": 16
      },
      "score": 0.440
    },
    "facebook.com/1589333581278276": {
      "out": {
        "other": 16
      },
      "score": 0.440
    },
    "facebook.com/10206016471351711": {
      "out": {
        "other": 16
      },
      "score": 0.440
    },
    "facebook.com/10152802351057885": {
      "out": {
        "other": 16
      },
      "score": 0.440
    },
    "facebook.com/10205695279842493": {
      "out": {
        "other": 16
      },
      "score": 0.440
    },
    "facebook.com/790558814347465": {
      "out": {
        "other": 16
      },
      "score": 0.440
    },
    "facebook.com/321223171419990": {
      "out": {
        "other": 16
      },
      "score": 0.440
    },
    "facebook.com/10153550808924488": {
      "out": {
        "other": 16
      },
      "score": 0.440
    },
    "facebook.com/10152804827349818": {
      "out": {
        "other": 16
      },
      "score": 0.440
    },
    "www.npr.org": {
      "out": {
        "other": 14
      },
      "score": 0.423
    },
    "facebook.com/10152502083167364": {
      "out": {
        "other": 12
      },
      "score": 0.404
    },
    "facebook.com/10205073107401133": {
      "out": {
        "other": 12
      },
      "score": 0.404
    },
    "facebook.com/10152659557955458": {
      "out": {
        "other": 12
      },
      "score": 0.404
    },
    "facebook.com/10155164515480323": {
      "out": {
        "other": 12
      },
      "score": 0.404
    },
    "facebook.com/10152960685891259": {
      "out": {
        "other": 12
      },
      "score": 0.404
    },
    "facebook.com/10204749062306475": {
      "out": {
        "other": 12
      },
      "score": 0.404
    },
    "facebook.com/803092696437918": {
      "out": {
        "other": 12
      },
      "score": 0.404
    },
    "facebook.com/10152497742405927": {
      "out": {
        "other": 12
      },
      "score": 0.404
    },
    "facebook.com/10152533549651607": {
      "out": {
        "other": 12
      },
      "score": 0.404
    },
    "arstechnica.com": {
      "out": {
        "other": 10
      },
      "score": 0.381
    },
    "www.filmspotting.net": {
      "out": {
        "other": 10
      },
      "score": 0.381
    },
    "www.wired.co.uk": {
      "out": {
        "other": 10
      },
      "score": 0.381
    },
    "gigaom.com": {
      "out": {
        "other": 10
      },
      "score": 0.381
    },
    "t.co": {
      "out": {
        "other": 10
      },
      "score": 0.381
    },
    "makerba.se": {
      "out": {
        "other": 10
      },
      "score": 0.381
    },
    "www.hondatheotherside.com": {
      "out": {
        "other": 10
      },
      "score": 0.381
    },
    "www.iflscience.com": {
      "out": {
        "other": 10
      },
      "score": 0.381
    },
    "www.adweek.com": {
      "out": {
        "other": 10
      },
      "score": 0.381
    },
    "www.ted.com": {
      "out": {
        "other": 10
      },
      "score": 0.381
    },
    "www.geeksofdoom.com": {
      "out": {
        "other": 10
      },
      "score": 0.381
    },
    "theta360.com": {
      "out": {
        "other": 10
      },
      "score": 0.381
    },
    "appinventor.mit.edu": {
      "out": {
        "other": 10
      },
      "score": 0.381
    },
    "chrome.google.com": {
      "out": {
        "other": 10
      },
      "score": 0.381
    },
    "www.androidcentral.com": {
      "out": {
        "other": 10
      },
      "score": 0.381
    },
    "facebook.com/10155882329935704": {
      "out": {
        "other": 8
      },
      "score": 0.352
    },
    "facebook.com/684617130": {
      "out": {
        "other": 8
      },
      "score": 0.352
    },
    "facebook.com/10153109602852704": {
      "out": {
        "other": 8
      },
      "score": 0.352
    },
    "facebook.com/10206012522782120": {
      "out": {
        "other": 8
      },
      "score": 0.352
    },
    "withknown.com": {
      "out": {
        "other": 8
      },
      "score": 0.352
    },
    "facebook.com/10152667868730893": {
      "out": {
        "other": 8
      },
      "score": 0.352
    },
    "facebook.com/538473982922358": {
      "out": {
        "other": 8
      },
      "score": 0.352
    },
    "facebook.com/800796073321126": {
      "out": {
        "other": 8
      },
      "score": 0.352
    },
    "facebook.com/10153091381815844": {
      "out": {
        "other": 8
      },
      "score": 0.352
    },
    "facebook.com/10152671367715897": {
      "out": {
        "other": 8
      },
      "score": 0.352
    },
    "facebook.com/10153039612729738": {
      "out": {
        "other": 8
      },
      "score": 0.352
    },
    "facebook.com/10205959898374148": {
      "out": {
        "other": 8
      },
      "score": 0.352
    },
    "facebook.com/736486258": {
      "out": {
        "other": 8
      },
      "score": 0.352
    },
    "facebook.com/10152506756767260": {
      "out": {
        "other": 8
      },
      "score": 0.352
    },
    "facebook.com/981570151872050": {
      "out": {
        "other": 8
      },
      "score": 0.352
    },
    "twitter.com/withknown": {
      "out": {
        "other": 8
      },
      "score": 0.352
    },
    "facebook.com/837007299674820": {
      "out": {
        "other": 8
      },
      "score": 0.352
    },
    "facebook.com/10152707951962582": {
      "out": {
        "other": 8
      },
      "score": 0.352
    },
    "facebook.com/964047660279512": {
      "out": {
        "other": 8
      },
      "score": 0.352
    },
    "facebook.com/100002034000141": {
      "out": {
        "other": 8
      },
      "score": 0.352
    },
    "crenguta.wordpress.com": {
      "out": {
        "other": 8
      },
      "score": 0.352
    },
    "facebook.com/10153521141843154": {
      "out": {
        "other": 8
      },
      "score": 0.352
    },
    "facebook.com/10152997413892401": {
      "out": {
        "other": 8
      },
      "score": 0.352
    },
    "facebook.com/10153015208587421": {
      "out": {
        "other": 8
      },
      "score": 0.352
    },
    "facebook.com/10153052960691873": {
      "out": {
        "other": 8
      },
      "score": 0.352
    },
    "facebook.com/10153436002857254": {
      "out": {
        "other": 8
      },
      "score": 0.352
    },
    "twitter.com/AndroideForero": {
      "out": {
        "other": 6
      },
      "score": 0.315
    },
    "Ericsson.com": {
      "out": {
        "other": 6
      },
      "score": 0.315
    },
    "3-e.se": {
      "out": {
        "other": 6
      },
      "score": 0.315
    },
    "brid.gy": {
      "in": {
        "other": 11
      },
      "score": 0.305
    },
    "facebook.com/10153047416834804": {
      "out": {
        "other": 4
      },
      "score": 0.264
    },
    "twitter.com/thetanaut": {
      "out": {
        "other": 4
      },
      "score": 0.264
    },
    "facebook.com/10153063408512616": {
      "out": {
        "other": 4
      },
      "score": 0.264
    },
    "facebook.com/583532420": {
      "out": {
        "other": 4
      },
      "score": 0.264
    },
    "facebook.com/10153563843458047": {
      "out": {
        "other": 4
      },
      "score": 0.264
    },
    "twitter.com/MissVariychuk": {
      "out": {
        "other": 4
      },
      "score": 0.264
    },
    "facebook.com/1470471309941476": {
      "out": {
        "other": 4
      },
      "score": 0.264
    },
    "twitter.com/radutz": {
      "out": {
        "other": 4
      },
      "score": 0.264
    },
    "facebook.com/10206142787601599": {
      "out": {
        "other": 4
      },
      "score": 0.264
    },
    "facebook.com/840505079323990": {
      "out": {
        "other": 4
      },
      "score": 0.264
    },
    "facebook.com/10153086598449680": {
      "out": {
        "other": 4
      },
      "score": 0.264
    },
    "facebook.com/10153910701229769": {
      "out": {
        "other": 4
      },
      "score": 0.264
    },
    "facebook.com/628752655": {
      "out": {
        "other": 4
      },
      "score": 0.264
    },
    "facebook.com/10153598990707785": {
      "out": {
        "other": 4
      },
      "score": 0.264
    },
    "facebook.com/10152989003335269": {
      "out": {
        "other": 4
      },
      "score": 0.264
    },
    "facebook.com/10153250288932798": {
      "out": {
        "other": 4
      },
      "score": 0.264
    },
    "facebook.com/10153988247052195": {
      "out": {
        "other": 4
      },
      "score": 0.264
    },
    "facebook.com/1174075485941128": {
      "out": {
        "other": 4
      },
      "score": 0.264
    },
    "facebook.com/614504668652927": {
      "out": {
        "other": 4
      },
      "score": 0.264
    },
    "facebook.com/10153530706821170": {
      "out": {
        "other": 4
      },
      "score": 0.264
    },
    "google.es": {
      "out": {
        "other": 4
      },
      "score": 0.264
    },
    "facebook.com/800514770018566": {
      "out": {
        "other": 4
      },
      "score": 0.264
    },
    "facebook.com/10152654215866009": {
      "out": {
        "other": 4
      },
      "score": 0.264
    },
    "facebook.com/10152699468651794": {
      "out": {
        "other": 4
      },
      "score": 0.264
    },
    "facebook.com/1062678777091181": {
      "out": {
        "other": 4
      },
      "score": 0.264
    },
    "facebook.com/1258844316": {
      "out": {
        "other": 4
      },
      "score": 0.264
    },
    "twitter.com/unicornforce": {
      "out": {
        "other": 4
      },
      "score": 0.264
    },
    "twitter.com/womens___shoes": {
      "out": {
        "other": 4
      },
      "score": 0.264
    },
    "facebook.com/756522683": {
      "out": {
        "other": 4
      },
      "score": 0.264
    },
    "facebook.com/10153473965140270": {
      "out": {
        "other": 4
      },
      "score": 0.264
    },
    "facebook.com/1220073156": {
      "out": {
        "other": 4
      },
      "score": 0.264
    },
    "facebook.com/10153035739373498": {
      "out": {
        "other": 4
      },
      "score": 0.264
    },
    "facebook.com/10203466124572912": {
      "out": {
        "other": 4
      },
      "score": 0.264
    },
    "facebook.com/10152842159087517": {
      "out": {
        "other": 4
      },
      "score": 0.264
    },
    "facebook.com/796894790376919": {
      "out": {
        "other": 4
      },
      "score": 0.264
    },
    "facebook.com/10153538414087166": {
      "out": {
        "other": 4
      },
      "score": 0.264
    },
    "facebook.com/1043778718985102": {
      "out": {
        "other": 4
      },
      "score": 0.264
    },
    "facebook.com/10202496469611768": {
      "out": {
        "other": 4
      },
      "score": 0.264
    },
    "twitter.com/iamaroadtrip": {
      "out": {
        "other": 4
      },
      "score": 0.264
    },
    "facebook.com/10152889719984902": {
      "out": {
        "other": 4
      },
      "score": 0.264
    },
    "facebook.com/10152906904423780": {
      "out": {
        "other": 4
      },
      "score": 0.264
    },
    "facebook.com/10152577449526615": {
      "out": {
        "other": 4
      },
      "score": 0.264
    },
    "facebook.com/10153068301464289": {
      "out": {
        "other": 4
      },
      "score": 0.264
    },
    "facebook.com/10207598625663530": {
      "out": {
        "other": 4
      },
      "score": 0.264
    },
    "facebook.com/530312259": {
      "out": {
        "other": 4
      },
      "score": 0.264
    },
    "facebook.com/10152982378541083": {
      "out": {
        "other": 4
      },
      "score": 0.264
    },
    "twitter.com/mobileinformat1": {
      "out": {
        "other": 4
      },
      "score": 0.264
    },
    "facebook.com/100001800624648": {
      "out": {
        "other": 4
      },
      "score": 0.264
    },
    "facebook.com/10153459603964788": {
      "out": {
        "other": 4
      },
      "score": 0.264
    },
    "facebook.com/788455961202169": {
      "out": {
        "other": 4
      },
      "score": 0.264
    },
    "facebook.com/10152655237326519": {
      "out": {
        "other": 4
      },
      "score": 0.264
    },
    "twitter.com/MsBarbaraGordon": {
      "out": {
        "other": 4
      },
      "score": 0.264
    },
    "indieweb.org": {
      "in": {
        "other": 2
      },
      "score": 0.0879
    },
    "stream.withknown.com": {
      "in": {
        "other": 2
      },
      "score": 0.0879
    },
    "chat.indieweb.org": {
      "in": {
        "other": 1
      },
      "score": 0
    }
  }
}