{
  "domain": "danielkoening.de",
  "urls": [
    "http://danielkoening.de/"
  ],
  "names": [
    "daniel koening - webdesign & development - dÃ¼sseldorf"
  ],
  "descriptions": [
    "Information and Contact-Details for Daniel Koening, Print and Web Design & Development,  Freelancer, Düsseldorf, Germany"
  ],
  "pictures": [],
  "hcard": {},
  "rel_mes": [
    "sms:+491702072731",
    "mailto:info@danielkoening.de",
    "http://www.roninarts.de",
    "https://www.xing.com/profile/Daniel_Koening",
    "https://de.linkedin.com/in/danielkoening",
    "https://twitter.com/silentdan",
    "https://github.com/silentdan"
  ],
  "crawl_start": "2017-06-09T17:35:50",
  "crawl_end": "2017-06-09T17:35:50",
  "num_pages": 1,
  "total_html_size": 1948,
  "servers": [
    "Apache"
  ],
  "mf2_classes": [
    "h-card"
  ],
  "tags": [
    "relme"
  ],
  "endpoints": {},
  "links_out": 6,
  "links_in": 20,
  "links": {
    "indieweb.org": {
      "in": {
        "other": 14
      },
      "score": 1
    },
    "chat.indieweb.org": {
      "in": {
        "other": 6
      },
      "score": 0.678
    },
    "sms": {
      "out": {
        "other": 1
      },
      "score": 0.262
    },
    "twitter.com/silentdan": {
      "out": {
        "other": 1
      },
      "score": 0.262
    },
    "www.roninarts.de": {
      "out": {
        "other": 1
      },
      "score": 0.262
    },
    "www.xing.com": {
      "out": {
        "other": 1
      },
      "score": 0.262
    },
    "github.com": {
      "out": {
        "other": 1
      },
      "score": 0.262
    },
    "de.linkedin.com": {
      "out": {
        "other": 1
      },
      "score": 0.262
    }
  }
}