{
  "domain": "danielpietzsch.com",
  "urls": [
    "http://www.danielpietzsch.com"
  ],
  "names": [
    "Daniel Pietzsch"
  ],
  "descriptions": [
    "Iâm a professional freelance software developer from DÃ¼sseldorf, Germany. I make software for the web, iOS and Android."
  ],
  "pictures": [
    "http://danielpietzsch.com/daniel_pietzsch_portrait.jpeg",
    "http://danielpietzsch.com/favicon.png"
  ],
  "hcard": {
    "properties": {
      "adr": [
        {
          "properties": {
            "country-name": [
              "Germany"
            ],
            "locality": [
              "DÃ¼sseldorf"
            ],
            "name": [
              "DÃ¼sseldorf, Germany"
            ]
          },
          "type": [
            "h-adr"
          ],
          "value": "DÃ¼sseldorf, Germany"
        }
      ],
      "job-title": [
        "software developer"
      ],
      "name": [
        "Daniel Pietzsch"
      ],
      "note": [
        "Iâm a professional freelance software developer from DÃ¼sseldorf, Germany. I make software for the web, iOS and Android."
      ],
      "photo": [
        "http://danielpietzsch.com/daniel_pietzsch_portrait.jpeg"
      ],
      "url": [
        "http://www.danielpietzsch.com"
      ]
    },
    "type": [
      "h-card"
    ]
  },
  "rel_mes": [
    "http://www.danielpietzsch.com",
    "http://photojournal.danielpietzsch.com",
    "http://blog.danielpietzsch.com",
    "http://danielandnicole.net",
    "https://twitter.com/danielpietzsch",
    "https://www.flickr.com/people/pie4dan/",
    "https://github.com/danielpietzsch",
    "http://stackexchange.com/users/72925/daniel-pietzsch",
    "https://www.xing.com/profile/Daniel_Pietzsch2",
    "https://www.linkedin.com/in/danielpietzsch"
  ],
  "crawl_start": "2017-06-09T17:35:50",
  "crawl_end": "2017-06-09T17:35:51",
  "num_pages": 2,
  "total_html_size": 16798,
  "servers": [
    "Apache"
  ],
  "mf2_classes": [
    "h-card"
  ],
  "tags": [
    "relme"
  ],
  "endpoints": {},
  "links_out": 15,
  "links_in": 1202,
  "links": {
    "blog.danielpietzsch.com": {
      "in": {
        "other": 1198
      },
      "out": {
        "other": 1
      },
      "score": 1
    },
    "locations.html": {
      "out": {
        "other": 2
      },
      "score": 0.196
    },
    "www.danielpietzsch.com": {
      "in": {
        "other": 1
      },
      "out": {
        "other": 1
      },
      "score": 0.155
    },
    "nzwalksinfo.co.nz": {
      "out": {
        "other": 1
      },
      "score": 0.0977
    },
    "twitter.com/danielpietzsch": {
      "out": {
        "other": 1
      },
      "score": 0.0977
    },
    "rubyquicktips.com": {
      "out": {
        "other": 1
      },
      "score": 0.0977
    },
    "danielandnicole.net": {
      "out": {
        "other": 1
      },
      "score": 0.0977
    },
    "stackexchange.com": {
      "out": {
        "other": 1
      },
      "score": 0.0977
    },
    "www.flickr.com": {
      "out": {
        "other": 1
      },
      "score": 0.0977
    },
    "photojournal.danielpietzsch.com": {
      "out": {
        "other": 1
      },
      "score": 0.0977
    },
    "github.com": {
      "out": {
        "other": 1
      },
      "score": 0.0977
    },
    "www.xing.com": {
      "out": {
        "other": 1
      },
      "score": 0.0977
    },
    "www.linkedin.com": {
      "out": {
        "other": 1
      },
      "score": 0.0977
    },
    "indieweb.org": {
      "in": {
        "other": 2
      },
      "score": 0.0977
    },
    "www.totalravage.de": {
      "out": {
        "other": 1
      },
      "score": 0.0977
    },
    "chat.indieweb.org": {
      "in": {
        "other": 1
      },
      "score": 0
    }
  }
}