{
  "domain": "danlyke.withknown.com",
  "urls": [
    "https://danlyke.withknown.com/profile/danlyke",
    "http://www.flutterby.net/User:DanLyke",
    "http://www.flutterby.net"
  ],
  "names": [
    "Dan Lyke"
  ],
  "descriptions": [
    "Road bicyclist, woodworker, square dance caller, nerd. Credits in blockbuster movies and bestselling computer games, social media pioneer, coder with a soldering iron and oscilloscope.",
    "A social website powered by Known"
  ],
  "pictures": [
    "https://danlyke.withknown.com/gfx/users/default-05.png"
  ],
  "hcard": {
    "properties": {
      "name": [
        "Dan Lyke"
      ],
      "note": [
        {
          "html": "<div class=\"highlightedText\">\n<p>Road bicyclist, woodworker, square dance caller, nerd. Credits in blockbuster movies and bestselling computer games, social media pioneer, coder with a soldering iron and oscilloscope.</p>\n</div>",
          "value": "\nRoad bicyclist, woodworker, square dance caller, nerd. Credits in blockbuster movies and bestselling computer games, social media pioneer, coder with a soldering iron and oscilloscope.\n"
        }
      ],
      "photo": [
        "https://danlyke.withknown.com/gfx/users/default-05.png"
      ],
      "profile": [
        "Dan Lyke"
      ],
      "url": [
        "https://danlyke.withknown.com/profile/danlyke",
        "https://danlyke.withknown.com/profile/danlyke",
        "http://www.flutterby.net/User:DanLyke",
        "http://www.flutterby.net"
      ]
    },
    "type": [
      "h-card"
    ]
  },
  "rel_mes": [
    "http://www.flutterby.net/User:DanLyke",
    "http://www.flutterby.net"
  ],
  "crawl_start": "2017-04-28T05:16:33",
  "crawl_end": "2017-04-28T05:16:39",
  "num_pages": 13,
  "total_html_size": 237662,
  "servers": [
    "Apache",
    "Known"
  ],
  "mf2_classes": [
    "h-entry",
    "h-card"
  ],
  "tags": [
    "relme",
    "bridgy",
    "webmention",
    "websub",
    "Known"
  ],
  "endpoints": {
    "webmention": [
      "https://danlyke.withknown.com/webmention/"
    ],
    "websub": [
      "http://withknown.superfeedr.com/"
    ]
  },
  "links_out": 42,
  "links_in": 0,
  "links": {
    "www.flutterby.net": {
      "out": {
        "other": 18
      },
      "score": 1
    },
    "facebook.com/10152361936179540": {
      "out": {
        "other": 16
      },
      "score": 0.969
    },
    "facebook.com/10205049272524056": {
      "out": {
        "other": 8
      },
      "score": 0.774
    }
  }
}