{
  "domain": "dannyid.com",
  "urls": [
    "http://dannyid.com/"
  ],
  "names": [
    "dannyid.com, the website"
  ],
  "descriptions": [],
  "pictures": [
    "http://dannyid.com/img/slice.png"
  ],
  "hcard": {},
  "rel_mes": [
    "https://twitter.com/dannyid"
  ],
  "crawl_start": "2017-06-09T17:36:09",
  "crawl_end": "2017-06-09T17:36:09",
  "num_pages": 1,
  "total_html_size": 2554,
  "servers": [
    "GitHub.com"
  ],
  "tags": [
    "relme"
  ],
  "endpoints": {},
  "links_out": 1,
  "links_in": 0,
  "links": {
    "twitter.com/dannyid": {
      "out": {
        "other": 1
      },
      "score": 1
    }
  }
}