{
  "domain": "dantoml.com",
  "urls": [
    "http://dantoml.com/"
  ],
  "names": [
    "Danielle Tomlinson"
  ],
  "descriptions": [],
  "pictures": [],
  "hcard": {},
  "rel_mes": [],
  "crawl_start": "2017-06-10T05:43:51",
  "crawl_end": "2017-06-10T05:43:51",
  "num_pages": 1,
  "total_html_size": 3184,
  "servers": [
    "AmazonS3"
  ],
  "tags": [],
  "endpoints": {},
  "links_out": 12,
  "links_in": 0,
  "links": {
    "github.com": {
      "out": {
        "other": 2
      },
      "score": 1
    },
    "githubuniverse.com": {
      "out": {
        "other": 1
      },
      "score": 0.499
    },
    "twitter.com/dantoml": {
      "out": {
        "other": 1
      },
      "score": 0.499
    },
    "www.ustream.tv": {
      "out": {
        "other": 1
      },
      "score": 0.499
    },
    "circleci.com": {
      "out": {
        "other": 1
      },
      "score": 0.499
    },
    "news.realm.io": {
      "out": {
        "other": 1
      },
      "score": 0.499
    },
    "speakerdeck.com": {
      "out": {
        "other": 1
      },
      "score": 0.499
    },
    "whereis.dantoml.com": {
      "out": {
        "other": 1
      },
      "score": 0.499
    },
    "CocoaPods": {
      "out": {
        "other": 1
      },
      "score": 0.499
    },
    "500px.com": {
      "out": {
        "other": 1
      },
      "score": 0.499
    },
    "fastlane.tools": {
      "out": {
        "other": 1
      },
      "score": 0.499
    }
  }
}