{
  "domain": "darius.dunlaps.net",
  "urls": [
    "https://darius.dunlaps.net",
    "https://twitter.com/dariusdunlap",
    "https://github.com/dariusdunlap",
    "https://plus.google.com/+DariusDunlap",
    "https://app.net/darius",
    "https://darius.dunlaps.net/"
  ],
  "names": [
    "Darius Dunlap",
    "Darius"
  ],
  "descriptions": [],
  "pictures": [
    "https://darius.dunlaps.net/wp-content/uploads/2014/10/DariusWoods-Small-258x300.jpg",
    "https://s0.wp.com/i/blank.jpg"
  ],
  "hcard": {
    "properties": {
      "country-name": [
        "United States"
      ],
      "email": [
        "mailto:darius@dunlaps.net"
      ],
      "locality": [
        "Half Moon Bay, CA"
      ],
      "name": [
        "Darius Dunlap"
      ],
      "photo": [
        "https://darius.dunlaps.net/wp-content/uploads/2014/10/DariusWoods-Small-258x300.jpg"
      ],
      "url": [
        "https://darius.dunlaps.net",
        "https://twitter.com/dariusdunlap",
        "https://github.com/dariusdunlap",
        "https://plus.google.com/+DariusDunlap",
        "https://app.net/darius"
      ]
    },
    "type": [
      "h-card"
    ]
  },
  "rel_mes": [
    "https://darius.dunlaps.net",
    "mailto:darius@dunlaps.net",
    "https://twitter.com/dariusdunlap",
    "https://github.com/dariusdunlap",
    "https://plus.google.com/+DariusDunlap",
    "https://app.net/darius"
  ],
  "crawl_start": "2017-04-24T20:42:02",
  "crawl_end": "2017-04-24T20:53:07",
  "num_pages": 280,
  "total_html_size": 11010147,
  "servers": [
    "nginx (Ubuntu)",
    "WordPress"
  ],
  "mf2_classes": [
    "h-as-image",
    "h-as-note",
    "h-as-mention",
    "h-entry",
    "h-as-like",
    "h-feed",
    "h-as-reply",
    "h-cite",
    "h-as-article",
    "h-card"
  ],
  "tags": [
    "relme",
    "bridgy",
    "elder",
    "webmention",
    "micropub",
    "authorization",
    "token",
    "WordPress"
  ],
  "endpoints": {
    "webmention": [
      "https://darius.dunlaps.net/wp-json/webmention/1.0/endpoint"
    ],
    "micropub": [
      "https://darius.dunlaps.net/?micropub=endpoint"
    ],
    "authorization": [
      "https://indieauth.com/auth"
    ],
    "token": [
      "https://tokens.indieauth.com/token"
    ]
  },
  "links_out": 4575,
  "links_in": 72,
  "links": {
    "wordpress.org": {
      "out": {
        "other": 559
      },
      "score": 1
    },
    "twitter.com/dariusdunlap": {
      "out": {
        "other": 520
      },
      "score": 0.990
    },
    "dunlaps.net": {
      "out": {
        "other": 282
      },
      "in": {
        "other": 6
      },
      "score": 0.905
    },
    "github.com": {
      "out": {
        "other": 277
      },
      "score": 0.900
    },
    "app.net": {
      "out": {
        "other": 277
      },
      "score": 0.900
    },
    "plus.google.com/+DariusDunlap": {
      "out": {
        "other": 277
      },
      "score": 0.900
    },
    "en.wikipedia.org": {
      "out": {
        "other": 138
      },
      "score": 0.801
    },
    "darius.withknown.com": {
      "out": {
        "other": 121
      },
      "score": 0.782
    },
    "www.flickr.com": {
      "out": {
        "other": 104
      },
      "score": 0.761
    },
    "alexking.org": {
      "out": {
        "other": 102
      },
      "score": 0.758
    },
    "www.youtube.com": {
      "out": {
        "other": 85
      },
      "score": 0.732
    },
    "search.twitter.com": {
      "out": {
        "other": 72
      },
      "score": 0.708
    },
    "www.squarepegfoundation.org": {
      "out": {
        "other": 58
      },
      "score": 0.677
    },
    "www.techcrunch.com": {
      "out": {
        "other": 41
      },
      "score": 0.628
    },
    "www.google.com": {
      "out": {
        "other": 40
      },
      "score": 0.624
    },
    "indiewebcamp.com": {
      "out": {
        "other": 39
      },
      "score": 0.621
    },
    "scobleizer.com": {
      "out": {
        "other": 36
      },
      "score": 0.610
    },
    "blogs.law.harvard.edu": {
      "out": {
        "other": 31
      },
      "score": 0.588
    },
    "iiw.idcommons.net": {
      "out": {
        "other": 29
      },
      "score": 0.578
    },
    "www.digitalocean.com": {
      "out": {
        "other": 25
      },
      "score": 0.557
    },
    "www.cmarket.com": {
      "out": {
        "other": 25
      },
      "score": 0.557
    },
    "twitter.com/frandallfarmer": {
      "out": {
        "other": 24
      },
      "score": 0.551
    },
    "www.1stwebdesigner.com": {
      "out": {
        "other": 21
      },
      "score": 0.533
    },
    "www.eff.org": {
      "out": {
        "other": 21
      },
      "score": 0.533
    },
    "5by5.tv": {
      "out": {
        "other": 21
      },
      "score": 0.533
    },
    "themoth.org": {
      "out": {
        "other": 21
      },
      "score": 0.533
    },
    "www.thisamericanlife.org": {
      "out": {
        "other": 21
      },
      "score": 0.533
    },
    "docs.yahoo.com": {
      "out": {
        "other": 21
      },
      "score": 0.533
    },
    "plus.google.com/104323762834614989157": {
      "out": {
        "other": 21
      },
      "score": 0.533
    },
    "twit.tv": {
      "out": {
        "other": 21
      },
      "score": 0.533
    },
    "www.ted.com": {
      "out": {
        "other": 21
      },
      "score": 0.533
    },
    "infolab.stanford.edu": {
      "out": {
        "other": 21
      },
      "score": 0.533
    },
    "fora.tv": {
      "out": {
        "other": 21
      },
      "score": 0.533
    },
    "plus.google.com/103803759415221345211": {
      "out": {
        "other": 21
      },
      "score": 0.533
    },
    "www.fastcompany.com": {
      "out": {
        "other": 20
      },
      "score": 0.526
    },
    "twitter.com/Scobleizer": {
      "out": {
        "other": 20
      },
      "score": 0.526
    },
    "mbsy.co": {
      "out": {
        "other": 20
      },
      "score": 0.526
    },
    "twitter.com/bigs": {
      "out": {
        "other": 18
      },
      "score": 0.510
    },
    "potus.wtfpod.com": {
      "out": {
        "other": 18
      },
      "score": 0.510
    },
    "thisweekinstartups.com": {
      "out": {
        "other": 18
      },
      "score": 0.510
    },
    "gigaom.com": {
      "out": {
        "other": 18
      },
      "score": 0.510
    },
    "facebook.com/816420182": {
      "out": {
        "other": 17
      },
      "score": 0.503
    },
    "squarepegfoundation.org": {
      "out": {
        "other": 16
      },
      "score": 0.494
    },
    "developer.apple.com": {
      "out": {
        "other": 16
      },
      "score": 0.494
    },
    "indieweb.org": {
      "in": {
        "other": 28
      },
      "out": {
        "other": 1
      },
      "score": 0.484
    },
    "scribefire.com": {
      "out": {
        "other": 14
      },
      "score": 0.474
    },
    "tech.fortune.cnn.com": {
      "out": {
        "other": 13
      },
      "score": 0.464
    },
    "twitter.com/IDcoach": {
      "out": {
        "other": 12
      },
      "score": 0.453
    },
    "blog.joeandrieu.com": {
      "out": {
        "other": 12
      },
      "score": 0.453
    },
    "www.oneyoufeed.net": {
      "out": {
        "other": 12
      },
      "score": 0.453
    },
    "twitter.com/PullNews": {
      "out": {
        "other": 12
      },
      "score": 0.453
    },
    "twitter.com/kevinrose": {
      "out": {
        "other": 12
      },
      "score": 0.453
    },
    "isharedwhat.com": {
      "out": {
        "other": 12
      },
      "score": 0.453
    },
    "twitter.com/danmartell": {
      "out": {
        "other": 12
      },
      "score": 0.453
    },
    "twitter.com/secretsushi": {
      "out": {
        "other": 12
      },
      "score": 0.453
    },
    "notsorelevant.com": {
      "out": {
        "other": 11
      },
      "score": 0.440
    },
    "www.washingtonpost.com": {
      "out": {
        "other": 11
      },
      "score": 0.440
    },
    "viagrawithoutdoctorrx.us": {
      "out": {
        "other": 11
      },
      "score": 0.440
    },
    "searchengineland.com": {
      "out": {
        "other": 11
      },
      "score": 0.440
    },
    "openid.yahoo.com": {
      "out": {
        "other": 11
      },
      "score": 0.440
    },
    "seesmic.com": {
      "out": {
        "other": 11
      },
      "score": 0.440
    },
    "d7.allthingsd.com": {
      "out": {
        "other": 11
      },
      "score": 0.440
    },
    "facebook.com/dariusdunlap": {
      "out": {
        "other": 11
      },
      "score": 0.440
    },
    "twitter.com/about": {
      "out": {
        "other": 11
      },
      "score": 0.440
    },
    "arstechnica.com": {
      "out": {
        "other": 11
      },
      "score": 0.440
    },
    "blog.thelettertwo.com": {
      "out": {
        "other": 11
      },
      "score": 0.440
    },
    "abookapart.com": {
      "out": {
        "other": 10
      },
      "score": 0.427
    },
    "www.ijohnpederson.com": {
      "out": {
        "other": 10
      },
      "score": 0.427
    },
    "tadcialispills.us": {
      "out": {
        "other": 10
      },
      "score": 0.427
    },
    "www.time.com": {
      "out": {
        "other": 10
      },
      "score": 0.427
    },
    "developers.facebook.com": {
      "out": {
        "other": 10
      },
      "score": 0.427
    },
    "www.feld.com": {
      "out": {
        "other": 10
      },
      "score": 0.427
    },
    "www.noblebrewerbeer.com": {
      "out": {
        "other": 10
      },
      "score": 0.427
    },
    "twitter.com/Pistachio": {
      "out": {
        "other": 10
      },
      "score": 0.427
    },
    "ross.typepad.com": {
      "out": {
        "other": 10
      },
      "score": 0.427
    },
    "epeus.blogspot.com": {
      "out": {
        "other": 10
      },
      "score": 0.427
    },
    "www.stoweboyd.com": {
      "out": {
        "other": 10
      },
      "score": 0.427
    },
    "twitter.com/chezspencergo": {
      "out": {
        "other": 10
      },
      "score": 0.427
    },
    "www.webspy.com": {
      "out": {
        "other": 9
      },
      "score": 0.412
    },
    "known.kevinmarks.com": {
      "out": {
        "other": 9
      },
      "score": 0.412
    },
    "my.barackobama.com": {
      "out": {
        "other": 9
      },
      "score": 0.412
    },
    "www.vocalabs.com": {
      "out": {
        "other": 9
      },
      "score": 0.412
    },
    "www.dnamail.com": {
      "out": {
        "other": 9
      },
      "score": 0.412
    },
    "www.zephoria.org": {
      "out": {
        "other": 9
      },
      "score": 0.412
    },
    "www.99designs.com": {
      "out": {
        "other": 9
      },
      "score": 0.412
    },
    "www.audiblepodcast.com": {
      "out": {
        "other": 9
      },
      "score": 0.412
    },
    "www.mahalo.com": {
      "out": {
        "other": 9
      },
      "score": 0.412
    },
    "www.wtfpod.com": {
      "out": {
        "other": 9
      },
      "score": 0.412
    },
    "www.qik.com": {
      "out": {
        "other": 9
      },
      "score": 0.412
    },
    "www.sitepoint.com": {
      "out": {
        "other": 9
      },
      "score": 0.412
    },
    "www.ustream.tv": {
      "out": {
        "other": 9
      },
      "score": 0.412
    },
    "blogs.zdnet.com": {
      "out": {
        "other": 8
      },
      "score": 0.395
    },
    "home.web.cern.ch": {
      "out": {
        "other": 8
      },
      "score": 0.395
    },
    "daringfireball.net": {
      "out": {
        "other": 8
      },
      "score": 0.395
    },
    "www.politico.com": {
      "out": {
        "other": 8
      },
      "score": 0.395
    },
    "upcoming.yahoo.com": {
      "out": {
        "other": 8
      },
      "score": 0.395
    },
    "www.marco.org": {
      "out": {
        "other": 8
      },
      "score": 0.395
    },
    "blog.jonmountjoy.com": {
      "out": {
        "other": 8
      },
      "score": 0.395
    },
    "www.gapingvoid.com": {
      "out": {
        "other": 8
      },
      "score": 0.395
    },
    "qik.com": {
      "out": {
        "other": 8
      },
      "score": 0.395
    },
    "www.craigslistfoundation.org": {
      "out": {
        "other": 8
      },
      "score": 0.395
    },
    "paulbuchheit.blogspot.com": {
      "out": {
        "other": 8
      },
      "score": 0.395
    },
    "news.nationalgeographic.com": {
      "out": {
        "other": 7
      },
      "score": 0.376
    },
    "www.americasbestracing.net": {
      "out": {
        "other": 7
      },
      "score": 0.376
    },
    "tpmdc.talkingpointsmemo.com": {
      "out": {
        "other": 7
      },
      "score": 0.376
    },
    "www.glide.org": {
      "out": {
        "other": 7
      },
      "score": 0.376
    },
    "becomingstevejobs.com": {
      "out": {
        "other": 7
      },
      "score": 0.376
    },
    "iiw16.eventbrite.com": {
      "out": {
        "other": 7
      },
      "score": 0.376
    },
    "www.gapingvoidart.com": {
      "out": {
        "other": 7
      },
      "score": 0.376
    },
    "fourhourworkweek.com": {
      "out": {
        "other": 7
      },
      "score": 0.376
    },
    "chat.indieweb.org": {
      "in": {
        "other": 14
      },
      "score": 0.376
    },
    "www.yahoo.com": {
      "out": {
        "other": 7
      },
      "score": 0.376
    },
    "www.psychologytoday.com": {
      "out": {
        "other": 7
      },
      "score": 0.376
    },
    "feeds.feedburner.com": {
      "out": {
        "other": 7
      },
      "score": 0.376
    },
    "cotweet.com": {
      "out": {
        "other": 7
      },
      "score": 0.376
    },
    "horseboyworld.com": {
      "out": {
        "other": 6
      },
      "score": 0.353
    },
    "www.literatureandlatte.com": {
      "out": {
        "other": 6
      },
      "score": 0.353
    },
    "bywordapp.com": {
      "out": {
        "other": 6
      },
      "score": 0.353
    },
    "overcast.fm": {
      "out": {
        "other": 6
      },
      "score": 0.353
    },
    "twitter.com/hardaway": {
      "out": {
        "other": 6
      },
      "score": 0.353
    },
    "twitter.com/gruber": {
      "out": {
        "other": 6
      },
      "score": 0.353
    },
    "www.python.org": {
      "out": {
        "other": 6
      },
      "score": 0.353
    },
    "twitter.com/timoreilly": {
      "out": {
        "other": 6
      },
      "score": 0.353
    },
    "www.shiftyjelly.com": {
      "out": {
        "other": 6
      },
      "score": 0.353
    },
    "www.amazon.com": {
      "out": {
        "other": 6
      },
      "score": 0.353
    },
    "www.omnigroup.com": {
      "out": {
        "other": 6
      },
      "score": 0.353
    },
    "oneyoufeed.net": {
      "out": {
        "other": 6
      },
      "score": 0.353
    },
    "cialis5mgcouponavailable.us": {
      "out": {
        "other": 6
      },
      "score": 0.353
    },
    "flexibits.com": {
      "out": {
        "other": 6
      },
      "score": 0.353
    },
    "twitter.com/MaryTrigiani": {
      "out": {
        "other": 6
      },
      "score": 0.353
    },
    "agilebits.com": {
      "out": {
        "other": 6
      },
      "score": 0.353
    },
    "smilesoftware.com": {
      "out": {
        "other": 6
      },
      "score": 0.353
    },
    "www.dropbox.com": {
      "out": {
        "other": 6
      },
      "score": 0.353
    },
    "smarterware.org": {
      "out": {
        "other": 6
      },
      "score": 0.353
    },
    "twitter.com/huffingtonpost": {
      "out": {
        "other": 6
      },
      "score": 0.353
    },
    "www.busymac.com": {
      "out": {
        "other": 6
      },
      "score": 0.353
    },
    "twitter.com/mkapor": {
      "out": {
        "other": 6
      },
      "score": 0.353
    },
    "friendfeed.com": {
      "out": {
        "other": 6
      },
      "score": 0.353
    },
    "www.apple.com": {
      "out": {
        "other": 6
      },
      "score": 0.353
    },
    "genericdrugforcialis.us": {
      "out": {
        "other": 6
      },
      "score": 0.353
    },
    "www.centerformsc.org": {
      "out": {
        "other": 6
      },
      "score": 0.353
    },
    "www.problogger.net": {
      "out": {
        "other": 6
      },
      "score": 0.353
    },
    "www.sublimetext.com": {
      "out": {
        "other": 6
      },
      "score": 0.353
    },
    "www.kevin-marks.com": {
      "in": {
        "other": 11
      },
      "score": 0.342
    },
    "www.kevinmarks.com": {
      "in": {
        "other": 11
      },
      "score": 0.342
    },
    "costcialis20.us": {
      "out": {
        "other": 5
      },
      "score": 0.328
    },
    "muledesign.com": {
      "out": {
        "other": 5
      },
      "score": 0.328
    },
    "flock.com": {
      "out": {
        "other": 5
      },
      "score": 0.328
    },
    "cialissalegetnow.us": {
      "out": {
        "other": 5
      },
      "score": 0.328
    },
    "costviagrarx.us": {
      "out": {
        "other": 5
      },
      "score": 0.328
    },
    "www.launchfestival.com": {
      "out": {
        "other": 5
      },
      "score": 0.328
    },
    "viagra100mgpillcosts.us": {
      "out": {
        "other": 5
      },
      "score": 0.328
    },
    "getbootstrap.com": {
      "out": {
        "other": 5
      },
      "score": 0.328
    },
    "hover.com": {
      "out": {
        "other": 5
      },
      "score": 0.328
    },
    "genericsviagr.us": {
      "out": {
        "other": 5
      },
      "score": 0.328
    },
    "onlinecialistadalafils.us": {
      "out": {
        "other": 5
      },
      "score": 0.328
    },
    "www.rockmelt.com": {
      "out": {
        "other": 5
      },
      "score": 0.328
    },
    "rubyonrails.org": {
      "out": {
        "other": 5
      },
      "score": 0.328
    },
    "generictadalafil20mg.us": {
      "out": {
        "other": 5
      },
      "score": 0.328
    },
    "cialis5mglowprices.us": {
      "out": {
        "other": 5
      },
      "score": 0.328
    },
    "microformats.org": {
      "out": {
        "other": 5
      },
      "score": 0.328
    },
    "nginx.org": {
      "out": {
        "other": 5
      },
      "score": 0.328
    },
    "lowcostcialistadalafil.us": {
      "out": {
        "other": 5
      },
      "score": 0.328
    },
    "tadcialissale.us": {
      "out": {
        "other": 5
      },
      "score": 0.328
    },
    "viagralowpricesget.us": {
      "out": {
        "other": 5
      },
      "score": 0.328
    },
    "www.ssllabs.com": {
      "out": {
        "other": 5
      },
      "score": 0.328
    },
    "flask.pocoo.org": {
      "out": {
        "other": 5
      },
      "score": 0.328
    },
    "feedthegirl.com": {
      "out": {
        "other": 5
      },
      "score": 0.328
    },
    "zenhabits.net": {
      "out": {
        "other": 5
      },
      "score": 0.328
    },
    "www.ubuntu.com": {
      "out": {
        "other": 5
      },
      "score": 0.328
    },
    "snarfed.org": {
      "out": {
        "other": 4
      },
      "score": 0.296
    },
    "kylewm.com": {
      "out": {
        "other": 3
      },
      "score": 0.255
    },
    "willnorris.com": {
      "out": {
        "other": 2
      },
      "score": 0.198
    },
    "facebook.com/10203961166484723": {
      "out": {
        "other": 2
      },
      "score": 0.198
    },
    "twitter.com/kevinmarks": {
      "out": {
        "other": 2
      },
      "score": 0.198
    },
    "twitter.com/dshanske": {
      "out": {
        "other": 2
      },
      "score": 0.198
    },
    "twitter.com/scottjenson": {
      "out": {
        "other": 2
      },
      "score": 0.198
    },
    "twitter.com/JeriDansky": {
      "out": {
        "other": 2
      },
      "score": 0.198
    },
    "www.sfgate.com": {
      "out": {
        "other": 1
      },
      "score": 0.0987
    },
    "businessmodelgeneration.com": {
      "out": {
        "other": 1
      },
      "score": 0.0987
    },
    "hootsuite.com": {
      "out": {
        "other": 1
      },
      "score": 0.0987
    },
    "theleanstartup.com": {
      "out": {
        "other": 1
      },
      "score": 0.0987
    },
    "tantek.com": {
      "in": {
        "other": 2
      },
      "score": 0.0987
    },
    "webmention.net": {
      "out": {
        "other": 1
      },
      "score": 0.0987
    },
    "facebook.com/10204153286293983": {
      "out": {
        "other": 1
      },
      "score": 0.0987
    },
    "facebook.com/717660375023022": {
      "out": {
        "other": 1
      },
      "score": 0.0987
    },
    "svii.net": {
      "out": {
        "other": 1
      },
      "score": 0.0987
    },
    "twitter.com/cremebruleecart": {
      "out": {
        "other": 1
      },
      "score": 0.0987
    },
    "facebook.com/10155604678660521": {
      "out": {
        "other": 1
      },
      "score": 0.0987
    },
    "www.feedthegirl.com": {
      "out": {
        "other": 1
      },
      "score": 0.0987
    },
    "indieauth.com": {
      "out": {
        "other": 1
      },
      "score": 0.0987
    },
    "facebook.com/10152767980726651": {
      "out": {
        "other": 1
      },
      "score": 0.0987
    },
    "www.jurecuhalev.com": {
      "out": {
        "other": 1
      },
      "score": 0.0987
    }
  }
}