{
  "domain": "darkmatterapp.com",
  "urls": [
    "http://darkmatterapp.com/"
  ],
  "names": [
    "Dark Matter"
  ],
  "descriptions": [],
  "pictures": [
    "http://darkmatterapp.com/favicon.ico"
  ],
  "hcard": {},
  "rel_mes": [],
  "crawl_start": "2017-06-07T17:36:28",
  "crawl_end": "2017-06-07T17:36:28",
  "num_pages": 1,
  "total_html_size": 9654,
  "servers": [
    "GitHub.com"
  ],
  "mf2_classes": [
    "h-card"
  ],
  "tags": [
    "tool"
  ],
  "endpoints": {},
  "links_out": 6,
  "links_in": 23,
  "links": {
    "indieweb.org": {
      "in": {
        "other": 13
      },
      "score": 1
    },
    "veganstraightedge.com": {
      "out": {
        "other": 1
      },
      "in": {
        "other": 4
      },
      "score": 0.699
    },
    "chat.indieweb.org": {
      "in": {
        "other": 6
      },
      "score": 0.699
    },
    "bookisworthy.com": {
      "out": {
        "other": 1
      },
      "score": 0.271
    },
    "freeterritory.co": {
      "out": {
        "other": 1
      },
      "score": 0.271
    },
    "twitter.com/DarkMatterAppCo": {
      "out": {
        "other": 1
      },
      "score": 0.271
    },
    "github.com": {
      "out": {
        "other": 1
      },
      "score": 0.271
    },
    "heroku.com": {
      "out": {
        "other": 1
      },
      "score": 0.271
    }
  }
}