{
  "domain": "darrenmothersele.com",
  "urls": [
    "http://darrenmothersele.com/"
  ],
  "names": [
    "Darren Mothersele"
  ],
  "descriptions": [],
  "pictures": [],
  "hcard": {},
  "rel_mes": [],
  "tags": [],
  "endpoints": {},
  "crawl_start": "2017-06-11T14:41:58.930615",
  "crawl_end": "2017-06-11T14:41:58.930615",
  "links_out": 0,
  "links_in": 21,
  "links": {
    "indieweb.org": {
      "in": {
        "other": 8
      },
      "score": 1
    },
    "www.darrenmothersele.com": {
      "in": {
        "other": 5
      },
      "score": 0.774
    },
    "chat.indieweb.org": {
      "in": {
        "other": 4
      },
      "score": 0.668
    },
    "mlncn.withknown.com": {
      "in": {
        "other": 2
      },
      "score": 0.333
    },
    "werd.io": {
      "in": {
        "other": 2
      },
      "score": 0.333
    }
  }
}