{
  "domain": "daverix.net",
  "urls": [
    "http://daverix.net/",
    "http://identi.ca/daverix",
    "http://twitter.com/daverix",
    "http://www.youtube.com/user/daverix",
    "http://www.last.fm/user/Daverix",
    "http://www.facebook.com/davidlaurell",
    "http://www.google.com/profiles/david.laurell",
    "http://flickr.com/photos/daverix"
  ],
  "names": [
    "David Laurell",
    "Daverix.net - David Laurell's website about web development and games | Daverix.net"
  ],
  "descriptions": [
    "David Laurell's personal homesite about games, web design and other interests."
  ],
  "pictures": [
    "http://www.gravatar.com/avatar/885d2e23ce81fa259285c6339271e683?s=92"
  ],
  "hcard": {
    "properties": {
      "adr": [
        {
          "properties": {
            "name": [
              "Gothenburg, Sweden"
            ]
          },
          "type": [
            "h-adr"
          ],
          "value": "Gothenburg, Sweden"
        }
      ],
      "name": [
        "David Laurell"
      ],
      "photo": [
        "http://www.gravatar.com/avatar/885d2e23ce81fa259285c6339271e683?s=92"
      ],
      "uid": [
        "http://daverix.net/"
      ],
      "url": [
        "http://daverix.net/",
        "http://identi.ca/daverix",
        "http://twitter.com/daverix",
        "http://www.youtube.com/user/daverix",
        "http://www.last.fm/user/Daverix",
        "http://www.facebook.com/davidlaurell",
        "http://www.google.com/profiles/david.laurell",
        "http://flickr.com/photos/daverix"
      ]
    },
    "type": [
      "h-card"
    ]
  },
  "rel_mes": [
    "http://daverix.net/",
    "http://github.com/daverix",
    "http://identi.ca/daverix",
    "http://twitter.com/daverix",
    "http://www.youtube.com/user/daverix",
    "http://www.last.fm/user/Daverix",
    "http://www.facebook.com/davidlaurell",
    "http://www.google.com/profiles/david.laurell",
    "http://flickr.com/photos/daverix"
  ],
  "crawl_start": "2017-06-09T17:36:37",
  "crawl_end": "2017-06-09T17:36:58",
  "num_pages": 39,
  "total_html_size": 306534,
  "servers": [
    "Apache"
  ],
  "mf2_classes": [
    "h-card"
  ],
  "tags": [
    "relme"
  ],
  "endpoints": {},
  "links_out": 386,
  "links_in": 2,
  "links": {
    "identi.ca": {
      "out": {
        "other": 41
      },
      "score": 1
    },
    "twitter.com/daverix": {
      "out": {
        "other": 40
      },
      "score": 0.993
    },
    "www.youtube.com": {
      "out": {
        "other": 39
      },
      "score": 0.989
    },
    "github.com": {
      "out": {
        "other": 39
      },
      "score": 0.989
    },
    "flickr.com": {
      "out": {
        "other": 39
      },
      "score": 0.989
    },
    "www.google.com": {
      "out": {
        "other": 39
      },
      "score": 0.989
    },
    "www.last.fm": {
      "out": {
        "other": 39
      },
      "score": 0.989
    },
    "facebook.com/davidlaurell": {
      "out": {
        "other": 39
      },
      "score": 0.989
    },
    "openid.net": {
      "out": {
        "other": 18
      },
      "score": 0.812
    },
    "www.flickr.com": {
      "out": {
        "other": 7
      },
      "score": 0.599
    },
    "code.google.com": {
      "out": {
        "other": 6
      },
      "score": 0.562
    },
    "chrome.google.com": {
      "out": {
        "other": 3
      },
      "score": 0.406
    },
    "drupal.org": {
      "out": {
        "other": 2
      },
      "score": 0.315
    },
    "openmoko.org": {
      "out": {
        "other": 2
      },
      "score": 0.315
    },
    "noserub.com": {
      "out": {
        "other": 2
      },
      "score": 0.315
    },
    "slick.cokeandcode.com": {
      "out": {
        "other": 2
      },
      "score": 0.315
    },
    "maddesmode.webblogg.se": {
      "out": {
        "other": 2
      },
      "score": 0.315
    },
    "php.net": {
      "out": {
        "other": 2
      },
      "score": 0.315
    },
    "www.sizeasy.com": {
      "out": {
        "other": 1
      },
      "score": 0.157
    },
    "en.wikipedia.org": {
      "out": {
        "other": 1
      },
      "score": 0.157
    },
    "myopenid.com": {
      "out": {
        "other": 1
      },
      "score": 0.157
    },
    "www.hellhoundz.com": {
      "out": {
        "other": 1
      },
      "score": 0.157
    },
    "firefox.com": {
      "out": {
        "other": 1
      },
      "score": 0.157
    },
    "www.openidenabled.com": {
      "out": {
        "other": 1
      },
      "score": 0.157
    },
    "yahoo.com": {
      "out": {
        "other": 1
      },
      "score": 0.157
    },
    "www.tenax.se": {
      "out": {
        "other": 1
      },
      "score": 0.157
    },
    "smarty.net": {
      "out": {
        "other": 1
      },
      "score": 0.157
    },
    "laurell.nu": {
      "out": {
        "other": 1
      },
      "score": 0.157
    },
    "java.com": {
      "out": {
        "other": 1
      },
      "score": 0.157
    },
    "laurells.net": {
      "out": {
        "other": 1
      },
      "score": 0.157
    },
    "eclipse.org": {
      "out": {
        "other": 1
      },
      "score": 0.157
    },
    "www.fckeditor.net": {
      "out": {
        "other": 1
      },
      "score": 0.157
    },
    "kompilera.nu": {
      "out": {
        "other": 1
      },
      "score": 0.157
    },
    "script.aculo.us": {
      "out": {
        "other": 1
      },
      "score": 0.157
    },
    "disharmoni.webb.se": {
      "out": {
        "other": 1
      },
      "score": 0.157
    },
    "jan.krutisch.de": {
      "in": {
        "other": 2
      },
      "score": 0.157
    },
    "developer.android.com": {
      "out": {
        "other": 1
      },
      "score": 0.157
    },
    "wordpress.com": {
      "out": {
        "other": 1
      },
      "score": 0.157
    },
    "mysql.com": {
      "out": {
        "other": 1
      },
      "score": 0.157
    },
    "larrie.se": {
      "out": {
        "other": 1
      },
      "score": 0.157
    },
    "www.prototypejs.org": {
      "out": {
        "other": 1
      },
      "score": 0.157
    },
    "livejournal.com": {
      "out": {
        "other": 1
      },
      "score": 0.157
    },
    "redbear.se": {
      "out": {
        "other": 1
      },
      "score": 0.157
    },
    "pourelle.se": {
      "out": {
        "other": 1
      },
      "score": 0.157
    }
  }
}