{
  "domain": "daveredfern.com",
  "urls": [
    "https://daveredfern.com/"
  ],
  "names": [
    "Dave Redfern – Midlands based Front end developer",
    "Dave Redfern"
  ],
  "descriptions": [
    "I’m Dave Redfern, a front end developer based in the Midlands, UK. I design and code user friendly and accessible websites. I specialise in creating scalable CSS for large projects."
  ],
  "pictures": [
    "https://daveredfern.com/wp-content/themes/system/build/img/favicons/favicon-32x32.png",
    "https://daveredfern.com/wp-content/themes/system/build/img/favicons/favicon-16x16.png",
    "https://daveredfern.com/wp-content/themes/system/build/img/default/default.jpg"
  ],
  "hcard": {},
  "rel_mes": [
    "mailto:dave@daveredfern.com",
    "https://www.twitter.com/daveredfern",
    "https://uk.linkedin.com/in/daveredfern",
    "https://github.com/daveredfern",
    "https://www.instagram.com/daveredfern/"
  ],
  "crawl_start": "2017-06-09T17:36:32",
  "crawl_end": "2017-06-09T17:38:50",
  "num_pages": 203,
  "total_html_size": 5711941,
  "servers": [
    "nginx"
  ],
  "tags": [
    "relme"
  ],
  "endpoints": {},
  "links_out": 1238,
  "links_in": 4,
  "links": {
    "github.com": {
      "out": {
        "other": 225
      },
      "score": 1
    },
    "twitter.com/daveredfern": {
      "out": {
        "other": 210
      },
      "score": 0.989
    },
    "www.instagram.com": {
      "out": {
        "other": 207
      },
      "score": 0.987
    },
    "uk.linkedin.com": {
      "out": {
        "other": 204
      },
      "score": 0.984
    },
    "creativecommons.org": {
      "out": {
        "other": 149
      },
      "score": 0.933
    },
    "www.iweb.co.uk": {
      "out": {
        "other": 20
      },
      "score": 0.604
    },
    "en.wikipedia.org": {
      "out": {
        "other": 15
      },
      "score": 0.556
    },
    "en-gb.wordpress.org": {
      "out": {
        "other": 10
      },
      "score": 0.491
    },
    "marcjenkins.co.uk": {
      "out": {
        "other": 8
      },
      "score": 0.453
    },
    "staffswebmeetup.co.uk": {
      "out": {
        "other": 8
      },
      "score": 0.453
    },
    "csswizardry.com": {
      "out": {
        "other": 7
      },
      "score": 0.432
    },
    "bradfrost.com": {
      "out": {
        "other": 5
      },
      "score": 0.376
    },
    "developers.google.com": {
      "out": {
        "other": 5
      },
      "score": 0.376
    },
    "css-tricks.com": {
      "out": {
        "other": 5
      },
      "score": 0.376
    },
    "caniuse.com": {
      "out": {
        "other": 4
      },
      "score": 0.340
    },
    "indieweb.org": {
      "in": {
        "other": 2
      },
      "out": {
        "other": 3
      },
      "score": 0.340
    },
    "meetupofmeetup.commeetuporganisers.com": {
      "out": {
        "other": 4
      },
      "score": 0.340
    },
    "www.philwylie.co.uk": {
      "out": {
        "other": 4
      },
      "score": 0.340
    },
    "www.webdesignerdepot.com": {
      "out": {
        "other": 4
      },
      "score": 0.340
    },
    "homebrewbrum.co.uk": {
      "out": {
        "other": 4
      },
      "score": 0.340
    },
    "gist.github.com": {
      "out": {
        "other": 4
      },
      "score": 0.340
    },
    "thesassway.com": {
      "out": {
        "other": 3
      },
      "score": 0.293
    },
    "www.meetup.com": {
      "out": {
        "other": 3
      },
      "score": 0.293
    },
    "sass-lang.com": {
      "out": {
        "other": 3
      },
      "score": 0.293
    },
    "unsplash.com": {
      "out": {
        "other": 3
      },
      "score": 0.293
    },
    "www.npmjs.com": {
      "out": {
        "other": 3
      },
      "score": 0.293
    },
    "www.amazon.co.uk": {
      "out": {
        "other": 3
      },
      "score": 0.293
    },
    "boagworld.com": {
      "out": {
        "other": 2
      },
      "score": 0.227
    },
    "robots.thoughtbot.com": {
      "out": {
        "other": 2
      },
      "score": 0.227
    },
    "www.inlineblock.co.uk": {
      "out": {
        "other": 2
      },
      "score": 0.227
    },
    "www.apple.com": {
      "out": {
        "other": 2
      },
      "score": 0.227
    },
    "gulpjs.com": {
      "out": {
        "other": 2
      },
      "score": 0.227
    },
    "alistapart.com": {
      "out": {
        "other": 2
      },
      "score": 0.227
    },
    "www.tripadvisor.co.uk": {
      "out": {
        "other": 2
      },
      "score": 0.227
    },
    "www.unfinished.bz": {
      "out": {
        "other": 2
      },
      "score": 0.227
    },
    "developer.mozilla.org": {
      "out": {
        "other": 2
      },
      "score": 0.227
    },
    "nicolas-hoizey.com": {
      "out": {
        "other": 1
      },
      "in": {
        "other": 2
      },
      "score": 0.227
    },
    "www.barbican.org.uk": {
      "out": {
        "other": 2
      },
      "score": 0.227
    },
    "www.custardfactory.co.uk": {
      "out": {
        "other": 2
      },
      "score": 0.227
    },
    "twitter.com/gazjoy": {
      "out": {
        "other": 2
      },
      "score": 0.227
    },
    "2015.upfrontconf.com": {
      "out": {
        "other": 2
      },
      "score": 0.227
    },
    "danielmall.com": {
      "out": {
        "other": 2
      },
      "score": 0.227
    },
    "2015.ampersandconf.com": {
      "out": {
        "other": 2
      },
      "score": 0.227
    },
    "en.bem.info": {
      "out": {
        "other": 2
      },
      "score": 0.227
    },
    "getbem.com": {
      "out": {
        "other": 1
      },
      "score": 0.113
    },
    "www.iwebsolutions.co.uk": {
      "out": {
        "other": 1
      },
      "score": 0.113
    },
    "www.three.co.uk": {
      "out": {
        "other": 1
      },
      "score": 0.113
    },
    "www.birminghammuseums.org.uk": {
      "out": {
        "other": 1
      },
      "score": 0.113
    },
    "www.codehesive.com": {
      "out": {
        "other": 1
      },
      "score": 0.113
    },
    "nicolasgallagher.com": {
      "out": {
        "other": 1
      },
      "score": 0.113
    },
    "nvite.com": {
      "out": {
        "other": 1
      },
      "score": 0.113
    },
    "www.mozilla.org": {
      "out": {
        "other": 1
      },
      "score": 0.113
    },
    "www.cloudflare.com": {
      "out": {
        "other": 1
      },
      "score": 0.113
    },
    "daveredfern.dredfern.dyn.iweb.co.uk": {
      "out": {
        "other": 1
      },
      "score": 0.113
    },
    "jetpack.com": {
      "out": {
        "other": 1
      },
      "score": 0.113
    },
    "timkadlec.com": {
      "out": {
        "other": 1
      },
      "score": 0.113
    },
    "deathtobullshit.com": {
      "out": {
        "other": 1
      },
      "score": 0.113
    },
    "blog.teamtreehouse.com": {
      "out": {
        "other": 1
      },
      "score": 0.113
    },
    "twitter.com/natasha_allsopp": {
      "out": {
        "other": 1
      },
      "score": 0.113
    },
    "www.biblestudytools.com": {
      "out": {
        "other": 1
      },
      "score": 0.113
    },
    "www.digbethdiningclub.co.uk": {
      "out": {
        "other": 1
      },
      "score": 0.113
    },
    "tribes.no": {
      "out": {
        "other": 1
      },
      "score": 0.113
    },
    "www.sciencedirect.com": {
      "out": {
        "other": 1
      },
      "score": 0.113
    },
    "www.smartiehastheanswer.co.uk": {
      "out": {
        "other": 1
      },
      "score": 0.113
    },
    "sivers.org": {
      "out": {
        "other": 1
      },
      "score": 0.113
    },
    "jake.cobe.ly": {
      "out": {
        "other": 1
      },
      "score": 0.113
    },
    "developer.apple.com": {
      "out": {
        "other": 1
      },
      "score": 0.113
    },
    "karenuppal.co.uk": {
      "out": {
        "other": 1
      },
      "score": 0.113
    },
    "frontendnorth.com": {
      "out": {
        "other": 1
      },
      "score": 0.113
    },
    "shouldiuseacarousel.com": {
      "out": {
        "other": 1
      },
      "score": 0.113
    },
    "twitter.com/mustardbees": {
      "out": {
        "other": 1
      },
      "score": 0.113
    },
    "searchengineland.com": {
      "out": {
        "other": 1
      },
      "score": 0.113
    },
    "www.sitepoint.com": {
      "out": {
        "other": 1
      },
      "score": 0.113
    },
    "visitbirmingham.com": {
      "out": {
        "other": 1
      },
      "score": 0.113
    },
    "www.serverpilot.io": {
      "out": {
        "other": 1
      },
      "score": 0.113
    },
    "wearejh.com": {
      "out": {
        "other": 1
      },
      "score": 0.113
    },
    "www.smashingmagazine.com": {
      "out": {
        "other": 1
      },
      "score": 0.113
    },
    "en.wikiquote.org": {
      "out": {
        "other": 1
      },
      "score": 0.113
    },
    "paultibbetts.uk": {
      "out": {
        "other": 1
      },
      "score": 0.113
    },
    "twitter.com/NeilBoughton": {
      "out": {
        "other": 1
      },
      "score": 0.113
    },
    "www.google.com": {
      "out": {
        "other": 1
      },
      "score": 0.113
    },
    "iandunn.name": {
      "out": {
        "other": 1
      },
      "score": 0.113
    },
    "www.christophniemann.com": {
      "out": {
        "other": 1
      },
      "score": 0.113
    },
    "dn.ht": {
      "out": {
        "other": 1
      },
      "score": 0.113
    },
    "windows.microsoft.com": {
      "out": {
        "other": 1
      },
      "score": 0.113
    },
    "atomicdesign.bradfrost.com": {
      "out": {
        "other": 1
      },
      "score": 0.113
    },
    "www.siteground.com": {
      "out": {
        "other": 1
      },
      "score": 0.113
    },
    "www.natashaallsopp.co.uk": {
      "out": {
        "other": 1
      },
      "score": 0.113
    },
    "davetakes.photos": {
      "out": {
        "other": 1
      },
      "score": 0.113
    },
    "www.marketingshropshire.com": {
      "out": {
        "other": 1
      },
      "score": 0.113
    },
    "www.w3schools.com": {
      "out": {
        "other": 1
      },
      "score": 0.113
    },
    "500px.com": {
      "out": {
        "other": 1
      },
      "score": 0.113
    },
    "fourhourworkweek.com": {
      "out": {
        "other": 1
      },
      "score": 0.113
    },
    "www.daveredfern.com": {
      "out": {
        "other": 1
      },
      "score": 0.113
    },
    "blog.ezoic.com": {
      "out": {
        "other": 1
      },
      "score": 0.113
    },
    "madebymike.com.au": {
      "out": {
        "other": 1
      },
      "score": 0.113
    },
    "lanyrd.com": {
      "out": {
        "other": 1
      },
      "score": 0.113
    },
    "leancoffee.org": {
      "out": {
        "other": 1
      },
      "score": 0.113
    },
    "www.staffswebmeetup.co.uk": {
      "out": {
        "other": 1
      },
      "score": 0.113
    },
    "bower.io": {
      "out": {
        "other": 1
      },
      "score": 0.113
    },
    "www.netflix.com": {
      "out": {
        "other": 1
      },
      "score": 0.113
    },
    "bealers.com": {
      "out": {
        "other": 1
      },
      "score": 0.113
    },
    "wordpress.org": {
      "out": {
        "other": 1
      },
      "score": 0.113
    },
    "blog.kissmetrics.com": {
      "out": {
        "other": 1
      },
      "score": 0.113
    },
    "oneworldobservatory.com": {
      "out": {
        "other": 1
      },
      "score": 0.113
    },
    "www.lingscars.com": {
      "out": {
        "other": 1
      },
      "score": 0.113
    },
    "code.visualstudio.com": {
      "out": {
        "other": 1
      },
      "score": 0.113
    },
    "blog.gigaspaces.com": {
      "out": {
        "other": 1
      },
      "score": 0.113
    },
    "developer.wordpress.org": {
      "out": {
        "other": 1
      },
      "score": 0.113
    },
    "m.do.co": {
      "out": {
        "other": 1
      },
      "score": 0.113
    },
    "v4-alpha.getbootstrap.com": {
      "out": {
        "other": 1
      },
      "score": 0.113
    },
    "www.opera.com": {
      "out": {
        "other": 1
      },
      "score": 0.113
    },
    "www.pcworld.com": {
      "out": {
        "other": 1
      },
      "score": 0.113
    },
    "www.sketchapp.com": {
      "out": {
        "other": 1
      },
      "score": 0.113
    },
    "blog.crazyegg.com": {
      "out": {
        "other": 1
      },
      "score": 0.113
    },
    "medium.com": {
      "out": {
        "other": 1
      },
      "score": 0.113
    },
    "twitter.com/staffswebmeetup": {
      "out": {
        "other": 1
      },
      "score": 0.113
    },
    "automattic.com": {
      "out": {
        "other": 1
      },
      "score": 0.113
    },
    "facebook.com/dave.redfern": {
      "out": {
        "other": 1
      },
      "score": 0.113
    },
    "jakecobley.com": {
      "out": {
        "other": 1
      },
      "score": 0.113
    },
    "pciguru.wordpress.com": {
      "out": {
        "other": 1
      },
      "score": 0.113
    },
    "garethjoyce.co.uk": {
      "out": {
        "other": 1
      },
      "score": 0.113
    },
    "www.microsoft.com": {
      "out": {
        "other": 1
      },
      "score": 0.113
    },
    "www.theregister.co.uk": {
      "out": {
        "other": 1
      },
      "score": 0.113
    },
    "www.natashawylie.co.uk": {
      "out": {
        "other": 1
      },
      "score": 0.113
    },
    "www.theguardian.com": {
      "out": {
        "other": 1
      },
      "score": 0.113
    }
  }
}