{
  "domain": "davekokandy.com",
  "urls": [
    "https://davekokandy.com/"
  ],
  "names": [
    "Dave Kokandy – The Personal Blog of Dave Kokandy",
    "Dave Kokandy"
  ],
  "descriptions": [
    "The Personal Blog of Dave Kokandy"
  ],
  "pictures": [
    "https://s0.wp.com/i/blank.jpg"
  ],
  "hcard": {},
  "rel_mes": [
    "https://davekokandy.com/",
    "https://github.com/drkokandy",
    "https://twitter.com/drkokandy",
    "https://askubuntu.com/users/103537/drkokandy"
  ],
  "crawl_start": "2017-06-09T17:36:12",
  "crawl_end": "2017-06-09T17:38:00",
  "num_pages": 92,
  "total_html_size": 2728257,
  "servers": [
    "Apache",
    "WordPress"
  ],
  "mf2_classes": [
    "h-as-article",
    "h-feed",
    "h-entry",
    "h-card",
    "h-as-bookmark",
    "h-as-page",
    "h-as-note"
  ],
  "tags": [
    "relme",
    "webmention",
    "micropub",
    "authorization",
    "token",
    "generator",
    "WordPress"
  ],
  "endpoints": {
    "webmention": [
      "https://davekokandy.com/wp-json/webmention/1.0/endpoint"
    ],
    "micropub": [
      "https://davekokandy.com/?micropub=endpoint"
    ],
    "authorization": [
      "https://indieauth.com/auth"
    ],
    "token": [
      "https://tokens.indieauth.com/token"
    ],
    "generator": [
      "http://wordpress.org/"
    ]
  },
  "links_out": 1100,
  "links_in": 79,
  "links": {
    "github.com": {
      "out": {
        "other": 216
      },
      "score": 1
    },
    "askubuntu.com": {
      "out": {
        "other": 215
      },
      "score": 0.998
    },
    "dl.dropbox.com": {
      "out": {
        "other": 97
      },
      "score": 0.868
    },
    "twitter.com/drkokandy": {
      "out": {
        "other": 93
      },
      "score": 0.862
    },
    "wordpress.org": {
      "out": {
        "other": 92
      },
      "score": 0.858
    },
    "ashlandcareerservices.blogspot.com": {
      "out": {
        "other": 80
      },
      "score": 0.837
    },
    "blog.trdaisuke.com": {
      "in": {
        "other": 79
      },
      "out": {
        "other": 11
      },
      "score": 0.761
    },
    "www.thinkup.com": {
      "out": {
        "other": 24
      },
      "score": 0.638
    },
    "opensource.com": {
      "out": {
        "other": 24
      },
      "score": 0.638
    },
    "www.androidauthority.com": {
      "out": {
        "other": 23
      },
      "score": 0.631
    },
    "www.nytimes.com": {
      "out": {
        "other": 22
      },
      "score": 0.623
    },
    "www.dreamhost.com": {
      "out": {
        "other": 18
      },
      "score": 0.590
    },
    "prezi.com": {
      "out": {
        "other": 16
      },
      "score": 0.572
    },
    "withknown.com": {
      "out": {
        "other": 12
      },
      "score": 0.524
    },
    "gnu.io": {
      "out": {
        "other": 12
      },
      "score": 0.524
    },
    "www.tumblr.com": {
      "out": {
        "other": 10
      },
      "score": 0.494
    },
    "lubuntu.me": {
      "out": {
        "other": 9
      },
      "score": 0.476
    },
    "getbootstrap.com": {
      "out": {
        "other": 7
      },
      "score": 0.435
    },
    "themeart.co": {
      "out": {
        "other": 7
      },
      "score": 0.435
    },
    "portfolio.davekokandy.com": {
      "out": {
        "other": 7
      },
      "score": 0.435
    },
    "www.wordpress.org": {
      "out": {
        "other": 7
      },
      "score": 0.435
    },
    "glyphicons.com": {
      "out": {
        "other": 7
      },
      "score": 0.435
    },
    "known.davekokandy.com": {
      "out": {
        "other": 7
      },
      "score": 0.435
    },
    "ghost.trdaisuke.com": {
      "out": {
        "other": 7
      },
      "score": 0.435
    },
    "startbootstrap.com": {
      "out": {
        "other": 7
      },
      "score": 0.435
    },
    "www.kent.edu": {
      "out": {
        "other": 5
      },
      "score": 0.379
    },
    "www.ets.org": {
      "out": {
        "other": 4
      },
      "score": 0.343
    },
    "www.ohiolink.edu": {
      "out": {
        "other": 3
      },
      "score": 0.295
    },
    "trdaisuke.moe": {
      "out": {
        "other": 3
      },
      "score": 0.295
    },
    "rin.nya.pub": {
      "out": {
        "other": 2
      },
      "score": 0.229
    },
    "www.keirsey.com": {
      "out": {
        "other": 2
      },
      "score": 0.229
    },
    "www.manager-tools.com": {
      "out": {
        "other": 2
      },
      "score": 0.229
    },
    "www.ashland.edu": {
      "out": {
        "other": 2
      },
      "score": 0.229
    },
    "en.wikipedia.org": {
      "out": {
        "other": 2
      },
      "score": 0.229
    },
    "www.chronicle.com": {
      "out": {
        "other": 2
      },
      "score": 0.229
    },
    "twitter.com/hashtag": {
      "out": {
        "other": 2
      },
      "score": 0.229
    },
    "www.ucan-network.org": {
      "out": {
        "other": 2
      },
      "score": 0.229
    },
    "www.collegeportraits.org": {
      "out": {
        "other": 2
      },
      "score": 0.229
    },
    "www.google.com": {
      "out": {
        "other": 2
      },
      "score": 0.229
    },
    "www.openshift.com": {
      "out": {
        "other": 2
      },
      "score": 0.229
    },
    "www.ipat.com": {
      "out": {
        "other": 2
      },
      "score": 0.229
    },
    "www.voluntarysystem.org": {
      "out": {
        "other": 2
      },
      "score": 0.229
    },
    "office.microsoft.com": {
      "out": {
        "other": 2
      },
      "score": 0.229
    },
    "www.self-directed-search.com": {
      "out": {
        "other": 2
      },
      "score": 0.229
    },
    "feeds.chronicle.com": {
      "out": {
        "other": 2
      },
      "score": 0.229
    },
    "news.google.com": {
      "out": {
        "other": 2
      },
      "score": 0.229
    },
    "aacraoedge.aacrao.org": {
      "out": {
        "other": 1
      },
      "score": 0.114
    },
    "www.mountunion.edu": {
      "out": {
        "other": 1
      },
      "score": 0.114
    },
    "www.wes.org": {
      "out": {
        "other": 1
      },
      "score": 0.114
    },
    "doc.freenas.org": {
      "out": {
        "other": 1
      },
      "score": 0.114
    },
    "twit.tv": {
      "out": {
        "other": 1
      },
      "score": 0.114
    },
    "www.mrexcel.com": {
      "out": {
        "other": 1
      },
      "score": 0.114
    },
    "trdaisuke.tumblr.com": {
      "out": {
        "other": 1
      },
      "score": 0.114
    },
    "creativecommons.org": {
      "out": {
        "other": 1
      },
      "score": 0.114
    },
    "i1.wp.com": {
      "out": {
        "other": 1
      },
      "score": 0.114
    },
    "www.thurrott.com": {
      "out": {
        "other": 1
      },
      "score": 0.114
    },
    "www.focuscareer2.com": {
      "out": {
        "other": 1
      },
      "score": 0.114
    },
    "www.sxu.edu": {
      "out": {
        "other": 1
      },
      "score": 0.114
    },
    "www.aubg.bg": {
      "out": {
        "other": 1
      },
      "score": 0.114
    },
    "www.cpearson.com": {
      "out": {
        "other": 1
      },
      "score": 0.114
    },
    "www.northcentralcollege.com": {
      "out": {
        "other": 1
      },
      "score": 0.114
    },
    "www.sigi3.org": {
      "out": {
        "other": 1
      },
      "score": 0.114
    },
    "blogs.windows.com": {
      "out": {
        "other": 1
      },
      "score": 0.114
    },
    "forums.freenas.org": {
      "out": {
        "other": 1
      },
      "score": 0.114
    },
    "people.usd.edu": {
      "out": {
        "other": 1
      },
      "score": 0.114
    },
    "maxpixel.freegreatpicture.com": {
      "out": {
        "other": 1
      },
      "score": 0.114
    },
    "www.ashlandoh.com": {
      "out": {
        "other": 1
      },
      "score": 0.114
    }
  }
}