{
  "domain": "davidturner.name",
  "urls": [
    "https://davidturner.name/"
  ],
  "names": [
    "Journal of David Turner"
  ],
  "descriptions": [
    "CTO and cofounder of Get Invited (https://getinvited.to). Creator of Simply Written (http://simply-written.com) and ReferenceIt (https://referenceit.org)."
  ],
  "pictures": [
    "https://davidturner.name/apple-touch-icon.png"
  ],
  "hcard": {},
  "rel_mes": [
    "https://github.com/davidturner",
    "https://twitter.com/HerrWulf"
  ],
  "crawl_start": "2017-06-09T17:37:03",
  "crawl_end": "2017-06-09T17:37:30",
  "num_pages": 52,
  "total_html_size": 706238,
  "servers": [
    "Apache"
  ],
  "tags": [
    "relme"
  ],
  "endpoints": {},
  "links_out": 390,
  "links_in": 0,
  "links": {
    "github.com": {
      "out": {
        "other": 61
      },
      "score": 1
    },
    "twitter.com/HerrWulf": {
      "out": {
        "other": 58
      },
      "score": 0.990
    },
    "getinvited.to": {
      "out": {
        "other": 17
      },
      "score": 0.735
    },
    "referenceit.org": {
      "out": {
        "other": 14
      },
      "score": 0.694
    },
    "simply-written.com": {
      "out": {
        "other": 10
      },
      "score": 0.625
    },
    "www.nidesignalliance.com": {
      "out": {
        "other": 8
      },
      "score": 0.577
    },
    "kylegawley.co.uk": {
      "out": {
        "other": 6
      },
      "score": 0.517
    },
    "incident57.com": {
      "out": {
        "other": 6
      },
      "score": 0.517
    },
    "symbolset.com": {
      "out": {
        "other": 5
      },
      "score": 0.479
    },
    "css-tricks.com": {
      "out": {
        "other": 5
      },
      "score": 0.479
    },
    "www.abookapart.com": {
      "out": {
        "other": 5
      },
      "score": 0.479
    },
    "kylegawley.com": {
      "out": {
        "other": 5
      },
      "score": 0.479
    },
    "code.google.com": {
      "out": {
        "other": 5
      },
      "score": 0.479
    },
    "www.columbia.edu": {
      "out": {
        "other": 4
      },
      "score": 0.433
    },
    "des.davidturner.name": {
      "out": {
        "other": 4
      },
      "score": 0.433
    },
    "monographic.org": {
      "out": {
        "other": 4
      },
      "score": 0.433
    },
    "blog.kissmetrics.com": {
      "out": {
        "other": 4
      },
      "score": 0.433
    },
    "uni.davidturner.name": {
      "out": {
        "other": 4
      },
      "score": 0.433
    },
    "imageoptim.com": {
      "out": {
        "other": 4
      },
      "score": 0.433
    },
    "twitter.com/intent": {
      "out": {
        "other": 4
      },
      "score": 0.433
    },
    "twitter.com/kylegawley": {
      "out": {
        "other": 4
      },
      "score": 0.433
    },
    "www.freshmademedia.co.uk": {
      "out": {
        "other": 3
      },
      "score": 0.373
    },
    "vizua.li": {
      "out": {
        "other": 3
      },
      "score": 0.373
    },
    "www.benplum.com": {
      "out": {
        "other": 3
      },
      "score": 0.373
    },
    "freshmademedia.co.uk": {
      "out": {
        "other": 3
      },
      "score": 0.373
    },
    "www.leemunroe.com": {
      "out": {
        "other": 3
      },
      "score": 0.373
    },
    "duckbox.net": {
      "out": {
        "other": 3
      },
      "score": 0.373
    },
    "twitter.com/keilantra": {
      "out": {
        "other": 3
      },
      "score": 0.373
    },
    "twitter.com/duckbox": {
      "out": {
        "other": 3
      },
      "score": 0.373
    },
    "blog.twitter.com": {
      "out": {
        "other": 2
      },
      "score": 0.290
    },
    "simonf.co.uk": {
      "out": {
        "other": 2
      },
      "score": 0.290
    },
    "www.johannabasford.com": {
      "out": {
        "other": 2
      },
      "score": 0.290
    },
    "bufferapp.com": {
      "out": {
        "other": 2
      },
      "score": 0.290
    },
    "en.gravatar.com": {
      "out": {
        "other": 2
      },
      "score": 0.290
    },
    "twitter.com/fehler": {
      "out": {
        "other": 2
      },
      "score": 0.290
    },
    "writing.tamiolsen.com": {
      "out": {
        "other": 2
      },
      "score": 0.290
    },
    "twitter.com/Kitty_Crawford": {
      "out": {
        "other": 2
      },
      "score": 0.290
    },
    "contently.com": {
      "out": {
        "other": 2
      },
      "score": 0.290
    },
    "twitter.com/dhh": {
      "out": {
        "other": 2
      },
      "score": 0.290
    },
    "creativecamp2012.com": {
      "out": {
        "other": 2
      },
      "score": 0.290
    },
    "www.greatwebsitesblog.com": {
      "out": {
        "other": 2
      },
      "score": 0.290
    },
    "highlightjs.org": {
      "out": {
        "other": 2
      },
      "score": 0.290
    },
    "www.npmjs.com": {
      "out": {
        "other": 2
      },
      "score": 0.290
    },
    "cargocollective.com": {
      "out": {
        "other": 2
      },
      "score": 0.290
    },
    "adaptive-images.com": {
      "out": {
        "other": 2
      },
      "score": 0.290
    },
    "localtunnel.me": {
      "out": {
        "other": 2
      },
      "score": 0.290
    },
    "minigamereviews.com": {
      "out": {
        "other": 2
      },
      "score": 0.290
    },
    "fontprep.com": {
      "out": {
        "other": 2
      },
      "score": 0.290
    },
    "lesscss.org": {
      "out": {
        "other": 2
      },
      "score": 0.290
    },
    "muse.adobe.com": {
      "out": {
        "other": 2
      },
      "score": 0.290
    },
    "livereload.com": {
      "out": {
        "other": 2
      },
      "score": 0.290
    },
    "responsify.it": {
      "out": {
        "other": 2
      },
      "score": 0.290
    },
    "jessicahische.is": {
      "out": {
        "other": 2
      },
      "score": 0.290
    },
    "bearcss.com": {
      "out": {
        "other": 2
      },
      "score": 0.290
    },
    "sass-lang.com": {
      "out": {
        "other": 2
      },
      "score": 0.290
    },
    "remysharp.com": {
      "out": {
        "other": 2
      },
      "score": 0.290
    },
    "techcrunch.com": {
      "out": {
        "other": 2
      },
      "score": 0.290
    },
    "www.techdirt.com": {
      "out": {
        "other": 2
      },
      "score": 0.290
    },
    "www.wolframalpha.com": {
      "out": {
        "other": 2
      },
      "score": 0.290
    },
    "www.gracesmith.co.uk": {
      "out": {
        "other": 2
      },
      "score": 0.290
    },
    "www.webstandardistas.com": {
      "out": {
        "other": 2
      },
      "score": 0.290
    },
    "www.qub.ac.uk": {
      "out": {
        "other": 1
      },
      "score": 0.144
    },
    "37signals.com": {
      "out": {
        "other": 1
      },
      "score": 0.144
    },
    "luci.criosweb.ro": {
      "out": {
        "other": 1
      },
      "score": 0.144
    },
    "www.youtube.com": {
      "out": {
        "other": 1
      },
      "score": 0.144
    },
    "modernizr.com": {
      "out": {
        "other": 1
      },
      "score": 0.144
    },
    "www.alistapart.com": {
      "out": {
        "other": 1
      },
      "score": 0.144
    },
    "www.w3.org": {
      "out": {
        "other": 1
      },
      "score": 0.144
    },
    "twitter.com/jonnycampbell": {
      "out": {
        "other": 1
      },
      "score": 0.144
    },
    "vectorfunk.com": {
      "out": {
        "other": 1
      },
      "score": 0.144
    },
    "litmus.com": {
      "out": {
        "other": 1
      },
      "score": 0.144
    },
    "www.macupdate.com": {
      "out": {
        "other": 1
      },
      "score": 0.144
    },
    "www.spritecow.com": {
      "out": {
        "other": 1
      },
      "score": 0.144
    },
    "960.gs": {
      "out": {
        "other": 1
      },
      "score": 0.144
    },
    "sethgodin.typepad.com": {
      "out": {
        "other": 1
      },
      "score": 0.144
    },
    "webstandardistas.com": {
      "out": {
        "other": 1
      },
      "score": 0.144
    },
    "www.kittycrawford.co.uk": {
      "out": {
        "other": 1
      },
      "score": 0.144
    },
    "www.flickr.com": {
      "out": {
        "other": 1
      },
      "score": 0.144
    },
    "www.modernizr.com": {
      "out": {
        "other": 1
      },
      "score": 0.144
    },
    "www.thewrap.com": {
      "out": {
        "other": 1
      },
      "score": 0.144
    },
    "typekit.com": {
      "out": {
        "other": 1
      },
      "score": 0.144
    },
    "macrabbit.com": {
      "out": {
        "other": 1
      },
      "score": 0.144
    },
    "storify.com": {
      "out": {
        "other": 1
      },
      "score": 0.144
    },
    "web.archive.org": {
      "out": {
        "other": 1
      },
      "score": 0.144
    },
    "www.dcalni.gov.uk": {
      "out": {
        "other": 1
      },
      "score": 0.144
    },
    "davidturner.name6": {
      "out": {
        "other": 1
      },
      "score": 0.144
    },
    "designprofessionalism.com": {
      "out": {
        "other": 1
      },
      "score": 0.144
    },
    "www.textasticapp.com": {
      "out": {
        "other": 1
      },
      "score": 0.144
    },
    "cyberduck.ch": {
      "out": {
        "other": 1
      },
      "score": 0.144
    },
    "stats.interactivemultimediadesign.info": {
      "out": {
        "other": 1
      },
      "score": 0.144
    },
    "i.imgur.com": {
      "out": {
        "other": 1
      },
      "score": 0.144
    },
    "twitter.com/davidturner": {
      "out": {
        "other": 1
      },
      "score": 0.144
    },
    "fontfabric.com": {
      "out": {
        "other": 1
      },
      "score": 0.144
    },
    "www.smashingmagazine.com": {
      "out": {
        "other": 1
      },
      "score": 0.144
    },
    "simurai.com": {
      "out": {
        "other": 1
      },
      "score": 0.144
    },
    "fivedetails.com": {
      "out": {
        "other": 1
      },
      "score": 0.144
    },
    "twitter.com/krookeduk": {
      "out": {
        "other": 1
      },
      "score": 0.144
    },
    "mactips.info": {
      "out": {
        "other": 1
      },
      "score": 0.144
    },
    "nicolasgallagher.com": {
      "out": {
        "other": 1
      },
      "score": 0.144
    },
    "vimeo.com": {
      "out": {
        "other": 1
      },
      "score": 0.144
    },
    "perishablepress.com": {
      "out": {
        "other": 1
      },
      "score": 0.144
    },
    "tamiolsen.com": {
      "out": {
        "other": 1
      },
      "score": 0.144
    },
    "filezilla-project.org": {
      "out": {
        "other": 1
      },
      "score": 0.144
    },
    "www.amazon.com": {
      "out": {
        "other": 1
      },
      "score": 0.144
    },
    "www.wpsauce.com": {
      "out": {
        "other": 1
      },
      "score": 0.144
    },
    "2011.buildconf.com": {
      "out": {
        "other": 1
      },
      "score": 0.144
    },
    "prismjs.com": {
      "out": {
        "other": 1
      },
      "score": 0.144
    },
    "alistapart.com": {
      "out": {
        "other": 1
      },
      "score": 0.144
    },
    "www.dropbox.com": {
      "out": {
        "other": 1
      },
      "score": 0.144
    },
    "jekyllrb.com": {
      "out": {
        "other": 1
      },
      "score": 0.144
    },
    "twitter.com/fillyc": {
      "out": {
        "other": 1
      },
      "score": 0.144
    },
    "www.reflectionapp.com": {
      "out": {
        "other": 1
      },
      "score": 0.144
    },
    "googlewebmastercentral.blogspot.co.uk": {
      "out": {
        "other": 1
      },
      "score": 0.144
    },
    "twitter.com/ben_bland": {
      "out": {
        "other": 1
      },
      "score": 0.144
    },
    "twitter.com/simply_written_": {
      "out": {
        "other": 1
      },
      "score": 0.144
    },
    "dtrnr.in": {
      "out": {
        "other": 1
      },
      "score": 0.144
    },
    "fetchsoftworks.com": {
      "out": {
        "other": 1
      },
      "score": 0.144
    },
    "www.amazon.co.uk": {
      "out": {
        "other": 1
      },
      "score": 0.144
    },
    "skipskap.com": {
      "out": {
        "other": 1
      },
      "score": 0.144
    },
    "www.43folders.com": {
      "out": {
        "other": 1
      },
      "score": 0.144
    },
    "tejpotter.com": {
      "out": {
        "other": 1
      },
      "score": 0.144
    },
    "compass-style.org": {
      "out": {
        "other": 1
      },
      "score": 0.144
    },
    "twitter.com/DavidTurner": {
      "out": {
        "other": 1
      },
      "score": 0.144
    },
    "dribbble.com": {
      "out": {
        "other": 1
      },
      "score": 0.144
    },
    "help.symbolset.com": {
      "out": {
        "other": 1
      },
      "score": 0.144
    },
    "www.filamentgroup.com": {
      "out": {
        "other": 1
      },
      "score": 0.144
    }
  }
}