{
  "domain": "davidmerris.com",
  "urls": [
    "http://davidmerris.com/"
  ],
  "names": [
    "David Merris"
  ],
  "descriptions": [
    "I've always enjoyed using computers, and I have been programming for\n        almost as long as I can remember. I have a Bachelor of Science in\n        Computer Science"
  ],
  "pictures": [],
  "hcard": {
    "properties": {
      "email": [
        "\n          me@davidmerris.com\n        "
      ],
      "locality": [
        "Columbus"
      ],
      "name": [
        "David Merris"
      ],
      "note": [
        "I've always enjoyed using computers, and I have been programming for\n        almost as long as I can remember. I have a Bachelor of Science in\n        Computer Science"
      ],
      "postal-code": [
        "43228"
      ],
      "region": [
        "Ohio"
      ],
      "street-address": [
        "4122 Brackenwood Trail"
      ],
      "url": [
        "http://davidmerris.com/"
      ]
    },
    "type": [
      "h-card"
    ]
  },
  "rel_mes": [
    "http://davidmerris.com/",
    "mailto:me@davidmerris.com",
    "https://plus.google.com/+DavidMerris/",
    "https://twitter.com/moosetheory",
    "https://github.com/moosetheory"
  ],
  "crawl_start": "2017-06-09T17:37:00",
  "crawl_end": "2017-06-09T17:37:01",
  "num_pages": 3,
  "total_html_size": 20409,
  "servers": [
    "Apache (Ubuntu)"
  ],
  "mf2_classes": [
    "h-card"
  ],
  "tags": [
    "relme"
  ],
  "endpoints": {},
  "links_out": 15,
  "links_in": 2,
  "links": {
    "resume.html": {
      "out": {
        "other": 4
      },
      "score": 1
    },
    "github.com": {
      "out": {
        "other": 3
      },
      "score": 0.861
    },
    "twitter.com/moosetheory": {
      "out": {
        "other": 3
      },
      "score": 0.861
    },
    "plus.google.com/+DavidMerris": {
      "out": {
        "other": 3
      },
      "score": 0.861
    },
    "index.html": {
      "out": {
        "other": 2
      },
      "score": 0.668
    },
    "brid.gy": {
      "in": {
        "other": 2
      },
      "score": 0.333
    }
  }
}