{
  "domain": "david.tools",
  "urls": [
    "http://david.tools/"
  ],
  "names": [
    "David Francisco"
  ],
  "descriptions": [
    "David Francisco's Personal Webpage"
  ],
  "pictures": [],
  "hcard": {},
  "rel_mes": [],
  "crawl_start": "2017-06-10T05:43:51",
  "crawl_end": "2017-06-10T05:43:52",
  "num_pages": 2,
  "total_html_size": 15897,
  "servers": [
    "cloudflare-nginx"
  ],
  "tags": [],
  "endpoints": {},
  "links_out": 30,
  "links_in": 0,
  "links": {
    "github.com": {
      "out": {
        "other": 5
      },
      "score": 1
    },
    "blog.dmfranc.com": {
      "out": {
        "other": 3
      },
      "score": 0.778
    },
    "dribbble.com": {
      "out": {
        "other": 2
      },
      "score": 0.604
    },
    "linkedin.com": {
      "out": {
        "other": 2
      },
      "score": 0.604
    },
    "twitter.com/dmfrancisco": {
      "out": {
        "other": 2
      },
      "score": 0.604
    },
    "spacejunk.dmfranc.com": {
      "out": {
        "other": 1
      },
      "score": 0.301
    },
    "pomada.dmfranc.com": {
      "out": {
        "other": 1
      },
      "score": 0.301
    },
    "dmfrancisco.github.io": {
      "out": {
        "other": 1
      },
      "score": 0.301
    },
    "pagehub.dmfranc.com": {
      "out": {
        "other": 1
      },
      "score": 0.301
    },
    "tmblr.co": {
      "out": {
        "other": 1
      },
      "score": 0.301
    },
    "mozilla.com": {
      "out": {
        "other": 1
      },
      "score": 0.301
    },
    "jonymockup.dmfranc.com": {
      "out": {
        "other": 1
      },
      "score": 0.301
    },
    "react.parts": {
      "out": {
        "other": 1
      },
      "score": 0.301
    },
    "google.com": {
      "out": {
        "other": 1
      },
      "score": 0.301
    },
    "kood.dmfranc.com": {
      "out": {
        "other": 1
      },
      "score": 0.301
    },
    "activo.dmfranc.com": {
      "out": {
        "other": 1
      },
      "score": 0.301
    },
    "slideshow.dmfranc.com": {
      "out": {
        "other": 1
      },
      "score": 0.301
    },
    "dmfrancisco.github.com": {
      "out": {
        "other": 1
      },
      "score": 0.301
    },
    "blocks.dmfranc.com": {
      "out": {
        "other": 1
      },
      "score": 0.301
    },
    "www.cloudflare.com": {
      "out": {
        "other": 1
      },
      "score": 0.301
    },
    "windows.microsoft.com": {
      "out": {
        "other": 1
      },
      "score": 0.301
    }
  }
}