{
  "domain": "davidized.com",
  "urls": [
    "https://davidized.com/"
  ],
  "names": [
    "David Williamson",
    "Davidized! | Random thoughts floating through my head."
  ],
  "descriptions": [
    "Maker. Educator. Adventurer.",
    "Random thoughts floating through my head."
  ],
  "pictures": [
    "https://davidized.com/assets/img/avatar.jpg"
  ],
  "hcard": {
    "properties": {
      "name": [
        "David Williamson"
      ],
      "note": [
        "Maker. Educator. Adventurer."
      ],
      "photo": [
        "https://davidized.com/assets/img/avatar.jpg"
      ],
      "url": [
        "https://davidized.com/"
      ]
    },
    "type": [
      "h-card"
    ]
  },
  "rel_mes": [
    "https://davidized.com/",
    "http://twitter.com/davidized",
    "http://facebook.com/david.williamson",
    "http://linkedin.com/in/david-williamson-9262a913",
    "http://github.com/davidized"
  ],
  "crawl_start": "2017-04-24T02:48:38",
  "crawl_end": "2017-04-24T02:48:48",
  "num_pages": 13,
  "total_html_size": 81641,
  "servers": [
    "Apache"
  ],
  "mf2_classes": [
    "h-card",
    "h-entry"
  ],
  "tags": [
    "relme",
    "IRC"
  ],
  "endpoints": {},
  "links_out": 93,
  "links_in": 11,
  "links": {
    "github.com": {
      "out": {
        "other": 26
      },
      "score": 1
    },
    "facebook.com/david.williamson": {
      "out": {
        "other": 13
      },
      "score": 0.825
    },
    "linkedin.com": {
      "out": {
        "other": 13
      },
      "score": 0.825
    },
    "jekyllrb.com": {
      "out": {
        "other": 13
      },
      "score": 0.825
    },
    "twitter.com/davidized": {
      "out": {
        "other": 13
      },
      "score": 0.825
    },
    "gitolite.com": {
      "out": {
        "other": 3
      },
      "score": 0.453
    },
    "indieweb.org": {
      "in": {
        "other": 6
      },
      "score": 0.453
    },
    "blog.timowens.io": {
      "out": {
        "other": 2
      },
      "score": 0.352
    },
    "www.youtube.com": {
      "out": {
        "other": 2
      },
      "score": 0.352
    },
    "stackoverflow.com": {
      "out": {
        "other": 2
      },
      "score": 0.352
    },
    "shortbrain.org": {
      "out": {
        "other": 2
      },
      "score": 0.352
    },
    "brid.gy": {
      "in": {
        "other": 3
      },
      "score": 0.278
    },
    "blog.caplin.com": {
      "out": {
        "other": 1
      },
      "score": 0.175
    },
    "help.github.com": {
      "out": {
        "other": 1
      },
      "score": 0.175
    },
    "sixarm.com": {
      "out": {
        "other": 1
      },
      "score": 0.175
    },
    "chat.indieweb.org": {
      "in": {
        "other": 2
      },
      "score": 0.175
    },
    "mallinson.ca": {
      "out": {
        "other": 1
      },
      "score": 0.175
    }
  }
}