{
  "domain": "davinian.com",
  "urls": [
    "https://www.davinian.com/"
  ],
  "names": [
    "Davinian - bit of this, bit of that... mostly that",
    "Davinian"
  ],
  "descriptions": [
    "bit of this, bit of that... mostly that"
  ],
  "pictures": [],
  "hcard": {},
  "rel_mes": [
    "https://twitter.com/davinian",
    "https://facebook.com/davinian",
    "https://github.com/davinian",
    "mailto:contact@davinian.com"
  ],
  "tags": [
    "relme"
  ],
  "endpoints": {},
  "crawl_start": "2017-06-11T14:44:11.563939",
  "crawl_end": "2017-06-11T14:44:11.563939",
  "links_out": 0,
  "links_in": 1,
  "links": {
    "www.davinian.com": {
      "in": {
        "other": 1
      },
      "score": 0
    }
  }
}