{
  "domain": "davidmead.withknown.com",
  "urls": [
    "https://withknown.com/"
  ],
  "names": [
    "Known: social publishing for groups and individuals"
  ],
  "descriptions": [
    "Publish blog posts, photos and media to your own site, and syndicate it to your social networks. Keep everything on your own site."
  ],
  "pictures": [
    "https://withknown.com/img/Circle-K_Yel_rounded.png",
    "https://withknown.com/img/home/hero-desk.jpg"
  ],
  "hcard": {},
  "rel_mes": [],
  "tags": [
    "bridgy"
  ],
  "endpoints": {},
  "crawl_start": "2017-05-19T22:54:09.733906",
  "crawl_end": "2017-05-19T22:54:09.733906",
  "links_out": 0,
  "links_in": 769,
  "links": {
    "davidjohnmead.com": {
      "in": {
        "other": 689
      },
      "score": 1
    },
    "stream.withknown.com": {
      "in": {
        "other": 13,
        "in-reply-to": 8
      },
      "score": 0.607
    },
    "adactio.com": {
      "in": {
        "other": 14,
        "in-reply-to": 2
      },
      "score": 0.486
    },
    "indieweb.org": {
      "in": {
        "other": 20
      },
      "score": 0.459
    },
    "werd.io": {
      "in": {
        "other": 10
      },
      "score": 0.352
    },
    "chat.indieweb.org": {
      "in": {
        "other": 8
      },
      "score": 0.318
    },
    "known.kevinmarks.com": {
      "in": {
        "other": 4
      },
      "score": 0.213
    },
    "www.aaron-gustafson.com": {
      "in": {
        "other": 1
      },
      "score": 0
    }
  }
}