{
  "domain": "davidawindham.com",
  "urls": [
    "https://davidawindham.com/"
  ],
  "names": [
    "David A. Windham"
  ],
  "descriptions": [
    "David A. Windham - Zeken Woozer Enterprises, Un-Ltd. South Carolina USA"
  ],
  "pictures": [],
  "hcard": {
    "properties": {
      "country-name": [
        "USA"
      ],
      "email": [
        "\n \n\t\t\t\t\t//<![CDATA[\n\t\t\t\t\tfunction hiveware_enkoder(){var i,j,x,y,x=\n\t\t\t\t\t\"x=\\\"3.r87dx:7=\\\\\\\"57|A;7&;:7<7:7h6=767:7:7878767::<7:7:7:75777;7;7879767::\" +\n\t\t\t\t\t\"=787:7:78797:7::5797;7;7:787:76:=797:7;787;7:7;75767;7:7;7=7:7;7=787:::797\" +\n\t\t\t\t\t\"97:76787<7:767<767:77:5777:::787576:679747:7:777<7::;7:767:::787977::777:7\" +\n\t\t\t\t\t\"6:7::787:79:57777:67976767::678767:7=7577::767=777::47777:;7668767::f;:7=7\" +\n\t\t\t\t\t\"7:h657;6:7;787f::7::57j;;766:7<::7=7=7h7:74787f:87=747g;:7<687i::7g:579:;7\" +\n\t\t\t\t\t\"i::7;;:78:=7<7:7f:87=6:7f757h7;766;7=;:7f;=7=6::f797h;:79:87i::79;<77::77:\" +\n\t\t\t\t\t\"575;::4:87966:<697;6:79677;6::f;:7<6::i;877;7:9::76;;77;778;;76697<::7=667\" +\n\t\t\t\t\t\"g7::6657=6:7=797f;:7h;77=&;7?}87A+7:+?87js;7v,67mA:74?97m@7:|257pi:7rk87xl\" +\n\t\t\t\t\t\":7?m57/A;76-:7!}:7/A=7yr:7iw87ge:7ti57,+;7)+;7/|:72w=7yf::wx97v,:7m0876-:7\" +\n\t\t\t\t\t\"-?<7#}:7\\\\\\\";57y=::''87;x6:=u97ne:7sc77ap::e(:7x)::;f87or9:(i77=067;i67<x;\" +\n\t\t\t\t\t\"7.l87en:7gt=7h;;7i+87+)::{j77=x:7.c97ha7:rC87od9:eA77t(67i)67-4:7;i77f(::j\" +\n\t\t\t\t\t\"<:732::)j97+=;79487;y:7+=57St:7ri77ng;7.f87ro9:mC77ha67rC67od7:e(97j):7}y\\\"\"+\n\t\t\t\t\t\";j=eval(x.charAt(0));x=x.substr(1);y='';for(i=0;i<x.length;i+=4){y+=x.subs\" +\n\t\t\t\t\t\"tr(i,2);}for(i=2;i<x.length;i+=4){y+=x.substr(i,2);}y=y.substr(j);\";\n\t\t\t\t\twhile(x=eval(x));}hiveware_enkoder();\n\t\t\t\t\t//]]>\n\t\t\t\t"
      ],
      "job-title": [
        "au·to·di·dact   rac·on·teur"
      ],
      "key": [
        "https://keybase.io/windhamdavid"
      ],
      "logo": [
        "\n\n\n\n\n\n\n\n\n\n\n\n\n\n\n\n\n\n\n\n\n\n\n\n\n\n\n\n\n\n\n\n\n\n\n\n\n\n\n\n\n\n\n"
      ],
      "name": [
        "David A. Windham"
      ],
      "org": [
        "Zeken Woözer Enterprises, Un-Ltd."
      ],
      "region": [
        "South Carolina"
      ],
      "tel": [
        "803-712-3283"
      ],
      "url": [
        "https://davidawindham.com/"
      ]
    },
    "type": [
      "h-card"
    ]
  },
  "rel_mes": [
    "https://plus.google.com/+DavidWindham1?rel=author",
    "http://twitter.com/windhamdavid",
    "http://facebook.com/windhamdavid",
    "http://windhamdavid.tumblr.com/",
    "http://vimeo.com/windhamdavid",
    "http://github.com/windhamdavid"
  ],
  "crawl_start": "2017-06-09T17:37:00",
  "crawl_end": "2017-06-09T17:41:59",
  "num_pages": 531,
  "total_html_size": 7797736,
  "servers": [
    "Apache (Ubuntu)",
    "GitBook"
  ],
  "mf2_classes": [
    "h-card",
    "h-entry"
  ],
  "tags": [
    "relme"
  ],
  "endpoints": {},
  "links_out": 4932,
  "links_in": 0,
  "links": {
    "github.com": {
      "out": {
        "other": 1282
      },
      "score": 1
    },
    "en.wikipedia.org": {
      "out": {
        "other": 559
      },
      "score": 0.894
    },
    "radio.davidawindham.com": {
      "out": {
        "other": 90
      },
      "score": 0.661
    },
    "code.davidawindham.com": {
      "out": {
        "other": 89
      },
      "score": 0.660
    },
    "photo.davidawindham.com": {
      "out": {
        "other": 87
      },
      "score": 0.657
    },
    "twitter.com/windhamdavid": {
      "out": {
        "other": 87
      },
      "score": 0.657
    },
    "plus.google.com/+DavidWindham1": {
      "out": {
        "other": 86
      },
      "score": 0.656
    },
    "facebook.com/davidawindham": {
      "out": {
        "other": 85
      },
      "score": 0.655
    },
    "chat.davidawindham.com": {
      "out": {
        "other": 85
      },
      "score": 0.655
    },
    "chess.davidawindham.com": {
      "out": {
        "other": 85
      },
      "score": 0.655
    },
    "www.gitbook.com": {
      "out": {
        "other": 71
      },
      "score": 0.632
    },
    "eslint.org": {
      "out": {
        "other": 68
      },
      "score": 0.625
    },
    "js": {
      "out": {
        "other": 54
      },
      "score": 0.596
    },
    "lang": {
      "out": {
        "other": 46
      },
      "score": 0.576
    },
    "atom.io": {
      "out": {
        "other": 43
      },
      "score": 0.567
    },
    "host": {
      "out": {
        "other": 41
      },
      "score": 0.562
    },
    "jscs.info": {
      "out": {
        "other": 38
      },
      "score": 0.552
    },
    "server": {
      "out": {
        "other": 31
      },
      "score": 0.526
    },
    "saas": {
      "out": {
        "other": 25
      },
      "score": 0.498
    },
    "db": {
      "out": {
        "other": 21
      },
      "score": 0.476
    },
    "localhost": {
      "out": {
        "other": 21
      },
      "score": 0.476
    },
    "editors": {
      "out": {
        "other": 20
      },
      "score": 0.470
    },
    "wordpress.html": {
      "out": {
        "other": 16
      },
      "score": 0.442
    },
    "gogs.html": {
      "out": {
        "other": 16
      },
      "score": 0.442
    },
    "drupal.html": {
      "out": {
        "other": 16
      },
      "score": 0.442
    },
    "discourse.html": {
      "out": {
        "other": 16
      },
      "score": 0.442
    },
    "phproject.html": {
      "out": {
        "other": 16
      },
      "score": 0.442
    },
    "mailcow.html": {
      "out": {
        "other": 16
      },
      "score": 0.442
    },
    "lychee.html": {
      "out": {
        "other": 16
      },
      "score": 0.442
    },
    "nodebb.html": {
      "out": {
        "other": 16
      },
      "score": 0.442
    },
    "icecast.html": {
      "out": {
        "other": 16
      },
      "score": 0.442
    },
    "invoiceplane.html": {
      "out": {
        "other": 16
      },
      "score": 0.442
    },
    "www.amazon.com": {
      "out": {
        "other": 16
      },
      "score": 0.442
    },
    "webmin.html": {
      "out": {
        "other": 16
      },
      "score": 0.442
    },
    "www.google.com": {
      "out": {
        "other": 15
      },
      "score": 0.433
    },
    "img": {
      "out": {
        "other": 15
      },
      "score": 0.433
    },
    "zammad.html": {
      "out": {
        "other": 15
      },
      "score": 0.433
    },
    "_host.html": {
      "out": {
        "other": 14
      },
      "score": 0.424
    },
    "apache.html": {
      "out": {
        "other": 13
      },
      "score": 0.415
    },
    "nginx.html": {
      "out": {
        "other": 13
      },
      "score": 0.415
    },
    "mail.html": {
      "out": {
        "other": 13
      },
      "score": 0.415
    },
    "monit.html": {
      "out": {
        "other": 13
      },
      "score": 0.415
    },
    "node_awesome.html": {
      "out": {
        "other": 13
      },
      "score": 0.415
    },
    "letsencrypt.html": {
      "out": {
        "other": 13
      },
      "score": 0.415
    },
    "iptables.html": {
      "out": {
        "other": 13
      },
      "score": 0.415
    },
    "rails.html": {
      "out": {
        "other": 13
      },
      "score": 0.415
    },
    "goaccess.html": {
      "out": {
        "other": 13
      },
      "score": 0.415
    },
    "ubuntu.html": {
      "out": {
        "other": 13
      },
      "score": 0.415
    },
    "www.nytimes.com": {
      "out": {
        "other": 13
      },
      "score": 0.415
    },
    "golang.html": {
      "out": {
        "other": 13
      },
      "score": 0.415
    },
    "php.html": {
      "out": {
        "other": 13
      },
      "score": 0.415
    },
    "npm.html": {
      "out": {
        "other": 12
      },
      "score": 0.405
    },
    "ruby.html": {
      "out": {
        "other": 12
      },
      "score": 0.405
    },
    "ubuntu-mongo.html": {
      "out": {
        "other": 12
      },
      "score": 0.405
    },
    "lynis.html": {
      "out": {
        "other": 12
      },
      "score": 0.405
    },
    "unix.html": {
      "out": {
        "other": 12
      },
      "score": 0.405
    },
    "git.html": {
      "out": {
        "other": 12
      },
      "score": 0.405
    },
    "nodejs.html": {
      "out": {
        "other": 12
      },
      "score": 0.405
    },
    "_servers.html": {
      "out": {
        "other": 11
      },
      "score": 0.394
    },
    "stripe.html": {
      "out": {
        "other": 11
      },
      "score": 0.394
    },
    "now.html": {
      "out": {
        "other": 11
      },
      "score": 0.394
    },
    "c9io.html": {
      "out": {
        "other": 11
      },
      "score": 0.394
    },
    "heroku.html": {
      "out": {
        "other": 11
      },
      "score": 0.394
    },
    "aws.html": {
      "out": {
        "other": 11
      },
      "score": 0.394
    },
    "linode.html": {
      "out": {
        "other": 11
      },
      "score": 0.394
    },
    "_lang.html": {
      "out": {
        "other": 11
      },
      "score": 0.394
    },
    "code.google.com": {
      "out": {
        "other": 11
      },
      "score": 0.394
    },
    "chrome.html": {
      "out": {
        "other": 10
      },
      "score": 0.382
    },
    "sketch.html": {
      "out": {
        "other": 10
      },
      "score": 0.382
    },
    "apple.html": {
      "out": {
        "other": 10
      },
      "score": 0.382
    },
    "brew.html": {
      "out": {
        "other": 10
      },
      "score": 0.382
    },
    "mysql.html": {
      "out": {
        "other": 10
      },
      "score": 0.382
    },
    "redis.html": {
      "out": {
        "other": 10
      },
      "score": 0.382
    },
    "adobe.html": {
      "out": {
        "other": 10
      },
      "score": 0.382
    },
    "mongodb.html": {
      "out": {
        "other": 10
      },
      "score": 0.382
    },
    "mariadb.html": {
      "out": {
        "other": 10
      },
      "score": 0.382
    },
    "terminal.html": {
      "out": {
        "other": 9
      },
      "score": 0.368
    },
    "vi.html": {
      "out": {
        "other": 9
      },
      "score": 0.368
    },
    "postgres.html": {
      "out": {
        "other": 9
      },
      "score": 0.368
    },
    "textmate.html": {
      "out": {
        "other": 9
      },
      "score": 0.368
    },
    "ngrok.html": {
      "out": {
        "other": 9
      },
      "score": 0.368
    },
    "twilio.html": {
      "out": {
        "other": 9
      },
      "score": 0.368
    },
    "atom.html": {
      "out": {
        "other": 9
      },
      "score": 0.368
    },
    "_saas.html": {
      "out": {
        "other": 9
      },
      "score": 0.368
    },
    "medium.com": {
      "out": {
        "other": 9
      },
      "score": 0.368
    },
    "docs.mongodb.com": {
      "out": {
        "other": 9
      },
      "score": 0.368
    },
    "js_style.html": {
      "out": {
        "other": 8
      },
      "score": 0.353
    },
    "zsh.html": {
      "out": {
        "other": 8
      },
      "score": 0.353
    },
    "_localhost.html": {
      "out": {
        "other": 8
      },
      "score": 0.353
    },
    "jsperf.com": {
      "out": {
        "other": 8
      },
      "score": 0.353
    },
    "_db.html": {
      "out": {
        "other": 8
      },
      "score": 0.353
    },
    "js_awesome.html": {
      "out": {
        "other": 7
      },
      "score": 0.336
    },
    "www.npmjs.com": {
      "out": {
        "other": 7
      },
      "score": 0.336
    },
    "www.pbs.org": {
      "out": {
        "other": 7
      },
      "score": 0.336
    },
    "facebook.github.io": {
      "out": {
        "other": 7
      },
      "score": 0.336
    },
    "_editors.html": {
      "out": {
        "other": 7
      },
      "score": 0.336
    },
    "labs.adobe.com": {
      "out": {
        "other": 6
      },
      "score": 0.316
    },
    "js_react_native.html": {
      "out": {
        "other": 6
      },
      "score": 0.316
    },
    "_js.html": {
      "out": {
        "other": 6
      },
      "score": 0.316
    },
    "help.html": {
      "out": {
        "other": 6
      },
      "score": 0.316
    },
    "vimeo.com": {
      "out": {
        "other": 6
      },
      "score": 0.316
    },
    "developer.mozilla.org": {
      "out": {
        "other": 6
      },
      "score": 0.316
    },
    "www.digitalocean.com": {
      "out": {
        "other": 6
      },
      "score": 0.316
    },
    "js_react.html": {
      "out": {
        "other": 6
      },
      "score": 0.316
    },
    "www.adobe.com": {
      "out": {
        "other": 6
      },
      "score": 0.316
    },
    "projects": {
      "out": {
        "other": 6
      },
      "score": 0.316
    },
    "www.reddit.com": {
      "out": {
        "other": 5
      },
      "score": 0.293
    },
    "www.linode.com": {
      "out": {
        "other": 5
      },
      "score": 0.293
    },
    "www.microsoft.com": {
      "out": {
        "other": 5
      },
      "score": 0.293
    },
    "wordpress.org": {
      "out": {
        "other": 5
      },
      "score": 0.293
    },
    "sandbox.davidawindham.com": {
      "out": {
        "other": 5
      },
      "score": 0.293
    },
    "stripe.com": {
      "out": {
        "other": 5
      },
      "score": 0.293
    },
    "weblog.commandlinejunkie.com": {
      "out": {
        "other": 5
      },
      "score": 0.293
    },
    "www.magictransistor.com": {
      "out": {
        "other": 5
      },
      "score": 0.293
    },
    "nodesource.com": {
      "out": {
        "other": 5
      },
      "score": 0.293
    },
    "www.mediatemple.net": {
      "out": {
        "other": 4
      },
      "score": 0.265
    },
    "docs.feathersjs.com": {
      "out": {
        "other": 4
      },
      "score": 0.265
    },
    "www.techcrunch.com": {
      "out": {
        "other": 4
      },
      "score": 0.265
    },
    "gist.github.com": {
      "out": {
        "other": 4
      },
      "score": 0.265
    },
    "www.entropy.ch": {
      "out": {
        "other": 4
      },
      "score": 0.265
    },
    "til.html": {
      "out": {
        "other": 4
      },
      "score": 0.265
    },
    "windhambrothers.com": {
      "out": {
        "other": 4
      },
      "score": 0.265
    },
    "slideshowpro.net": {
      "out": {
        "other": 4
      },
      "score": 0.265
    },
    "www.apple.com": {
      "out": {
        "other": 4
      },
      "score": 0.265
    },
    "art": {
      "out": {
        "other": 4
      },
      "score": 0.265
    },
    "juryd.html": {
      "out": {
        "other": 4
      },
      "score": 0.265
    },
    "kb.mediatemple.net": {
      "out": {
        "other": 4
      },
      "score": 0.265
    },
    "www.cs.cmu.edu": {
      "out": {
        "other": 3
      },
      "score": 0.228
    },
    "adage.com": {
      "out": {
        "other": 3
      },
      "score": 0.228
    },
    "imdb.com": {
      "out": {
        "other": 3
      },
      "score": 0.228
    },
    "acquia.com": {
      "out": {
        "other": 3
      },
      "score": 0.228
    },
    "www.wilsonbaker.com": {
      "out": {
        "other": 3
      },
      "score": 0.228
    },
    "www.wired.com": {
      "out": {
        "other": 3
      },
      "score": 0.228
    },
    "www.businessweek.com": {
      "out": {
        "other": 3
      },
      "score": 0.228
    },
    "stackoverflow.com": {
      "out": {
        "other": 3
      },
      "score": 0.228
    },
    "www.cbsnews.com": {
      "out": {
        "other": 3
      },
      "score": 0.228
    },
    "www.annlongfineart.com": {
      "out": {
        "other": 3
      },
      "score": 0.228
    },
    "www.washingtonpost.com": {
      "out": {
        "other": 3
      },
      "score": 0.228
    },
    "www.adweek.com": {
      "out": {
        "other": 3
      },
      "score": 0.228
    },
    "www.flatlandfarm.de": {
      "out": {
        "other": 3
      },
      "score": 0.228
    },
    "www.theguardian.com": {
      "out": {
        "other": 3
      },
      "score": 0.228
    },
    "www.facebook.com": {
      "out": {
        "other": 3
      },
      "score": 0.228
    },
    "www.louisatpawleys.com": {
      "out": {
        "other": 3
      },
      "score": 0.228
    },
    "javascriptweblog.wordpress.com": {
      "out": {
        "other": 3
      },
      "score": 0.228
    },
    "travel.discovery.com": {
      "out": {
        "other": 3
      },
      "score": 0.228
    },
    "news.com.com": {
      "out": {
        "other": 3
      },
      "score": 0.228
    },
    "weblog.mediatemple.net": {
      "out": {
        "other": 3
      },
      "score": 0.228
    },
    "www.spamhaus.org": {
      "out": {
        "other": 3
      },
      "score": 0.228
    },
    "gitter.im": {
      "out": {
        "other": 3
      },
      "score": 0.228
    },
    "www.pragmaticprogrammer.com": {
      "out": {
        "other": 3
      },
      "score": 0.228
    },
    "developer.apple.com": {
      "out": {
        "other": 3
      },
      "score": 0.228
    },
    "nuclide.io": {
      "out": {
        "other": 3
      },
      "score": 0.228
    },
    "fuzzco.com": {
      "out": {
        "other": 3
      },
      "score": 0.228
    },
    "www.danielisland-sc.com": {
      "out": {
        "other": 3
      },
      "score": 0.228
    },
    "_projects.html": {
      "out": {
        "other": 3
      },
      "score": 0.228
    },
    "www.adequatelygood.com": {
      "out": {
        "other": 3
      },
      "score": 0.228
    },
    "www.nativeorleanian.com": {
      "out": {
        "other": 3
      },
      "score": 0.228
    },
    "chrome.google.com": {
      "out": {
        "other": 3
      },
      "score": 0.228
    },
    "leowindham.com": {
      "out": {
        "other": 3
      },
      "score": 0.228
    },
    "video.nationalgeographic.com": {
      "out": {
        "other": 3
      },
      "score": 0.228
    },
    "windhamagency.net": {
      "out": {
        "other": 3
      },
      "score": 0.228
    },
    "kangax.github.io": {
      "out": {
        "other": 3
      },
      "score": 0.228
    },
    "www.youtube.com": {
      "out": {
        "other": 3
      },
      "score": 0.228
    },
    "itre.cis.upenn.edu": {
      "out": {
        "other": 2
      },
      "score": 0.177
    },
    "redartisan.com": {
      "out": {
        "other": 2
      },
      "score": 0.177
    },
    "www.freepress.net": {
      "out": {
        "other": 2
      },
      "score": 0.177
    },
    "www.bombich.com": {
      "out": {
        "other": 2
      },
      "score": 0.177
    },
    "www.ecma-international.org": {
      "out": {
        "other": 2
      },
      "score": 0.177
    },
    "www.live5news.com": {
      "out": {
        "other": 2
      },
      "score": 0.177
    },
    "www.muse-ui.org": {
      "out": {
        "other": 2
      },
      "score": 0.177
    },
    "88.80.13.160": {
      "out": {
        "other": 2
      },
      "score": 0.177
    },
    "tools.ietf.org": {
      "out": {
        "other": 2
      },
      "score": 0.177
    },
    "books.google.com": {
      "out": {
        "other": 2
      },
      "score": 0.177
    },
    "mmonit.com": {
      "out": {
        "other": 2
      },
      "score": 0.177
    },
    "discussions.apple.com": {
      "out": {
        "other": 2
      },
      "score": 0.177
    },
    "informationarchitects.jp": {
      "out": {
        "other": 2
      },
      "score": 0.177
    },
    "shop.oreilly.com": {
      "out": {
        "other": 2
      },
      "score": 0.177
    },
    "wiki.developers.facebook.com": {
      "out": {
        "other": 2
      },
      "score": 0.177
    },
    "www.itsournet.org": {
      "out": {
        "other": 2
      },
      "score": 0.177
    },
    "fletchercrossman.com": {
      "out": {
        "other": 2
      },
      "score": 0.177
    },
    "uce.gov": {
      "out": {
        "other": 2
      },
      "score": 0.177
    },
    "www.aptana.com": {
      "out": {
        "other": 2
      },
      "score": 0.177
    },
    "www.python.org": {
      "out": {
        "other": 2
      },
      "score": 0.177
    },
    "gwd50.org": {
      "out": {
        "other": 2
      },
      "score": 0.177
    },
    "yarnpkg.com": {
      "out": {
        "other": 2
      },
      "score": 0.177
    },
    "zeit.co": {
      "out": {
        "other": 2
      },
      "score": 0.177
    },
    "helloginny.com": {
      "out": {
        "other": 2
      },
      "score": 0.177
    },
    "www.misprintedtype.com": {
      "out": {
        "other": 2
      },
      "score": 0.177
    },
    "es5.github.io": {
      "out": {
        "other": 2
      },
      "score": 0.177
    },
    "facebook.com/windhamdavid": {
      "out": {
        "other": 2
      },
      "score": 0.177
    },
    "nodebb.org": {
      "out": {
        "other": 2
      },
      "score": 0.177
    },
    "rubyonrails.org": {
      "out": {
        "other": 2
      },
      "score": 0.177
    },
    "strongloop.com": {
      "out": {
        "other": 2
      },
      "score": 0.177
    },
    "www.montreuxjazz.com": {
      "out": {
        "other": 2
      },
      "score": 0.177
    },
    "sindresorhus.com": {
      "out": {
        "other": 2
      },
      "score": 0.177
    },
    "today.reuters.com": {
      "out": {
        "other": 2
      },
      "score": 0.177
    },
    "www.spry.com": {
      "out": {
        "other": 2
      },
      "score": 0.177
    },
    "googleblog.blogspot.com": {
      "out": {
        "other": 2
      },
      "score": 0.177
    },
    "usejsdoc.org": {
      "out": {
        "other": 2
      },
      "score": 0.177
    },
    "www.morris.com": {
      "out": {
        "other": 2
      },
      "score": 0.177
    },
    "45.79.219.165": {
      "out": {
        "other": 2
      },
      "score": 0.177
    },
    "javascriptair.com": {
      "out": {
        "other": 2
      },
      "score": 0.177
    },
    "www.vimeo.com": {
      "out": {
        "other": 2
      },
      "score": 0.177
    },
    "docs.docker.com": {
      "out": {
        "other": 2
      },
      "score": 0.177
    },
    "jeffsellscharleston.com": {
      "out": {
        "other": 2
      },
      "score": 0.177
    },
    "superherojs.com": {
      "out": {
        "other": 2
      },
      "score": 0.177
    },
    "highlandjs.org": {
      "out": {
        "other": 2
      },
      "score": 0.177
    },
    "keybase.io": {
      "out": {
        "other": 2
      },
      "score": 0.177
    },
    "php.net": {
      "out": {
        "other": 2
      },
      "score": 0.177
    },
    "www.manning.com": {
      "out": {
        "other": 2
      },
      "score": 0.177
    },
    "code.djangoproject.com": {
      "out": {
        "other": 2
      },
      "score": 0.177
    },
    "docs.mongodb.org": {
      "out": {
        "other": 2
      },
      "score": 0.177
    },
    "www.charlestonhometour.com": {
      "out": {
        "other": 2
      },
      "score": 0.177
    },
    "journalism.berkeley.edu": {
      "out": {
        "other": 2
      },
      "score": 0.177
    },
    "www.danielislandmortgage.com": {
      "out": {
        "other": 2
      },
      "score": 0.177
    },
    "windhamdavid.tumblr.com": {
      "out": {
        "other": 2
      },
      "score": 0.177
    },
    "www.vpsland.com": {
      "out": {
        "other": 2
      },
      "score": 0.177
    },
    "benalman.com": {
      "out": {
        "other": 2
      },
      "score": 0.177
    },
    "goaccess.io": {
      "out": {
        "other": 2
      },
      "score": 0.177
    },
    "weblog.rubyonrails.org": {
      "out": {
        "other": 2
      },
      "score": 0.177
    },
    "hbrtwn.com": {
      "out": {
        "other": 2
      },
      "score": 0.177
    },
    "hubot.github.com": {
      "out": {
        "other": 2
      },
      "score": 0.177
    },
    "mootools.net": {
      "out": {
        "other": 2
      },
      "score": 0.177
    },
    "mirandajuly.com": {
      "out": {
        "other": 2
      },
      "score": 0.177
    },
    "www.mikemillsweb.com": {
      "out": {
        "other": 2
      },
      "score": 0.177
    },
    "www.mtpleasant-sc.com": {
      "out": {
        "other": 2
      },
      "score": 0.177
    },
    "www.w3.org": {
      "out": {
        "other": 2
      },
      "score": 0.177
    },
    "www.deconcept.com": {
      "out": {
        "other": 2
      },
      "score": 0.177
    },
    "www.twilio.com": {
      "out": {
        "other": 2
      },
      "score": 0.177
    },
    "frinkiac.com": {
      "out": {
        "other": 2
      },
      "score": 0.177
    },
    "mekentosj.com": {
      "out": {
        "other": 2
      },
      "score": 0.177
    },
    "mongoosejs.com": {
      "out": {
        "other": 2
      },
      "score": 0.177
    },
    "npms.io": {
      "out": {
        "other": 2
      },
      "score": 0.177
    },
    "www.davidawindham.com": {
      "out": {
        "other": 2
      },
      "score": 0.177
    },
    "pragdave.pragprog.com": {
      "out": {
        "other": 2
      },
      "score": 0.177
    },
    "clemson.edu": {
      "out": {
        "other": 2
      },
      "score": 0.177
    },
    "jashkenas.github.io": {
      "out": {
        "other": 2
      },
      "score": 0.177
    },
    "jquery.com": {
      "out": {
        "other": 2
      },
      "score": 0.177
    },
    "www.mysql.com": {
      "out": {
        "other": 2
      },
      "score": 0.177
    },
    "www.wipo.int": {
      "out": {
        "other": 2
      },
      "score": 0.177
    },
    "www.acxiom.com": {
      "out": {
        "other": 2
      },
      "score": 0.177
    },
    "momentjs.com": {
      "out": {
        "other": 2
      },
      "score": 0.177
    },
    "www.last.fm": {
      "out": {
        "other": 2
      },
      "score": 0.177
    },
    "www.varien.com": {
      "out": {
        "other": 2
      },
      "score": 0.177
    },
    "charlierose.com": {
      "out": {
        "other": 2
      },
      "score": 0.177
    },
    "documentation.js.org": {
      "out": {
        "other": 2
      },
      "score": 0.177
    },
    "nodejs.org": {
      "out": {
        "other": 2
      },
      "score": 0.177
    },
    "piwik.org": {
      "out": {
        "other": 2
      },
      "score": 0.177
    },
    "www.webmin.com": {
      "out": {
        "other": 2
      },
      "score": 0.177
    },
    "nuxtjs.org": {
      "out": {
        "other": 2
      },
      "score": 0.177
    },
    "www.blinkenlights.com": {
      "out": {
        "other": 2
      },
      "score": 0.177
    },
    "www.fitc.ca": {
      "out": {
        "other": 2
      },
      "score": 0.177
    },
    "www.noma.org": {
      "out": {
        "other": 2
      },
      "score": 0.177
    },
    "www.chillingeffects.org": {
      "out": {
        "other": 2
      },
      "score": 0.177
    },
    "www.jeffreywigand.com": {
      "out": {
        "other": 2
      },
      "score": 0.177
    },
    "www.modpython.org": {
      "out": {
        "other": 2
      },
      "score": 0.177
    },
    "www.slate.com": {
      "out": {
        "other": 2
      },
      "score": 0.177
    },
    "www.npr.org": {
      "out": {
        "other": 2
      },
      "score": 0.177
    },
    "www.lighttpd.net": {
      "out": {
        "other": 2
      },
      "score": 0.177
    },
    "www.nttdocomo.com": {
      "out": {
        "other": 2
      },
      "score": 0.177
    },
    "www.paulschou.com": {
      "out": {
        "other": 2
      },
      "score": 0.177
    },
    "cr.yp.to": {
      "out": {
        "other": 2
      },
      "score": 0.177
    },
    "www.ftc.gov": {
      "out": {
        "other": 2
      },
      "score": 0.177
    },
    "www.kiva.org": {
      "out": {
        "other": 2
      },
      "score": 0.177
    },
    "www.louislasvegas.com": {
      "out": {
        "other": 2
      },
      "score": 0.177
    },
    "www.recyou.jp": {
      "out": {
        "other": 2
      },
      "score": 0.177
    },
    "www.davidbyrne.com": {
      "out": {
        "other": 2
      },
      "score": 0.177
    },
    "www.lasarletter.com": {
      "out": {
        "other": 2
      },
      "score": 0.177
    },
    "live.popforge.de": {
      "out": {
        "other": 2
      },
      "score": 0.177
    },
    "www.itworld.com": {
      "out": {
        "other": 2
      },
      "score": 0.177
    },
    "devchat.tv": {
      "out": {
        "other": 2
      },
      "score": 0.177
    },
    "mediatemple.net": {
      "out": {
        "other": 2
      },
      "score": 0.177
    },
    "wiki.codemongers.com": {
      "out": {
        "other": 2
      },
      "score": 0.177
    },
    "gzet.net": {
      "out": {
        "other": 2
      },
      "score": 0.177
    },
    "64.207.154.37": {
      "out": {
        "other": 1
      },
      "score": 0.0883
    },
    "base.google.com": {
      "out": {
        "other": 1
      },
      "score": 0.0883
    },
    "docker.md": {
      "out": {
        "other": 1
      },
      "score": 0.0883
    },
    "muniwireless.com": {
      "out": {
        "other": 1
      },
      "score": 0.0883
    },
    "nodeweekly.com": {
      "out": {
        "other": 1
      },
      "score": 0.0883
    },
    "nokiatech.github.io": {
      "out": {
        "other": 1
      },
      "score": 0.0883
    },
    "realestate20.wordpress.com": {
      "out": {
        "other": 1
      },
      "score": 0.0883
    },
    "www.icynic.com": {
      "out": {
        "other": 1
      },
      "score": 0.0883
    },
    "blogs.hbr.org": {
      "out": {
        "other": 1
      },
      "score": 0.0883
    },
    "daw.apple.com": {
      "out": {
        "other": 1
      },
      "score": 0.0883
    },
    "gitorious.org": {
      "out": {
        "other": 1
      },
      "score": 0.0883
    },
    "humanjavascript.com": {
      "out": {
        "other": 1
      },
      "score": 0.0883
    },
    "loopback.io": {
      "out": {
        "other": 1
      },
      "score": 0.0883
    },
    "macrabbit.com": {
      "out": {
        "other": 1
      },
      "score": 0.0883
    },
    "mailcow.email": {
      "out": {
        "other": 1
      },
      "score": 0.0883
    },
    "nodeup.com": {
      "out": {
        "other": 1
      },
      "score": 0.0883
    },
    "wiki.eclipse.org": {
      "out": {
        "other": 1
      },
      "score": 0.0883
    },
    "www.ellingtoncms.com": {
      "out": {
        "other": 1
      },
      "score": 0.0883
    },
    "www.listjs.com": {
      "out": {
        "other": 1
      },
      "score": 0.0883
    },
    "www.usdoj.gov": {
      "out": {
        "other": 1
      },
      "score": 0.0883
    },
    "dimplejs.org": {
      "out": {
        "other": 1
      },
      "score": 0.0883
    },
    "fedoraproject.org": {
      "out": {
        "other": 1
      },
      "score": 0.0883
    },
    "groups.google.com": {
      "out": {
        "other": 1
      },
      "score": 0.0883
    },
    "npmcompare.com": {
      "out": {
        "other": 1
      },
      "score": 0.0883
    },
    "webcast.berkeley.edu": {
      "out": {
        "other": 1
      },
      "score": 0.0883
    },
    "www.ad-tech.com": {
      "out": {
        "other": 1
      },
      "score": 0.0883
    },
    "www.instiki.org": {
      "out": {
        "other": 1
      },
      "score": 0.0883
    },
    "www.publicknowledge.org": {
      "out": {
        "other": 1
      },
      "score": 0.0883
    },
    "astore.amazon.com": {
      "out": {
        "other": 1
      },
      "score": 0.0883
    },
    "atom-remote-pair-server-ycrghxzwxb.now.sh": {
      "out": {
        "other": 1
      },
      "score": 0.0883
    },
    "delicious.com": {
      "out": {
        "other": 1
      },
      "score": 0.0883
    },
    "gabinaureche.com": {
      "out": {
        "other": 1
      },
      "score": 0.0883
    },
    "show.davidawindham.com": {
      "out": {
        "other": 1
      },
      "score": 0.0883
    },
    "www.arbitron.com": {
      "out": {
        "other": 1
      },
      "score": 0.0883
    },
    "www.bigaldowning.com": {
      "out": {
        "other": 1
      },
      "score": 0.0883
    },
    "www.kurthanson.com": {
      "out": {
        "other": 1
      },
      "score": 0.0883
    },
    "www.madeofjapan.com": {
      "out": {
        "other": 1
      },
      "score": 0.0883
    },
    "www.redhat.com": {
      "out": {
        "other": 1
      },
      "score": 0.0883
    },
    "www.saveourinternetradio.com": {
      "out": {
        "other": 1
      },
      "score": 0.0883
    },
    "www.studioblur.com": {
      "out": {
        "other": 1
      },
      "score": 0.0883
    },
    "awesome.good.is": {
      "out": {
        "other": 1
      },
      "score": 0.0883
    },
    "batmanjs.org": {
      "out": {
        "other": 1
      },
      "score": 0.0883
    },
    "code.tutsplus.com": {
      "out": {
        "other": 1
      },
      "score": 0.0883
    },
    "forum.mailcow.email": {
      "out": {
        "other": 1
      },
      "score": 0.0883
    },
    "framework.zend.com": {
      "out": {
        "other": 1
      },
      "score": 0.0883
    },
    "hivelogic.com": {
      "out": {
        "other": 1
      },
      "score": 0.0883
    },
    "jshint.com": {
      "out": {
        "other": 1
      },
      "score": 0.0883
    },
    "npmaddict.com": {
      "out": {
        "other": 1
      },
      "score": 0.0883
    },
    "www.cato.org": {
      "out": {
        "other": 1
      },
      "score": 0.0883
    },
    "www.choppingblock.com": {
      "out": {
        "other": 1
      },
      "score": 0.0883
    },
    "www.filmmakermagazine.com": {
      "out": {
        "other": 1
      },
      "score": 0.0883
    },
    "www.saout.de": {
      "out": {
        "other": 1
      },
      "score": 0.0883
    },
    "www.squeak.org": {
      "out": {
        "other": 1
      },
      "score": 0.0883
    },
    "automattic.com": {
      "out": {
        "other": 1
      },
      "score": 0.0883
    },
    "learnnode.com": {
      "out": {
        "other": 1
      },
      "score": 0.0883
    },
    "masonry.desandro.com": {
      "out": {
        "other": 1
      },
      "score": 0.0883
    },
    "media.rubyonrails.org": {
      "out": {
        "other": 1
      },
      "score": 0.0883
    },
    "nmotw.in": {
      "out": {
        "other": 1
      },
      "score": 0.0883
    },
    "noonebelongsheremorethanyou.com": {
      "out": {
        "other": 1
      },
      "score": 0.0883
    },
    "www.mcclellanville-sc.com": {
      "out": {
        "other": 1
      },
      "score": 0.0883
    },
    "www.yolpo.com": {
      "out": {
        "other": 1
      },
      "score": 0.0883
    },
    "allforces.com": {
      "out": {
        "other": 1
      },
      "score": 0.0883
    },
    "baconjs.github.io": {
      "out": {
        "other": 1
      },
      "score": 0.0883
    },
    "flow.org": {
      "out": {
        "other": 1
      },
      "score": 0.0883
    },
    "java.sun.com": {
      "out": {
        "other": 1
      },
      "score": 0.0883
    },
    "node-os.com": {
      "out": {
        "other": 1
      },
      "score": 0.0883
    },
    "sailsjs.org": {
      "out": {
        "other": 1
      },
      "score": 0.0883
    },
    "sciway.net": {
      "out": {
        "other": 1
      },
      "score": 0.0883
    },
    "web.archive.org": {
      "out": {
        "other": 1
      },
      "score": 0.0883
    },
    "weblogs.macromedia.com": {
      "out": {
        "other": 1
      },
      "score": 0.0883
    },
    "www.charleston.net": {
      "out": {
        "other": 1
      },
      "score": 0.0883
    },
    "www.disinfo.com": {
      "out": {
        "other": 1
      },
      "score": 0.0883
    },
    "www.learningcenter.sony.us": {
      "out": {
        "other": 1
      },
      "score": 0.0883
    },
    "apostrophenow.org": {
      "out": {
        "other": 1
      },
      "score": 0.0883
    },
    "aurelia.io": {
      "out": {
        "other": 1
      },
      "score": 0.0883
    },
    "publicdomainreview.org": {
      "out": {
        "other": 1
      },
      "score": 0.0883
    },
    "www.eclipse.org": {
      "out": {
        "other": 1
      },
      "score": 0.0883
    },
    "www.paolonutini.com": {
      "out": {
        "other": 1
      },
      "score": 0.0883
    },
    "jssgallery.org": {
      "out": {
        "other": 1
      },
      "score": 0.0883
    },
    "kimili.com": {
      "out": {
        "other": 1
      },
      "score": 0.0883
    },
    "reduxcomputing.com": {
      "out": {
        "other": 1
      },
      "score": 0.0883
    },
    "requirebin.com": {
      "out": {
        "other": 1
      },
      "score": 0.0883
    },
    "ricostacruz.com": {
      "out": {
        "other": 1
      },
      "score": 0.0883
    },
    "www.technologyreview.com": {
      "out": {
        "other": 1
      },
      "score": 0.0883
    },
    "www.webstationinc.com": {
      "out": {
        "other": 1
      },
      "score": 0.0883
    },
    "www.whatisinthebox.co.uk": {
      "out": {
        "other": 1
      },
      "score": 0.0883
    },
    "8bitboy.popforge.de": {
      "out": {
        "other": 1
      },
      "score": 0.0883
    },
    "blueion.com": {
      "out": {
        "other": 1
      },
      "score": 0.0883
    },
    "bookshelfjs.org": {
      "out": {
        "other": 1
      },
      "score": 0.0883
    },
    "cubicvr.popforge.de": {
      "out": {
        "other": 1
      },
      "score": 0.0883
    },
    "cygwin.com": {
      "out": {
        "other": 1
      },
      "score": 0.0883
    },
    "demo.fb.se": {
      "out": {
        "other": 1
      },
      "score": 0.0883
    },
    "je2050.de": {
      "out": {
        "other": 1
      },
      "score": 0.0883
    },
    "seanmonstar.github.io": {
      "out": {
        "other": 1
      },
      "score": 0.0883
    },
    "secure.adbusters.org": {
      "out": {
        "other": 1
      },
      "score": 0.0883
    },
    "twitter.com/arishapiro": {
      "out": {
        "other": 1
      },
      "score": 0.0883
    },
    "vernissage.tv": {
      "out": {
        "other": 1
      },
      "score": 0.0883
    },
    "webpack.js.org": {
      "out": {
        "other": 1
      },
      "score": 0.0883
    },
    "webuser.hs-furtwangen.de": {
      "out": {
        "other": 1
      },
      "score": 0.0883
    },
    "wintersmith.io": {
      "out": {
        "other": 1
      },
      "score": 0.0883
    },
    "www.postgresql.org": {
      "out": {
        "other": 1
      },
      "score": 0.0883
    },
    "www.toonboom.com": {
      "out": {
        "other": 1
      },
      "score": 0.0883
    },
    "blog.bitxtender.com": {
      "out": {
        "other": 1
      },
      "score": 0.0883
    },
    "drupal.org": {
      "out": {
        "other": 1
      },
      "score": 0.0883
    },
    "koajs.com": {
      "out": {
        "other": 1
      },
      "score": 0.0883
    },
    "maps.google.com": {
      "out": {
        "other": 1
      },
      "score": 0.0883
    },
    "people.mozilla.org": {
      "out": {
        "other": 1
      },
      "score": 0.0883
    },
    "www.magentocommerce.com": {
      "out": {
        "other": 1
      },
      "score": 0.0883
    },
    "amzn.com": {
      "out": {
        "other": 1
      },
      "score": 0.0883
    },
    "blog.trycelery.com": {
      "out": {
        "other": 1
      },
      "score": 0.0883
    },
    "devdocs.io": {
      "out": {
        "other": 1
      },
      "score": 0.0883
    },
    "doug-martin.github.io": {
      "out": {
        "other": 1
      },
      "score": 0.0883
    },
    "lodash.com": {
      "out": {
        "other": 1
      },
      "score": 0.0883
    },
    "thewholeinternet.wordtothewise.com": {
      "out": {
        "other": 1
      },
      "score": 0.0883
    },
    "w2ui.com": {
      "out": {
        "other": 1
      },
      "score": 0.0883
    },
    "www.coltranechurch.org": {
      "out": {
        "other": 1
      },
      "score": 0.0883
    },
    "www.icann.org": {
      "out": {
        "other": 1
      },
      "score": 0.0883
    },
    "www.neeptv.com": {
      "out": {
        "other": 1
      },
      "score": 0.0883
    },
    "www.opencongress.org": {
      "out": {
        "other": 1
      },
      "score": 0.0883
    },
    "www.songbirdnest.com": {
      "out": {
        "other": 1
      },
      "score": 0.0883
    },
    "www.stoppong.com": {
      "out": {
        "other": 1
      },
      "score": 0.0883
    },
    "www.windhamagency.com": {
      "out": {
        "other": 1
      },
      "score": 0.0883
    },
    "blog.docker.com": {
      "out": {
        "other": 1
      },
      "score": 0.0883
    },
    "farpoe.com": {
      "out": {
        "other": 1
      },
      "score": 0.0883
    },
    "ma.tt": {
      "out": {
        "other": 1
      },
      "score": 0.0883
    },
    "ponyfoo.com": {
      "out": {
        "other": 1
      },
      "score": 0.0883
    },
    "restify.com": {
      "out": {
        "other": 1
      },
      "score": 0.0883
    },
    "us.hobnox.com": {
      "out": {
        "other": 1
      },
      "score": 0.0883
    },
    "www.anychart.com": {
      "out": {
        "other": 1
      },
      "score": 0.0883
    },
    "www.awalkoutside.com": {
      "out": {
        "other": 1
      },
      "score": 0.0883
    },
    "www.crew12.se": {
      "out": {
        "other": 1
      },
      "score": 0.0883
    },
    "www.motleyrice.com": {
      "out": {
        "other": 1
      },
      "score": 0.0883
    },
    "www.rottenneighbor.com": {
      "out": {
        "other": 1
      },
      "score": 0.0883
    },
    "dustindiaz.com": {
      "out": {
        "other": 1
      },
      "score": 0.0883
    },
    "feathersjs.com": {
      "out": {
        "other": 1
      },
      "score": 0.0883
    },
    "githubengineering.com": {
      "out": {
        "other": 1
      },
      "score": 0.0883
    },
    "listing-lists": {
      "out": {
        "other": 1
      },
      "score": 0.0883
    },
    "metatation.com": {
      "out": {
        "other": 1
      },
      "score": 0.0883
    },
    "mostlynode.com": {
      "out": {
        "other": 1
      },
      "score": 0.0883
    },
    "preloaders.net": {
      "out": {
        "other": 1
      },
      "score": 0.0883
    },
    "pro.corbis.com": {
      "out": {
        "other": 1
      },
      "score": 0.0883
    },
    "rubyforge.org": {
      "out": {
        "other": 1
      },
      "score": 0.0883
    },
    "stackexchange.com": {
      "out": {
        "other": 1
      },
      "score": 0.0883
    },
    "www.apache.org": {
      "out": {
        "other": 1
      },
      "score": 0.0883
    },
    "www.butterfat.net": {
      "out": {
        "other": 1
      },
      "score": 0.0883
    },
    "www.coinbase.com": {
      "out": {
        "other": 1
      },
      "score": 0.0883
    },
    "www.ibeezz.com": {
      "out": {
        "other": 1
      },
      "score": 0.0883
    },
    "www.life.com": {
      "out": {
        "other": 1
      },
      "score": 0.0883
    },
    "bitcore.io": {
      "out": {
        "other": 1
      },
      "score": 0.0883
    },
    "docs.brew.sh": {
      "out": {
        "other": 1
      },
      "score": 0.0883
    },
    "leaverou.github.io": {
      "out": {
        "other": 1
      },
      "score": 0.0883
    },
    "paularmstrong.github.io": {
      "out": {
        "other": 1
      },
      "score": 0.0883
    },
    "plot.ly": {
      "out": {
        "other": 1
      },
      "score": 0.0883
    },
    "www.abscdj.com": {
      "out": {
        "other": 1
      },
      "score": 0.0883
    },
    "www.actionherojs.com": {
      "out": {
        "other": 1
      },
      "score": 0.0883
    },
    "www.rustamedia.com": {
      "out": {
        "other": 1
      },
      "score": 0.0883
    },
    "brainspl.at": {
      "out": {
        "other": 1
      },
      "score": 0.0883
    },
    "contact": {
      "out": {
        "other": 1
      },
      "score": 0.0883
    },
    "david.hbrtwn.com": {
      "out": {
        "other": 1
      },
      "score": 0.0883
    },
    "faye.jcoglan.com": {
      "out": {
        "other": 1
      },
      "score": 0.0883
    },
    "isotope.metafizzy.co": {
      "out": {
        "other": 1
      },
      "score": 0.0883
    },
    "juryd.com": {
      "out": {
        "other": 1
      },
      "score": 0.0883
    },
    "mako.cc": {
      "out": {
        "other": 1
      },
      "score": 0.0883
    },
    "mlab.com": {
      "out": {
        "other": 1
      },
      "score": 0.0883
    },
    "naked.dustindiaz.com": {
      "out": {
        "other": 1
      },
      "score": 0.0883
    },
    "openlayers.org": {
      "out": {
        "other": 1
      },
      "score": 0.0883
    },
    "proexpressjs.com": {
      "out": {
        "other": 1
      },
      "score": 0.0883
    },
    "software": {
      "out": {
        "other": 1
      },
      "score": 0.0883
    },
    "storybooks.js.org": {
      "out": {
        "other": 1
      },
      "score": 0.0883
    },
    "surveyjs.org": {
      "out": {
        "other": 1
      },
      "score": 0.0883
    },
    "truematter.com": {
      "out": {
        "other": 1
      },
      "score": 0.0883
    },
    "webdriver.io": {
      "out": {
        "other": 1
      },
      "score": 0.0883
    },
    "www.folkart.org": {
      "out": {
        "other": 1
      },
      "score": 0.0883
    },
    "www.gnome.org": {
      "out": {
        "other": 1
      },
      "score": 0.0883
    },
    "www.secondlife.com": {
      "out": {
        "other": 1
      },
      "score": 0.0883
    },
    "www.steerforth.com": {
      "out": {
        "other": 1
      },
      "score": 0.0883
    },
    "ava.li": {
      "out": {
        "other": 1
      },
      "score": 0.0883
    },
    "brainsonfire.com": {
      "out": {
        "other": 1
      },
      "score": 0.0883
    },
    "cylonjs.com": {
      "out": {
        "other": 1
      },
      "score": 0.0883
    },
    "dat-data.com": {
      "out": {
        "other": 1
      },
      "score": 0.0883
    },
    "pdfkit.org": {
      "out": {
        "other": 1
      },
      "score": 0.0883
    },
    "survey.netcraft.com": {
      "out": {
        "other": 1
      },
      "score": 0.0883
    },
    "tedxnyed.com": {
      "out": {
        "other": 1
      },
      "score": 0.0883
    },
    "www.alexa.com": {
      "out": {
        "other": 1
      },
      "score": 0.0883
    },
    "www.clemson.edu": {
      "out": {
        "other": 1
      },
      "score": 0.0883
    },
    "www.icrossing.com": {
      "out": {
        "other": 1
      },
      "score": 0.0883
    },
    "www.papervision3d.org": {
      "out": {
        "other": 1
      },
      "score": 0.0883
    },
    "www.techdirt.com": {
      "out": {
        "other": 1
      },
      "score": 0.0883
    },
    "digicenter2.furman.edu": {
      "out": {
        "other": 1
      },
      "score": 0.0883
    },
    "homepage.mac.com": {
      "out": {
        "other": 1
      },
      "score": 0.0883
    },
    "learn.bevry.me": {
      "out": {
        "other": 1
      },
      "score": 0.0883
    },
    "make.wordpress.org": {
      "out": {
        "other": 1
      },
      "score": 0.0883
    },
    "ramdajs.com": {
      "out": {
        "other": 1
      },
      "score": 0.0883
    },
    "studio.brightcove.com": {
      "out": {
        "other": 1
      },
      "score": 0.0883
    },
    "twitter.com/_GZET": {
      "out": {
        "other": 1
      },
      "score": 0.0883
    },
    "www.blueion.com": {
      "out": {
        "other": 1
      },
      "score": 0.0883
    },
    "www.nurun.com": {
      "out": {
        "other": 1
      },
      "score": 0.0883
    },
    "www.phpmyadmin.net": {
      "out": {
        "other": 1
      },
      "score": 0.0883
    },
    "www.politicstv.com": {
      "out": {
        "other": 1
      },
      "score": 0.0883
    },
    "yudkowsky.net": {
      "out": {
        "other": 1
      },
      "score": 0.0883
    },
    "zammad.org": {
      "out": {
        "other": 1
      },
      "score": 0.0883
    },
    "chrissaad.wordpress.com": {
      "out": {
        "other": 1
      },
      "score": 0.0883
    },
    "deepblue.indika.net.id": {
      "out": {
        "other": 1
      },
      "score": 0.0883
    },
    "mediaelementjs.com": {
      "out": {
        "other": 1
      },
      "score": 0.0883
    },
    "mobyproject.org": {
      "out": {
        "other": 1
      },
      "score": 0.0883
    },
    "passportjs.org": {
      "out": {
        "other": 1
      },
      "score": 0.0883
    },
    "scmemory.org": {
      "out": {
        "other": 1
      },
      "score": 0.0883
    },
    "tringtring.wordpress.com": {
      "out": {
        "other": 1
      },
      "score": 0.0883
    },
    "www.brianrutenbergart.com": {
      "out": {
        "other": 1
      },
      "score": 0.0883
    },
    "www.dreadzeppelin.com": {
      "out": {
        "other": 1
      },
      "score": 0.0883
    },
    "www.holycityfarms.com": {
      "out": {
        "other": 1
      },
      "score": 0.0883
    },
    "www.humans.jp": {
      "out": {
        "other": 1
      },
      "score": 0.0883
    },
    "www.imagemagick.org": {
      "out": {
        "other": 1
      },
      "score": 0.0883
    },
    "www.oreillynet.com": {
      "out": {
        "other": 1
      },
      "score": 0.0883
    },
    "www.oxford-shakespeare.com": {
      "out": {
        "other": 1
      },
      "score": 0.0883
    },
    "commandshift3.com": {
      "out": {
        "other": 1
      },
      "score": 0.0883
    },
    "dp.la": {
      "out": {
        "other": 1
      },
      "score": 0.0883
    },
    "expressjs.com": {
      "out": {
        "other": 1
      },
      "score": 0.0883
    },
    "ifc.bside.com": {
      "out": {
        "other": 1
      },
      "score": 0.0883
    },
    "journal.davidbyrne.com": {
      "out": {
        "other": 1
      },
      "score": 0.0883
    },
    "jsbooks.revolunet.com": {
      "out": {
        "other": 1
      },
      "score": 0.0883
    },
    "piwik.md": {
      "out": {
        "other": 1
      },
      "score": 0.0883
    },
    "roel.meurders.nl": {
      "out": {
        "other": 1
      },
      "score": 0.0883
    },
    "sideeffect.kr": {
      "out": {
        "other": 1
      },
      "score": 0.0883
    },
    "thinkjs.org": {
      "out": {
        "other": 1
      },
      "score": 0.0883
    },
    "www.auduboninstitute.org": {
      "out": {
        "other": 1
      },
      "score": 0.0883
    },
    "www.avenuea-razorfish.com": {
      "out": {
        "other": 1
      },
      "score": 0.0883
    },
    "www.huddletogether.com": {
      "out": {
        "other": 1
      },
      "score": 0.0883
    },
    "www.section508.gov": {
      "out": {
        "other": 1
      },
      "score": 0.0883
    },
    "bitcoinjs.org": {
      "out": {
        "other": 1
      },
      "score": 0.0883
    },
    "blog.feathersjs.com": {
      "out": {
        "other": 1
      },
      "score": 0.0883
    },
    "clappr.io": {
      "out": {
        "other": 1
      },
      "score": 0.0883
    },
    "helmetcameracentral.com": {
      "out": {
        "other": 1
      },
      "score": 0.0883
    },
    "nodebots.io": {
      "out": {
        "other": 1
      },
      "score": 0.0883
    },
    "photomatt.net": {
      "out": {
        "other": 1
      },
      "score": 0.0883
    },
    "trac.macosforge.org": {
      "out": {
        "other": 1
      },
      "score": 0.0883
    },
    "validator.w3.org": {
      "out": {
        "other": 1
      },
      "score": 0.0883
    },
    "www-db.stanford.edu": {
      "out": {
        "other": 1
      },
      "score": 0.0883
    },
    "www.thenewboston.com": {
      "out": {
        "other": 1
      },
      "score": 0.0883
    },
    "youmightnotneedjquery.com": {
      "out": {
        "other": 1
      },
      "score": 0.0883
    },
    "browniefed.com": {
      "out": {
        "other": 1
      },
      "score": 0.0883
    },
    "dev.mysql.com": {
      "out": {
        "other": 1
      },
      "score": 0.0883
    },
    "elementary.io": {
      "out": {
        "other": 1
      },
      "score": 0.0883
    },
    "gruntjs.com": {
      "out": {
        "other": 1
      },
      "score": 0.0883
    },
    "phenomic.io": {
      "out": {
        "other": 1
      },
      "score": 0.0883
    },
    "script.aculo.us": {
      "out": {
        "other": 1
      },
      "score": 0.0883
    },
    "www.canon-europe.com": {
      "out": {
        "other": 1
      },
      "score": 0.0883
    },
    "www.csmonitor.com": {
      "out": {
        "other": 1
      },
      "score": 0.0883
    },
    "www.drupal.org": {
      "out": {
        "other": 1
      },
      "score": 0.0883
    },
    "www.gsgd.com": {
      "out": {
        "other": 1
      },
      "score": 0.0883
    },
    "www.penncenter.com": {
      "out": {
        "other": 1
      },
      "score": 0.0883
    },
    "www.quora.com": {
      "out": {
        "other": 1
      },
      "score": 0.0883
    },
    "www.uspto.gov": {
      "out": {
        "other": 1
      },
      "score": 0.0883
    },
    "airbnb.io": {
      "out": {
        "other": 1
      },
      "score": 0.0883
    },
    "crazyegg.com": {
      "out": {
        "other": 1
      },
      "score": 0.0883
    },
    "esdoc.org": {
      "out": {
        "other": 1
      },
      "score": 0.0883
    },
    "flowplayer.org": {
      "out": {
        "other": 1
      },
      "score": 0.0883
    },
    "google.github.io": {
      "out": {
        "other": 1
      },
      "score": 0.0883
    },
    "lisperator.net": {
      "out": {
        "other": 1
      },
      "score": 0.0883
    },
    "mixu.net": {
      "out": {
        "other": 1
      },
      "score": 0.0883
    },
    "node-modules.com": {
      "out": {
        "other": 1
      },
      "score": 0.0883
    },
    "plus.google.com/+DavidAWindham1": {
      "out": {
        "other": 1
      },
      "score": 0.0883
    },
    "thenodeway.io": {
      "out": {
        "other": 1
      },
      "score": 0.0883
    },
    "www.akqa.com": {
      "out": {
        "other": 1
      },
      "score": 0.0883
    },
    "www.davidwindham.org": {
      "out": {
        "other": 1
      },
      "score": 0.0883
    },
    "www.omgubuntu.co.uk": {
      "out": {
        "other": 1
      },
      "score": 0.0883
    },
    "www.rawvision.com": {
      "out": {
        "other": 1
      },
      "score": 0.0883
    },
    "www.swift3d.com": {
      "out": {
        "other": 1
      },
      "score": 0.0883
    },
    "yui.github.com": {
      "out": {
        "other": 1
      },
      "score": 0.0883
    },
    "news.ycombinator.com": {
      "out": {
        "other": 1
      },
      "score": 0.0883
    },
    "twitter.com/kangax": {
      "out": {
        "other": 1
      },
      "score": 0.0883
    },
    "twitter.com/nodejs": {
      "out": {
        "other": 1
      },
      "score": 0.0883
    },
    "www.2ality.com": {
      "out": {
        "other": 1
      },
      "score": 0.0883
    },
    "www.bresink.com": {
      "out": {
        "other": 1
      },
      "score": 0.0883
    },
    "www.highcharts.com": {
      "out": {
        "other": 1
      },
      "score": 0.0883
    },
    "www.lostremote.com": {
      "out": {
        "other": 1
      },
      "score": 0.0883
    },
    "www.nczonline.net": {
      "out": {
        "other": 1
      },
      "score": 0.0883
    },
    "www.nightfur.com": {
      "out": {
        "other": 1
      },
      "score": 0.0883
    },
    "www.theantfarm.net": {
      "out": {
        "other": 1
      },
      "score": 0.0883
    },
    "alexanderzeitler.com": {
      "out": {
        "other": 1
      },
      "score": 0.0883
    },
    "bio": {
      "out": {
        "other": 1
      },
      "score": 0.0883
    },
    "es6-features.org": {
      "out": {
        "other": 1
      },
      "score": 0.0883
    },
    "www.bocabacchanal.com": {
      "out": {
        "other": 1
      },
      "score": 0.0883
    },
    "www.dataportability.org": {
      "out": {
        "other": 1
      },
      "score": 0.0883
    },
    "www.fontbureau.com": {
      "out": {
        "other": 1
      },
      "score": 0.0883
    },
    "www.joost.com": {
      "out": {
        "other": 1
      },
      "score": 0.0883
    },
    "www.luukbode.com": {
      "out": {
        "other": 1
      },
      "score": 0.0883
    },
    "www.pragprog.com": {
      "out": {
        "other": 1
      },
      "score": 0.0883
    },
    "www.shannon-jensen.com": {
      "out": {
        "other": 1
      },
      "score": 0.0883
    },
    "beautifuldocs.com": {
      "out": {
        "other": 1
      },
      "score": 0.0883
    },
    "blog.tonicdev.com": {
      "out": {
        "other": 1
      },
      "score": 0.0883
    },
    "charlestonhometour.com": {
      "out": {
        "other": 1
      },
      "score": 0.0883
    },
    "developers.google.com": {
      "out": {
        "other": 1
      },
      "score": 0.0883
    },
    "unity.ubuntu.com": {
      "out": {
        "other": 1
      },
      "score": 0.0883
    },
    "www.lava-framework.com": {
      "out": {
        "other": 1
      },
      "score": 0.0883
    },
    "assemble.io": {
      "out": {
        "other": 1
      },
      "score": 0.0883
    },
    "en.wikisource.org": {
      "out": {
        "other": 1
      },
      "score": 0.0883
    },
    "extensions.gnome.org": {
      "out": {
        "other": 1
      },
      "score": 0.0883
    },
    "fuelinteractive.com": {
      "out": {
        "other": 1
      },
      "score": 0.0883
    },
    "js.md": {
      "out": {
        "other": 1
      },
      "score": 0.0883
    },
    "roxik.com": {
      "out": {
        "other": 1
      },
      "score": 0.0883
    },
    "semantic-ui.com": {
      "out": {
        "other": 1
      },
      "score": 0.0883
    },
    "www.graphicsjs.org": {
      "out": {
        "other": 1
      },
      "score": 0.0883
    },
    "www.kde.org": {
      "out": {
        "other": 1
      },
      "score": 0.0883
    },
    "David_A_Windham_Ancestors.pdf": {
      "out": {
        "other": 1
      },
      "score": 0.0883
    },
    "cocoamysql.sourceforge.net": {
      "out": {
        "other": 1
      },
      "score": 0.0883
    },
    "docsify.js.org": {
      "out": {
        "other": 1
      },
      "score": 0.0883
    },
    "planet-websecurity.org": {
      "out": {
        "other": 1
      },
      "score": 0.0883
    },
    "profiles.wordpress.org": {
      "out": {
        "other": 1
      },
      "score": 0.0883
    },
    "socket.io": {
      "out": {
        "other": 1
      },
      "score": 0.0883
    },
    "swampfox.ws": {
      "out": {
        "other": 1
      },
      "score": 0.0883
    },
    "tc39.github.io": {
      "out": {
        "other": 1
      },
      "score": 0.0883
    },
    "tel": {
      "out": {
        "other": 1
      },
      "score": 0.0883
    },
    "www.engineyard.com": {
      "out": {
        "other": 1
      },
      "score": 0.0883
    },
    "www.olddarlington.scgen.org": {
      "out": {
        "other": 1
      },
      "score": 0.0883
    },
    "www.phpmac.com": {
      "out": {
        "other": 1
      },
      "score": 0.0883
    },
    "www.spontaneous.net": {
      "out": {
        "other": 1
      },
      "score": 0.0883
    },
    "www.timwu.org": {
      "out": {
        "other": 1
      },
      "score": 0.0883
    },
    "yui.github.io": {
      "out": {
        "other": 1
      },
      "score": 0.0883
    },
    "zaach.github.io": {
      "out": {
        "other": 1
      },
      "score": 0.0883
    },
    "formvalidation.io": {
      "out": {
        "other": 1
      },
      "score": 0.0883
    },
    "hapijs.com": {
      "out": {
        "other": 1
      },
      "score": 0.0883
    },
    "html5media.info": {
      "out": {
        "other": 1
      },
      "score": 0.0883
    },
    "rane.hasitsown.com": {
      "out": {
        "other": 1
      },
      "score": 0.0883
    },
    "swannodette.github.io": {
      "out": {
        "other": 1
      },
      "score": 0.0883
    },
    "windham.wordpress.com": {
      "out": {
        "other": 1
      },
      "score": 0.0883
    },
    "www.sphinx-doc.org": {
      "out": {
        "other": 1
      },
      "score": 0.0883
    },
    "www.vrmag.org": {
      "out": {
        "other": 1
      },
      "score": 0.0883
    },
    "benchmarkjs.com": {
      "out": {
        "other": 1
      },
      "score": 0.0883
    },
    "cssload.net": {
      "out": {
        "other": 1
      },
      "score": 0.0883
    },
    "deepstream.io": {
      "out": {
        "other": 1
      },
      "score": 0.0883
    },
    "es-discourse.com": {
      "out": {
        "other": 1
      },
      "score": 0.0883
    },
    "httpd.apache.org": {
      "out": {
        "other": 1
      },
      "score": 0.0883
    },
    "playground.sun.com": {
      "out": {
        "other": 1
      },
      "score": 0.0883
    },
    "rollupjs.org": {
      "out": {
        "other": 1
      },
      "score": 0.0883
    },
    "scullytown.com": {
      "out": {
        "other": 1
      },
      "score": 0.0883
    },
    "upload.wikimedia.org": {
      "out": {
        "other": 1
      },
      "score": 0.0883
    },
    "webchat.freenode.net": {
      "out": {
        "other": 1
      },
      "score": 0.0883
    },
    "www.acceleratingfuture.com": {
      "out": {
        "other": 1
      },
      "score": 0.0883
    },
    "www.commandlinejunkie.com": {
      "out": {
        "other": 1
      },
      "score": 0.0883
    },
    "www.informationweek.com": {
      "out": {
        "other": 1
      },
      "score": 0.0883
    },
    "www.iphoneatlas.com": {
      "out": {
        "other": 1
      },
      "score": 0.0883
    },
    "www.lfg.com": {
      "out": {
        "other": 1
      },
      "score": 0.0883
    },
    "www.tocquigny.com": {
      "out": {
        "other": 1
      },
      "score": 0.0883
    },
    "CV": {
      "out": {
        "other": 1
      },
      "score": 0.0883
    },
    "book.mixu.net": {
      "out": {
        "other": 1
      },
      "score": 0.0883
    },
    "cyber.law.harvard.edu": {
      "out": {
        "other": 1
      },
      "score": 0.0883
    },
    "icecast.org": {
      "out": {
        "other": 1
      },
      "score": 0.0883
    },
    "lifehacker.com": {
      "out": {
        "other": 1
      },
      "score": 0.0883
    },
    "mailcow.github.io": {
      "out": {
        "other": 1
      },
      "score": 0.0883
    },
    "new.openspf.org": {
      "out": {
        "other": 1
      },
      "score": 0.0883
    },
    "nodeschool.io": {
      "out": {
        "other": 1
      },
      "score": 0.0883
    },
    "twitter.github.io": {
      "out": {
        "other": 1
      },
      "score": 0.0883
    },
    "www.cleoag.ru": {
      "out": {
        "other": 1
      },
      "score": 0.0883
    },
    "www.macports.org": {
      "out": {
        "other": 1
      },
      "score": 0.0883
    },
    "www.meteor.com": {
      "out": {
        "other": 1
      },
      "score": 0.0883
    },
    "art.org": {
      "out": {
        "other": 1
      },
      "score": 0.0883
    },
    "cisofy.com": {
      "out": {
        "other": 1
      },
      "score": 0.0883
    },
    "folktalejs.org": {
      "out": {
        "other": 1
      },
      "score": 0.0883
    },
    "guigrpa.github.io": {
      "out": {
        "other": 1
      },
      "score": 0.0883
    },
    "lovdbyless.com": {
      "out": {
        "other": 1
      },
      "score": 0.0883
    },
    "processingjs.org": {
      "out": {
        "other": 1
      },
      "score": 0.0883
    },
    "www.linkedin.com": {
      "out": {
        "other": 1
      },
      "score": 0.0883
    },
    "www.nic.mil": {
      "out": {
        "other": 1
      },
      "score": 0.0883
    },
    "www.nojazzfest.com": {
      "out": {
        "other": 1
      },
      "score": 0.0883
    },
    "www.opensecrets.org": {
      "out": {
        "other": 1
      },
      "score": 0.0883
    },
    "www.phusionpassenger.com": {
      "out": {
        "other": 1
      },
      "score": 0.0883
    },
    "www.slicehost.com": {
      "out": {
        "other": 1
      },
      "score": 0.0883
    },
    "www.storewars.org": {
      "out": {
        "other": 1
      },
      "score": 0.0883
    },
    "redux.js.org": {
      "out": {
        "other": 1
      },
      "score": 0.0883
    },
    "wiki.rubyonrails.com": {
      "out": {
        "other": 1
      },
      "score": 0.0883
    },
    "www.eu.apachecon.com": {
      "out": {
        "other": 1
      },
      "score": 0.0883
    },
    "www.slicker.com": {
      "out": {
        "other": 1
      },
      "score": 0.0883
    },
    "hashnode.com": {
      "out": {
        "other": 1
      },
      "score": 0.0883
    },
    "ip": {
      "out": {
        "other": 1
      },
      "score": 0.0883
    },
    "jstherightway.org": {
      "out": {
        "other": 1
      },
      "score": 0.0883
    },
    "valleywag.com": {
      "out": {
        "other": 1
      },
      "score": 0.0883
    },
    "visionmedia.github.io": {
      "out": {
        "other": 1
      },
      "score": 0.0883
    },
    "www.datatables.net": {
      "out": {
        "other": 1
      },
      "score": 0.0883
    },
    "www.fineartsleague.org": {
      "out": {
        "other": 1
      },
      "score": 0.0883
    },
    "www.hmc.edu": {
      "out": {
        "other": 1
      },
      "score": 0.0883
    },
    "www.phproject.org": {
      "out": {
        "other": 1
      },
      "score": 0.0883
    },
    "www.prototypejs.org": {
      "out": {
        "other": 1
      },
      "score": 0.0883
    },
    "www.scottwoolum.com": {
      "out": {
        "other": 1
      },
      "score": 0.0883
    },
    "avlux.net": {
      "out": {
        "other": 1
      },
      "score": 0.0883
    },
    "bbpress.org": {
      "out": {
        "other": 1
      },
      "score": 0.0883
    },
    "docs.npmjs.com": {
      "out": {
        "other": 1
      },
      "score": 0.0883
    },
    "falafelsex.blogspot.com": {
      "out": {
        "other": 1
      },
      "score": 0.0883
    },
    "locomotive.raaum.org": {
      "out": {
        "other": 1
      },
      "score": 0.0883
    },
    "mu.wordpress.org": {
      "out": {
        "other": 1
      },
      "score": 0.0883
    },
    "regex101.com": {
      "out": {
        "other": 1
      },
      "score": 0.0883
    },
    "toolchain.gitbook.com": {
      "out": {
        "other": 1
      },
      "score": 0.0883
    },
    "www.akelos.org": {
      "out": {
        "other": 1
      },
      "score": 0.0883
    },
    "www.amcharts.com": {
      "out": {
        "other": 1
      },
      "score": 0.0883
    },
    "www.foxnews.com": {
      "out": {
        "other": 1
      },
      "score": 0.0883
    },
    "www.windhambrothers.com": {
      "out": {
        "other": 1
      },
      "score": 0.0883
    },
    "angel.co": {
      "out": {
        "other": 1
      },
      "score": 0.0883
    },
    "codepen.io": {
      "out": {
        "other": 1
      },
      "score": 0.0883
    },
    "community.discovery.com": {
      "out": {
        "other": 1
      },
      "score": 0.0883
    },
    "eloquentjavascript.net": {
      "out": {
        "other": 1
      },
      "score": 0.0883
    },
    "en.g8russia.ru": {
      "out": {
        "other": 1
      },
      "score": 0.0883
    },
    "ghost.org": {
      "out": {
        "other": 1
      },
      "score": 0.0883
    },
    "hexo.io": {
      "out": {
        "other": 1
      },
      "score": 0.0883
    },
    "javascriptweekly.com": {
      "out": {
        "other": 1
      },
      "score": 0.0883
    },
    "keystonejs.com": {
      "out": {
        "other": 1
      },
      "score": 0.0883
    },
    "moutjs.com": {
      "out": {
        "other": 1
      },
      "score": 0.0883
    },
    "partnerpage.google.com": {
      "out": {
        "other": 1
      },
      "score": 0.0883
    },
    "www.blastradius.com": {
      "out": {
        "other": 1
      },
      "score": 0.0883
    },
    "www.googleartproject.com": {
      "out": {
        "other": 1
      },
      "score": 0.0883
    },
    "www.infoworld.com": {
      "out": {
        "other": 1
      },
      "score": 0.0883
    },
    "www.iview-multimedia.com": {
      "out": {
        "other": 1
      },
      "score": 0.0883
    },
    "www.scetv.org": {
      "out": {
        "other": 1
      },
      "score": 0.0883
    },
    "www.weboftomorrowpodcast.com": {
      "out": {
        "other": 1
      },
      "score": 0.0883
    },
    "facebook.com/CelebrityJeopardy": {
      "out": {
        "other": 1
      },
      "score": 0.0883
    },
    "gulpjs.com": {
      "out": {
        "other": 1
      },
      "score": 0.0883
    },
    "packery.metafizzy.co": {
      "out": {
        "other": 1
      },
      "score": 0.0883
    },
    "wiki.invoiceplane.com": {
      "out": {
        "other": 1
      },
      "score": 0.0883
    },
    "www.alleyinsider.com": {
      "out": {
        "other": 1
      },
      "score": 0.0883
    },
    "www.chesspark.com": {
      "out": {
        "other": 1
      },
      "score": 0.0883
    },
    "www.jumptv.com": {
      "out": {
        "other": 1
      },
      "score": 0.0883
    },
    "www.pvrwire.com": {
      "out": {
        "other": 1
      },
      "score": 0.0883
    },
    "www.twit.tv": {
      "out": {
        "other": 1
      },
      "score": 0.0883
    },
    "about": {
      "out": {
        "other": 1
      },
      "score": 0.0883
    },
    "commons.wikimedia.org": {
      "out": {
        "other": 1
      },
      "score": 0.0883
    },
    "conovermedia.blogspot.com": {
      "out": {
        "other": 1
      },
      "score": 0.0883
    },
    "documentcloud.github.io": {
      "out": {
        "other": 1
      },
      "score": 0.0883
    },
    "dry.ly": {
      "out": {
        "other": 1
      },
      "score": 0.0883
    },
    "fonts.tom7.com": {
      "out": {
        "other": 1
      },
      "score": 0.0883
    },
    "gogs.io": {
      "out": {
        "other": 1
      },
      "score": 0.0883
    },
    "semver.org": {
      "out": {
        "other": 1
      },
      "score": 0.0883
    },
    "smoothstate.com": {
      "out": {
        "other": 1
      },
      "score": 0.0883
    },
    "spreadsheets.google.com": {
      "out": {
        "other": 1
      },
      "score": 0.0883
    },
    "www.aeries.com": {
      "out": {
        "other": 1
      },
      "score": 0.0883
    },
    "www.house.gov": {
      "out": {
        "other": 1
      },
      "score": 0.0883
    },
    "www.instagram.com": {
      "out": {
        "other": 1
      },
      "score": 0.0883
    },
    "www.joyent.com": {
      "out": {
        "other": 1
      },
      "score": 0.0883
    },
    "www.myspace.com": {
      "out": {
        "other": 1
      },
      "score": 0.0883
    },
    "www.schematic.com": {
      "out": {
        "other": 1
      },
      "score": 0.0883
    },
    "www.weirdal.com": {
      "out": {
        "other": 1
      },
      "score": 0.0883
    },
    "www.wnyc.org": {
      "out": {
        "other": 1
      },
      "score": 0.0883
    },
    "nodetuts.com": {
      "out": {
        "other": 1
      },
      "score": 0.0883
    },
    "www.cacno.org": {
      "out": {
        "other": 1
      },
      "score": 0.0883
    },
    "www.devdaily.com": {
      "out": {
        "other": 1
      },
      "score": 0.0883
    },
    "www.lancekrall.com": {
      "out": {
        "other": 1
      },
      "score": 0.0883
    },
    "www.metalsmith.io": {
      "out": {
        "other": 1
      },
      "score": 0.0883
    },
    "www.nttdocomo.co.jp": {
      "out": {
        "other": 1
      },
      "score": 0.0883
    },
    "contribute.jquery.org": {
      "out": {
        "other": 1
      },
      "score": 0.0883
    },
    "css-in-javascript": {
      "out": {
        "other": 1
      },
      "score": 0.0883
    },
    "esmtp.sourceforge.net": {
      "out": {
        "other": 1
      },
      "score": 0.0883
    },
    "googlewebmastercentral.blogspot.com": {
      "out": {
        "other": 1
      },
      "score": 0.0883
    },
    "twitter.com/_JURYD": {
      "out": {
        "other": 1
      },
      "score": 0.0883
    },
    "www.dickiebrennanssteakhouse.com": {
      "out": {
        "other": 1
      },
      "score": 0.0883
    },
    "www.hvx200.eu": {
      "out": {
        "other": 1
      },
      "score": 0.0883
    },
    "www.openspf.org": {
      "out": {
        "other": 1
      },
      "score": 0.0883
    },
    "www.period-three.com": {
      "out": {
        "other": 1
      },
      "score": 0.0883
    },
    "awards.fitc.ca": {
      "out": {
        "other": 1
      },
      "score": 0.0883
    },
    "blog.patrickarchibald.com": {
      "out": {
        "other": 1
      },
      "score": 0.0883
    },
    "cantbuymelove.org": {
      "out": {
        "other": 1
      },
      "score": 0.0883
    },
    "cloud.mongodb.com": {
      "out": {
        "other": 1
      },
      "score": 0.0883
    },
    "news.zdnet.com": {
      "out": {
        "other": 1
      },
      "score": 0.0883
    },
    "play.spotify.com": {
      "out": {
        "other": 1
      },
      "score": 0.0883
    },
    "void.andre-michelle.com": {
      "out": {
        "other": 1
      },
      "score": 0.0883
    },
    "www.fcc.gov": {
      "out": {
        "other": 1
      },
      "score": 0.0883
    },
    "www.ifc.com": {
      "out": {
        "other": 1
      },
      "score": 0.0883
    },
    "www.thelancekrallshow.com": {
      "out": {
        "other": 1
      },
      "score": 0.0883
    },
    "article.nationalreview.com": {
      "out": {
        "other": 1
      },
      "score": 0.0883
    },
    "browsers.evolt.org": {
      "out": {
        "other": 1
      },
      "score": 0.0883
    },
    "eupat.ffii.org": {
      "out": {
        "other": 1
      },
      "score": 0.0883
    },
    "js.cytoscape.org": {
      "out": {
        "other": 1
      },
      "score": 0.0883
    },
    "manager.linode.com": {
      "out": {
        "other": 1
      },
      "score": 0.0883
    },
    "rubypond.com": {
      "out": {
        "other": 1
      },
      "score": 0.0883
    },
    "sitepen.com": {
      "out": {
        "other": 1
      },
      "score": 0.0883
    },
    "webapplog.com": {
      "out": {
        "other": 1
      },
      "score": 0.0883
    },
    "www.chicagotribune.com": {
      "out": {
        "other": 1
      },
      "score": 0.0883
    },
    "www.googleduel.com": {
      "out": {
        "other": 1
      },
      "score": 0.0883
    },
    "www.kimili.com": {
      "out": {
        "other": 1
      },
      "score": 0.0883
    },
    "www.myetv.org": {
      "out": {
        "other": 1
      },
      "score": 0.0883
    },
    "www.radioparadise.com": {
      "out": {
        "other": 1
      },
      "score": 0.0883
    },
    "www.udemy.com": {
      "out": {
        "other": 1
      },
      "score": 0.0883
    },
    "www.xfce.org": {
      "out": {
        "other": 1
      },
      "score": 0.0883
    },
    "mern.io": {
      "out": {
        "other": 1
      },
      "score": 0.0883
    },
    "patft.uspto.gov": {
      "out": {
        "other": 1
      },
      "score": 0.0883
    },
    "support.vpsland.com": {
      "out": {
        "other": 1
      },
      "score": 0.0883
    },
    "www.ajaxload.info": {
      "out": {
        "other": 1
      },
      "score": 0.0883
    },
    "www.artnet.com": {
      "out": {
        "other": 1
      },
      "score": 0.0883
    },
    "www.casamentosrestaurant.com": {
      "out": {
        "other": 1
      },
      "score": 0.0883
    },
    "www.navicat.com": {
      "out": {
        "other": 1
      },
      "score": 0.0883
    },
    "www.savetheinternet.com": {
      "out": {
        "other": 1
      },
      "score": 0.0883
    },
    "catberry.org": {
      "out": {
        "other": 1
      },
      "score": 0.0883
    },
    "josh.sc": {
      "out": {
        "other": 1
      },
      "score": 0.0883
    },
    "macromates.com": {
      "out": {
        "other": 1
      },
      "score": 0.0883
    },
    "northbysouth.kenyon.edu": {
      "out": {
        "other": 1
      },
      "score": 0.0883
    },
    "papers.ssrn.com": {
      "out": {
        "other": 1
      },
      "score": 0.0883
    },
    "screens.blogs.nytimes.com": {
      "out": {
        "other": 1
      },
      "score": 0.0883
    },
    "www.brainstormdesign.net": {
      "out": {
        "other": 1
      },
      "score": 0.0883
    },
    "www.carlosulloa.com": {
      "out": {
        "other": 1
      },
      "score": 0.0883
    },
    "www.chiark.greenend.org.uk": {
      "out": {
        "other": 1
      },
      "score": 0.0883
    },
    "www.cssplay.co.uk": {
      "out": {
        "other": 1
      },
      "score": 0.0883
    },
    "www.humboldt.edu": {
      "out": {
        "other": 1
      },
      "score": 0.0883
    },
    "www.readwriteweb.com": {
      "out": {
        "other": 1
      },
      "score": 0.0883
    },
    "www.seaside.st": {
      "out": {
        "other": 1
      },
      "score": 0.0883
    },
    "xubuntu.org": {
      "out": {
        "other": 1
      },
      "score": 0.0883
    },
    "domineydesign.com": {
      "out": {
        "other": 1
      },
      "score": 0.0883
    },
    "download.webmin.com": {
      "out": {
        "other": 1
      },
      "score": 0.0883
    },
    "exploringjs.com": {
      "out": {
        "other": 1
      },
      "score": 0.0883
    },
    "gitbookio.gitbooks.io": {
      "out": {
        "other": 1
      },
      "score": 0.0883
    },
    "ngrok.com": {
      "out": {
        "other": 1
      },
      "score": 0.0883
    },
    "orangecoat.com": {
      "out": {
        "other": 1
      },
      "score": 0.0883
    },
    "slashdot.org": {
      "out": {
        "other": 1
      },
      "score": 0.0883
    },
    "spinstudentlife.com": {
      "out": {
        "other": 1
      },
      "score": 0.0883
    },
    "stack.gl": {
      "out": {
        "other": 1
      },
      "score": 0.0883
    },
    "www.betawave.us": {
      "out": {
        "other": 1
      },
      "score": 0.0883
    },
    "www.codeschool.com": {
      "out": {
        "other": 1
      },
      "score": 0.0883
    },
    "www.dexy.it": {
      "out": {
        "other": 1
      },
      "score": 0.0883
    },
    "www.galatoires.com": {
      "out": {
        "other": 1
      },
      "score": 0.0883
    },
    "www.gutenberg.org": {
      "out": {
        "other": 1
      },
      "score": 0.0883
    },
    "www.metatation.com": {
      "out": {
        "other": 1
      },
      "score": 0.0883
    },
    "www.openssl.org": {
      "out": {
        "other": 1
      },
      "score": 0.0883
    },
    "www.singinst.org": {
      "out": {
        "other": 1
      },
      "score": 0.0883
    },
    "www.slidesjs.com": {
      "out": {
        "other": 1
      },
      "score": 0.0883
    },
    "www.souljaboytellem.com": {
      "out": {
        "other": 1
      },
      "score": 0.0883
    },
    "analytics.blogspot.com": {
      "out": {
        "other": 1
      },
      "score": 0.0883
    },
    "jacobrask.github.io": {
      "out": {
        "other": 1
      },
      "score": 0.0883
    },
    "react": {
      "out": {
        "other": 1
      },
      "score": 0.0883
    },
    "regexr.com": {
      "out": {
        "other": 1
      },
      "score": 0.0883
    },
    "robomongo.org": {
      "out": {
        "other": 1
      },
      "score": 0.0883
    },
    "www.analysisandsolutions.com": {
      "out": {
        "other": 1
      },
      "score": 0.0883
    },
    "www.ascap.com": {
      "out": {
        "other": 1
      },
      "score": 0.0883
    },
    "www.basecamphq.com": {
      "out": {
        "other": 1
      },
      "score": 0.0883
    },
    "www.eff.org": {
      "out": {
        "other": 1
      },
      "score": 0.0883
    },
    "www.kellegous.com": {
      "out": {
        "other": 1
      },
      "score": 0.0883
    },
    "www.lowcountrynow.com": {
      "out": {
        "other": 1
      },
      "score": 0.0883
    },
    "www.rug.nl": {
      "out": {
        "other": 1
      },
      "score": 0.0883
    },
    "www.sharpehouseboat.com": {
      "out": {
        "other": 1
      },
      "score": 0.0883
    },
    "www.tfaoi.com": {
      "out": {
        "other": 1
      },
      "score": 0.0883
    },
    "howtonode.org": {
      "out": {
        "other": 1
      },
      "score": 0.0883
    },
    "medium.freecodecamp.com": {
      "out": {
        "other": 1
      },
      "score": 0.0883
    },
    "neutrino.js.org": {
      "out": {
        "other": 1
      },
      "score": 0.0883
    },
    "www.djangoproject.com": {
      "out": {
        "other": 1
      },
      "score": 0.0883
    },
    "www.gettingit.com": {
      "out": {
        "other": 1
      },
      "score": 0.0883
    },
    "www.mcclatchy.com": {
      "out": {
        "other": 1
      },
      "score": 0.0883
    },
    "demiurgicdesign.com": {
      "out": {
        "other": 1
      },
      "score": 0.0883
    },
    "financialservices.house.gov": {
      "out": {
        "other": 1
      },
      "score": 0.0883
    },
    "knexjs.org": {
      "out": {
        "other": 1
      },
      "score": 0.0883
    },
    "perfectionkills.com": {
      "out": {
        "other": 1
      },
      "score": 0.0883
    },
    "windham_family.html": {
      "out": {
        "other": 1
      },
      "score": 0.0883
    },
    "www.aaf.org": {
      "out": {
        "other": 1
      },
      "score": 0.0883
    },
    "www.cjr.org": {
      "out": {
        "other": 1
      },
      "score": 0.0883
    },
    "www.imc2.com": {
      "out": {
        "other": 1
      },
      "score": 0.0883
    },
    "www.milliondollarhomepage.com": {
      "out": {
        "other": 1
      },
      "score": 0.0883
    },
    "blog.papervision3d.org": {
      "out": {
        "other": 1
      },
      "score": 0.0883
    },
    "initd.org": {
      "out": {
        "other": 1
      },
      "score": 0.0883
    },
    "mochajs.org": {
      "out": {
        "other": 1
      },
      "score": 0.0883
    },
    "passwordless.net": {
      "out": {
        "other": 1
      },
      "score": 0.0883
    },
    "practicalnodebook.com": {
      "out": {
        "other": 1
      },
      "score": 0.0883
    },
    "reactivex.io": {
      "out": {
        "other": 1
      },
      "score": 0.0883
    },
    "www.defense.gov": {
      "out": {
        "other": 1
      },
      "score": 0.0883
    },
    "www.rackspace.com": {
      "out": {
        "other": 1
      },
      "score": 0.0883
    },
    "www.slingmedia.com": {
      "out": {
        "other": 1
      },
      "score": 0.0883
    },
    "www.wiiflash.org": {
      "out": {
        "other": 1
      },
      "score": 0.0883
    },
    "blog.vixiom.com": {
      "out": {
        "other": 1
      },
      "score": 0.0883
    },
    "bocoup.com": {
      "out": {
        "other": 1
      },
      "score": 0.0883
    },
    "cycle.js.org": {
      "out": {
        "other": 1
      },
      "score": 0.0883
    },
    "dmitry.baranovskiy.com": {
      "out": {
        "other": 1
      },
      "score": 0.0883
    },
    "docs.aws.amazon.com": {
      "out": {
        "other": 1
      },
      "score": 0.0883
    },
    "docs.zammad.org": {
      "out": {
        "other": 1
      },
      "score": 0.0883
    },
    "gennit.com": {
      "out": {
        "other": 1
      },
      "score": 0.0883
    },
    "git.or.cz": {
      "out": {
        "other": 1
      },
      "score": 0.0883
    },
    "lxqt.org": {
      "out": {
        "other": 1
      },
      "score": 0.0883
    },
    "news.google.com": {
      "out": {
        "other": 1
      },
      "score": 0.0883
    },
    "www.demiurgicdesign.com": {
      "out": {
        "other": 1
      },
      "score": 0.0883
    },
    "www.linuxmint.com": {
      "out": {
        "other": 1
      },
      "score": 0.0883
    },
    "www.meandyoumovie.com": {
      "out": {
        "other": 1
      },
      "score": 0.0883
    },
    "www.perrinhall.com": {
      "out": {
        "other": 1
      },
      "score": 0.0883
    },
    "www.sonymediasoftware.com": {
      "out": {
        "other": 1
      },
      "score": 0.0883
    },
    "www.thepetedesign.com": {
      "out": {
        "other": 1
      },
      "score": 0.0883
    },
    "www.whatdoiknow.org": {
      "out": {
        "other": 1
      },
      "score": 0.0883
    }
  }
}