{
  "domain": "davidlacivita.withknown.com",
  "urls": [
    "https://davidlacivita.withknown.com/profile/davidlacivita",
    "https://plus.google.com/u/0/+DavidLaCivita/posts"
  ],
  "names": [
    "David LaCivita",
    "Dave's Site"
  ],
  "descriptions": [
    "Stay at home dad, photography enthusiast, Google and Android fan.",
    "A social website powered by Known"
  ],
  "pictures": [
    "https://davidlacivita.withknown.com/file/ff89104bc44164d2468503acd661f9c3/thumb.jpg"
  ],
  "hcard": {
    "properties": {
      "name": [
        "David LaCivita"
      ],
      "note": [
        {
          "html": "<div class=\"highlightedText\">\n<p>Stay at home dad, photography enthusiast, Google and Android fan.</p>\n</div> ",
          "value": "\nStay at home dad, photography enthusiast, Google and Android fan.\n "
        }
      ],
      "photo": [
        "https://davidlacivita.withknown.com/file/ff89104bc44164d2468503acd661f9c3/thumb.jpg"
      ],
      "profile": [
        "David LaCivita"
      ],
      "url": [
        "https://davidlacivita.withknown.com/profile/davidlacivita",
        "https://davidlacivita.withknown.com/profile/davidlacivita",
        "https://plus.google.com/u/0/+DavidLaCivita/posts"
      ]
    },
    "type": [
      "h-card"
    ]
  },
  "rel_mes": [
    "https://plus.google.com/u/0/+DavidLaCivita/posts"
  ],
  "crawl_start": "2017-04-28T05:17:01",
  "crawl_end": "2017-04-28T05:18:14",
  "num_pages": 43,
  "total_html_size": 1224477,
  "servers": [
    "Apache",
    "Known"
  ],
  "mf2_classes": [
    "h-entry",
    "h-card"
  ],
  "tags": [
    "relme",
    "bridgy",
    "webmention",
    "websub",
    "Known"
  ],
  "endpoints": {
    "webmention": [
      "https://davidlacivita.withknown.com/webmention/"
    ],
    "websub": [
      "http://withknown.superfeedr.com/"
    ]
  },
  "links_out": 156,
  "links_in": 5,
  "links": {
    "facebook.com/1120074466": {
      "out": {
        "other": 24
      },
      "score": 1
    },
    "techcrunch.com": {
      "out": {
        "other": 16
      },
      "score": 0.897
    },
    "plus.google.com/u": {
      "out": {
        "other": 14
      },
      "score": 0.860
    },
    "brid-gy.appspot.com": {
      "out": {
        "other": 12
      },
      "score": 0.822
    },
    "werd.io": {
      "in": {
        "other": 4
      },
      "out": {
        "other": 10
      },
      "score": 0.822
    },
    "www.kzoodad.com": {
      "out": {
        "other": 9
      },
      "score": 0.747
    },
    "youtu.be": {
      "out": {
        "other": 9
      },
      "score": 0.747
    },
    "www.slate.com": {
      "out": {
        "other": 9
      },
      "score": 0.747
    },
    "www.businessweek.com": {
      "out": {
        "other": 7
      },
      "score": 0.682
    },
    "www.geek.com": {
      "out": {
        "other": 5
      },
      "score": 0.594
    },
    "www.enterprisenews.com": {
      "out": {
        "other": 5
      },
      "score": 0.594
    },
    "facebook.com/1363775084": {
      "out": {
        "other": 4
      },
      "score": 0.537
    },
    "facebook.com/1107535733": {
      "out": {
        "other": 4
      },
      "score": 0.537
    },
    "facebook.com/100003539507593": {
      "out": {
        "other": 4
      },
      "score": 0.537
    },
    "facebook.com/100001541685529": {
      "out": {
        "other": 2
      },
      "score": 0.359
    },
    "facebook.com/1039164996": {
      "out": {
        "other": 2
      },
      "score": 0.359
    },
    "facebook.com/534986441": {
      "out": {
        "other": 2
      },
      "score": 0.359
    },
    "facebook.com/1787919097": {
      "out": {
        "other": 2
      },
      "score": 0.359
    },
    "plus.google.com/113704361333792653784": {
      "out": {
        "other": 2
      },
      "score": 0.359
    },
    "facebook.com/1093592850": {
      "out": {
        "other": 2
      },
      "score": 0.359
    },
    "facebook.com/1343730301": {
      "out": {
        "other": 2
      },
      "score": 0.359
    },
    "profiles.google.com": {
      "out": {
        "other": 2
      },
      "score": 0.359
    },
    "facebook.com/1823559713": {
      "out": {
        "other": 2
      },
      "score": 0.359
    },
    "facebook.com/682462975": {
      "out": {
        "other": 2
      },
      "score": 0.359
    },
    "facebook.com/1729488358": {
      "out": {
        "other": 2
      },
      "score": 0.359
    },
    "facebook.com/1535701330": {
      "out": {
        "other": 2
      },
      "score": 0.359
    },
    "brid.gy": {
      "in": {
        "other": 1
      },
      "score": 0
    }
  }
}