{
  "domain": "davystevenson.com",
  "urls": [
    "http://davystevenson.com/"
  ],
  "names": [
    "Davy Stevenson"
  ],
  "descriptions": [],
  "pictures": [],
  "hcard": {},
  "rel_mes": [
    "https://twitter.com/davystevenson",
    "https://github.com/davy"
  ],
  "tags": [
    "relme"
  ],
  "endpoints": {},
  "crawl_start": "2017-06-11T14:44:14.717927",
  "crawl_end": "2017-06-11T14:44:14.717927",
  "links_out": 0,
  "links_in": 35,
  "links": {
    "aaronparecki.com": {
      "in": {
        "bookmark-of": 10,
        "other": 9
      },
      "score": 1
    },
    "indieweb.org": {
      "in": {
        "other": 12
      },
      "score": 0.736
    },
    "chat.indieweb.org": {
      "in": {
        "other": 4
      },
      "score": 0.412
    }
  }
}