{
  "domain": "dbrus.dtek.se",
  "urls": [
    "http://dbrus.dtek.se/"
  ],
  "names": [
    "Dbrus – Datateknologsektionens podcastförening"
  ],
  "descriptions": [],
  "pictures": [
    "https://dbrus.dtek.se/wp-content/uploads/2016/11/cropped-Dbrus_logga1x1-2-32x32.png",
    "https://dbrus.dtek.se/wp-content/uploads/2016/11/cropped-Dbrus_logga1x1-2-192x192.png"
  ],
  "hcard": {},
  "rel_mes": [],
  "crawl_start": "2017-04-28T05:17:14",
  "crawl_end": "2017-04-28T05:17:40",
  "num_pages": 34,
  "total_html_size": 684638,
  "servers": [
    "nginx",
    "WordPress"
  ],
  "mf2_classes": [
    "h-entry",
    "h-as-like",
    "h-feed",
    "h-card"
  ],
  "tags": [
    "bridgy",
    "webmention",
    "WordPress"
  ],
  "endpoints": {
    "webmention": [
      "https://dbrus.dtek.se/wp-json/webmention/1.0/endpoint"
    ]
  },
  "links_out": 263,
  "links_in": 17,
  "links": {
    "dtek.se": {
      "out": {
        "other": 75
      },
      "score": 1
    },
    "wordpress.org": {
      "out": {
        "other": 66
      },
      "score": 0.974
    },
    "soundcloud.com": {
      "out": {
        "other": 28
      },
      "score": 0.804
    },
    "goo.gl": {
      "out": {
        "other": 27
      },
      "score": 0.796
    },
    "docs.google.com": {
      "out": {
        "other": 15
      },
      "score": 0.679
    },
    "demeter.dtek.se": {
      "out": {
        "other": 10
      },
      "score": 0.599
    },
    "brid.gy": {
      "in": {
        "other": 17
      },
      "score": 0.565
    },
    "jeena.net": {
      "out": {
        "other": 8
      },
      "score": 0.553
    },
    "en.wikipedia.org": {
      "out": {
        "other": 6
      },
      "score": 0.495
    },
    "www.eventbrite.com": {
      "out": {
        "other": 6
      },
      "score": 0.495
    },
    "ankisrs.net": {
      "out": {
        "other": 6
      },
      "score": 0.495
    },
    "student.portal.chalmers.se": {
      "out": {
        "other": 5
      },
      "score": 0.459
    },
    "Tinyurl.com": {
      "out": {
        "other": 5
      },
      "score": 0.459
    },
    "facebook.com/968507043263502": {
      "out": {
        "other": 4
      },
      "score": 0.415
    },
    "se": {
      "out": {
        "other": 1
      },
      "score": 0.138
    },
    "facebook.com/Dbrus-968507043263502": {
      "out": {
        "other": 1
      },
      "score": 0.138
    }
  }
}