{
  "domain": "dcarns.withknown.com",
  "urls": [
    "https://dcarns.withknown.com/profile/dcarns",
    "https://plus.google.com/+DavidCarns"
  ],
  "names": [
    "David Carns",
    "Too Long for Tweets"
  ],
  "descriptions": [
    "Interested in all topics. Often posting about technology.",
    "A social website powered by Known"
  ],
  "pictures": [
    "https://dcarns.withknown.com/file/d10dba7cbdc3a28c3dbf14098c8b5e19/thumb.jpg",
    "https://dcarns.withknown.com/gfx/logos/logo_k.png"
  ],
  "hcard": {
    "properties": {
      "name": [
        "David Carns"
      ],
      "note": [
        {
          "html": "<div class=\"highlightedText\">\n<p>Interested in all topics. Often posting about technology.</p>\n</div>",
          "value": "\nInterested in all topics. Often posting about technology.\n"
        }
      ],
      "photo": [
        "https://dcarns.withknown.com/file/d10dba7cbdc3a28c3dbf14098c8b5e19/thumb.jpg"
      ],
      "profile": [
        "David Carns"
      ],
      "url": [
        "https://dcarns.withknown.com/profile/dcarns",
        "https://dcarns.withknown.com/profile/dcarns",
        "https://plus.google.com/+DavidCarns"
      ]
    },
    "type": [
      "h-card"
    ]
  },
  "rel_mes": [
    "https://plus.google.com/+DavidCarns"
  ],
  "crawl_start": "2017-04-28T05:17:29",
  "crawl_end": "2017-04-28T05:23:21",
  "num_pages": 389,
  "total_html_size": 10511990,
  "servers": [
    "Apache",
    "Known"
  ],
  "mf2_classes": [
    "h-entry",
    "h-card",
    "h-cite"
  ],
  "tags": [
    "relme",
    "bridgy",
    "webmention",
    "websub",
    "Known"
  ],
  "endpoints": {
    "webmention": [
      "https://dcarns.withknown.com/webmention/"
    ],
    "websub": [
      "http://withknown.superfeedr.com/"
    ]
  },
  "links_out": 2248,
  "links_in": 0,
  "links": {
    "goo.gl": {
      "out": {
        "other": 150
      },
      "score": 1
    },
    "plus.google.com/+DavidCarns": {
      "out": {
        "other": 137
      },
      "score": 0.984
    },
    "en.wikipedia.org": {
      "out": {
        "other": 108
      },
      "score": 0.944
    },
    "davidcarns.com": {
      "out": {
        "other": 84
      },
      "score": 0.898
    },
    "dcarns.tumblr.com": {
      "out": {
        "other": 60
      },
      "score": 0.840
    },
    "www.google.com": {
      "out": {
        "other": 54
      },
      "score": 0.821
    },
    "code.google.com": {
      "out": {
        "other": 54
      },
      "score": 0.821
    },
    "www.amazon.com": {
      "out": {
        "other": 53
      },
      "score": 0.818
    },
    "blip.tv": {
      "out": {
        "other": 30
      },
      "score": 0.718
    },
    "docs.google.com": {
      "out": {
        "other": 30
      },
      "score": 0.718
    },
    "bit.ly": {
      "out": {
        "other": 30
      },
      "score": 0.718
    },
    "aws.amazon.com": {
      "out": {
        "other": 30
      },
      "score": 0.718
    },
    "www.raspbian.org": {
      "out": {
        "other": 29
      },
      "score": 0.712
    },
    "blog.pryds.eu": {
      "out": {
        "other": 29
      },
      "score": 0.712
    },
    "4.bp.blogspot.com": {
      "out": {
        "other": 26
      },
      "score": 0.693
    },
    "1.bp.blogspot.com": {
      "out": {
        "other": 25
      },
      "score": 0.686
    },
    "www.flickr.com": {
      "out": {
        "other": 25
      },
      "score": 0.686
    },
    "services.brightcove.com": {
      "out": {
        "other": 24
      },
      "score": 0.679
    },
    "www.youtube.com": {
      "out": {
        "other": 24
      },
      "score": 0.679
    },
    "sourceforge.net": {
      "out": {
        "other": 24
      },
      "score": 0.679
    },
    "fullnode.co": {
      "out": {
        "other": 20
      },
      "score": 0.647
    },
    "github.com": {
      "out": {
        "other": 20
      },
      "score": 0.647
    },
    "www.impactlab.net": {
      "out": {
        "other": 19
      },
      "score": 0.639
    },
    "chrome.google.com": {
      "out": {
        "other": 18
      },
      "score": 0.628
    },
    "incubator.apache.org": {
      "out": {
        "other": 18
      },
      "score": 0.628
    },
    "medium.com": {
      "out": {
        "other": 18
      },
      "score": 0.628
    },
    "www.geekbrief.tv": {
      "out": {
        "other": 18
      },
      "score": 0.628
    },
    "sites.google.com": {
      "out": {
        "other": 18
      },
      "score": 0.628
    },
    "davidcarns.files.wordpress.com": {
      "out": {
        "other": 18
      },
      "score": 0.628
    },
    "www.modmypi.com": {
      "out": {
        "other": 18
      },
      "score": 0.628
    },
    "www.sonystyle.com": {
      "out": {
        "other": 18
      },
      "score": 0.628
    },
    "www.clearwellsystems.com": {
      "out": {
        "other": 18
      },
      "score": 0.628
    },
    "www.happystatus.net": {
      "out": {
        "other": 18
      },
      "score": 0.628
    },
    "www.microsoft.com": {
      "out": {
        "other": 18
      },
      "score": 0.628
    },
    "www.wiredgc.com": {
      "out": {
        "other": 18
      },
      "score": 0.628
    },
    "www.legaldiscoveryllc.com": {
      "out": {
        "other": 18
      },
      "score": 0.628
    },
    "couchdb.apache.org": {
      "out": {
        "other": 18
      },
      "score": 0.628
    },
    "www.hulu.com": {
      "out": {
        "other": 18
      },
      "score": 0.628
    },
    "googleblog.blogspot.com": {
      "out": {
        "other": 18
      },
      "score": 0.628
    },
    "3.bp.blogspot.com": {
      "out": {
        "other": 15
      },
      "score": 0.596
    },
    "2.bp.blogspot.com": {
      "out": {
        "other": 15
      },
      "score": 0.596
    },
    "mandel.themacaque.com": {
      "out": {
        "other": 12
      },
      "score": 0.558
    },
    "www.twitter.com": {
      "out": {
        "other": 12
      },
      "score": 0.558
    },
    "www.pollster.com": {
      "out": {
        "other": 12
      },
      "score": 0.558
    },
    "www.nytimes.com": {
      "out": {
        "other": 12
      },
      "score": 0.558
    },
    "filmchatblog.blogspot.com": {
      "out": {
        "other": 12
      },
      "score": 0.558
    },
    "www.prismlegal.com": {
      "out": {
        "other": 12
      },
      "score": 0.558
    },
    "rdews.com": {
      "out": {
        "other": 12
      },
      "score": 0.558
    },
    "widedynamicrange.com": {
      "out": {
        "other": 12
      },
      "score": 0.558
    },
    "www.apple.com": {
      "out": {
        "other": 12
      },
      "score": 0.558
    },
    "law.lexisnexis.com": {
      "out": {
        "other": 12
      },
      "score": 0.558
    },
    "jets3t.s3.amazonaws.com": {
      "out": {
        "other": 12
      },
      "score": 0.558
    },
    "rss.slashdot.org": {
      "out": {
        "other": 12
      },
      "score": 0.558
    },
    "dev.w3.org": {
      "out": {
        "other": 12
      },
      "score": 0.558
    },
    "almaer.com": {
      "out": {
        "other": 12
      },
      "score": 0.558
    },
    "www.smartypig.com": {
      "out": {
        "other": 12
      },
      "score": 0.558
    },
    "developer.apple.com": {
      "out": {
        "other": 12
      },
      "score": 0.558
    },
    "vmware.com": {
      "out": {
        "other": 12
      },
      "score": 0.558
    },
    "www.davidville.com": {
      "out": {
        "other": 12
      },
      "score": 0.558
    },
    "climate.nasa.gov": {
      "out": {
        "other": 12
      },
      "score": 0.558
    },
    "madatoms.com": {
      "out": {
        "other": 12
      },
      "score": 0.558
    },
    "abovethelaw.com": {
      "out": {
        "other": 12
      },
      "score": 0.558
    },
    "www.sagesol.com": {
      "out": {
        "other": 12
      },
      "score": 0.558
    },
    "sitr.us": {
      "out": {
        "other": 12
      },
      "score": 0.558
    },
    "wave.google.com": {
      "out": {
        "other": 12
      },
      "score": 0.558
    },
    "www.passionatehomemaking.com": {
      "out": {
        "other": 12
      },
      "score": 0.558
    },
    "www.good.is": {
      "out": {
        "other": 12
      },
      "score": 0.558
    },
    "www.axis.com": {
      "out": {
        "other": 12
      },
      "score": 0.558
    },
    "www.linkedin.com": {
      "out": {
        "other": 12
      },
      "score": 0.558
    },
    "www.terrapass.com": {
      "out": {
        "other": 12
      },
      "score": 0.558
    },
    "maps.google.com": {
      "out": {
        "other": 12
      },
      "score": 0.558
    },
    "blog.ethereum.org": {
      "out": {
        "other": 11
      },
      "score": 0.542
    },
    "www.raspberrypi.org": {
      "out": {
        "other": 11
      },
      "score": 0.542
    },
    "appear.in": {
      "out": {
        "other": 11
      },
      "score": 0.542
    },
    "www.wired.com": {
      "out": {
        "other": 10
      },
      "score": 0.526
    },
    "www.urbandictionary.com": {
      "out": {
        "other": 8
      },
      "score": 0.486
    },
    "forum.ethereum.org": {
      "out": {
        "other": 8
      },
      "score": 0.486
    },
    "eng.erisindustries.com": {
      "out": {
        "other": 8
      },
      "score": 0.486
    },
    "www.supremecourt.gov": {
      "out": {
        "other": 7
      },
      "score": 0.463
    },
    "www.msar.com": {
      "out": {
        "other": 7
      },
      "score": 0.463
    },
    "getfile3.posterous.com": {
      "out": {
        "other": 6
      },
      "score": 0.435
    },
    "www.iprotech.com": {
      "out": {
        "other": 6
      },
      "score": 0.435
    },
    "it.slashdot.org": {
      "out": {
        "other": 6
      },
      "score": 0.435
    },
    "www.rodemic.com": {
      "out": {
        "other": 6
      },
      "score": 0.435
    },
    "nodejs.org": {
      "out": {
        "other": 6
      },
      "score": 0.435
    },
    "paint.net": {
      "out": {
        "other": 6
      },
      "score": 0.435
    },
    "www.chromium.org": {
      "out": {
        "other": 6
      },
      "score": 0.435
    },
    "www.driven-inc.com": {
      "out": {
        "other": 6
      },
      "score": 0.435
    },
    "www.rubyonrails.org": {
      "out": {
        "other": 6
      },
      "score": 0.435
    },
    "www.imgburn.com": {
      "out": {
        "other": 6
      },
      "score": 0.435
    },
    "getfile8.posterous.com": {
      "out": {
        "other": 6
      },
      "score": 0.435
    },
    "www.readwriteweb.com": {
      "out": {
        "other": 6
      },
      "score": 0.435
    },
    "hardware.slashdot.org": {
      "out": {
        "other": 6
      },
      "score": 0.435
    },
    "legaldiscoveryllc.com": {
      "out": {
        "other": 6
      },
      "score": 0.435
    },
    "googleenterprise.blogspot.com": {
      "out": {
        "other": 6
      },
      "score": 0.435
    },
    "validator.w3.org": {
      "out": {
        "other": 6
      },
      "score": 0.435
    },
    "www.couchdb.com": {
      "out": {
        "other": 6
      },
      "score": 0.435
    },
    "lifehacker.com": {
      "out": {
        "other": 6
      },
      "score": 0.435
    },
    "www.iprocorp.com": {
      "out": {
        "other": 6
      },
      "score": 0.435
    },
    "www.zeroconf.org": {
      "out": {
        "other": 6
      },
      "score": 0.435
    },
    "www.hypertable.org": {
      "out": {
        "other": 6
      },
      "score": 0.435
    },
    "reader.google.com": {
      "out": {
        "other": 6
      },
      "score": 0.435
    },
    "www.slysoft.com": {
      "out": {
        "other": 6
      },
      "score": 0.435
    },
    "chromeos.hexxeh.net": {
      "out": {
        "other": 6
      },
      "score": 0.435
    },
    "twitter.com/dcarns": {
      "out": {
        "other": 6
      },
      "score": 0.435
    },
    "www.djangoproject.com": {
      "out": {
        "other": 6
      },
      "score": 0.435
    },
    "www.techsmith.com": {
      "out": {
        "other": 6
      },
      "score": 0.435
    },
    "console.aws.amazon.com": {
      "out": {
        "other": 6
      },
      "score": 0.435
    },
    "www.logitech.com": {
      "out": {
        "other": 6
      },
      "score": 0.435
    },
    "unite.opera.com": {
      "out": {
        "other": 6
      },
      "score": 0.435
    },
    "gears.google.com": {
      "out": {
        "other": 6
      },
      "score": 0.435
    },
    "silverlight.net": {
      "out": {
        "other": 6
      },
      "score": 0.435
    },
    "getfirebug.com": {
      "out": {
        "other": 6
      },
      "score": 0.435
    },
    "html5rocks.com": {
      "out": {
        "other": 6
      },
      "score": 0.435
    },
    "www.rsa.com": {
      "out": {
        "other": 6
      },
      "score": 0.435
    },
    "www.virtualbox.org": {
      "out": {
        "other": 6
      },
      "score": 0.435
    },
    "www.ted.com": {
      "out": {
        "other": 6
      },
      "score": 0.435
    },
    "scobleizer.com": {
      "out": {
        "other": 6
      },
      "score": 0.435
    },
    "a.tellapal.com": {
      "out": {
        "other": 6
      },
      "score": 0.435
    },
    "hexxeh.net": {
      "out": {
        "other": 6
      },
      "score": 0.435
    },
    "xmpp.org": {
      "out": {
        "other": 6
      },
      "score": 0.435
    },
    "youtu.be": {
      "out": {
        "other": 6
      },
      "score": 0.435
    },
    "backend.userland.com": {
      "out": {
        "other": 6
      },
      "score": 0.435
    },
    "gmailblog.blogspot.com": {
      "out": {
        "other": 6
      },
      "score": 0.435
    },
    "socket.io": {
      "out": {
        "other": 6
      },
      "score": 0.435
    },
    "www.digitalintelligence.com": {
      "out": {
        "other": 6
      },
      "score": 0.435
    },
    "getfile4.posterous.com": {
      "out": {
        "other": 6
      },
      "score": 0.435
    },
    "kate-elizabeth.tumblr.com": {
      "out": {
        "other": 6
      },
      "score": 0.435
    },
    "www.nuix.com": {
      "out": {
        "other": 6
      },
      "score": 0.435
    },
    "trac.thrudb.org": {
      "out": {
        "other": 6
      },
      "score": 0.435
    },
    "picasa.google.com": {
      "out": {
        "other": 6
      },
      "score": 0.435
    },
    "javafx.com": {
      "out": {
        "other": 6
      },
      "score": 0.435
    },
    "stumblepeach.com": {
      "out": {
        "other": 6
      },
      "score": 0.435
    },
    "www.scientificblogging.com": {
      "out": {
        "other": 6
      },
      "score": 0.435
    },
    "www.adobe.com": {
      "out": {
        "other": 6
      },
      "score": 0.435
    },
    "strokedb.com": {
      "out": {
        "other": 6
      },
      "score": 0.435
    },
    "livehttpheaders.mozdev.org": {
      "out": {
        "other": 6
      },
      "score": 0.435
    },
    "blog.kangye.org": {
      "out": {
        "other": 6
      },
      "score": 0.435
    },
    "mail.google.com": {
      "out": {
        "other": 6
      },
      "score": 0.435
    },
    "notepad-plus-plus.org": {
      "out": {
        "other": 6
      },
      "score": 0.435
    },
    "wiki.apache.org": {
      "out": {
        "other": 6
      },
      "score": 0.435
    },
    "www.howtogeek.com": {
      "out": {
        "other": 6
      },
      "score": 0.435
    },
    "flickr.com": {
      "out": {
        "other": 6
      },
      "score": 0.435
    },
    "www.discoverthewave.com": {
      "out": {
        "other": 6
      },
      "score": 0.435
    },
    "deployment.googleapps.com": {
      "out": {
        "other": 6
      },
      "score": 0.435
    },
    "bitcoinmagazine.com": {
      "out": {
        "other": 4
      },
      "score": 0.365
    },
    "www.reuters.com": {
      "out": {
        "other": 4
      },
      "score": 0.365
    },
    "twitter.com/AdvisorHUB_T": {
      "out": {
        "other": 2
      },
      "score": 0.244
    },
    "twitter.com/DroplitHome": {
      "out": {
        "other": 2
      },
      "score": 0.244
    },
    "twitter.com/danielcawrey": {
      "out": {
        "other": 2
      },
      "score": 0.244
    }
  }
}