{
  "domain": "dealingwith.withknown.com",
  "urls": [
    "https://dealingwith.withknown.com/profile/dealingwith",
    "http://danielsjourney.com"
  ],
  "names": [
    "Daniel Miller",
    "danielsjourney"
  ],
  "descriptions": [
    "I like to make things on the web. I currently lead the development team at Modern Message. I also make and produce music and stories. I live in the Lakewood neighborhood of Dallas, Texas. I have previously lived in Pennsylvania, Arizona, Florida, Virginia and Bosnia. I am permanently in love with Carissa Byers.",
    "A social website powered by Known"
  ],
  "pictures": [
    "https://dealingwith.withknown.com/file/93d3742d6957afd4513c38eb86266e69/thumb.jpg",
    "https://dealingwith.withknown.com/gfx/logos/logo_k.png"
  ],
  "hcard": {
    "properties": {
      "name": [
        "Daniel Miller"
      ],
      "note": [
        {
          "html": "<div class=\"highlightedText\">\n<p>I like to make things on the web. I currently lead the development team at Modern Message. I also make and produce music and stories. I live in the Lakewood neighborhood of Dallas, Texas. I have previously lived in Pennsylvania, Arizona, Florida, Virginia and Bosnia. I am permanently in love with Carissa Byers.</p>\n</div> ",
          "value": "\nI like to make things on the web. I currently lead the development team at Modern Message. I also make and produce music and stories. I live in the Lakewood neighborhood of Dallas, Texas. I have previously lived in Pennsylvania, Arizona, Florida, Virginia and Bosnia. I am permanently in love with Carissa Byers.\n "
        }
      ],
      "photo": [
        "https://dealingwith.withknown.com/file/93d3742d6957afd4513c38eb86266e69/thumb.jpg"
      ],
      "profile": [
        "Daniel Miller"
      ],
      "url": [
        "https://dealingwith.withknown.com/profile/dealingwith",
        "https://dealingwith.withknown.com/profile/dealingwith",
        "http://danielsjourney.com"
      ]
    },
    "type": [
      "h-card"
    ]
  },
  "rel_mes": [
    "http://danielsjourney.com"
  ],
  "crawl_start": "2017-04-28T05:17:41",
  "crawl_end": "2017-04-28T05:19:35",
  "num_pages": 74,
  "total_html_size": 2011147,
  "servers": [
    "Apache",
    "Known"
  ],
  "mf2_classes": [
    "h-entry",
    "h-card"
  ],
  "tags": [
    "relme",
    "bridgy",
    "webmention",
    "websub",
    "Known"
  ],
  "endpoints": {
    "webmention": [
      "https://dealingwith.withknown.com/webmention/"
    ],
    "websub": [
      "http://withknown.superfeedr.com/"
    ]
  },
  "links_out": 162,
  "links_in": 11,
  "links": {
    "amblin.io": {
      "in": {
        "in-reply-to": 6,
        "other": 5
      },
      "out": {
        "other": 8
      },
      "score": 1
    },
    "danielsjourney.com": {
      "out": {
        "other": 24
      },
      "score": 0.985
    },
    "medium.com": {
      "out": {
        "other": 21
      },
      "score": 0.952
    },
    "www.marco.org": {
      "out": {
        "other": 14
      },
      "score": 0.847
    },
    "practicaltypography.com": {
      "out": {
        "other": 9
      },
      "score": 0.735
    },
    "lakewood.advocatemag.com": {
      "out": {
        "other": 9
      },
      "score": 0.735
    },
    "www.meginprogress.com": {
      "out": {
        "other": 9
      },
      "score": 0.735
    },
    "nickbradbury.com": {
      "out": {
        "other": 9
      },
      "score": 0.735
    },
    "werd.io": {
      "out": {
        "other": 6
      },
      "score": 0.631
    },
    "minecraftu.org": {
      "out": {
        "other": 6
      },
      "score": 0.631
    },
    "meyerweb.com": {
      "out": {
        "other": 6
      },
      "score": 0.631
    },
    "blog.pickcrew.com": {
      "out": {
        "other": 6
      },
      "score": 0.631
    },
    "gizmodo.com": {
      "out": {
        "other": 5
      },
      "score": 0.585
    },
    "adainitiative.org": {
      "out": {
        "other": 5
      },
      "score": 0.585
    },
    "www.theverge.com": {
      "out": {
        "other": 5
      },
      "score": 0.585
    },
    "withknown.com": {
      "out": {
        "other": 5
      },
      "score": 0.585
    },
    "2014.xoxofest.com": {
      "out": {
        "other": 5
      },
      "score": 0.585
    },
    "www.nytimes.com": {
      "out": {
        "other": 5
      },
      "score": 0.585
    },
    "brockwilbur.net": {
      "out": {
        "other": 5
      },
      "score": 0.585
    }
  }
}