{
  "domain": "debbie.today",
  "urls": [
    "http://debbie.today/"
  ],
  "names": [
    "debbie.today – living and learning"
  ],
  "descriptions": [],
  "pictures": [],
  "hcard": {},
  "rel_mes": [
    "https://twitter.com/deieio",
    "http://www.instagram.com/deieio",
    "mailto:talk@debbie.today"
  ],
  "crawl_start": "2017-04-28T05:17:47",
  "crawl_end": "2017-04-28T06:00:08",
  "num_pages": 1628,
  "total_html_size": 57339378,
  "servers": [
    "LiteSpeed"
  ],
  "mf2_classes": [
    "h-feed",
    "h-cite",
    "h-entry",
    "h-as-image",
    "h-card",
    "h-as-note",
    "h-as-bookmark"
  ],
  "tags": [
    "relme",
    "bridgy",
    "webmention",
    "micropub",
    "authorization",
    "token"
  ],
  "endpoints": {
    "webmention": [
      "http://debbie.today/wp-json/webmention/1.0/endpoint"
    ],
    "micropub": [
      "http://debbie.today/?micropub=endpoint"
    ],
    "authorization": [
      "https://indieauth.com/auth"
    ],
    "token": [
      "https://tokens.indieauth.com/token"
    ]
  },
  "links_out": 11744,
  "links_in": 483,
  "links": {
    "wordpress.org": {
      "out": {
        "other": 3254
      },
      "score": 1
    },
    "www.instagram.com": {
      "out": {
        "other": 1758
      },
      "score": 0.931
    },
    "twitter.com/deieio": {
      "out": {
        "other": 1626
      },
      "score": 0.921
    },
    "www.flickr.com": {
      "out": {
        "other": 977
      },
      "score": 0.863
    },
    "www.youtube.com": {
      "out": {
        "other": 492
      },
      "score": 0.785
    },
    "defacto.debbie.today": {
      "in": {
        "other": 478
      },
      "out": {
        "other": 133
      },
      "score": 0.753
    },
    "indieweb.org": {
      "out": {
        "other": 144
      },
      "score": 0.645
    },
    "gumroad.com": {
      "out": {
        "other": 55
      },
      "score": 0.535
    },
    "vimeo.com": {
      "out": {
        "other": 49
      },
      "score": 0.522
    },
    "www.robot-hugs.com": {
      "out": {
        "other": 49
      },
      "score": 0.522
    },
    "www.sbnation.com": {
      "out": {
        "other": 35
      },
      "score": 0.484
    },
    "t.co": {
      "out": {
        "other": 33
      },
      "score": 0.477
    },
    "tysonpease.com": {
      "out": {
        "other": 33
      },
      "score": 0.477
    },
    "projects.debbie.today": {
      "out": {
        "other": 30
      },
      "score": 0.466
    },
    "philome.la": {
      "out": {
        "other": 30
      },
      "score": 0.466
    },
    "www.cowshell.com": {
      "out": {
        "other": 30
      },
      "score": 0.466
    },
    "www.nytimes.com": {
      "out": {
        "other": 30
      },
      "score": 0.466
    },
    "soundcloud.com": {
      "out": {
        "other": 28
      },
      "score": 0.459
    },
    "www.laweekly.com": {
      "out": {
        "other": 28
      },
      "score": 0.459
    },
    "hoenn.tumblr.com": {
      "out": {
        "other": 27
      },
      "score": 0.454
    },
    "robothugscomic.tumblr.com": {
      "out": {
        "other": 27
      },
      "score": 0.454
    },
    "lunarbaboon.tumblr.com": {
      "out": {
        "other": 27
      },
      "score": 0.454
    },
    "www.lunarbaboon.com": {
      "out": {
        "other": 27
      },
      "score": 0.454
    },
    "youtu.be": {
      "out": {
        "other": 27
      },
      "score": 0.454
    },
    "pottsisstarksheart.tumblr.com": {
      "out": {
        "other": 26
      },
      "score": 0.450
    },
    "strongfemaleprotagonist.com": {
      "out": {
        "other": 26
      },
      "score": 0.450
    },
    "balmaindenimflow.tumblr.com": {
      "out": {
        "other": 24
      },
      "score": 0.441
    },
    "valdeznico.tumblr.com": {
      "out": {
        "other": 24
      },
      "score": 0.441
    },
    "thelearnedfangirl.com": {
      "out": {
        "other": 24
      },
      "score": 0.441
    },
    "qz.com": {
      "out": {
        "other": 24
      },
      "score": 0.441
    },
    "gizzlescribbles.tumblr.com": {
      "out": {
        "other": 22
      },
      "score": 0.431
    },
    "squinky.me": {
      "out": {
        "other": 22
      },
      "score": 0.431
    },
    "birthmoviesdeath.com": {
      "out": {
        "other": 22
      },
      "score": 0.431
    },
    "dudeldopp.tumblr.com": {
      "out": {
        "other": 22
      },
      "score": 0.431
    },
    "madison365.com": {
      "out": {
        "other": 22
      },
      "score": 0.431
    },
    "boingboing.net": {
      "out": {
        "other": 22
      },
      "score": 0.431
    },
    "lunarbaboon.bigcartel.com": {
      "out": {
        "other": 22
      },
      "score": 0.431
    },
    "www.patreon.com": {
      "out": {
        "other": 21
      },
      "score": 0.426
    },
    "instagram.com": {
      "out": {
        "other": 20
      },
      "score": 0.420
    },
    "jessica-jones.net": {
      "out": {
        "other": 20
      },
      "score": 0.420
    },
    "comicsalliance.com": {
      "out": {
        "other": 20
      },
      "score": 0.420
    },
    "lavellenchanted.tumblr.com": {
      "out": {
        "other": 20
      },
      "score": 0.420
    },
    "www.modestmedusa.com": {
      "out": {
        "other": 20
      },
      "score": 0.420
    },
    "mikemaihack.tumblr.com": {
      "out": {
        "other": 20
      },
      "score": 0.420
    },
    "jake-richmond.tumblr.com": {
      "out": {
        "other": 20
      },
      "score": 0.420
    },
    "fromwhat.tumblr.com": {
      "out": {
        "other": 19
      },
      "score": 0.415
    },
    "amzn.com": {
      "out": {
        "other": 18
      },
      "score": 0.408
    },
    "aliendovecote.com": {
      "out": {
        "other": 18
      },
      "score": 0.408
    },
    "ift.tt": {
      "out": {
        "other": 18
      },
      "score": 0.408
    },
    "medium.com": {
      "out": {
        "other": 18
      },
      "score": 0.408
    },
    "www.comixology.com": {
      "out": {
        "other": 18
      },
      "score": 0.408
    },
    "www.molleindustria.org": {
      "out": {
        "other": 18
      },
      "score": 0.408
    },
    "www.racked.com": {
      "out": {
        "other": 18
      },
      "score": 0.408
    },
    "www.theatlantic.com": {
      "out": {
        "other": 18
      },
      "score": 0.408
    },
    "www.torontolife.com": {
      "out": {
        "other": 18
      },
      "score": 0.408
    },
    "www.vox.com": {
      "out": {
        "other": 18
      },
      "score": 0.408
    },
    "kaannna.tumblr.com": {
      "out": {
        "other": 18
      },
      "score": 0.408
    },
    "finalaeon.tumblr.com": {
      "out": {
        "other": 16
      },
      "score": 0.395
    },
    "www.bloomberg.com": {
      "out": {
        "other": 16
      },
      "score": 0.395
    },
    "in-love-with-movies.tumblr.com": {
      "out": {
        "other": 16
      },
      "score": 0.395
    },
    "www.clevescene.com": {
      "out": {
        "other": 16
      },
      "score": 0.395
    },
    "thehood.raptorhideout.com": {
      "out": {
        "other": 16
      },
      "score": 0.395
    },
    "agameofmanyfandoms.tumblr.com": {
      "out": {
        "other": 16
      },
      "score": 0.395
    },
    "necropoliscomic.tumblr.com": {
      "out": {
        "other": 16
      },
      "score": 0.395
    },
    "karkatium.tumblr.com": {
      "out": {
        "other": 16
      },
      "score": 0.395
    },
    "www.bbc.co.uk": {
      "out": {
        "other": 15
      },
      "score": 0.387
    },
    "giffingkorra.tumblr.com": {
      "out": {
        "other": 14
      },
      "score": 0.379
    },
    "pawntakesqueen.tumblr.com": {
      "out": {
        "other": 14
      },
      "score": 0.379
    },
    "lanawinteers.tumblr.com": {
      "out": {
        "other": 14
      },
      "score": 0.379
    },
    "www.fastcompany.com": {
      "out": {
        "other": 14
      },
      "score": 0.379
    },
    "ontologicalgeek.com": {
      "out": {
        "other": 14
      },
      "score": 0.379
    },
    "www.techinsider.io": {
      "out": {
        "other": 14
      },
      "score": 0.379
    },
    "sbnation.tumblr.com": {
      "out": {
        "other": 13
      },
      "score": 0.371
    },
    "thefilmmagazine.tumblr.com": {
      "out": {
        "other": 13
      },
      "score": 0.371
    },
    "agentliz.tumblr.com": {
      "out": {
        "other": 12
      },
      "score": 0.362
    },
    "billyjohnsoncomic.tumblr.com": {
      "out": {
        "other": 12
      },
      "score": 0.362
    },
    "legend-sellers.tumblr.com": {
      "out": {
        "other": 12
      },
      "score": 0.362
    },
    "mathewnew.bigcartel.com": {
      "out": {
        "other": 12
      },
      "score": 0.362
    },
    "www.scmp.com": {
      "out": {
        "other": 12
      },
      "score": 0.362
    },
    "mathewnew.tumblr.com": {
      "out": {
        "other": 12
      },
      "score": 0.362
    },
    "www.reddit.com": {
      "out": {
        "other": 12
      },
      "score": 0.362
    },
    "kalstedom.tumblr.com": {
      "out": {
        "other": 12
      },
      "score": 0.362
    },
    "eklektikos-jshu.tumblr.com": {
      "out": {
        "other": 12
      },
      "score": 0.362
    },
    "bethmartell.tumblr.com": {
      "out": {
        "other": 12
      },
      "score": 0.362
    },
    "twitter.com/alphagirlcomics": {
      "out": {
        "other": 11
      },
      "score": 0.352
    },
    "facebook.com/Lunarbaboon": {
      "out": {
        "other": 11
      },
      "score": 0.352
    },
    "mcbrilliant.tumblr.com": {
      "out": {
        "other": 11
      },
      "score": 0.352
    },
    "ebjkk.tumblr.com": {
      "out": {
        "other": 11
      },
      "score": 0.352
    },
    "tmblr.co": {
      "out": {
        "other": 11
      },
      "score": 0.352
    },
    "twitter.com/jperiodBK": {
      "out": {
        "other": 11
      },
      "score": 0.352
    },
    "kellyfscribbles.tumblr.com": {
      "out": {
        "other": 11
      },
      "score": 0.352
    },
    "www.bostonmagazine.com": {
      "out": {
        "other": 11
      },
      "score": 0.352
    },
    "squareup.com": {
      "out": {
        "other": 11
      },
      "score": 0.352
    },
    "en.wikipedia.org": {
      "out": {
        "other": 11
      },
      "score": 0.352
    },
    "spoiledcomics.tumblr.com": {
      "out": {
        "other": 11
      },
      "score": 0.352
    },
    "maybenotboring.tumblr.com": {
      "out": {
        "other": 11
      },
      "score": 0.352
    },
    "torontocomics.com": {
      "out": {
        "other": 11
      },
      "score": 0.352
    },
    "www.redbubble.com": {
      "out": {
        "other": 11
      },
      "score": 0.352
    },
    "kniivila.tumblr.com": {
      "out": {
        "other": 11
      },
      "score": 0.352
    },
    "zwar101.tumblr.com": {
      "out": {
        "other": 11
      },
      "score": 0.352
    },
    "frenchtoastcomix.com": {
      "out": {
        "other": 11
      },
      "score": 0.352
    },
    "hannibalburress.tumblr.com": {
      "out": {
        "other": 11
      },
      "score": 0.352
    },
    "uproxx.com": {
      "out": {
        "other": 11
      },
      "score": 0.352
    },
    "frenchtoastcomix.tumblr.com": {
      "out": {
        "other": 11
      },
      "score": 0.352
    },
    "twitter.com/MsLaurynHill": {
      "out": {
        "other": 11
      },
      "score": 0.352
    },
    "itbatman.tumblr.com": {
      "out": {
        "other": 11
      },
      "score": 0.352
    },
    "thinkprogress.org": {
      "out": {
        "other": 11
      },
      "score": 0.352
    },
    "therealmikeholmes.tumblr.com": {
      "out": {
        "other": 11
      },
      "score": 0.352
    },
    "ofgravityandganesha.tumblr.com": {
      "out": {
        "other": 11
      },
      "score": 0.352
    },
    "frenchtoastcomix.storenvy.com": {
      "out": {
        "other": 11
      },
      "score": 0.352
    },
    "enigmaticdisassociate.tumblr.com": {
      "out": {
        "other": 11
      },
      "score": 0.352
    },
    "www.kickstarter.com": {
      "out": {
        "other": 11
      },
      "score": 0.352
    },
    "twitter.com/Lunarbaboon": {
      "out": {
        "other": 11
      },
      "score": 0.352
    },
    "contrasts-comic.tumblr.com": {
      "out": {
        "other": 11
      },
      "score": 0.352
    },
    "superbutchcomic.com": {
      "out": {
        "other": 11
      },
      "score": 0.352
    },
    "alphagirlcomics.wordpress.com": {
      "out": {
        "other": 11
      },
      "score": 0.352
    },
    "thesunkengardencomic.com": {
      "out": {
        "other": 11
      },
      "score": 0.352
    },
    "startripcomic.com": {
      "out": {
        "other": 11
      },
      "score": 0.352
    },
    "karengilans.tumblr.com": {
      "out": {
        "other": 10
      },
      "score": 0.342
    },
    "mandragona.tumblr.com": {
      "out": {
        "other": 10
      },
      "score": 0.342
    },
    "jessicajonesgifs.tumblr.com": {
      "out": {
        "other": 10
      },
      "score": 0.342
    },
    "mollyostertag.tumblr.com": {
      "out": {
        "other": 10
      },
      "score": 0.342
    },
    "www.sportsnet.ca": {
      "out": {
        "other": 10
      },
      "score": 0.342
    },
    "themuse.jezebel.com": {
      "out": {
        "other": 10
      },
      "score": 0.342
    },
    "01sentencereviews.tumblr.com": {
      "out": {
        "other": 10
      },
      "score": 0.342
    },
    "danibado.tumblr.com": {
      "out": {
        "other": 10
      },
      "score": 0.342
    },
    "knightwing.tumblr.com": {
      "out": {
        "other": 10
      },
      "score": 0.342
    },
    "www.gimptalk.com": {
      "out": {
        "other": 10
      },
      "score": 0.342
    },
    "honeyjams.tumblr.com": {
      "out": {
        "other": 10
      },
      "score": 0.342
    },
    "play.google.com": {
      "out": {
        "other": 10
      },
      "score": 0.342
    },
    "nalle.tumblr.com": {
      "out": {
        "other": 10
      },
      "score": 0.342
    },
    "www.amazon.com": {
      "out": {
        "other": 10
      },
      "score": 0.342
    },
    "jetsetradio.live": {
      "out": {
        "other": 10
      },
      "score": 0.342
    },
    "seventhcigarette.tumblr.com": {
      "out": {
        "other": 10
      },
      "score": 0.342
    },
    "twitter.com/hashtag": {
      "out": {
        "other": 10
      },
      "score": 0.342
    },
    "www.gimp.org": {
      "out": {
        "other": 10
      },
      "score": 0.342
    },
    "cowshell.com": {
      "out": {
        "other": 10
      },
      "score": 0.342
    },
    "kuow.org": {
      "out": {
        "other": 10
      },
      "score": 0.342
    },
    "www.asamiloveskorra.modestmedusa.com": {
      "out": {
        "other": 10
      },
      "score": 0.342
    },
    "www.bkmag.com": {
      "out": {
        "other": 10
      },
      "score": 0.342
    },
    "www.ghostkiss.modestmedusa.com": {
      "out": {
        "other": 10
      },
      "score": 0.342
    },
    "itsygooo.tumblr.com": {
      "out": {
        "other": 10
      },
      "score": 0.342
    },
    "nick-kids.tumblr.com": {
      "out": {
        "other": 10
      },
      "score": 0.342
    },
    "qmjhl.tumblr.com": {
      "out": {
        "other": 10
      },
      "score": 0.342
    },
    "celstyle.com": {
      "out": {
        "other": 10
      },
      "score": 0.342
    },
    "tragers.tumblr.com": {
      "out": {
        "other": 10
      },
      "score": 0.342
    },
    "brennanleemulligan.tumblr.com": {
      "out": {
        "other": 10
      },
      "score": 0.342
    },
    "elrinconbananero.tumblr.com": {
      "out": {
        "other": 10
      },
      "score": 0.342
    },
    "itunes.apple.com": {
      "out": {
        "other": 10
      },
      "score": 0.342
    },
    "lifehacker.com": {
      "out": {
        "other": 10
      },
      "score": 0.342
    },
    "player.vimeo.com": {
      "out": {
        "other": 10
      },
      "score": 0.342
    },
    "127737.spreadshirt.com": {
      "out": {
        "other": 10
      },
      "score": 0.342
    },
    "digitalequityforlearning.org": {
      "out": {
        "other": 10
      },
      "score": 0.342
    },
    "strongfemaleprotagonist.bigcartel.com": {
      "out": {
        "other": 10
      },
      "score": 0.342
    },
    "hypotheticalthalamus.tumblr.com": {
      "out": {
        "other": 10
      },
      "score": 0.342
    },
    "www.publishersweekly.com": {
      "out": {
        "other": 10
      },
      "score": 0.342
    },
    "aurgasmitron.tumblr.com": {
      "out": {
        "other": 10
      },
      "score": 0.342
    },
    "hitsvilleuk.tumblr.com": {
      "out": {
        "other": 10
      },
      "score": 0.342
    },
    "noahsczrny.tumblr.com": {
      "out": {
        "other": 10
      },
      "score": 0.342
    },
    "www.tfaw.com": {
      "out": {
        "other": 9
      },
      "score": 0.329
    },
    "harveyxspecter.tumblr.com": {
      "out": {
        "other": 9
      },
      "score": 0.329
    },
    "holavicente.tumblr.com": {
      "out": {
        "other": 9
      },
      "score": 0.329
    },
    "epistemophiliaa.tumblr.com": {
      "out": {
        "other": 9
      },
      "score": 0.329
    },
    "thelonelyskeptic.tumblr.com": {
      "out": {
        "other": 9
      },
      "score": 0.329
    },
    "www.comicshoplocator.com": {
      "out": {
        "other": 9
      },
      "score": 0.329
    },
    "tearthatcherryout.tumblr.com": {
      "out": {
        "other": 9
      },
      "score": 0.329
    },
    "www.businesswire.com": {
      "out": {
        "other": 9
      },
      "score": 0.329
    },
    "8abbott-of-odd0.tumblr.com": {
      "out": {
        "other": 9
      },
      "score": 0.329
    },
    "rainytaxi.tumblr.com": {
      "out": {
        "other": 9
      },
      "score": 0.329
    },
    "feelinglikeacriminal.tumblr.com": {
      "out": {
        "other": 9
      },
      "score": 0.329
    },
    "markusjaaskelainen.tumblr.com": {
      "out": {
        "other": 9
      },
      "score": 0.329
    },
    "sweeerpotato.tumblr.com": {
      "out": {
        "other": 9
      },
      "score": 0.329
    },
    "subscriptions.marvel.com": {
      "out": {
        "other": 9
      },
      "score": 0.329
    },
    "twitter.com/Metz77": {
      "out": {
        "other": 9
      },
      "score": 0.329
    },
    "bl00dfl0w.tumblr.com": {
      "out": {
        "other": 9
      },
      "score": 0.329
    },
    "trishjess.tumblr.com": {
      "out": {
        "other": 9
      },
      "score": 0.329
    },
    "angiemartinellis.tumblr.com": {
      "out": {
        "other": 9
      },
      "score": 0.329
    },
    "tolkienesis.tumblr.com": {
      "out": {
        "other": 9
      },
      "score": 0.329
    },
    "gingerpermission.tumblr.com": {
      "out": {
        "other": 9
      },
      "score": 0.329
    },
    "twinery.org": {
      "out": {
        "other": 9
      },
      "score": 0.329
    },
    "illusianation.tumblr.com": {
      "out": {
        "other": 9
      },
      "score": 0.329
    },
    "www.midtowncomics.com": {
      "out": {
        "other": 9
      },
      "score": 0.329
    },
    "theholygradation.tumblr.com": {
      "out": {
        "other": 9
      },
      "score": 0.329
    },
    "ryannorth.tumblr.com": {
      "out": {
        "other": 9
      },
      "score": 0.329
    },
    "saucyfbaby.tumblr.com": {
      "out": {
        "other": 9
      },
      "score": 0.329
    },
    "dastridly.tumblr.com": {
      "out": {
        "other": 9
      },
      "score": 0.329
    },
    "www.benhatke.com": {
      "out": {
        "other": 9
      },
      "score": 0.329
    },
    "www.welcometonightvale.com": {
      "out": {
        "other": 9
      },
      "score": 0.329
    },
    "jezebel.com": {
      "out": {
        "other": 9
      },
      "score": 0.329
    },
    "househatke.tumblr.com": {
      "out": {
        "other": 9
      },
      "score": 0.329
    },
    "kalenhad.tumblr.com": {
      "out": {
        "other": 9
      },
      "score": 0.329
    },
    "musikoula.tumblr.com": {
      "out": {
        "other": 9
      },
      "score": 0.329
    },
    "astriddalmady.com": {
      "out": {
        "other": 9
      },
      "score": 0.329
    },
    "www.vanyaland.com": {
      "out": {
        "other": 9
      },
      "score": 0.329
    },
    "alpsavrum.tumblr.com": {
      "out": {
        "other": 9
      },
      "score": 0.329
    },
    "agentnorthcarolina.tumblr.com": {
      "out": {
        "other": 8
      },
      "score": 0.315
    },
    "ghostanswers.tumblr.com": {
      "out": {
        "other": 8
      },
      "score": 0.315
    },
    "houseofcards.tumblr.com": {
      "out": {
        "other": 8
      },
      "score": 0.315
    },
    "ruthiemiles.tumblr.com": {
      "out": {
        "other": 8
      },
      "score": 0.315
    },
    "seriouslysuperheroes.tumblr.com": {
      "out": {
        "other": 8
      },
      "score": 0.315
    },
    "www85.zippyshare.com": {
      "out": {
        "other": 8
      },
      "score": 0.315
    },
    "ohnotype.co": {
      "out": {
        "other": 8
      },
      "score": 0.315
    },
    "electricghosting.tumblr.com": {
      "out": {
        "other": 8
      },
      "score": 0.315
    },
    "jimharprs.tumblr.com": {
      "out": {
        "other": 8
      },
      "score": 0.315
    },
    "pinkmnss.tumblr.com": {
      "out": {
        "other": 8
      },
      "score": 0.315
    },
    "www.npr.org": {
      "out": {
        "other": 8
      },
      "score": 0.315
    },
    "boxbrown.com": {
      "out": {
        "other": 8
      },
      "score": 0.315
    },
    "songoharotto.tumblr.com": {
      "out": {
        "other": 8
      },
      "score": 0.315
    },
    "www.mediafire.com": {
      "out": {
        "other": 8
      },
      "score": 0.315
    },
    "backchannel.com": {
      "out": {
        "other": 8
      },
      "score": 0.315
    },
    "comixology.tumblr.com": {
      "out": {
        "other": 8
      },
      "score": 0.315
    },
    "cmxl.gy": {
      "out": {
        "other": 8
      },
      "score": 0.315
    },
    "haydenharnett.com": {
      "out": {
        "other": 8
      },
      "score": 0.315
    },
    "play.spotify.com": {
      "out": {
        "other": 8
      },
      "score": 0.315
    },
    "turn-tv.tumblr.com": {
      "out": {
        "other": 8
      },
      "score": 0.315
    },
    "magicalcannibal.tumblr.com": {
      "out": {
        "other": 8
      },
      "score": 0.315
    },
    "neveralonegame.com": {
      "out": {
        "other": 8
      },
      "score": 0.315
    },
    "capleesi.tumblr.com": {
      "out": {
        "other": 8
      },
      "score": 0.315
    },
    "cinegasmic.tumblr.com": {
      "out": {
        "other": 8
      },
      "score": 0.315
    },
    "kevinwada.tumblr.com": {
      "out": {
        "other": 8
      },
      "score": 0.315
    },
    "littlerebellionthatcould.tumblr.com": {
      "out": {
        "other": 8
      },
      "score": 0.315
    },
    "popvultureblog.tumblr.com": {
      "out": {
        "other": 8
      },
      "score": 0.315
    },
    "www.blouinartinfo.com": {
      "out": {
        "other": 8
      },
      "score": 0.315
    },
    "queenmeras.tumblr.com": {
      "out": {
        "other": 8
      },
      "score": 0.315
    },
    "snorpey.github.io": {
      "out": {
        "other": 8
      },
      "score": 0.315
    },
    "f1ng3rs.tumblr.com": {
      "out": {
        "other": 8
      },
      "score": 0.315
    },
    "xmovies8.org": {
      "out": {
        "other": 8
      },
      "score": 0.315
    },
    "christienbale.tumblr.com": {
      "out": {
        "other": 8
      },
      "score": 0.315
    },
    "critiquecollective.com": {
      "out": {
        "other": 8
      },
      "score": 0.315
    },
    "greytabby.tumblr.com": {
      "out": {
        "other": 8
      },
      "score": 0.315
    },
    "venke.tumblr.com": {
      "out": {
        "other": 8
      },
      "score": 0.315
    },
    "elphingames.tumblr.com": {
      "out": {
        "other": 8
      },
      "score": 0.315
    },
    "bandyriddles.tumblr.com": {
      "out": {
        "other": 8
      },
      "score": 0.315
    },
    "shieldgifs.tumblr.com": {
      "out": {
        "other": 8
      },
      "score": 0.315
    },
    "nflx.it": {
      "out": {
        "other": 8
      },
      "score": 0.315
    },
    "meficrow.tumblr.com": {
      "out": {
        "other": 8
      },
      "score": 0.315
    },
    "boobmorleys.tumblr.com": {
      "out": {
        "other": 8
      },
      "score": 0.315
    },
    "brosciles.tumblr.com": {
      "out": {
        "other": 8
      },
      "score": 0.315
    },
    "jvpiterascending.tumblr.com": {
      "out": {
        "other": 8
      },
      "score": 0.315
    },
    "beaubean.tumblr.com": {
      "out": {
        "other": 8
      },
      "score": 0.315
    },
    "www.tor.com": {
      "out": {
        "other": 8
      },
      "score": 0.315
    },
    "hoodinternet.tumblr.com": {
      "out": {
        "other": 8
      },
      "score": 0.315
    },
    "www.jammin101.net": {
      "out": {
        "other": 8
      },
      "score": 0.315
    },
    "www.google.com": {
      "out": {
        "other": 7
      },
      "score": 0.301
    },
    "dcrossgeller.tumblr.com": {
      "out": {
        "other": 7
      },
      "score": 0.301
    },
    "www.pixelprospector.com": {
      "out": {
        "other": 7
      },
      "score": 0.301
    },
    "miraforrester.tumblr.com": {
      "out": {
        "other": 7
      },
      "score": 0.301
    },
    "agentprince.tumblr.com": {
      "out": {
        "other": 7
      },
      "score": 0.301
    },
    "baykennesh-deactivated20151026.tumblr.com": {
      "out": {
        "other": 7
      },
      "score": 0.301
    },
    "vine.co": {
      "out": {
        "other": 7
      },
      "score": 0.301
    },
    "www.wordpress.org": {
      "out": {
        "other": 7
      },
      "score": 0.301
    },
    "cinemove.tumblr.com": {
      "out": {
        "other": 7
      },
      "score": 0.301
    },
    "twitter.com/ImageForm": {
      "out": {
        "other": 7
      },
      "score": 0.301
    },
    "cinema-screens.tumblr.com": {
      "out": {
        "other": 7
      },
      "score": 0.301
    },
    "panzertron.tumblr.com": {
      "out": {
        "other": 7
      },
      "score": 0.301
    },
    "spacecampgirlfriend.tumblr.com": {
      "out": {
        "other": 7
      },
      "score": 0.301
    },
    "survivethedistance.com": {
      "out": {
        "other": 7
      },
      "score": 0.301
    },
    "thissiteistoxic.tumblr.com": {
      "out": {
        "other": 7
      },
      "score": 0.301
    },
    "chrispratts.tumblr.com": {
      "out": {
        "other": 7
      },
      "score": 0.301
    },
    "iwishmylifewereadrama.tumblr.com": {
      "out": {
        "other": 7
      },
      "score": 0.301
    },
    "sonofdragons.tumblr.com": {
      "out": {
        "other": 7
      },
      "score": 0.301
    },
    "anneboleyns.tumblr.com": {
      "out": {
        "other": 7
      },
      "score": 0.301
    },
    "www.withknown.com": {
      "out": {
        "other": 7
      },
      "score": 0.301
    },
    "makegames.pixelprospector.com": {
      "out": {
        "other": 7
      },
      "score": 0.301
    },
    "mrnathandrake.tumblr.com": {
      "out": {
        "other": 7
      },
      "score": 0.301
    },
    "zhelia.tumblr.com": {
      "out": {
        "other": 7
      },
      "score": 0.301
    },
    "crystalgemgifs.tumblr.com": {
      "out": {
        "other": 7
      },
      "score": 0.301
    },
    "torubraz.tumblr.com": {
      "out": {
        "other": 7
      },
      "score": 0.301
    },
    "movies-tv-more.tumblr.com": {
      "out": {
        "other": 7
      },
      "score": 0.301
    },
    "myheromccall.tumblr.com": {
      "out": {
        "other": 7
      },
      "score": 0.301
    },
    "steamworldgames.com": {
      "out": {
        "other": 7
      },
      "score": 0.301
    },
    "indiewebcamp.com": {
      "out": {
        "other": 7
      },
      "score": 0.301
    },
    "www.lexaloffle.com": {
      "out": {
        "other": 7
      },
      "score": 0.301
    },
    "badwolfoswin.tumblr.com": {
      "out": {
        "other": 7
      },
      "score": 0.301
    },
    "www.bostonglobe.com": {
      "out": {
        "other": 6
      },
      "score": 0.282
    },
    "artofthedeal.tumblr.com": {
      "out": {
        "other": 6
      },
      "score": 0.282
    },
    "jackieswhorekini.tumblr.com": {
      "out": {
        "other": 5
      },
      "score": 0.262
    },
    "sky-stealer.tumblr.com": {
      "out": {
        "other": 5
      },
      "score": 0.262
    },
    "www.stafforini.com": {
      "out": {
        "other": 5
      },
      "score": 0.262
    },
    "theconversation.com": {
      "out": {
        "other": 5
      },
      "score": 0.262
    },
    "indieauth.com": {
      "out": {
        "other": 1
      },
      "score": 0.0789
    },
    "stream.withknown.com": {
      "in": {
        "other": 2
      },
      "score": 0.0789
    },
    "werd.io": {
      "in": {
        "other": 2
      },
      "score": 0.0789
    },
    "chat.indieweb.org": {
      "in": {
        "other": 1
      },
      "score": 0
    }
  }
}