{
  "domain": "demisflanagan.com",
  "urls": [
    "http://demisflanagan.com/"
  ],
  "names": [
    "Demis Flanagan"
  ],
  "descriptions": [
    "I'm an independent software QA & testing consultant with 14 years industry experience, specializing in iOS application testing for the iPhone, iPad, and iPod Touch."
  ],
  "pictures": [
    "http://www.google.com/images/icons/product/sites-16.ico",
    "http://www.demisflanagan.com/_/rsrc/1395795599836/home/demis_profile.jpg?height=150&width=150"
  ],
  "hcard": {},
  "rel_mes": [
    "mailto:public@demisflanagan.com",
    "https://linkedin.com/in/demisflanagan",
    "https://github.com/demisflanagan",
    "https://www.upwork.com/freelancers/~0185eaaf69fd802421"
  ],
  "tags": [
    "relme"
  ],
  "endpoints": {},
  "crawl_start": "2017-06-11T14:45:23.726136",
  "crawl_end": "2017-06-11T14:45:23.726136",
  "links_out": 0,
  "links_in": 47,
  "links": {
    "indieweb.org": {
      "in": {
        "other": 27
      },
      "score": 1
    },
    "chat.indieweb.org": {
      "in": {
        "other": 11
      },
      "score": 0.727
    },
    "www.demisflanagan.com": {
      "in": {
        "other": 6
      },
      "score": 0.542
    },
    "werd.io": {
      "in": {
        "other": 3
      },
      "score": 0.333
    }
  }
}