{
  "domain": "dennismorhardt.de",
  "urls": [
    "https://www.dennismorhardt.de/"
  ],
  "names": [
    "Dennis Morhardt"
  ],
  "descriptions": [
    "Ich bin freiberuflicher Webentwickler und konzeptiere, gestalte und setze Webseiten und Webapplikationen um."
  ],
  "pictures": [],
  "hcard": {},
  "rel_mes": [
    "https://dennis.so/",
    "https://twitter.com/gglnx",
    "https://alpha.app.net/gglnx",
    "https://facebook.com/dennismorhardt",
    "https://github.com/gglnx",
    "https://plus.google.com/105378543487674054169",
    "mailto:info@dennismorhardt.de",
    "tel:+493080616780",
    "tel:+4917684025950",
    "call:gigalinux"
  ],
  "tags": [
    "relme"
  ],
  "endpoints": {},
  "crawl_start": "2017-06-11T14:45:29.903039",
  "crawl_end": "2017-06-11T14:45:29.903039",
  "links_out": 0,
  "links_in": 1,
  "links": {
    "www.dennismorhardt.de": {
      "in": {
        "other": 1
      },
      "score": 0
    }
  }
}