{
  "domain": "dennisimo.com",
  "urls": [
    "https://twitter.com/Dennisimo"
  ],
  "names": [
    "Andy Dennis"
  ],
  "descriptions": [],
  "pictures": [
    "http://dennisimo.com/favicon.ico"
  ],
  "hcard": {
    "properties": {
      "name": [
        "Andy Dennis"
      ],
      "url": [
        "https://twitter.com/Dennisimo"
      ]
    },
    "type": [
      "h-card"
    ]
  },
  "rel_mes": [
    "https://twitter.com/Dennisimo"
  ],
  "crawl_start": "2017-06-09T17:37:32",
  "crawl_end": "2017-06-09T17:37:32",
  "num_pages": 1,
  "total_html_size": 1961,
  "servers": [
    "Apache"
  ],
  "mf2_classes": [
    "h-card"
  ],
  "tags": [
    "relme"
  ],
  "endpoints": {},
  "links_out": 1,
  "links_in": 13,
  "links": {
    "indieweb.org": {
      "in": {
        "other": 10
      },
      "score": 1
    },
    "chat.indieweb.org": {
      "in": {
        "other": 2
      },
      "score": 0.301
    },
    "twitter.com/Dennisimo": {
      "out": {
        "other": 1
      },
      "score": 0.301
    },
    "glennjones.net": {
      "in": {
        "other": 1
      },
      "score": 0
    }
  }
}