{
  "domain": "dentonjacobs.com",
  "urls": [
    "https://www.dentonjacobs.com/index"
  ],
  "names": [
    "dentonjacobs.com"
  ],
  "descriptions": [
    "I'm Denton. This is my internet site."
  ],
  "pictures": [
    "https://www.dentonjacobs.com/images/favicon.png",
    "./images/dentonjacobs.jpg"
  ],
  "hcard": {},
  "rel_mes": [
    "https://twitter.com/dentonjacobs",
    "https://bitbucket.org/dentonjacobs/",
    "https://github.com/dentonjacobs",
    "https://www.linkedin.com/in/dentonjacobs",
    "https://keybase.io/dentonjacobs"
  ],
  "tags": [
    "relme"
  ],
  "endpoints": {},
  "crawl_start": "2017-06-11T14:45:32.445448",
  "crawl_end": "2017-06-11T14:45:32.445448",
  "links_out": 0,
  "links_in": 197,
  "links": {
    "www.dentonjacobs.com": {
      "in": {
        "other": 197
      },
      "score": 1
    }
  }
}