{
  "domain": "desfo.org",
  "urls": [
    "https://github.com/rdesfo",
    "https://hub.docker.com/r/rdesfo/"
  ],
  "names": [
    "Ryan Desfosses",
    "Desfo.org - Home"
  ],
  "descriptions": [],
  "pictures": [
    "https://avatars3.githubusercontent.com/u/284815?v=3&s=460"
  ],
  "hcard": {
    "properties": {
      "name": [
        "Ryan Desfosses"
      ],
      "photo": [
        "https://avatars3.githubusercontent.com/u/284815?v=3&s=460"
      ],
      "url": [
        "https://github.com/rdesfo",
        "https://hub.docker.com/r/rdesfo/"
      ]
    },
    "type": [
      "h-card"
    ]
  },
  "rel_mes": [
    "https://github.com/rdesfo",
    "https://www.freecodecamp.com/rdesfo",
    "https://keybase.io/rdesfo",
    "https://launchpad.net/~rdesfo",
    "https://plus.google.com/u/0/105231232958008101028",
    "https://hub.docker.com/r/rdesfo/"
  ],
  "crawl_start": "2017-06-09T17:37:37",
  "crawl_end": "2017-06-09T17:37:39",
  "num_pages": 6,
  "total_html_size": 36401,
  "servers": [
    "GitHub.com"
  ],
  "mf2_classes": [
    "h-entry",
    "h-card",
    "h-feed"
  ],
  "tags": [
    "relme"
  ],
  "endpoints": {},
  "links_out": 27,
  "links_in": 0,
  "links": {
    "github.com": {
      "out": {
        "other": 4
      },
      "score": 1
    },
    "www.desfo.org": {
      "out": {
        "other": 3
      },
      "score": 0.861
    },
    "pdf": {
      "out": {
        "other": 3
      },
      "score": 0.861
    },
    "keybase.io": {
      "out": {
        "other": 2
      },
      "score": 0.668
    },
    "hub.docker.com": {
      "out": {
        "other": 2
      },
      "score": 0.668
    },
    "plus.google.com/u": {
      "out": {
        "other": 2
      },
      "score": 0.668
    },
    "www.freecodecamp.com": {
      "out": {
        "other": 2
      },
      "score": 0.668
    },
    "launchpad.net": {
      "out": {
        "other": 2
      },
      "score": 0.668
    },
    "www.stackbuilders.com": {
      "out": {
        "other": 1
      },
      "score": 0.333
    },
    "circleci.com": {
      "out": {
        "other": 1
      },
      "score": 0.333
    },
    "kernelnewbies.org": {
      "out": {
        "other": 1
      },
      "score": 0.333
    },
    "docs.docker.com": {
      "out": {
        "other": 1
      },
      "score": 0.333
    },
    "www.git-scm.com": {
      "out": {
        "other": 1
      },
      "score": 0.333
    },
    "www.youtube.com": {
      "out": {
        "other": 1
      },
      "score": 0.333
    },
    "git.kernel.org": {
      "out": {
        "other": 1
      },
      "score": 0.333
    }
  }
}