{
  "domain": "desparoz.com",
  "urls": [
    "http://desparoz.com/"
  ],
  "names": [
    "BalancedLight – Des Paroz' blog on exploration and story telling"
  ],
  "descriptions": [],
  "pictures": [
    "https://i0.wp.com/www.desparoz.com/wp-content/uploads/2013/03/cropped-wrasse-in-the-blue.jpg?fit=32%2C32",
    "https://i0.wp.com/www.desparoz.com/wp-content/uploads/2013/03/cropped-wrasse-in-the-blue.jpg?fit=192%2C192"
  ],
  "hcard": {},
  "rel_mes": [
    "https://plus.google.com/+DesParoz",
    "https://twitter.com/desparoz",
    "https://www.instagram.com/desparoz",
    "https://www.flickr.com/people/bluebeyond",
    "https://micro.blog/desparoz",
    "https://github.com/desparoz",
    "mailto:des@paroz.com"
  ],
  "tags": [
    "relme"
  ],
  "endpoints": {},
  "crawl_start": "2017-06-11T14:46:47.622921",
  "crawl_end": "2017-06-11T14:46:47.622921",
  "links_out": 0,
  "links_in": 988,
  "links": {
    "www.desparoz.com": {
      "in": {
        "other": 985
      },
      "score": 1
    },
    "brid.gy": {
      "in": {
        "other": 2
      },
      "score": 0.101
    },
    "wordius.com": {
      "in": {
        "other": 1
      },
      "score": 0
    }
  }
}