{
  "domain": "devalias.net",
  "urls": [
    "http://devalias.net//"
  ],
  "names": [
    "/dev/alias – Hack. Dev. Transcend. | Follow me into the rabbit hole that is my mind and learn about topics including.. security, technology, efficiency, biohacking, health, personal growth and probably a whole lot more.",
    "/dev/alias – Hack. Dev. Transcend."
  ],
  "descriptions": [
    "Follow me into the rabbit hole that is my mind and learn about topics including.. security, technology, efficiency, biohacking, health, personal growth and probably a whole lot more."
  ],
  "pictures": [
    "http://devalias.net/assets/images/authors/devalias.png"
  ],
  "hcard": {},
  "rel_mes": [
    "https://twitter.com/_devalias",
    "https://github.com/alias1"
  ],
  "crawl_start": "2017-04-28T05:19:37",
  "crawl_end": "2017-04-28T05:19:37",
  "num_pages": 1,
  "total_html_size": 18428,
  "servers": [
    "GitHub.com",
    "Jekyllx"
  ],
  "tags": [
    "relme",
    "bridgy",
    "webmention.io",
    "webmention"
  ],
  "endpoints": {
    "webmention": [
      "https://webmention.io/devalias.net/webmention"
    ]
  },
  "links_out": 12,
  "links_in": 0,
  "links": {
    "github.com": {
      "out": {
        "other": 3
      },
      "score": 1
    },
    "creativecommons.org": {
      "out": {
        "other": 2
      },
      "score": 0.777
    },
    "tmux.github.io": {
      "out": {
        "other": 1
      },
      "score": 0.387
    },
    "www.devalias.net": {
      "out": {
        "other": 1
      },
      "score": 0.387
    },
    "code.facebook.com": {
      "out": {
        "other": 1
      },
      "score": 0.387
    },
    "www.iterm2.com": {
      "out": {
        "other": 1
      },
      "score": 0.387
    },
    "graphql.org": {
      "out": {
        "other": 1
      },
      "score": 0.387
    },
    "www.sectalks.org": {
      "out": {
        "other": 1
      },
      "score": 0.387
    },
    "jekyllrb.com": {
      "out": {
        "other": 1
      },
      "score": 0.387
    }
  }
}