{
  "domain": "developers.arcgis.com",
  "urls": [
    "https://developers.arcgis.com//"
  ],
  "names": [
    "ArcGIS for Developers"
  ],
  "descriptions": [
    "Learn how to leverage powerful ArcGIS features and services for your applications."
  ],
  "pictures": [
    "https://developers.arcgis.com/favicon.ico"
  ],
  "hcard": {},
  "rel_mes": [],
  "tags": [
    "webmention.io"
  ],
  "endpoints": {},
  "crawl_start": "2017-05-19T22:57:33.627651",
  "crawl_end": "2017-05-19T22:57:33.627651",
  "links_out": 0,
  "links_in": 7020,
  "links": {
    "www.esri.com": {
      "in": {
        "other": 6757
      },
      "score": 1
    },
    "geoloqi.com": {
      "in": {
        "other": 108
      },
      "score": 0.531
    },
    "caseorganic.com": {
      "in": {
        "other": 44
      },
      "score": 0.429
    },
    "pdx.esri.com": {
      "in": {
        "other": 41
      },
      "score": 0.421
    },
    "aaronparecki.com": {
      "in": {
        "other": 39
      },
      "score": 0.415
    },
    "developers.geoloqi.com": {
      "in": {
        "other": 16
      },
      "score": 0.314
    },
    "community.geoloqi.com": {
      "in": {
        "other": 9
      },
      "score": 0.249
    },
    "indieweb.org": {
      "in": {
        "other": 3
      },
      "score": 0.125
    },
    "ungoldman.com": {
      "in": {
        "other": 2
      },
      "score": 0.0786
    },
    "www.davystevenson.com": {
      "in": {
        "other": 1
      },
      "score": 0
    }
  }
}