{
  "domain": "develign.de",
  "urls": [
    "http://develign.de/"
  ],
  "names": [
    " develign.de steht zum Verkauf"
  ],
  "descriptions": [],
  "pictures": [],
  "hcard": {},
  "rel_mes": [],
  "crawl_start": "2017-04-28T05:20:22",
  "crawl_end": "2017-04-28T05:20:25",
  "num_pages": 8,
  "total_html_size": 22645,
  "servers": [
    "lighttpd"
  ],
  "tags": [
    "bridgy"
  ],
  "endpoints": {},
  "links_out": 12,
  "links_in": 0,
  "links": {
    "www.domainname.de": {
      "out": {
        "other": 12
      },
      "score": 1
    }
  }
}