{
  "domain": "developers.geoloqi.com",
  "urls": [
    "http://developers.geoloqi.com/"
  ],
  "names": [
    "A powerful location-based API for application development - Geoloqi Developers"
  ],
  "descriptions": [
    "Geoloqi allows you to quickly build powerful, location-based mobile applications."
  ],
  "pictures": [],
  "hcard": {},
  "rel_mes": [],
  "crawl_start": "2017-04-30T01:57:40",
  "crawl_end": "2017-04-30T02:04:14",
  "num_pages": 293,
  "total_html_size": 5698253,
  "servers": [
    "cloudflare-nginx",
    "appledoc (build)"
  ],
  "tags": [
    "webmention.io"
  ],
  "endpoints": {},
  "links_out": 7195,
  "links_in": 5233,
  "links": {
    "geoloqi.com": {
      "out": {
        "other": 5280
      },
      "in": {
        "other": 4874
      },
      "score": 1
    },
    "esri.com": {
      "out": {
        "other": 548
      },
      "score": 0.725
    },
    "github.com": {
      "out": {
        "other": 360
      },
      "score": 0.682
    },
    "facebook.com/geoloqi": {
      "out": {
        "other": 274
      },
      "score": 0.654
    },
    "status.geoloqi.com": {
      "out": {
        "other": 274
      },
      "score": 0.654
    },
    "twitter.com/geoloqi": {
      "out": {
        "other": 276
      },
      "score": 0.654
    },
    "community.geoloqi.com": {
      "out": {
        "other": 2
      },
      "in": {
        "other": 196
      },
      "score": 0.549
    },
    "aaronparecki.com": {
      "in": {
        "bookmark-of": 10,
        "other": 139
      },
      "score": 0.525
    },
    "LQSession.html": {
      "out": {
        "other": 28
      },
      "score": 0.418
    },
    "developer.android.com": {
      "out": {
        "other": 26
      },
      "score": 0.409
    },
    "loqi.me": {
      "out": {
        "other": 20
      },
      "score": 0.382
    },
    "developers.arcgis.com": {
      "out": {
        "other": 16
      },
      "score": 0.360
    },
    "resources.arcgis.com": {
      "out": {
        "other": 6
      },
      "score": 0.257
    },
    "geocode.arcgis.com": {
      "out": {
        "other": 4
      },
      "score": 0.216
    },
    "documentcloud.github.com": {
      "out": {
        "other": 4
      },
      "score": 0.216
    },
    "www.readwriteweb.com": {
      "out": {
        "other": 4
      },
      "score": 0.216
    },
    "api.jquery.com": {
      "out": {
        "other": 4
      },
      "score": 0.216
    },
    "caseorganic.com": {
      "in": {
        "other": 7
      },
      "score": 0.202
    },
    "overview-summary.html": {
      "out": {
        "other": 3
      },
      "score": 0.185
    },
    "class-use": {
      "out": {
        "other": 2
      },
      "score": 0.144
    },
    "rubydoc.info": {
      "out": {
        "other": 2
      },
      "score": 0.144
    },
    "twitter.com/playmapattack": {
      "out": {
        "other": 2
      },
      "score": 0.144
    },
    "www.appcelerator.com": {
      "out": {
        "other": 2
      },
      "score": 0.144
    },
    "stackoverflow.com": {
      "out": {
        "other": 2
      },
      "score": 0.144
    },
    "appledoc.gentlebytes.com": {
      "out": {
        "other": 2
      },
      "score": 0.144
    },
    "code.google.com": {
      "out": {
        "other": 2
      },
      "score": 0.144
    },
    "developers.google.com": {
      "out": {
        "other": 2
      },
      "score": 0.144
    },
    "developer.37signals.com": {
      "out": {
        "other": 2
      },
      "score": 0.144
    },
    "docs.appcelerator.com": {
      "out": {
        "other": 2
      },
      "score": 0.144
    },
    "server.arcgisonline.com": {
      "out": {
        "other": 2
      },
      "score": 0.144
    },
    "api": {
      "out": {
        "other": 2
      },
      "score": 0.144
    },
    "twitter.com/aaronpk": {
      "out": {
        "other": 2
      },
      "score": 0.144
    },
    "rubygems.org": {
      "out": {
        "other": 2
      },
      "score": 0.144
    },
    "twitter.com/Wraithan": {
      "out": {
        "other": 2
      },
      "score": 0.144
    },
    "developer.apple.com": {
      "out": {
        "other": 2
      },
      "score": 0.144
    },
    "package-tree.html": {
      "out": {
        "other": 2
      },
      "score": 0.144
    },
    "raw.github.com": {
      "out": {
        "other": 2
      },
      "score": 0.144
    },
    "source.android.com": {
      "out": {
        "other": 2
      },
      "score": 0.144
    },
    "pypi.python.org": {
      "out": {
        "other": 2
      },
      "score": 0.144
    },
    "readthedocs.org": {
      "out": {
        "other": 2
      },
      "score": 0.144
    },
    "webchat.freenode.net": {
      "out": {
        "other": 2
      },
      "score": 0.144
    },
    "en.wikipedia.org": {
      "out": {
        "other": 2
      },
      "score": 0.144
    },
    "freenode.net": {
      "out": {
        "other": 2
      },
      "score": 0.144
    },
    "wiki.appcelerator.org": {
      "out": {
        "other": 2
      },
      "score": 0.144
    },
    "developer-site-edit.geoloqi.com": {
      "out": {
        "other": 2
      },
      "score": 0.144
    },
    "mapattack.org": {
      "out": {
        "other": 2
      },
      "score": 0.144
    },
    "www.cloudflare.com": {
      "out": {
        "other": 2
      },
      "score": 0.144
    },
    "twitter.com/kyledrake": {
      "out": {
        "other": 2
      },
      "score": 0.144
    },
    "www.infochimps.com": {
      "out": {
        "other": 2
      },
      "score": 0.144
    },
    "www.sqoot.com": {
      "out": {
        "other": 2
      },
      "score": 0.144
    },
    "package-summary.html": {
      "out": {
        "other": 2
      },
      "score": 0.144
    },
    "twitter.com/patrickarlt": {
      "out": {
        "other": 2
      },
      "score": 0.144
    },
    "indieweb.org": {
      "in": {
        "other": 4
      },
      "score": 0.144
    },
    "chat.indieweb.org": {
      "in": {
        "other": 2
      },
      "score": 0.0718
    },
    "2012.aaronparecki.com": {
      "in": {
        "other": 1
      },
      "score": 0
    }
  }
}