{
  "domain": "dgst101.preservingtheelements.com",
  "urls": [
    "http://dgst101.preservingtheelements.com/"
  ],
  "names": [
    "Index of /"
  ],
  "descriptions": [],
  "pictures": [],
  "hcard": {},
  "rel_mes": [],
  "crawl_start": "2017-04-28T05:20:25",
  "crawl_end": "2017-04-28T05:20:25",
  "num_pages": 1,
  "total_html_size": 203,
  "servers": [
    "Apache"
  ],
  "tags": [
    "bridgy"
  ],
  "endpoints": {},
  "links_out": 1,
  "links_in": 0,
  "links": {
    "cgi-bin": {
      "out": {
        "other": 1
      },
      "score": 1
    }
  }
}