{
  "domain": "dhornbein.com",
  "urls": [
    "http://dhornbein.com/"
  ],
  "names": [
    "Drew Hornbein"
  ],
  "descriptions": [],
  "pictures": [
    "http://dhornbein.com/favicon.ico"
  ],
  "hcard": {},
  "rel_mes": [
    "https://twitter.com/hornbein",
    "https://github.com/dhornbein",
    "https://www.linkedin.com/in/drewdh/",
    "https://plus.google.com/+DrewHappy",
    "sms:+17732703739",
    "http://dhornbein.com/cdn-cgi/l/email-protection#84ece1e8e8ebc4e0ecebf6eae6e1edeaaae7ebe9"
  ],
  "crawl_start": "2017-06-09T17:37:54",
  "crawl_end": "2017-06-09T17:37:55",
  "num_pages": 3,
  "total_html_size": 25428,
  "servers": [
    "cloudflare-nginx"
  ],
  "tags": [
    "relme"
  ],
  "endpoints": {},
  "links_out": 23,
  "links_in": 5,
  "links": {
    "www.linkedin.com": {
      "out": {
        "other": 2
      },
      "score": 1
    },
    "index.html": {
      "out": {
        "other": 2
      },
      "score": 1
    },
    "www.omnipacs.com": {
      "out": {
        "other": 2
      },
      "score": 1
    },
    "www.studioala.net": {
      "out": {
        "other": 2
      },
      "score": 1
    },
    "github.com": {
      "out": {
        "other": 2
      },
      "score": 1
    },
    "www.JarredAlterman.com": {
      "out": {
        "other": 2
      },
      "score": 1
    },
    "twitter.com/hornbein": {
      "out": {
        "other": 2
      },
      "score": 1
    },
    "plus.google.com/+DrewHappy": {
      "out": {
        "other": 2
      },
      "score": 1
    },
    "sms": {
      "out": {
        "other": 2
      },
      "score": 1
    },
    "indieweb.org": {
      "in": {
        "other": 4
      },
      "score": 1
    },
    "www.kernandlead.com": {
      "out": {
        "other": 2
      },
      "score": 1
    },
    "cookies2dream4.com": {
      "out": {
        "other": 2
      },
      "score": 1
    },
    "www.cloudflare.com": {
      "out": {
        "other": 1
      },
      "score": 0.499
    },
    "chat.indieweb.org": {
      "in": {
        "other": 1
      },
      "score": 0
    }
  }
}