{
  "domain": "dickhardt.org",
  "urls": [
    "http://dickhardt.org/"
  ],
  "names": [
    "Dick Hardt dot org: Digital identity is becoming reality."
  ],
  "descriptions": [
    "Digital identity is becoming reality."
  ],
  "pictures": [],
  "hcard": {},
  "rel_mes": [
    "https://about.me/DickHardt",
    "http://www.twitter.com/DickHardt",
    "http://www.linkedin.com/in/dickhardt",
    "https://about.me/DickHardt/#!/service/speakerfile",
    "https://github.com/dickhardt",
    "http://dickhardt.org/index.html",
    "http://www.facebook.com/dickhardt",
    "http://plus.google.com/117051252578659581892/",
    "http://www.foursquare.com/user/144834"
  ],
  "crawl_start": "2017-06-09T17:37:55",
  "crawl_end": "2017-06-09T17:38:14",
  "num_pages": 24,
  "total_html_size": 660875,
  "servers": [
    "AmazonS3",
    "WordPress"
  ],
  "mf2_classes": [
    "h-feed",
    "h-card",
    "h-entry"
  ],
  "tags": [
    "relme",
    "WordPress"
  ],
  "endpoints": {},
  "links_out": 611,
  "links_in": 0,
  "links": {
    "comment-page-1": {
      "out": {
        "other": 105
      },
      "score": 1
    },
    "about.me": {
      "out": {
        "other": 72
      },
      "score": 0.929
    },
    "comment-page-6": {
      "out": {
        "other": 55
      },
      "score": 0.879
    },
    "index.html": {
      "out": {
        "other": 35
      },
      "score": 0.794
    },
    "twitter.com/DickHardt": {
      "out": {
        "other": 25
      },
      "score": 0.731
    },
    "github.com": {
      "out": {
        "other": 24
      },
      "score": 0.723
    },
    "www.foursquare.com": {
      "out": {
        "other": 24
      },
      "score": 0.723
    },
    "facebook.com/dickhardt": {
      "out": {
        "other": 24
      },
      "score": 0.723
    },
    "plus.google.com/117051252578659581892": {
      "out": {
        "other": 24
      },
      "score": 0.723
    },
    "www.linkedin.com": {
      "out": {
        "other": 24
      },
      "score": 0.723
    },
    "comment-page-2": {
      "out": {
        "other": 22
      },
      "score": 0.707
    },
    "category": {
      "out": {
        "other": 18
      },
      "score": 0.669
    },
    "comment-page-9": {
      "out": {
        "other": 18
      },
      "score": 0.669
    },
    "2011": {
      "out": {
        "other": 12
      },
      "score": 0.594
    },
    "01": {
      "out": {
        "other": 8
      },
      "score": 0.518
    },
    "author": {
      "out": {
        "other": 8
      },
      "score": 0.518
    },
    "en.wikipedia.org": {
      "out": {
        "other": 7
      },
      "score": 0.493
    },
    "2010": {
      "out": {
        "other": 6
      },
      "score": 0.464
    },
    "2012": {
      "out": {
        "other": 6
      },
      "score": 0.464
    },
    "lists.openid.net": {
      "out": {
        "other": 6
      },
      "score": 0.464
    },
    "www.rfc-editor.org": {
      "out": {
        "other": 6
      },
      "score": 0.464
    },
    "page": {
      "out": {
        "other": 4
      },
      "score": 0.389
    },
    "openid.net": {
      "out": {
        "other": 3
      },
      "score": 0.335
    },
    "oauth.net": {
      "out": {
        "other": 3
      },
      "score": 0.335
    },
    "putting-sxipper-down": {
      "out": {
        "other": 3
      },
      "score": 0.335
    },
    "vitamins-painkillers-and-viagra": {
      "out": {
        "other": 3
      },
      "score": 0.335
    },
    "www.crunchbase.com": {
      "out": {
        "other": 3
      },
      "score": 0.335
    },
    "browserid.org": {
      "out": {
        "other": 3
      },
      "score": 0.335
    },
    "self-issued.info": {
      "out": {
        "other": 3
      },
      "score": 0.335
    },
    "identity.mozilla.com": {
      "out": {
        "other": 3
      },
      "score": 0.335
    },
    "drupal.org": {
      "out": {
        "other": 3
      },
      "score": 0.335
    },
    "hueniverse.com": {
      "out": {
        "other": 3
      },
      "score": 0.335
    },
    "no-more-dick-at-microsoft": {
      "out": {
        "other": 3
      },
      "score": 0.335
    },
    "03": {
      "out": {
        "other": 3
      },
      "score": 0.335
    },
    "sxipper.com": {
      "out": {
        "other": 3
      },
      "score": 0.335
    },
    "twitter.com/Dick": {
      "out": {
        "other": 3
      },
      "score": 0.335
    },
    "iiw.idcommons.net": {
      "out": {
        "other": 2
      },
      "score": 0.260
    },
    "oauth-2-0": {
      "out": {
        "other": 2
      },
      "score": 0.260
    },
    "oidf-2010": {
      "out": {
        "other": 2
      },
      "score": 0.260
    },
    "10": {
      "out": {
        "other": 2
      },
      "score": 0.260
    },
    "12": {
      "out": {
        "other": 2
      },
      "score": 0.260
    },
    "a-new-identity": {
      "out": {
        "other": 2
      },
      "score": 0.260
    },
    "gmail.com": {
      "out": {
        "other": 2
      },
      "score": 0.260
    },
    "browserid": {
      "out": {
        "other": 2
      },
      "score": 0.260
    },
    "tools.ietf.org": {
      "out": {
        "other": 2
      },
      "score": 0.260
    },
    "07": {
      "out": {
        "other": 2
      },
      "score": 0.260
    },
    "comment-page-5": {
      "out": {
        "other": 2
      },
      "score": 0.260
    },
    "wp-content": {
      "out": {
        "other": 2
      },
      "score": 0.260
    },
    "groups.google.com": {
      "out": {
        "other": 2
      },
      "score": 0.260
    },
    "comment-page-8": {
      "out": {
        "other": 2
      },
      "score": 0.260
    },
    "comment-page-4": {
      "out": {
        "other": 1
      },
      "score": 0.130
    },
    "techcrunch.com": {
      "out": {
        "other": 1
      },
      "score": 0.130
    },
    "www.amazon.com": {
      "out": {
        "other": 1
      },
      "score": 0.130
    },
    "identity20.com": {
      "out": {
        "other": 1
      },
      "score": 0.130
    },
    "activestate.com": {
      "out": {
        "other": 1
      },
      "score": 0.130
    },
    "comment-page-7": {
      "out": {
        "other": 1
      },
      "score": 0.130
    },
    "blame.ca": {
      "out": {
        "other": 1
      },
      "score": 0.130
    },
    "www.google.com": {
      "out": {
        "other": 1
      },
      "score": 0.130
    }
  }
}