{
  "domain": "digisim.withknown.com",
  "urls": [
    "https://digisim.withknown.com/profile/digisim",
    "http://flippedacademic.co.uk"
  ],
  "names": [
    "Digisim",
    "A Flipped Academic"
  ],
  "descriptions": [
    "A Flipped Academic, Head of E-Learning at a UK HEI.",
    "The flipped academic is a personal blog of @digisim, an academic working in a UK HEI. This site covers the broad themes of e-learning, open education, flipped learning and online learning. Content on this site is openly licensed under a creative commons license."
  ],
  "pictures": [
    "https://digisim.withknown.com/file/f1afbbd17ea28a9029c9214ba1cf95f3/thumb.jpg"
  ],
  "hcard": {
    "properties": {
      "name": [
        "Digisim"
      ],
      "note": [
        {
          "html": "<div class=\"highlightedText\">\n<p>A Flipped Academic, Head of E-Learning at a UK HEI.</p>\n</div> ",
          "value": "\nA Flipped Academic, Head of E-Learning at a UK HEI.\n "
        }
      ],
      "photo": [
        "https://digisim.withknown.com/file/f1afbbd17ea28a9029c9214ba1cf95f3/thumb.jpg"
      ],
      "profile": [
        "Digisim"
      ],
      "url": [
        "https://digisim.withknown.com/profile/digisim",
        "https://digisim.withknown.com/profile/digisim",
        "http://flippedacademic.co.uk"
      ]
    },
    "type": [
      "h-card"
    ]
  },
  "rel_mes": [
    "https://digisim.withknown.com/flippedacademic.co.uk",
    "http://flippedacademic.co.uk"
  ],
  "crawl_start": "2017-04-28T05:20:27",
  "crawl_end": "2017-04-28T05:20:52",
  "num_pages": 28,
  "total_html_size": 536847,
  "servers": [
    "Apache",
    "Known"
  ],
  "mf2_classes": [
    "h-entry",
    "h-card"
  ],
  "tags": [
    "relme",
    "bridgy",
    "webmention",
    "websub",
    "Known"
  ],
  "endpoints": {
    "webmention": [
      "https://digisim.withknown.com/webmention/"
    ],
    "websub": [
      "http://withknown.superfeedr.com/"
    ]
  },
  "links_out": 50,
  "links_in": 0,
  "links": {
    "flippedacademic.co.uk": {
      "out": {
        "other": 20
      },
      "score": 1
    },
    "connectedcourses.net": {
      "out": {
        "other": 14
      },
      "score": 0.902
    },
    "precariously.withknown.com": {
      "out": {
        "other": 4
      },
      "score": 0.564
    },
    "twitter.com/laura_ritchie": {
      "out": {
        "other": 4
      },
      "score": 0.564
    },
    "twitter.com/Bali_Maha": {
      "out": {
        "other": 2
      },
      "score": 0.377
    },
    "dmlhub.net": {
      "out": {
        "other": 2
      },
      "score": 0.377
    },
    "twitter.com/digisim": {
      "out": {
        "other": 2
      },
      "score": 0.377
    },
    "worldliterate.com": {
      "out": {
        "other": 2
      },
      "score": 0.377
    }
  }
}