{
  "domain": "digitalbliss.uk.com",
  "urls": [
    "http://digitalbliss.uk.com/"
  ],
  "names": [
    "Digital Bliss - Home "
  ],
  "descriptions": [],
  "pictures": [
    "http://digitalbliss.uk.com/images/favicon.ico"
  ],
  "hcard": {},
  "rel_mes": [
    "https://twitter.com/digitalblissltd",
    "mailto:chris@digitalbliss.uk.com"
  ],
  "crawl_start": "2017-06-09T17:38:01",
  "crawl_end": "2017-06-09T17:39:04",
  "num_pages": 80,
  "total_html_size": 510536,
  "servers": [
    "Apache (Ubuntu)"
  ],
  "tags": [
    "relme"
  ],
  "endpoints": {},
  "links_out": 532,
  "links_in": 23,
  "links": {
    "blend.gr": {
      "out": {
        "other": 82
      },
      "score": 1
    },
    "www.linkedin.com": {
      "out": {
        "other": 80
      },
      "score": 0.996
    },
    "www.linode.com": {
      "out": {
        "other": 78
      },
      "score": 0.990
    },
    "ellislab.com": {
      "out": {
        "other": 78
      },
      "score": 0.990
    },
    "www.facebook.com": {
      "out": {
        "other": 68
      },
      "score": 0.963
    },
    "twitter.com/share": {
      "out": {
        "other": 68
      },
      "score": 0.963
    },
    "digitalbliss.gr": {
      "out": {
        "other": 11
      },
      "score": 0.606
    },
    "developer.mozilla.org": {
      "out": {
        "other": 8
      },
      "score": 0.543
    },
    "caniuse.com": {
      "out": {
        "other": 8
      },
      "score": 0.543
    },
    "css-tricks.com": {
      "out": {
        "other": 6
      },
      "score": 0.486
    },
    "indieweb.org": {
      "in": {
        "other": 12
      },
      "score": 0.486
    },
    "maban.co.uk": {
      "out": {
        "other": 4
      },
      "score": 0.408
    },
    "itunes.apple.com": {
      "out": {
        "other": 4
      },
      "score": 0.408
    },
    "github.com": {
      "out": {
        "other": 4
      },
      "score": 0.408
    },
    "alive.gr": {
      "out": {
        "other": 3
      },
      "score": 0.351
    },
    "mystrd.at": {
      "out": {
        "other": 3
      },
      "score": 0.351
    },
    "apofoitos.com": {
      "out": {
        "other": 3
      },
      "score": 0.351
    },
    "www.ab.gr": {
      "out": {
        "other": 2
      },
      "score": 0.273
    },
    "philipwalton.github.io": {
      "out": {
        "other": 2
      },
      "score": 0.273
    },
    "kinderbueno.gr": {
      "out": {
        "other": 2
      },
      "score": 0.273
    },
    "chat.indieweb.org": {
      "in": {
        "other": 4
      },
      "score": 0.273
    },
    "www.damigos-tours.gr": {
      "out": {
        "other": 2
      },
      "score": 0.273
    },
    "adolo.gr": {
      "out": {
        "other": 2
      },
      "score": 0.273
    },
    "velti.com": {
      "out": {
        "other": 2
      },
      "score": 0.273
    },
    "www.magic-bus.gr": {
      "out": {
        "other": 2
      },
      "score": 0.273
    },
    "www.bouranis.gr": {
      "out": {
        "other": 2
      },
      "score": 0.273
    },
    "www.zipcar.co.uk": {
      "out": {
        "other": 1
      },
      "score": 0.136
    },
    "www.ferrero.gr": {
      "out": {
        "other": 1
      },
      "score": 0.136
    },
    "www.elix.gr": {
      "out": {
        "other": 1
      },
      "score": 0.136
    },
    "www.gamesys.co.uk": {
      "out": {
        "other": 1
      },
      "score": 0.136
    },
    "www.ommadesign.gr": {
      "out": {
        "other": 1
      },
      "score": 0.136
    },
    "www.wearehive.co.uk": {
      "out": {
        "other": 1
      },
      "score": 0.136
    },
    "spindriftgroup.com": {
      "out": {
        "other": 1
      },
      "score": 0.136
    },
    "www.kevinmarks.com": {
      "in": {
        "other": 2
      },
      "score": 0.136
    },
    "twitter.com/digitalblissltd": {
      "out": {
        "other": 1
      },
      "score": 0.136
    },
    "adactio.com": {
      "in": {
        "other": 2
      },
      "score": 0.136
    },
    "www.kevin-marks.com": {
      "in": {
        "other": 2
      },
      "score": 0.136
    },
    "tantek.com": {
      "in": {
        "other": 1
      },
      "score": 0
    }
  }
}