{
  "domain": "dimitristzouris.org",
  "urls": [
    "http://www.dimitristzouris.org/"
  ],
  "names": [
    "Dimitris Tzouris"
  ],
  "descriptions": [
    "A blog about education, technology, learning networks and thriving in the connected world."
  ],
  "pictures": [
    "https://www.dropbox.com/s/ontqhv962tbyvym/profile_google.png",
    "http://www.dimitristzouris.org/favicon.ico",
    "https://4.bp.blogspot.com/-fl_9JUD1SY4/WMg_G8esQhI/AAAAAAADk5o/BhwuqjIx9Z0JlBWeSNWZmHwYJS4kzrCAgCLcB/w1200-h630-p-k-no-nu/1-97z1sXqWGwMshNqg_BNuMA.jpeg",
    "https://lh6.googleusercontent.com/_5O1KPKSJ4OD2n4gUV71R9KqeZLWrEwV9WgMAFSjmoEbje_K6Cc4BorNE8IInXWl1J78NGQlebEseDgxndThHRrRiNsLCEaf4XiFjWBpkKW16r7XKeS_93c-oMjT5Hws_djTga_O=w1200-h630-p-k-no-nu",
    "https://4.bp.blogspot.com/-3NjXkHYxe5M/Vyd-S_eP4pI/AAAAAAADJr8/b77JaOat7Y0-7310HVKpH-86BEcrXlo0ACK4B/w1200-h630-p-k-no-nu/boxofapps-edu.jpg",
    "http://1.bp.blogspot.com/-oeomkh3Qey0/Vp04oE3Nn0I/AAAAAAADA5Y/RlxyyNYu--k/w1200-h630-p-k-no-nu/headphones-690685_1280.jpg",
    "http://1.bp.blogspot.com/-SE7fb8oDY9Q/VgGQBJTH4cI/AAAAAAAC3zY/-FWkvo0AGlA/w1200-h630-p-k-no-nu/cover.jpg",
    "http://4.bp.blogspot.com/-fOnZudUIyyM/VZbDnT_F72I/AAAAAAACyzw/Tq12nLuQnTM/w1200-h630-p-k-no-nu/16795519910_8422a61765_k.jpg",
    "http://1.bp.blogspot.com/-c74aZBalAhw/VZZmlxYhidI/AAAAAAACyzM/P3ZeVdAVNv4/w1200-h630-p-k-no-nu/8514584950_1a2974d989_h.jpg",
    "http://3.bp.blogspot.com/-DXXmcLbLpmo/VTkqFrBZisI/AAAAAAACqUQ/Rdc2d-1FXfA/w1200-h630-p-k-no-nu/5037340040_4fb6f2d7e4_b.jpg",
    "http://2.bp.blogspot.com/-RIg8WUvdMhs/VQP4J32JeJI/AAAAAAACnHQ/a76YsIRhYSQ/w1200-h630-p-k-no-nu/IMG_20150313_164857.jpg",
    "http://1.bp.blogspot.com/-B1V9yXNYmfY/VOtViIDorYI/AAAAAAACldg/tgHnfjGxrqw/w1200-h630-p-k-no-nu/6899108973_69d7abb99e_b.jpg"
  ],
  "hcard": {},
  "rel_mes": [
    "https://twitter.com/dimitristzouris",
    "https://google.com/+DimitrisTzouris",
    "https://www.flickr.com/people/ant1/"
  ],
  "tags": [
    "relme"
  ],
  "endpoints": {},
  "crawl_start": "2017-06-11T14:47:00.288763",
  "crawl_end": "2017-06-11T14:47:00.288763",
  "links_out": 0,
  "links_in": 9,
  "links": {
    "brid.gy": {
      "in": {
        "other": 7
      },
      "score": 1
    },
    "known.kevinmarks.com": {
      "in": {
        "other": 2
      },
      "score": 0.355
    }
  }
}