{
  "domain": "dissociatedpress.net",
  "urls": [
    "http://dissociatedpress.net/"
  ],
  "names": [
    "Dissociated Press | This Isn't Normal"
  ],
  "descriptions": [],
  "pictures": [],
  "hcard": {},
  "rel_mes": [],
  "crawl_start": "2017-06-10T05:43:51",
  "crawl_end": "2017-06-10T05:46:03",
  "num_pages": 106,
  "total_html_size": 3826879,
  "servers": [
    "Apache (CentOS)",
    "WordPress"
  ],
  "mf2_classes": [
    "h-entry"
  ],
  "tags": [
    "generator",
    "WordPress"
  ],
  "endpoints": {
    "generator": [
      "http://wordpress.org/"
    ]
  },
  "links_out": 521,
  "links_in": 17,
  "links": {
    "wordpress.org": {
      "out": {
        "other": 106
      },
      "score": 1
    },
    "ryansommers.com": {
      "out": {
        "other": 106
      },
      "score": 1
    },
    "fedoramagazine.org": {
      "out": {
        "other": 19
      },
      "score": 0.679
    },
    "lanyrd.com": {
      "out": {
        "other": 19
      },
      "score": 0.679
    },
    "community.redhat.com": {
      "out": {
        "other": 19
      },
      "score": 0.679
    },
    "events.linuxfoundation.org": {
      "out": {
        "other": 13
      },
      "score": 0.608
    },
    "twitter.com/jzb": {
      "out": {
        "other": 13
      },
      "score": 0.608
    },
    "dl.fedoraproject.org": {
      "out": {
        "other": 12
      },
      "score": 0.593
    },
    "sched.co": {
      "out": {
        "other": 10
      },
      "score": 0.560
    },
    "www.eventbrite.com": {
      "out": {
        "other": 9
      },
      "score": 0.539
    },
    "projectatomic.io": {
      "out": {
        "other": 9
      },
      "score": 0.539
    },
    "drewdevault.com": {
      "out": {
        "other": 9
      },
      "score": 0.539
    },
    "www.usenix.org": {
      "out": {
        "other": 9
      },
      "score": 0.539
    },
    "upstream.jellycast.com": {
      "out": {
        "other": 8
      },
      "score": 0.517
    },
    "www.infranext.org": {
      "out": {
        "other": 8
      },
      "score": 0.517
    },
    "flic.kr": {
      "out": {
        "other": 7
      },
      "score": 0.493
    },
    "www.enigmail.net": {
      "out": {
        "other": 7
      },
      "score": 0.493
    },
    "www.if-not-true-then-false.com": {
      "out": {
        "other": 7
      },
      "score": 0.493
    },
    "ubuntuforums.org": {
      "out": {
        "other": 7
      },
      "score": 0.493
    },
    "tiamat.tsotech.com": {
      "out": {
        "other": 7
      },
      "score": 0.493
    },
    "communityblog.fedoraproject.org": {
      "out": {
        "other": 6
      },
      "score": 0.463
    },
    "redhat.com": {
      "out": {
        "other": 6
      },
      "score": 0.463
    },
    "lists.fedoraproject.org": {
      "out": {
        "other": 6
      },
      "score": 0.463
    },
    "penta.fosdem.org": {
      "out": {
        "other": 6
      },
      "score": 0.463
    },
    "www.slideshare.net": {
      "out": {
        "other": 6
      },
      "score": 0.463
    },
    "werd.io": {
      "in": {
        "other": 12
      },
      "score": 0.463
    },
    "whatever.scalzi.com": {
      "out": {
        "other": 5
      },
      "score": 0.429
    },
    "apachecon.com": {
      "out": {
        "other": 5
      },
      "score": 0.429
    },
    "www.regonline.com": {
      "out": {
        "other": 5
      },
      "score": 0.429
    },
    "jobs.redhat.com": {
      "out": {
        "other": 5
      },
      "score": 0.429
    },
    "wiki.centos.org": {
      "out": {
        "other": 5
      },
      "score": 0.429
    },
    "groups.google.com": {
      "out": {
        "other": 4
      },
      "score": 0.388
    },
    "cloudstackcollab.org": {
      "out": {
        "other": 4
      },
      "score": 0.388
    },
    "azure.microsoft.com": {
      "out": {
        "other": 4
      },
      "score": 0.388
    },
    "www.slackware.com": {
      "out": {
        "other": 4
      },
      "score": 0.388
    },
    "lessig.tumblr.com": {
      "out": {
        "other": 4
      },
      "score": 0.388
    },
    "ismail.badawi.io": {
      "out": {
        "other": 4
      },
      "score": 0.388
    },
    "twitter.com/volkerdi": {
      "out": {
        "other": 4
      },
      "score": 0.388
    },
    "usenix.cvent.com": {
      "out": {
        "other": 4
      },
      "score": 0.388
    },
    "superuser.com": {
      "out": {
        "other": 3
      },
      "score": 0.334
    },
    "markmail.org": {
      "out": {
        "other": 3
      },
      "score": 0.334
    },
    "linuxconcloudopenna2013.sched.org": {
      "out": {
        "other": 3
      },
      "score": 0.334
    },
    "Apache.org": {
      "out": {
        "other": 3
      },
      "score": 0.334
    },
    "mail-archives.apache.org": {
      "out": {
        "other": 3
      },
      "score": 0.334
    },
    "getfedora.org": {
      "out": {
        "other": 3
      },
      "score": 0.334
    },
    "glusterday-lcna.eventbrite.com": {
      "out": {
        "other": 3
      },
      "score": 0.334
    },
    "status.linode.com": {
      "out": {
        "other": 3
      },
      "score": 0.334
    },
    "maps.google.co.uk": {
      "out": {
        "other": 3
      },
      "score": 0.334
    },
    "www.meetup.com": {
      "out": {
        "other": 3
      },
      "score": 0.334
    },
    "indieweb.org": {
      "in": {
        "other": 4
      },
      "score": 0.259
    },
    "chat.indieweb.org": {
      "in": {
        "other": 1
      },
      "score": 0
    }
  }
}