{
  "domain": "djm.click",
  "urls": [
    "http://djm.click/"
  ],
  "names": [
    "David John Mead – Living and working on the web, with a British point of view"
  ],
  "descriptions": [],
  "pictures": [],
  "hcard": {},
  "rel_mes": [
    "http://davidjohnmead.com/blog/",
    "https://github.com/davidmead",
    "https://plus.google.com/109486665432406578271",
    "https://twitter.com/davidmead",
    "https://last.fm/user/DaveMead",
    "https://www.instagram.com/davidjohnmead",
    "https://www.flickr.com/people/davidmead",
    "http://www.foodspotting.com/reviews/6064025",
    "http://ixdacleveland.org/"
  ],
  "tags": [
    "relme"
  ],
  "endpoints": {},
  "crawl_start": "2017-05-21T00:23:21.573568",
  "crawl_end": "2017-05-21T00:23:21.573568",
  "links_out": 0,
  "links_in": 28,
  "links": {
    "davidjohnmead.com": {
      "in": {
        "other": 17
      },
      "score": 1
    },
    "chat.indieweb.org": {
      "in": {
        "other": 10
      },
      "score": 0.813
    },
    "aaronparecki.com": {
      "in": {
        "other": 1
      },
      "score": 0
    }
  }
}