{
  "domain": "djmadeira.com",
  "urls": [
    "http://djmadeira.com/"
  ],
  "names": [
    "DJ Madeira's Blog"
  ],
  "descriptions": [
    "Just another Jekyll site\n"
  ],
  "pictures": [],
  "hcard": {},
  "rel_mes": [],
  "crawl_start": "2017-04-28T05:21:46",
  "crawl_end": "2017-04-28T05:21:48",
  "num_pages": 2,
  "total_html_size": 22690,
  "servers": [
    "Apache"
  ],
  "tags": [
    "bridgy"
  ],
  "endpoints": {},
  "links_out": 6,
  "links_in": 0,
  "links": {
    "github.com": {
      "out": {
        "other": 2
      },
      "score": 1
    },
    "mailto": {
      "out": {
        "other": 2
      },
      "score": 1
    },
    "twitter.com/dj_madeira": {
      "out": {
        "other": 2
      },
      "score": 1
    }
  }
}