{
  "domain": "djones.eu",
  "urls": [
    "https://djones.eu/"
  ],
  "names": [
    "David Jones"
  ],
  "descriptions": [],
  "pictures": [
    "https://djones.eu/favicon.png"
  ],
  "hcard": {},
  "rel_mes": [
    "https://twitter.com/kotoshenya",
    "https://github.com/kotoshenya",
    "https://soundcloud.com/kotoshenya",
    "https://keybase.io/djones",
    "mailto:david@djones.eu"
  ],
  "crawl_start": "2017-06-09T17:38:20",
  "crawl_end": "2017-06-09T17:38:20",
  "num_pages": 1,
  "total_html_size": 1537,
  "servers": [
    "Apache (Ubuntu)"
  ],
  "tags": [
    "relme"
  ],
  "endpoints": {},
  "links_out": 4,
  "links_in": 10,
  "links": {
    "loadaverage.org": {
      "in": {
        "other": 10
      },
      "score": 1
    },
    "keybase.io": {
      "out": {
        "other": 1
      },
      "score": 0.301
    },
    "soundcloud.com": {
      "out": {
        "other": 1
      },
      "score": 0.301
    },
    "github.com": {
      "out": {
        "other": 1
      },
      "score": 0.301
    },
    "twitter.com/kotoshenya": {
      "out": {
        "other": 1
      },
      "score": 0.301
    }
  }
}