{
  "domain": "dmitri.shuralyov.com",
  "urls": [
    "http://dmitri.shuralyov.com/"
  ],
  "names": [
    "Dmitri Shuralyov"
  ],
  "descriptions": [],
  "pictures": [
    "https://dmitri.shuralyov.com/icon.png"
  ],
  "hcard": {},
  "rel_mes": [],
  "crawl_start": "2017-06-09T17:38:23",
  "crawl_end": "2017-06-09T17:39:45",
  "num_pages": 130,
  "total_html_size": 2627452,
  "servers": [],
  "tags": [],
  "endpoints": {},
  "links_out": 2325,
  "links_in": 35,
  "links": {
    "golang.org": {
      "out": {
        "other": 1193
      },
      "score": 1
    },
    "javascript": {
      "out": {
        "other": 371
      },
      "score": 0.850
    },
    "github.com": {
      "out": {
        "other": 294
      },
      "score": 0.820
    },
    "godoc.org": {
      "out": {
        "other": 112
      },
      "score": 0.695
    },
    "example.com": {
      "out": {
        "other": 70
      },
      "score": 0.635
    },
    "tools.ietf.org": {
      "out": {
        "other": 40
      },
      "score": 0.563
    },
    "www.google.com": {
      "out": {
        "other": 10
      },
      "score": 0.386
    },
    "127.0.0.1": {
      "out": {
        "other": 10
      },
      "score": 0.386
    },
    "mimesniff.spec.whatwg.org": {
      "out": {
        "other": 10
      },
      "score": 0.386
    },
    "indieweb.org": {
      "in": {
        "other": 13
      },
      "score": 0.329
    },
    "images": {
      "out": {
        "other": 6
      },
      "score": 0.319
    },
    "twitter.com/shurcooL": {
      "out": {
        "other": 6
      },
      "score": 0.319
    },
    "gmail.com": {
      "out": {
        "other": 4
      },
      "score": 0.267
    },
    "gocode": {
      "out": {
        "other": 4
      },
      "score": 0.267
    },
    "honnef.co": {
      "out": {
        "other": 4
      },
      "score": 0.267
    },
    "chat.indieweb.org": {
      "in": {
        "other": 6
      },
      "score": 0.230
    },
    "aaronparecki.com": {
      "in": {
        "other": 6
      },
      "score": 0.230
    },
    "gotools.org": {
      "out": {
        "other": 2
      },
      "score": 0.179
    },
    "Info.plist": {
      "out": {
        "other": 2
      },
      "score": 0.179
    },
    "MacOS": {
      "out": {
        "other": 2
      },
      "score": 0.179
    },
    "www.kevin-marks.com": {
      "in": {
        "other": 4
      },
      "score": 0.179
    },
    "downloads": {
      "out": {
        "other": 2
      },
      "score": 0.179
    },
    "Live%20Function.png": {
      "out": {
        "other": 2
      },
      "score": 0.179
    },
    "Font2048.tga": {
      "out": {
        "other": 2
      },
      "score": 0.179
    },
    "Contents": {
      "out": {
        "other": 2
      },
      "score": 0.179
    },
    "Resources": {
      "out": {
        "other": 2
      },
      "score": 0.179
    },
    "videos": {
      "out": {
        "other": 2
      },
      "score": 0.179
    },
    "Background.tga": {
      "out": {
        "other": 2
      },
      "score": 0.179
    },
    "www.gopherjs.org": {
      "out": {
        "other": 2
      },
      "score": 0.179
    },
    "bin": {
      "out": {
        "other": 2
      },
      "score": 0.179
    },
    "vimeo.com": {
      "out": {
        "other": 2
      },
      "score": 0.179
    },
    "PkgInfo": {
      "out": {
        "other": 2
      },
      "score": 0.179
    },
    "InstantBackgroundUploader2.png": {
      "out": {
        "other": 2
      },
      "score": 0.179
    },
    "data": {
      "out": {
        "other": 2
      },
      "score": 0.179
    },
    "Conception.icns": {
      "out": {
        "other": 2
      },
      "score": 0.179
    },
    "Hover-Demo": {
      "out": {
        "other": 2
      },
      "score": 0.179
    },
    "LICENSE": {
      "out": {
        "other": 2
      },
      "score": 0.179
    },
    "MotionBlurDemo.html": {
      "out": {
        "other": 2
      },
      "score": 0.179
    },
    "InstantBackgroundUploader1.png": {
      "out": {
        "other": 2
      },
      "score": 0.179
    },
    "www.kevinmarks.com": {
      "in": {
        "other": 4
      },
      "score": 0.179
    },
    "Conception": {
      "out": {
        "other": 2
      },
      "score": 0.179
    },
    "brid.gy": {
      "in": {
        "other": 2
      },
      "score": 0.0891
    },
    "2013-02-14%202217%20First%20Connection%20between%20Widgets.png": {
      "out": {
        "other": 1
      },
      "score": 0.0891
    },
    "eX0-go-client": {
      "out": {
        "other": 1
      },
      "score": 0.0891
    },
    "gxui-tree": {
      "out": {
        "other": 1
      },
      "score": 0.0891
    },
    "tidwall.github.io": {
      "out": {
        "other": 1
      },
      "score": 0.0891
    },
    "touch-ws.html": {
      "out": {
        "other": 1
      },
      "score": 0.0891
    },
    "Screen%20Shot%202012-10-17%20at%201.43.55%20PM.png": {
      "out": {
        "other": 1
      },
      "score": 0.0891
    },
    "live-markdownfmt": {
      "out": {
        "other": 1
      },
      "score": 0.0891
    },
    "tictactoe": {
      "out": {
        "other": 1
      },
      "score": 0.0891
    },
    "www.thedotpost.com": {
      "out": {
        "other": 1
      },
      "score": 0.0891
    },
    "Go": {
      "out": {
        "other": 1
      },
      "score": 0.0891
    },
    "eX0%20Client.zip": {
      "out": {
        "other": 1
      },
      "score": 0.0891
    },
    "live-markdownfmt.html": {
      "out": {
        "other": 1
      },
      "score": 0.0891
    },
    "GenProgram.go": {
      "out": {
        "other": 1
      },
      "score": 0.0891
    },
    "MotionBlurDemo.png": {
      "out": {
        "other": 1
      },
      "score": 0.0891
    },
    "gists%20PrintPackageSummariesInDir.png": {
      "out": {
        "other": 1
      },
      "score": 0.0891
    },
    "2013-03-03_0113%20Inline%20Errors.png": {
      "out": {
        "other": 1
      },
      "score": 0.0891
    },
    "Conception-Go-In-place-Errors.png": {
      "out": {
        "other": 1
      },
      "score": 0.0891
    },
    "FolderListingWidget.png": {
      "out": {
        "other": 1
      },
      "score": 0.0891
    },
    "List%201.png": {
      "out": {
        "other": 1
      },
      "score": 0.0891
    },
    "quake3quad.mp3": {
      "out": {
        "other": 1
      },
      "score": 0.0891
    },
    "shuryear-clock": {
      "out": {
        "other": 1
      },
      "score": 0.0891
    },
    "2013-03-20_2356%20First%20Gist%20Created%20&%20Cloned%20from%20Conception.png": {
      "out": {
        "other": 1
      },
      "score": 0.0891
    },
    "Go%20Live%20Editor%201.png": {
      "out": {
        "other": 1
      },
      "score": 0.0891
    },
    "eX0-Slowmo.html": {
      "out": {
        "other": 1
      },
      "score": 0.0891
    },
    "minor-milestones": {
      "out": {
        "other": 1
      },
      "score": 0.0891
    },
    "Conception.app": {
      "out": {
        "other": 1
      },
      "score": 0.0891
    },
    "Autocompletions%201.png": {
      "out": {
        "other": 1
      },
      "score": 0.0891
    },
    "markdownfmt.go": {
      "out": {
        "other": 1
      },
      "score": 0.0891
    },
    "InstantBackgroundUploader_Windows": {
      "out": {
        "other": 1
      },
      "score": 0.0891
    },
    "Live%20Function%20Debugging.png": {
      "out": {
        "other": 1
      },
      "score": 0.0891
    },
    "Unused%20Resources": {
      "out": {
        "other": 1
      },
      "score": 0.0891
    },
    "Conception%20%28Go%29.zip": {
      "out": {
        "other": 1
      },
      "score": 0.0891
    },
    "Pointer%20Mapping%20in%20Conception%202.mov": {
      "out": {
        "other": 1
      },
      "score": 0.0891
    },
    "Video%20Demo.png": {
      "out": {
        "other": 1
      },
      "score": 0.0891
    },
    "2013-03-22_0128%20Working%20with%20spew,%20a%20larger%20code%20base.png": {
      "out": {
        "other": 1
      },
      "score": 0.0891
    },
    "AST-at-caret.png": {
      "out": {
        "other": 1
      },
      "score": 0.0891
    },
    "Basic-Widgets.png": {
      "out": {
        "other": 1
      },
      "score": 0.0891
    },
    "old-manual-JavaScript-version": {
      "out": {
        "other": 1
      },
      "score": 0.0891
    },
    "twitter.com/davecheney": {
      "out": {
        "other": 1
      },
      "score": 0.0891
    },
    "History": {
      "out": {
        "other": 1
      },
      "score": 0.0891
    },
    "MotionBlurDemo": {
      "out": {
        "other": 1
      },
      "score": 0.0891
    },
    "go-printer.js": {
      "out": {
        "other": 1
      },
      "score": 0.0891
    },
    "In-place%20Function%20Edit.png": {
      "out": {
        "other": 1
      },
      "score": 0.0891
    },
    "Sketches": {
      "out": {
        "other": 1
      },
      "score": 0.0891
    },
    "go-printer.js.map": {
      "out": {
        "other": 1
      },
      "score": 0.0891
    },
    "Thoughts.txt": {
      "out": {
        "other": 1
      },
      "score": 0.0891
    },
    "live-go-printer": {
      "out": {
        "other": 1
      },
      "score": 0.0891
    },
    "eX0-Slowmo.mov": {
      "out": {
        "other": 1
      },
      "score": 0.0891
    },
    "live-markdown.js.map": {
      "out": {
        "other": 1
      },
      "score": 0.0891
    },
    "webgl-utils.js": {
      "out": {
        "other": 1
      },
      "score": 0.0891
    },
    "2012-12-28_1652.png": {
      "out": {
        "other": 1
      },
      "score": 0.0891
    },
    "CarSim.swf": {
      "out": {
        "other": 1
      },
      "score": 0.0891
    },
    "Slide": {
      "out": {
        "other": 1
      },
      "score": 0.0891
    },
    "mockups": {
      "out": {
        "other": 1
      },
      "score": 0.0891
    },
    "touch": {
      "out": {
        "other": 1
      },
      "score": 0.0891
    },
    "2012-05-23%20Conception%20Before%20Permanent%20Per-Widget%20GestureRecognizers.zip": {
      "out": {
        "other": 1
      },
      "score": 0.0891
    },
    "2012-07-02%20Conception.zip": {
      "out": {
        "other": 1
      },
      "score": 0.0891
    },
    "CarSim.png": {
      "out": {
        "other": 1
      },
      "score": 0.0891
    },
    "WebGL_files": {
      "out": {
        "other": 1
      },
      "score": 0.0891
    },
    "eX0%20Parts.png": {
      "out": {
        "other": 1
      },
      "score": 0.0891
    },
    "events": {
      "out": {
        "other": 1
      },
      "score": 0.0891
    },
    "markdownfmt.js": {
      "out": {
        "other": 1
      },
      "score": 0.0891
    },
    "2012-06-21%20Conception.zip": {
      "out": {
        "other": 1
      },
      "score": 0.0891
    },
    "2013-04-03_2242%20Display%20currently%20available%20shortcuts.png": {
      "out": {
        "other": 1
      },
      "score": 0.0891
    },
    "Run-time%20Reflection.png": {
      "out": {
        "other": 1
      },
      "score": 0.0891
    },
    "2012-06-15%20Conception.zip": {
      "out": {
        "other": 1
      },
      "score": 0.0891
    },
    "2013-03-05_2016%20Git%20Gutter%20Quick%20Prototype.png": {
      "out": {
        "other": 1
      },
      "score": 0.0891
    },
    "Hover": {
      "out": {
        "other": 1
      },
      "score": 0.0891
    },
    "Hover%20distance%20field.mov": {
      "out": {
        "other": 1
      },
      "score": 0.0891
    },
    "Live-gofmt-with-rewrite-rule.png": {
      "out": {
        "other": 1
      },
      "score": 0.0891
    },
    "RefreshRateMultitool": {
      "out": {
        "other": 1
      },
      "score": 0.0891
    },
    "markdown.go": {
      "out": {
        "other": 1
      },
      "score": 0.0891
    },
    "Conception%20on%20Linux.png": {
      "out": {
        "other": 1
      },
      "score": 0.0891
    },
    "Conception-in-Go.png": {
      "out": {
        "other": 1
      },
      "score": 0.0891
    },
    "early-2015-overview.png": {
      "out": {
        "other": 1
      },
      "score": 0.0891
    },
    "twitter.com/davidcrawshaw": {
      "out": {
        "other": 1
      },
      "score": 0.0891
    },
    "2012-05-07%20Conception%20Second%20InputHandling%20Redesign,%20before%20third.zip": {
      "out": {
        "other": 1
      },
      "score": 0.0891
    },
    "InstantBackgroundUploader_OS-X.zip": {
      "out": {
        "other": 1
      },
      "score": 0.0891
    },
    "Slide_2.gif": {
      "out": {
        "other": 1
      },
      "score": 0.0891
    },
    "WIP-Go-Struct-Inspector.png": {
      "out": {
        "other": 1
      },
      "score": 0.0891
    },
    "eX0": {
      "out": {
        "other": 1
      },
      "score": 0.0891
    },
    "live-go-printer.html": {
      "out": {
        "other": 1
      },
      "score": 0.0891
    },
    "mmcgrana.github.io": {
      "out": {
        "other": 1
      },
      "score": 0.0891
    },
    "Screen%20Shot%202015-08-20%20at%207.25.11%20PM.png": {
      "out": {
        "other": 1
      },
      "score": 0.0891
    },
    "eX0-Gameplay-with-Sounds.mov": {
      "out": {
        "other": 1
      },
      "score": 0.0891
    },
    "page2": {
      "out": {
        "other": 1
      },
      "score": 0.0891
    },
    "CarSim": {
      "out": {
        "other": 1
      },
      "score": 0.0891
    },
    "Two%20Programs.png": {
      "out": {
        "other": 1
      },
      "score": 0.0891
    },
    "in-place-errors-improved.png": {
      "out": {
        "other": 1
      },
      "score": 0.0891
    },
    "motionblur.js": {
      "out": {
        "other": 1
      },
      "score": 0.0891
    },
    "2013-03-11_1657%20GitStatus%20and%20GitDiff%20Widgets.png": {
      "out": {
        "other": 1
      },
      "score": 0.0891
    },
    "Cannot%20Distribute": {
      "out": {
        "other": 1
      },
      "score": 0.0891
    },
    "2013-02-19%202144%20Diff%20and%20Connections.png": {
      "out": {
        "other": 1
      },
      "score": 0.0891
    },
    "Screen%20Shot%202015-08-20%20at%207.24.49%20PM.png": {
      "out": {
        "other": 1
      },
      "score": 0.0891
    },
    "MSc-Thesis.pdf": {
      "out": {
        "other": 1
      },
      "score": 0.0891
    },
    "hitsound.wav": {
      "out": {
        "other": 1
      },
      "score": 0.0891
    },
    "live-markdown": {
      "out": {
        "other": 1
      },
      "score": 0.0891
    },
    "live-markdown.html": {
      "out": {
        "other": 1
      },
      "score": 0.0891
    },
    "2013-02-26_1626.png": {
      "out": {
        "other": 1
      },
      "score": 0.0891
    },
    "RefreshRateMultitool.gif": {
      "out": {
        "other": 1
      },
      "score": 0.0891
    },
    "2X.png": {
      "out": {
        "other": 1
      },
      "score": 0.0891
    },
    "Slide_1.gif": {
      "out": {
        "other": 1
      },
      "score": 0.0891
    },
    "2013-02-24%201302%20Second-order%20Diff.png": {
      "out": {
        "other": 1
      },
      "score": 0.0891
    },
    "2013-03-16_2331%20Live%20editing%20with%20connected%20dependencies%20test.png": {
      "out": {
        "other": 1
      },
      "score": 0.0891
    },
    "LiveCodeWidget.gif": {
      "out": {
        "other": 1
      },
      "score": 0.0891
    },
    "Strings%20with%20Concepts%201.png": {
      "out": {
        "other": 1
      },
      "score": 0.0891
    },
    "github-flavored-markdown.css": {
      "out": {
        "other": 1
      },
      "score": 0.0891
    },
    "go-printer.go": {
      "out": {
        "other": 1
      },
      "score": 0.0891
    },
    "markdownfmt.js.map": {
      "out": {
        "other": 1
      },
      "score": 0.0891
    },
    "2013-02-08%201756%20Live%20Filesystem%20Access%20Beginning.png": {
      "out": {
        "other": 1
      },
      "score": 0.0891
    },
    "button.mov": {
      "out": {
        "other": 1
      },
      "score": 0.0891
    },
    "2013-02-27_1926%20TDD%20Workflow.png": {
      "out": {
        "other": 1
      },
      "score": 0.0891
    },
    "Conception-Go-Types.png": {
      "out": {
        "other": 1
      },
      "score": 0.0891
    },
    "Scrolling%20Motion%20Blur%201.png": {
      "out": {
        "other": 1
      },
      "score": 0.0891
    },
    "bash,%20curl,%20perl,%20Markdown.png": {
      "out": {
        "other": 1
      },
      "score": 0.0891
    },
    "2013-03-29_0134%20High%20level%20highlighting%20for%20zoomed%20out%20view.png": {
      "out": {
        "other": 1
      },
      "score": 0.0891
    },
    "2013-04-02_1406%20Godoc%20Widget.png": {
      "out": {
        "other": 1
      },
      "score": 0.0891
    },
    "InstantBackgroundUploader2b.png": {
      "out": {
        "other": 1
      },
      "score": 0.0891
    },
    "glMatrix-0.9.5.min.js": {
      "out": {
        "other": 1
      },
      "score": 0.0891
    },
    "ivy": {
      "out": {
        "other": 1
      },
      "score": 0.0891
    },
    "hash-emoji": {
      "out": {
        "other": 1
      },
      "score": 0.0891
    },
    "www.youtube.com": {
      "out": {
        "other": 1
      },
      "score": 0.0891
    },
    "2013-02-26_1637.png": {
      "out": {
        "other": 1
      },
      "score": 0.0891
    },
    "LiveCodeWidget.mov": {
      "out": {
        "other": 1
      },
      "score": 0.0891
    },
    "Terrain-Demo": {
      "out": {
        "other": 1
      },
      "score": 0.0891
    },
    "gddo-with-select-list-view-demo": {
      "out": {
        "other": 1
      },
      "score": 0.0891
    },
    "meowni.ca": {
      "out": {
        "other": 1
      },
      "score": 0.0891
    },
    "live-markdown.js": {
      "out": {
        "other": 1
      },
      "score": 0.0891
    },
    "oracle-with-line-highlighting.png": {
      "out": {
        "other": 1
      },
      "score": 0.0891
    },
    "Go%20Live%20Editor%20%28Linux%29.zip": {
      "out": {
        "other": 1
      },
      "score": 0.0891
    },
    "scroll.html": {
      "out": {
        "other": 1
      },
      "score": 0.0891
    },
    "2012-04-26%20Conception%20With%20WM_TOUCH,%20before%20WM_POINTER.zip": {
      "out": {
        "other": 1
      },
      "score": 0.0891
    },
    "AST-explorer": {
      "out": {
        "other": 1
      },
      "score": 0.0891
    },
    "Screenshot.png": {
      "out": {
        "other": 1
      },
      "score": 0.0891
    },
    "twitter.com/GopherJS": {
      "out": {
        "other": 1
      },
      "score": 0.0891
    },
    "Screen%20Shot%202015-08-09%20at%202.22.19%20PM.png": {
      "out": {
        "other": 1
      },
      "score": 0.0891
    },
    "talks.golang.org": {
      "out": {
        "other": 1
      },
      "score": 0.0891
    },
    "touch.html": {
      "out": {
        "other": 1
      },
      "score": 0.0891
    },
    "CarSim.html": {
      "out": {
        "other": 1
      },
      "score": 0.0891
    },
    "InstantBackgroundUploader_OS-X": {
      "out": {
        "other": 1
      },
      "score": 0.0891
    },
    "git-diff-line-highlighting.png": {
      "out": {
        "other": 1
      },
      "score": 0.0891
    },
    "Developer.png": {
      "out": {
        "other": 1
      },
      "score": 0.0891
    },
    "Go%20Live%20Editor.app": {
      "out": {
        "other": 1
      },
      "score": 0.0891
    },
    "Achieved%20Goals.txt": {
      "out": {
        "other": 1
      },
      "score": 0.0891
    },
    "Reflection%20and%20OpenGL%20LOD%20Bias.mov": {
      "out": {
        "other": 1
      },
      "score": 0.0891
    },
    "glfw-events": {
      "out": {
        "other": 1
      },
      "score": 0.0891
    },
    "hash-emoji.go": {
      "out": {
        "other": 1
      },
      "score": 0.0891
    }
  }
}