{
  "domain": "dobrado.net",
  "urls": [
    "https://dobrado.net"
  ],
  "names": [
    "dobrado",
    "index - dobrado"
  ],
  "descriptions": [],
  "pictures": [],
  "hcard": {
    "properties": {
      "name": [
        "dobrado"
      ],
      "url": [
        "https://dobrado.net"
      ]
    },
    "type": [
      "h-card"
    ]
  },
  "rel_mes": [
    "https://twitter.com/dobradocms",
    "https://dobrado.net"
  ],
  "crawl_start": "2017-06-07T17:36:29",
  "crawl_end": "2017-06-07T17:36:43",
  "num_pages": 25,
  "total_html_size": 64258,
  "servers": [
    "Apache (Debian)"
  ],
  "mf2_classes": [
    "h-feed",
    "h-card",
    "h-entry"
  ],
  "tags": [
    "relme",
    "tool"
  ],
  "endpoints": {},
  "links_out": 22,
  "links_in": 114,
  "links": {
    "lettuceshare.org": {
      "in": {
        "other": 83
      },
      "score": 1
    },
    "unicyclic.com": {
      "in": {
        "other": 22
      },
      "out": {
        "other": 7
      },
      "score": 0.810
    },
    "indieweb.org": {
      "in": {
        "other": 8
      },
      "out": {
        "other": 4
      },
      "score": 0.627
    },
    "gitlab.com": {
      "out": {
        "other": 4
      },
      "score": 0.471
    },
    "micropub.rocks": {
      "out": {
        "other": 4
      },
      "score": 0.471
    },
    "twitter.com/dobradocms": {
      "out": {
        "other": 2
      },
      "score": 0.314
    },
    "github.com": {
      "out": {
        "other": 1
      },
      "score": 0.157
    },
    "unrelenting.technology": {
      "in": {
        "other": 1
      },
      "score": 0
    }
  }
}