{
  "domain": "documentation.superfeedr.com",
  "urls": [
    "https://documentation.superfeedr.com/index.html"
  ],
  "names": [
    " Introduction - Superfeedr Documentation ",
    "Superfeedr Documentation",
    "Introduction"
  ],
  "descriptions": [
    "Superfeedr's documentation outlines all its key features, and will show you how it can be seamlessly integrated into a wide range of infrastructures."
  ],
  "pictures": [
    "https://assets.superfeedr.com/assets/img/favicon.png"
  ],
  "hcard": {},
  "rel_mes": [],
  "crawl_start": "2017-06-09T05:39:05",
  "crawl_end": "2017-06-09T05:39:09",
  "num_pages": 6,
  "total_html_size": 134864,
  "servers": [
    "AmazonS3"
  ],
  "mf2_classes": [
    "h-entry"
  ],
  "tags": [
    "tool"
  ],
  "endpoints": {},
  "links_out": 129,
  "links_in": 49,
  "links": {
    "superfeedr.com": {
      "out": {
        "other": 73
      },
      "in": {
        "other": 12
      },
      "score": 1
    },
    "github.com": {
      "out": {
        "other": 15
      },
      "score": 0.672
    },
    "en.wikipedia.org": {
      "out": {
        "other": 10
      },
      "score": 0.593
    },
    "indieweb.org": {
      "in": {
        "other": 20
      },
      "score": 0.593
    },
    "twitter.com/superfeedr": {
      "out": {
        "other": 6
      },
      "score": 0.490
    },
    "chat.indieweb.org": {
      "in": {
        "other": 12
      },
      "score": 0.490
    },
    "pubsubhubbub.github.io": {
      "out": {
        "other": 5
      },
      "score": 0.455
    },
    "blog.superfeedr.com": {
      "in": {
        "other": 1
      },
      "out": {
        "other": 2
      },
      "score": 0.318
    },
    "goessner.net": {
      "out": {
        "other": 2
      },
      "score": 0.275
    },
    "tools.ietf.org": {
      "out": {
        "other": 2
      },
      "score": 0.275
    },
    "www.w3.org": {
      "out": {
        "other": 2
      },
      "score": 0.275
    },
    "www.rssboard.org": {
      "out": {
        "other": 2
      },
      "score": 0.275
    },
    "snarfed.org": {
      "in": {
        "other": 2
      },
      "score": 0.137
    },
    "activitystrea.ms": {
      "out": {
        "other": 1
      },
      "score": 0.137
    },
    "feedvalidator.flipboard.com": {
      "out": {
        "other": 1
      },
      "score": 0.137
    },
    "httpd.apache.org": {
      "out": {
        "other": 1
      },
      "score": 0.137
    },
    "waterpigs.co.uk": {
      "in": {
        "other": 2
      },
      "score": 0.137
    },
    "validator.w3.org": {
      "out": {
        "other": 1
      },
      "score": 0.137
    },
    "osync.org": {
      "out": {
        "other": 1
      },
      "score": 0.137
    },
    "push.superfeedr.com": {
      "out": {
        "other": 1
      },
      "score": 0.137
    },
    "w3c.github.io": {
      "out": {
        "other": 1
      },
      "score": 0.137
    },
    "feedvalidator.org": {
      "out": {
        "other": 1
      },
      "score": 0.137
    },
    "pubsubhubbub.superfeedr.com": {
      "out": {
        "other": 1
      },
      "score": 0.137
    },
    "subscribers.html": {
      "out": {
        "other": 1
      },
      "score": 0.137
    }
  }
}