{
  "domain": "dominic.grzbielok.de",
  "urls": [
    "http://dominic.grzbielok.de/"
  ],
  "names": [
    "Dominic Grzbielok – Über mich. Lebenslauf, Portfolio",
    "Dominic Grzbielok"
  ],
  "descriptions": [
    "Über mich. Lebenslauf, Portfolio"
  ],
  "pictures": [
    "https://s0.wp.com/i/blank.jpg"
  ],
  "hcard": {},
  "rel_mes": [],
  "crawl_start": "2017-05-21T05:02:56",
  "crawl_end": "2017-05-21T05:03:19",
  "num_pages": 12,
  "total_html_size": 199760,
  "servers": [
    "UD Webspace 3.0",
    "WordPress"
  ],
  "mf2_classes": [
    "h-feed",
    "h-entry",
    "h-card"
  ],
  "tags": [
    "webmention",
    "generator",
    "WordPress"
  ],
  "endpoints": {
    "webmention": [
      "http://dominic.grzbielok.de/wp-json/webmention/1.0/endpoint"
    ],
    "generator": [
      "http://wordpress.org/"
    ]
  },
  "links_out": 40,
  "links_in": 0,
  "links": {
    "www.gettyimages.com": {
      "out": {
        "other": 16
      },
      "score": 1
    },
    "wordpress.com": {
      "out": {
        "other": 12
      },
      "score": 0.916
    },
    "wordpress.org": {
      "out": {
        "other": 12
      },
      "score": 0.916
    }
  }
}