{
  "domain": "donaldmcintosh.net",
  "urls": [
    "http://donaldmcintosh.net/"
  ],
  "names": [
    "Donald McIntosh"
  ],
  "descriptions": [],
  "pictures": [],
  "hcard": {},
  "rel_mes": [
    "https://github.com/donaldbmcintosh",
    "https://twitter.com/donaldbmcintosh"
  ],
  "tags": [
    "relme"
  ],
  "endpoints": {},
  "crawl_start": "2017-06-11T14:47:22.867648",
  "crawl_end": "2017-06-11T14:47:22.867648",
  "links_out": 0,
  "links_in": 83,
  "links": {
    "www.donaldmcintosh.net": {
      "in": {
        "other": 67
      },
      "score": 1
    },
    "indieweb.org": {
      "in": {
        "other": 12
      },
      "score": 0.590
    },
    "chat.indieweb.org": {
      "in": {
        "other": 4
      },
      "score": 0.331
    }
  }
}