{
  "domain": "donmowry.com",
  "urls": [
    "http://blog.donmowry.com/"
  ],
  "names": [
    "Don Mowry"
  ],
  "descriptions": [
    "© Don Mowry"
  ],
  "pictures": [],
  "hcard": {},
  "rel_mes": [
    "https://twitter.com/donmowry"
  ],
  "tags": [
    "relme"
  ],
  "endpoints": {},
  "crawl_start": "2017-06-11T14:47:26.223250",
  "crawl_end": "2017-06-11T14:47:26.223250",
  "links_out": 0,
  "links_in": 8,
  "links": {
    "huffduffer.com": {
      "in": {
        "other": 8
      },
      "score": 1
    }
  }
}