{
  "domain": "donniewest.com",
  "urls": [
    "https://donniewest.com"
  ],
  "names": [
    "Un(Commit)ed"
  ],
  "descriptions": [],
  "pictures": [
    "https://donniewest.com/favicon-32x32.png",
    "https://donniewest.com/favicon-16x16.png",
    "https://donniewest.com/favicon.ico"
  ],
  "hcard": {},
  "rel_mes": [
    "https://twitter.com/_donniewest",
    "https://github.com/DonnieWest"
  ],
  "tags": [
    "relme",
    "webmention.io"
  ],
  "endpoints": {},
  "crawl_start": "2017-05-19T22:57:53.979627",
  "crawl_end": "2017-05-19T22:57:53.979627",
  "links_out": 0,
  "links_in": 0,
  "links": {}
}