{
  "domain": "donotmentionthewar.wordpress.com",
  "urls": [
    "https://donotmentionthewar.wordpress.com/"
  ],
  "names": [
    "Do not mention the war | And other no go areas in the Anglo-German relationships",
    "Do not mention the war"
  ],
  "descriptions": [
    "And other no go areas in the Anglo-German relationships"
  ],
  "pictures": [
    "https://s2.wp.com/i/favicon.ico",
    "https://s0.wp.com/i/blank.jpg"
  ],
  "hcard": {},
  "rel_mes": [
    "http://www.anoldinternational.co.uk"
  ],
  "crawl_start": "2017-04-28T05:22:32",
  "crawl_end": "2017-04-28T06:57:10",
  "num_pages": 907,
  "total_html_size": 54730050,
  "servers": [
    "nginx",
    "WordPress.com"
  ],
  "mf2_classes": [
    "h-card",
    "h-entry"
  ],
  "tags": [
    "relme",
    "bridgy",
    "webmention"
  ],
  "endpoints": {
    "webmention": [
      "https://www.brid.gy/webmention/wordpress"
    ]
  },
  "links_out": 29241,
  "links_in": 37,
  "links": {
    "en.wikipedia.org": {
      "out": {
        "other": 3468
      },
      "score": 1
    },
    "wordpress.com": {
      "out": {
        "other": 2717
      },
      "score": 0.972
    },
    "maps.google.com": {
      "out": {
        "other": 1983
      },
      "score": 0.937
    },
    "www.anoldinternational.co.uk": {
      "in": {
        "other": 12
      },
      "out": {
        "other": 944
      },
      "score": 0.853
    },
    "www.theeuropean-magazine.com": {
      "out": {
        "other": 904
      },
      "score": 0.847
    },
    "www.brid.gy": {
      "out": {
        "other": 904
      },
      "score": 0.847
    },
    "www.cesh-site.eu": {
      "out": {
        "other": 904
      },
      "score": 0.847
    },
    "www.ghil.ac.uk": {
      "out": {
        "other": 904
      },
      "score": 0.847
    },
    "www.adef-britishstudies.de": {
      "out": {
        "other": 904
      },
      "score": 0.847
    },
    "contextlink.blogspot.com": {
      "out": {
        "other": 904
      },
      "score": 0.847
    },
    "copy-shake-paste.blogspot.com": {
      "out": {
        "other": 904
      },
      "score": 0.847
    },
    "blog.paperc.com": {
      "out": {
        "other": 904
      },
      "score": 0.847
    },
    "angrysoutherneroopnorth.blogspot.fr": {
      "out": {
        "other": 904
      },
      "score": 0.847
    },
    "academicanonymous.wordpress.com": {
      "out": {
        "other": 904
      },
      "score": 0.847
    },
    "rock.madcynic.com": {
      "out": {
        "other": 904
      },
      "score": 0.847
    },
    "blogs.lse.ac.uk": {
      "out": {
        "other": 904
      },
      "score": 0.847
    },
    "www.thestilescouncil.com": {
      "out": {
        "other": 904
      },
      "score": 0.847
    },
    "www.gbz.hu-berlin.de": {
      "out": {
        "other": 904
      },
      "score": 0.847
    },
    "literaturverwaltung.wordpress.com": {
      "out": {
        "other": 904
      },
      "score": 0.847
    },
    "martinjohnes.wordpress.com": {
      "out": {
        "other": 904
      },
      "score": 0.847
    },
    "www.schwarzundweiss.co.uk": {
      "out": {
        "other": 904
      },
      "score": 0.847
    },
    "www.trautmann-foundation.org": {
      "out": {
        "other": 904
      },
      "score": 0.847
    },
    "javascript": {
      "out": {
        "other": 790
      },
      "score": 0.833
    },
    "donotmentionthewar.files.wordpress.com": {
      "out": {
        "other": 173
      },
      "score": 0.661
    },
    "gravatar.com": {
      "out": {
        "other": 162
      },
      "score": 0.653
    },
    "www.guardian.co.uk": {
      "out": {
        "other": 127
      },
      "score": 0.626
    },
    "www.lonelyplanet.com": {
      "out": {
        "other": 119
      },
      "score": 0.618
    },
    "www.uefa.com": {
      "out": {
        "other": 110
      },
      "score": 0.609
    },
    "www.manutd.com": {
      "out": {
        "other": 92
      },
      "score": 0.589
    },
    "www.olympic.org": {
      "out": {
        "other": 89
      },
      "score": 0.585
    },
    "www.rottentomatoes.com": {
      "out": {
        "other": 77
      },
      "score": 0.569
    },
    "dearkitty1.wordpress.com": {
      "out": {
        "other": 55
      },
      "score": 0.531
    },
    "www.fc-magdeburg.de": {
      "out": {
        "other": 46
      },
      "score": 0.511
    },
    "www.newsoftheworld.co.uk": {
      "out": {
        "other": 42
      },
      "score": 0.501
    },
    "www.imdb.com": {
      "out": {
        "other": 42
      },
      "score": 0.501
    },
    "www.crunchbase.com": {
      "out": {
        "other": 42
      },
      "score": 0.501
    },
    "www.myspace.com": {
      "out": {
        "other": 40
      },
      "score": 0.495
    },
    "www.schalke04.de": {
      "out": {
        "other": 39
      },
      "score": 0.493
    },
    "en.archive.uefa.com": {
      "out": {
        "other": 38
      },
      "score": 0.489
    },
    "www.fcbayern.t-home.de": {
      "out": {
        "other": 38
      },
      "score": 0.489
    },
    "www.bild.de": {
      "out": {
        "other": 38
      },
      "score": 0.489
    },
    "musicbrainz.org": {
      "out": {
        "other": 33
      },
      "score": 0.473
    },
    "wp.me": {
      "out": {
        "other": 30
      },
      "score": 0.462
    },
    "www.history.com": {
      "out": {
        "other": 30
      },
      "score": 0.462
    },
    "www.amazon.de": {
      "out": {
        "other": 29
      },
      "score": 0.459
    },
    "commons.wikimedia.org": {
      "out": {
        "other": 29
      },
      "score": 0.459
    },
    "www.last.fm": {
      "out": {
        "other": 29
      },
      "score": 0.459
    },
    "www.wto.int": {
      "out": {
        "other": 28
      },
      "score": 0.455
    },
    "r.zemanta.com": {
      "out": {
        "other": 27
      },
      "score": 0.451
    },
    "whc.unesco.org": {
      "out": {
        "other": 26
      },
      "score": 0.446
    },
    "www.dfb.de": {
      "out": {
        "other": 25
      },
      "score": 0.442
    },
    "www.imgacademies.com": {
      "out": {
        "other": 25
      },
      "score": 0.442
    },
    "www.thefa.com": {
      "out": {
        "other": 25
      },
      "score": 0.442
    },
    "www.london2012.com": {
      "out": {
        "other": 25
      },
      "score": 0.442
    },
    "www.sueddeutsche.de": {
      "out": {
        "other": 25
      },
      "score": 0.442
    },
    "www.russia2018-2022.com": {
      "out": {
        "other": 24
      },
      "score": 0.437
    },
    "www.sportbild.de": {
      "out": {
        "other": 24
      },
      "score": 0.437
    },
    "fourfourtwo.com": {
      "out": {
        "other": 24
      },
      "score": 0.437
    },
    "www.worldsoccer.com": {
      "out": {
        "other": 24
      },
      "score": 0.437
    },
    "www.kicker.de": {
      "out": {
        "other": 24
      },
      "score": 0.437
    },
    "cartoondramas.wordpress.com": {
      "out": {
        "other": 23
      },
      "score": 0.433
    },
    "diepresse.com": {
      "out": {
        "other": 23
      },
      "score": 0.433
    },
    "www.youtube.com": {
      "out": {
        "other": 23
      },
      "score": 0.433
    },
    "www.amazon.co.uk": {
      "out": {
        "other": 23
      },
      "score": 0.433
    },
    "www.guenter-wallraff.com": {
      "out": {
        "other": 23
      },
      "score": 0.433
    },
    "www.topgear.com": {
      "out": {
        "other": 22
      },
      "score": 0.427
    },
    "sageofthenorth.wordpress.com": {
      "out": {
        "other": 21
      },
      "score": 0.423
    },
    "http": {
      "out": {
        "other": 21
      },
      "score": 0.423
    },
    "www.itv.com": {
      "out": {
        "other": 21
      },
      "score": 0.423
    },
    "www.sbnation.com": {
      "out": {
        "other": 21
      },
      "score": 0.423
    },
    "www.telegraph.co.uk": {
      "out": {
        "other": 19
      },
      "score": 0.411
    },
    "www.handelsblatt.com": {
      "out": {
        "other": 19
      },
      "score": 0.411
    },
    "www.london.gov.uk": {
      "out": {
        "other": 19
      },
      "score": 0.411
    },
    "www.realmadrid.com": {
      "out": {
        "other": 18
      },
      "score": 0.405
    },
    "www.werkstatt-verlag.de": {
      "out": {
        "other": 18
      },
      "score": 0.405
    },
    "www.ekathimerini.com": {
      "out": {
        "other": 18
      },
      "score": 0.405
    },
    "nobelprize.org": {
      "out": {
        "other": 18
      },
      "score": 0.405
    },
    "kiew.org": {
      "out": {
        "other": 18
      },
      "score": 0.405
    },
    "www.wikinvest.com": {
      "out": {
        "other": 17
      },
      "score": 0.399
    },
    "www.chelseafc.com": {
      "out": {
        "other": 17
      },
      "score": 0.399
    },
    "upload.wikimedia.org": {
      "out": {
        "other": 17
      },
      "score": 0.399
    },
    "www.premierleague.com": {
      "out": {
        "other": 16
      },
      "score": 0.392
    },
    "www.fifa.com": {
      "out": {
        "other": 16
      },
      "score": 0.392
    },
    "www.footballconference.co.uk": {
      "out": {
        "other": 15
      },
      "score": 0.384
    },
    "www.thetimes.co.uk": {
      "out": {
        "other": 15
      },
      "score": 0.384
    },
    "www.magdeburg.de": {
      "out": {
        "other": 15
      },
      "score": 0.384
    },
    "vimeo.com": {
      "out": {
        "other": 15
      },
      "score": 0.384
    },
    "www.fussball-kultur.org": {
      "out": {
        "other": 15
      },
      "score": 0.384
    },
    "www.forbes.com": {
      "out": {
        "other": 14
      },
      "score": 0.376
    },
    "www.Mercedes-Benz.com": {
      "out": {
        "other": 14
      },
      "score": 0.376
    },
    "www.architectureforleisure.be": {
      "out": {
        "other": 14
      },
      "score": 0.376
    },
    "twitter.com/garylineker": {
      "out": {
        "other": 14
      },
      "score": 0.376
    },
    "www.volkswagen.com": {
      "out": {
        "other": 14
      },
      "score": 0.376
    },
    "www.bundespraesident.de": {
      "out": {
        "other": 14
      },
      "score": 0.376
    },
    "www.break.com": {
      "out": {
        "other": 14
      },
      "score": 0.376
    },
    "www.11freunde.de": {
      "out": {
        "other": 13
      },
      "score": 0.368
    },
    "www.england.vitalfootball.co.uk": {
      "out": {
        "other": 13
      },
      "score": 0.368
    },
    "betting.bluesq.com": {
      "out": {
        "other": 13
      },
      "score": 0.368
    },
    "www.bild-online.de": {
      "out": {
        "other": 13
      },
      "score": 0.368
    },
    "www.fr-online.de": {
      "out": {
        "other": 13
      },
      "score": 0.368
    },
    "www.thesun.co.uk": {
      "out": {
        "other": 13
      },
      "score": 0.368
    },
    "www.paris.fr": {
      "out": {
        "other": 13
      },
      "score": 0.368
    },
    "www.gianluigibuffon.com": {
      "out": {
        "other": 13
      },
      "score": 0.368
    },
    "www.vintage-books.co.uk": {
      "out": {
        "other": 13
      },
      "score": 0.368
    },
    "brid.gy": {
      "in": {
        "other": 25
      },
      "score": 0.364
    },
    "www.taz.de": {
      "out": {
        "other": 12
      },
      "score": 0.359
    },
    "taz.de": {
      "out": {
        "other": 12
      },
      "score": 0.359
    },
    "www.faz.net": {
      "out": {
        "other": 12
      },
      "score": 0.359
    },
    "www.fc-union-berlin.de": {
      "out": {
        "other": 10
      },
      "score": 0.339
    },
    "desertpeace.wordpress.com": {
      "out": {
        "other": 10
      },
      "score": 0.339
    },
    "thoolen.wordpress.com": {
      "out": {
        "other": 10
      },
      "score": 0.339
    },
    "scholars.footy-forum.net": {
      "out": {
        "other": 10
      },
      "score": 0.339
    },
    "www.wnyc.org": {
      "out": {
        "other": 9
      },
      "score": 0.327
    },
    "ibnlive.in.com": {
      "out": {
        "other": 9
      },
      "score": 0.327
    },
    "www.beastieboys.com": {
      "out": {
        "other": 9
      },
      "score": 0.327
    },
    "prosoccertalk.nbcsports.com": {
      "out": {
        "other": 9
      },
      "score": 0.327
    },
    "www.soccerway.com": {
      "out": {
        "other": 9
      },
      "score": 0.327
    },
    "www.englishblog.com": {
      "out": {
        "other": 9
      },
      "score": 0.327
    },
    "bleacherreport.com": {
      "out": {
        "other": 9
      },
      "score": 0.327
    },
    "www.telegraaf.nl": {
      "out": {
        "other": 9
      },
      "score": 0.327
    },
    "soccerhistory.wordpress.com": {
      "out": {
        "other": 8
      },
      "score": 0.313
    },
    "www.bbc.co.uk": {
      "out": {
        "other": 8
      },
      "score": 0.313
    },
    "julycrisis1914.wordpress.com": {
      "out": {
        "other": 8
      },
      "score": 0.313
    },
    "www.theguardian.com": {
      "out": {
        "other": 8
      },
      "score": 0.313
    },
    "www.livemusicblog.com": {
      "out": {
        "other": 7
      },
      "score": 0.298
    },
    "www.ardmediathek.de": {
      "out": {
        "other": 7
      },
      "score": 0.298
    },
    "fiveatthebackblog.wordpress.com": {
      "out": {
        "other": 7
      },
      "score": 0.298
    },
    "teamfootball.wordpress.com": {
      "out": {
        "other": 7
      },
      "score": 0.298
    },
    "sacsis.org.za": {
      "out": {
        "other": 6
      },
      "score": 0.280
    },
    "commons.wikipedia.org": {
      "out": {
        "other": 6
      },
      "score": 0.280
    },
    "www.ligaterezin.com": {
      "out": {
        "other": 6
      },
      "score": 0.280
    },
    "www.tagesspiegel.de": {
      "out": {
        "other": 6
      },
      "score": 0.280
    },
    "hatfulofhistory.wordpress.com": {
      "out": {
        "other": 5
      },
      "score": 0.260
    },
    "www.amazon.com": {
      "out": {
        "other": 5
      },
      "score": 0.260
    },
    "i1.wp.com": {
      "out": {
        "other": 5
      },
      "score": 0.260
    },
    "www.nachdenkseiten.de": {
      "out": {
        "other": 5
      },
      "score": 0.260
    },
    "adirondacktennis.files.wordpress.com": {
      "out": {
        "other": 5
      },
      "score": 0.260
    },
    "www.mirror.co.uk": {
      "out": {
        "other": 4
      },
      "score": 0.235
    },
    "twitter.com/hashtag": {
      "out": {
        "other": 4
      },
      "score": 0.235
    },
    "craighill.net": {
      "out": {
        "other": 4
      },
      "score": 0.235
    },
    "www.zeit.de": {
      "out": {
        "other": 4
      },
      "score": 0.235
    },
    "www.morningstaronline.co.uk": {
      "out": {
        "other": 4
      },
      "score": 0.235
    },
    "wsc.co.uk": {
      "out": {
        "other": 3
      },
      "score": 0.202
    },
    "www.waynerooney.com": {
      "out": {
        "other": 3
      },
      "score": 0.202
    },
    "platform.twitter.com": {
      "out": {
        "other": 3
      },
      "score": 0.202
    },
    "books.google.fr": {
      "out": {
        "other": 3
      },
      "score": 0.202
    },
    "twitter.com/search": {
      "out": {
        "other": 3
      },
      "score": 0.202
    },
    "filmfernsehen.brash.de": {
      "out": {
        "other": 3
      },
      "score": 0.202
    },
    "facebook.com": {
      "out": {
        "other": 3
      },
      "score": 0.202
    },
    "www.anoldinternational.wordpress.com": {
      "out": {
        "other": 3
      },
      "score": 0.202
    },
    "i2.wp.com": {
      "out": {
        "other": 2
      },
      "score": 0.157
    },
    "bloggingforhistorians.wordpress.com": {
      "out": {
        "other": 2
      },
      "score": 0.157
    },
    "www.hulu.com": {
      "out": {
        "other": 2
      },
      "score": 0.157
    },
    "github.com": {
      "out": {
        "other": 2
      },
      "score": 0.157
    },
    "grumpyoldfan.net": {
      "out": {
        "other": 2
      },
      "score": 0.157
    },
    "www.economist.com": {
      "out": {
        "other": 2
      },
      "score": 0.157
    },
    "stumbleupon.com": {
      "out": {
        "other": 2
      },
      "score": 0.157
    },
    "www.welt.de": {
      "out": {
        "other": 2
      },
      "score": 0.157
    },
    "www.dmu.ac.uk": {
      "out": {
        "other": 2
      },
      "score": 0.157
    },
    "www.springer.com": {
      "out": {
        "other": 2
      },
      "score": 0.157
    },
    "www.manuel-neuer.de": {
      "out": {
        "other": 2
      },
      "score": 0.157
    },
    "deborahrosereeves.wordpress.com": {
      "out": {
        "other": 2
      },
      "score": 0.157
    },
    "twitter.com/TKeidan": {
      "out": {
        "other": 2
      },
      "score": 0.157
    },
    "www.cpag.org.uk": {
      "out": {
        "other": 2
      },
      "score": 0.157
    },
    "www.biography.com": {
      "out": {
        "other": 2
      },
      "score": 0.157
    },
    "wrp.org.uk": {
      "out": {
        "other": 2
      },
      "score": 0.157
    },
    "i0.wp.com": {
      "out": {
        "other": 2
      },
      "score": 0.157
    },
    "www.savethechildren.org.uk": {
      "out": {
        "other": 2
      },
      "score": 0.157
    },
    "twitter.com/dcsandbrook": {
      "out": {
        "other": 2
      },
      "score": 0.157
    },
    "www.bastian-schweinsteiger.de": {
      "out": {
        "other": 2
      },
      "score": 0.157
    },
    "redbaron-themovie.com": {
      "out": {
        "other": 2
      },
      "score": 0.157
    },
    "www.andymurray.com": {
      "out": {
        "other": 1
      },
      "score": 0.0783
    },
    "www.imf.org": {
      "out": {
        "other": 1
      },
      "score": 0.0783
    },
    "www.gecko84.co.uk": {
      "out": {
        "other": 1
      },
      "score": 0.0783
    },
    "www.whoscored.com": {
      "out": {
        "other": 1
      },
      "score": 0.0783
    },
    "www.directv.com": {
      "out": {
        "other": 1
      },
      "score": 0.0783
    },
    "twitter.com/spox": {
      "out": {
        "other": 1
      },
      "score": 0.0783
    },
    "www.oliver-kahn.de": {
      "out": {
        "other": 1
      },
      "score": 0.0783
    },
    "www.sportbloggernetzwerk.de": {
      "out": {
        "other": 1
      },
      "score": 0.0783
    },
    "www.arsenal.com": {
      "out": {
        "other": 1
      },
      "score": 0.0783
    },
    "www.footballblogdirectory.co.uk": {
      "out": {
        "other": 1
      },
      "score": 0.0783
    },
    "www.tsv1860.de": {
      "out": {
        "other": 1
      },
      "score": 0.0783
    },
    "wordpress.org": {
      "out": {
        "other": 1
      },
      "score": 0.0783
    },
    "twitter.com/DHB_Teams": {
      "out": {
        "other": 1
      },
      "score": 0.0783
    },
    "storify.com": {
      "out": {
        "other": 1
      },
      "score": 0.0783
    },
    "www.miroslav-klose.de": {
      "out": {
        "other": 1
      },
      "score": 0.0783
    },
    "www.nationalfootballmuseum.com": {
      "out": {
        "other": 1
      },
      "score": 0.0783
    },
    "www.qmul.ac.uk": {
      "out": {
        "other": 1
      },
      "score": 0.0783
    },
    "www.tymoshenko.ua": {
      "out": {
        "other": 1
      },
      "score": 0.0783
    },
    "cruisenbcn.com": {
      "out": {
        "other": 1
      },
      "score": 0.0783
    },
    "www.philipplahm.de": {
      "out": {
        "other": 1
      },
      "score": 0.0783
    },
    "www.royoftherovers.com": {
      "out": {
        "other": 1
      },
      "score": 0.0783
    },
    "news.stylecaster.com": {
      "out": {
        "other": 1
      },
      "score": 0.0783
    },
    "twitter.com/piersmorgan": {
      "out": {
        "other": 1
      },
      "score": 0.0783
    },
    "www.ecb.co.uk": {
      "out": {
        "other": 1
      },
      "score": 0.0783
    },
    "Bundesarchiv": {
      "out": {
        "other": 1
      },
      "score": 0.0783
    },
    "demontfortleicester.academia.edu": {
      "out": {
        "other": 1
      },
      "score": 0.0783
    },
    "www.zdf.de": {
      "out": {
        "other": 1
      },
      "score": 0.0783
    },
    "anoldinternational.co.uk": {
      "out": {
        "other": 1
      },
      "score": 0.0783
    },
    "cycling-intelligence.com": {
      "out": {
        "other": 1
      },
      "score": 0.0783
    },
    "www.borusseum.de": {
      "out": {
        "other": 1
      },
      "score": 0.0783
    },
    "www.dailymail.co.uk": {
      "out": {
        "other": 1
      },
      "score": 0.0783
    },
    "www.spiegel.de": {
      "out": {
        "other": 1
      },
      "score": 0.0783
    },
    "www.google.com": {
      "out": {
        "other": 1
      },
      "score": 0.0783
    },
    "www.johanna-quandt-stiftung.de": {
      "out": {
        "other": 1
      },
      "score": 0.0783
    },
    "www.lotharmatthaeus.de": {
      "out": {
        "other": 1
      },
      "score": 0.0783
    },
    "www.lukas-podolski.com": {
      "out": {
        "other": 1
      },
      "score": 0.0783
    },
    "www.pcc.org.uk": {
      "out": {
        "other": 1
      },
      "score": 0.0783
    },
    "www.borussia.de": {
      "out": {
        "other": 1
      },
      "score": 0.0783
    },
    "truth-out.org": {
      "out": {
        "other": 1
      },
      "score": 0.0783
    },
    "twitter.com/jack_wilshere": {
      "out": {
        "other": 1
      },
      "score": 0.0783
    },
    "www.kiwi-verlag.de": {
      "out": {
        "other": 1
      },
      "score": 0.0783
    },
    "www.buenos-aires-futbol.com": {
      "out": {
        "other": 1
      },
      "score": 0.0783
    },
    "www.fernando9torres.com": {
      "out": {
        "other": 1
      },
      "score": 0.0783
    },
    "www.jboateng.com": {
      "out": {
        "other": 1
      },
      "score": 0.0783
    },
    "www.routledge.com": {
      "out": {
        "other": 1
      },
      "score": 0.0783
    },
    "couchpotatoesportingcomments.wordpress.com": {
      "out": {
        "other": 1
      },
      "score": 0.0783
    },
    "inbedwithmaradona.com": {
      "out": {
        "other": 1
      },
      "score": 0.0783
    },
    "www.newsinternational.co.uk": {
      "out": {
        "other": 1
      },
      "score": 0.0783
    },
    "funnyoldgame.wordpress.com": {
      "out": {
        "other": 1
      },
      "score": 0.0783
    },
    "simonpoole84.blogspot.co.uk": {
      "out": {
        "other": 1
      },
      "score": 0.0783
    },
    "www.msv-duisburg.de": {
      "out": {
        "other": 1
      },
      "score": 0.0783
    },
    "www.wsc.co.uk": {
      "out": {
        "other": 1
      },
      "score": 0.0783
    },
    "bundesligafanatic.com": {
      "out": {
        "other": 1
      },
      "score": 0.0783
    },
    "www.football365.com": {
      "out": {
        "other": 1
      },
      "score": 0.0783
    },
    "www.olympics.org.uk": {
      "out": {
        "other": 1
      },
      "score": 0.0783
    },
    "www.thegreensoccerjournal.com": {
      "out": {
        "other": 1
      },
      "score": 0.0783
    },
    "www.ft.com": {
      "out": {
        "other": 1
      },
      "score": 0.0783
    },
    "www.ushmm.org": {
      "out": {
        "other": 1
      },
      "score": 0.0783
    },
    "www.greenpeace.org": {
      "out": {
        "other": 1
      },
      "score": 0.0783
    },
    "de.wikipedia.org": {
      "out": {
        "other": 1
      },
      "score": 0.0783
    },
    "edmiliband.org": {
      "out": {
        "other": 1
      },
      "score": 0.0783
    },
    "www.johnramsden-dmtw.co.uk": {
      "out": {
        "other": 1
      },
      "score": 0.0783
    },
    "lequipe.fr": {
      "out": {
        "other": 1
      },
      "score": 0.0783
    },
    "site.uri-geller.com": {
      "out": {
        "other": 1
      },
      "score": 0.0783
    },
    "www.novakdjokovic.rs": {
      "out": {
        "other": 1
      },
      "score": 0.0783
    },
    "www.theblizzard.co.uk": {
      "out": {
        "other": 1
      },
      "score": 0.0783
    },
    "theblizzard.co.uk": {
      "out": {
        "other": 1
      },
      "score": 0.0783
    },
    "twitter.com/wagnerc23": {
      "out": {
        "other": 1
      },
      "score": 0.0783
    },
    "phoenixrisesagain.wordpress.com": {
      "out": {
        "other": 1
      },
      "score": 0.0783
    },
    "www.esmuellertwieder.de": {
      "out": {
        "other": 1
      },
      "score": 0.0783
    },
    "www.lyst.com": {
      "out": {
        "other": 1
      },
      "score": 0.0783
    },
    "www.twohundredpercent.net": {
      "out": {
        "other": 1
      },
      "score": 0.0783
    },
    "eslschoolforenglish.wordpress.com": {
      "out": {
        "other": 1
      },
      "score": 0.0783
    },
    "twitter.com/futbolprof": {
      "out": {
        "other": 1
      },
      "score": 0.0783
    },
    "www.labour.org.uk": {
      "out": {
        "other": 1
      },
      "score": 0.0783
    },
    "www.nbcuni.com": {
      "out": {
        "other": 1
      },
      "score": 0.0783
    },
    "www.welti.ch": {
      "out": {
        "other": 1
      },
      "score": 0.0783
    },
    "scissorskick.wordpress.com": {
      "out": {
        "other": 1
      },
      "score": 0.0783
    },
    "www.arminia-bielefeld.de": {
      "out": {
        "other": 1
      },
      "score": 0.0783
    },
    "www.premiershiprugby.com": {
      "out": {
        "other": 1
      },
      "score": 0.0783
    },
    "donegaldollop.wordpress.com": {
      "out": {
        "other": 1
      },
      "score": 0.0783
    },
    "www.flickr.com": {
      "out": {
        "other": 1
      },
      "score": 0.0783
    },
    "www.jstor.org": {
      "out": {
        "other": 1
      },
      "score": 0.0783
    },
    "www.football-wallpapers.com": {
      "out": {
        "other": 1
      },
      "score": 0.0783
    },
    "darkwing.uoregon.edu": {
      "out": {
        "other": 1
      },
      "score": 0.0783
    },
    "exploringlondon.wordpress.com": {
      "out": {
        "other": 1
      },
      "score": 0.0783
    },
    "www.bvb.de": {
      "out": {
        "other": 1
      },
      "score": 0.0783
    },
    "www.canva.com": {
      "out": {
        "other": 1
      },
      "score": 0.0783
    },
    "www.independent.co.uk": {
      "out": {
        "other": 1
      },
      "score": 0.0783
    },
    "www.whufc.com": {
      "out": {
        "other": 1
      },
      "score": 0.0783
    },
    "anoldinternational.wordpress.com": {
      "out": {
        "other": 1
      },
      "score": 0.0783
    },
    "correctiv.org": {
      "out": {
        "other": 1
      },
      "score": 0.0783
    },
    "maddmedic.wordpress.com": {
      "out": {
        "other": 1
      },
      "score": 0.0783
    },
    "juliahass.wordpress.com": {
      "out": {
        "other": 1
      },
      "score": 0.0783
    },
    "twitter.com/danielstorey85": {
      "out": {
        "other": 1
      },
      "score": 0.0783
    },
    "www.si.com": {
      "out": {
        "other": 1
      },
      "score": 0.0783
    },
    "mail.yahoo.com": {
      "out": {
        "other": 1
      },
      "score": 0.0783
    },
    "www.myfashionlife.com": {
      "out": {
        "other": 1
      },
      "score": 0.0783
    },
    "gutjahr.biz": {
      "out": {
        "other": 1
      },
      "score": 0.0783
    },
    "skype.com": {
      "out": {
        "other": 1
      },
      "score": 0.0783
    },
    "twitter.com/mrohwerkahlmann": {
      "out": {
        "other": 1
      },
      "score": 0.0783
    },
    "www.penguin.com": {
      "out": {
        "other": 1
      },
      "score": 0.0783
    },
    "luffymoogan.wordpress.com": {
      "out": {
        "other": 1
      },
      "score": 0.0783
    },
    "www.dertoedlichepass.de": {
      "out": {
        "other": 1
      },
      "score": 0.0783
    },
    "www.geograph.org.uk": {
      "out": {
        "other": 1
      },
      "score": 0.0783
    },
    "www.presstv.com": {
      "out": {
        "other": 1
      },
      "score": 0.0783
    },
    "www.markcavendish.com": {
      "out": {
        "other": 1
      },
      "score": 0.0783
    },
    "www.thenightwatchman.net": {
      "out": {
        "other": 1
      },
      "score": 0.0783
    }
  }
}