{
  "domain": "dool.in",
  "urls": [
    "http://dool.in/"
  ],
  "names": [
    "dool.in"
  ],
  "descriptions": [],
  "pictures": [],
  "hcard": {},
  "rel_mes": [],
  "crawl_start": "2017-06-09T17:38:39",
  "crawl_end": "2017-06-09T17:38:54",
  "num_pages": 27,
  "total_html_size": 346840,
  "servers": [
    "nginx"
  ],
  "mf2_classes": [
    "h-adr",
    "h-entry"
  ],
  "tags": [],
  "endpoints": {},
  "links_out": 117,
  "links_in": 6,
  "links": {
    "github.com": {
      "out": {
        "other": 30
      },
      "score": 1
    },
    "en.wikipedia.org": {
      "out": {
        "other": 10
      },
      "score": 0.733
    },
    "stackoverflow.com": {
      "out": {
        "other": 7
      },
      "score": 0.645
    },
    "www.amazon.com": {
      "out": {
        "other": 4
      },
      "score": 0.509
    },
    "ruby-doc.org": {
      "out": {
        "other": 4
      },
      "score": 0.509
    },
    "twitter.com/doolin": {
      "out": {
        "other": 2
      },
      "score": 0.340
    },
    "www.crunchbase.com": {
      "out": {
        "other": 2
      },
      "score": 0.340
    },
    "indieweb.org": {
      "in": {
        "other": 4
      },
      "score": 0.340
    },
    "skype": {
      "out": {
        "other": 2
      },
      "score": 0.340
    },
    "www.kernel.org": {
      "out": {
        "other": 2
      },
      "score": 0.340
    },
    "support.microsoft.com": {
      "out": {
        "other": 2
      },
      "score": 0.340
    },
    "c2.com": {
      "out": {
        "other": 2
      },
      "score": 0.340
    },
    "delicious.com": {
      "out": {
        "other": 2
      },
      "score": 0.340
    },
    "www.linkedin.com": {
      "out": {
        "other": 2
      },
      "score": 0.340
    },
    "plus.google.com/+DavidDoolin": {
      "out": {
        "other": 2
      },
      "score": 0.340
    },
    "leanpub.com": {
      "out": {
        "other": 2
      },
      "score": 0.340
    },
    "facebook.com/David.Doolin": {
      "out": {
        "other": 2
      },
      "score": 0.340
    },
    "www.2dreconbn.net": {
      "out": {
        "other": 2
      },
      "score": 0.340
    },
    "tel": {
      "out": {
        "other": 2
      },
      "score": 0.340
    },
    "christoph.ruegg.name": {
      "out": {
        "other": 1
      },
      "score": 0.169
    },
    "git-scm.com": {
      "out": {
        "other": 1
      },
      "score": 0.169
    },
    "www.orwell.ru": {
      "out": {
        "other": 1
      },
      "score": 0.169
    },
    "practicingruby.com": {
      "out": {
        "other": 1
      },
      "score": 0.169
    },
    "www.infoforbuilding.com": {
      "out": {
        "other": 1
      },
      "score": 0.169
    },
    "middlemanapp.com": {
      "out": {
        "other": 1
      },
      "score": 0.169
    },
    "www.verizonenterprise.com": {
      "out": {
        "other": 1
      },
      "score": 0.169
    },
    "raganwald.com": {
      "out": {
        "other": 1
      },
      "score": 0.169
    },
    "daviddoolin.com": {
      "out": {
        "other": 1
      },
      "score": 0.169
    },
    "pmd.sourceforge.net": {
      "out": {
        "other": 1
      },
      "score": 0.169
    },
    "ariejan.net": {
      "out": {
        "other": 1
      },
      "score": 0.169
    },
    "devblog.avdi.org": {
      "out": {
        "other": 1
      },
      "score": 0.169
    },
    "help.github.com": {
      "out": {
        "other": 1
      },
      "score": 0.169
    },
    "local.yahoo.com": {
      "out": {
        "other": 1
      },
      "score": 0.169
    },
    "www-cs-faculty.stanford.edu": {
      "out": {
        "other": 1
      },
      "score": 0.169
    },
    "www.refactoring.com": {
      "out": {
        "other": 1
      },
      "score": 0.169
    },
    "sacredsprings.info": {
      "out": {
        "other": 1
      },
      "score": 0.169
    },
    "sourcey.com": {
      "out": {
        "other": 1
      },
      "score": 0.169
    },
    "interfacesdesign.blogspot.com": {
      "out": {
        "other": 1
      },
      "score": 0.169
    },
    "thechrisoshow.com": {
      "out": {
        "other": 1
      },
      "score": 0.169
    },
    "foursquare.com": {
      "out": {
        "other": 1
      },
      "score": 0.169
    },
    "www.confidentruby.com": {
      "out": {
        "other": 1
      },
      "score": 0.169
    },
    "www.literateprogramming.com": {
      "out": {
        "other": 1
      },
      "score": 0.169
    },
    "www.derekgourlay.com": {
      "out": {
        "other": 1
      },
      "score": 0.169
    },
    "website-in-a-weekend.net": {
      "out": {
        "other": 1
      },
      "score": 0.169
    },
    "chat.indieweb.org": {
      "in": {
        "other": 2
      },
      "score": 0.169
    },
    "hrecipe.com": {
      "out": {
        "other": 1
      },
      "score": 0.169
    },
    "learnrubythehardway.org": {
      "out": {
        "other": 1
      },
      "score": 0.169
    },
    "www.youtube.com": {
      "out": {
        "other": 1
      },
      "score": 0.169
    },
    "www.bicwarehouse.com": {
      "out": {
        "other": 1
      },
      "score": 0.169
    },
    "schneide.wordpress.com": {
      "out": {
        "other": 1
      },
      "score": 0.169
    },
    "thedailywtf.com": {
      "out": {
        "other": 1
      },
      "score": 0.169
    },
    "www.mathjax.org": {
      "out": {
        "other": 1
      },
      "score": 0.169
    },
    "combinators.info": {
      "out": {
        "other": 1
      },
      "score": 0.169
    },
    "www.codinghorror.com": {
      "out": {
        "other": 1
      },
      "score": 0.169
    },
    "www.rbgkew.org.uk": {
      "out": {
        "other": 1
      },
      "score": 0.169
    },
    "nakkaya.com": {
      "out": {
        "other": 1
      },
      "score": 0.169
    }
  }
}