{
  "domain": "doplay.kr",
  "urls": [
    "http://doplay.kr/"
  ],
  "names": [
    "숭대극회",
    "MAIN"
  ],
  "descriptions": [
    "공지사항   더 보기  \r\nNow! \r\n최근 공연 관련 활동과\r\n소식을 보실 수 있습니다.  더 보기  \r\n갤러리 \r\n최근공연 / 역대공연 / 포스터 /"
  ],
  "pictures": [
    "http://doplay.kr/wp-content/uploads/2015/11/favicon-16x16.png",
    "http://doplay.kr/wp-content/uploads/2015/07/SD_LOGO.png"
  ],
  "hcard": {},
  "rel_mes": [],
  "crawl_start": "2017-04-28T05:22:48",
  "crawl_end": "2017-04-28T05:34:37",
  "num_pages": 429,
  "total_html_size": 30095904,
  "servers": [
    "nginx",
    "WordPress"
  ],
  "mf2_classes": [
    "h-card",
    "h-feed",
    "h-as-mention",
    "h-entry"
  ],
  "tags": [
    "bridgy",
    "webmention",
    "WordPress"
  ],
  "endpoints": {
    "webmention": [
      "http://doplay.kr/2015/?webmention=endpoint",
      "http://doplay.kr/1994/?webmention=endpoint",
      "http://doplay.kr/1969/?webmention=endpoint",
      "http://doplay.kr/2000/?webmention=endpoint",
      "http://doplay.kr/1988/?webmention=endpoint",
      "http://doplay.kr/1971/?webmention=endpoint",
      "http://doplay.kr/1970/?webmention=endpoint",
      "http://doplay.kr/2016/?webmention=endpoint",
      "http://doplay.kr/1978/?webmention=endpoint",
      "http://doplay.kr/1975/?webmention=endpoint",
      "http://doplay.kr/2001/?webmention=endpoint",
      "http://doplay.kr/2011/?webmention=endpoint",
      "http://doplay.kr/2008/?webmention=endpoint",
      "http://doplay.kr/1989/?webmention=endpoint",
      "http://doplay.kr/1981/?webmention=endpoint",
      "http://doplay.kr/2006/?webmention=endpoint",
      "http://doplay.kr/?webmention=endpoint",
      "http://doplay.kr/1992/?webmention=endpoint",
      "http://doplay.kr/1968/?webmention=endpoint",
      "http://doplay.kr/1997/?webmention=endpoint",
      "http://doplay.kr/1993/?webmention=endpoint",
      "http://doplay.kr/2002/?webmention=endpoint",
      "http://doplay.kr/1977/?webmention=endpoint",
      "http://doplay.kr/2004/?webmention=endpoint",
      "http://doplay.kr/1995/?webmention=endpoint",
      "http://doplay.kr/2010/?webmention=endpoint",
      "http://doplay.kr/2007/?webmention=endpoint",
      "http://doplay.kr/1985/?webmention=endpoint",
      "http://doplay.kr/1998/?webmention=endpoint",
      "http://doplay.kr/1973/?webmention=endpoint",
      "http://doplay.kr/1974/?webmention=endpoint",
      "http://doplay.kr/1983/?webmention=endpoint",
      "http://doplay.kr/1984/?webmention=endpoint",
      "http://doplay.kr/1999/?webmention=endpoint",
      "http://doplay.kr/1987/?webmention=endpoint",
      "http://doplay.kr/2013/?webmention=endpoint",
      "http://doplay.kr/1972/?webmention=endpoint",
      "http://doplay.kr/1982/?webmention=endpoint",
      "http://doplay.kr/2012/?webmention=endpoint",
      "http://doplay.kr/1980/?webmention=endpoint",
      "http://doplay.kr/1990/?webmention=endpoint",
      "http://doplay.kr/1991/?webmention=endpoint",
      "http://doplay.kr/2003/?webmention=endpoint",
      "http://doplay.kr/1976/?webmention=endpoint",
      "http://doplay.kr/1965/?webmention=endpoint",
      "http://doplay.kr/1979/?webmention=endpoint",
      "http://doplay.kr/2009/?webmention=endpoint",
      "http://doplay.kr/2005/?webmention=endpoint",
      "http://doplay.kr/1986/?webmention=endpoint",
      "http://doplay.kr/1996/?webmention=endpoint",
      "http://doplay.kr/2014/?webmention=endpoint"
    ]
  },
  "links_out": 983,
  "links_in": 9,
  "links": {
    "wordpress.org": {
      "out": {
        "other": 334
      },
      "score": 1
    },
    "themegrill.com": {
      "out": {
        "other": 168
      },
      "score": 0.895
    },
    "wpbox.kr": {
      "out": {
        "other": 65
      },
      "score": 0.749
    },
    "www.tielabs.com": {
      "out": {
        "other": 55
      },
      "score": 0.723
    },
    "www.wordpress.com": {
      "out": {
        "other": 55
      },
      "score": 0.723
    },
    "enniomorricone.kr": {
      "out": {
        "other": 53
      },
      "score": 0.717
    },
    "avada.kr": {
      "out": {
        "other": 53
      },
      "score": 0.717
    },
    "www.aurazi.co.kr": {
      "out": {
        "other": 33
      },
      "score": 0.645
    },
    "www.facebook.com": {
      "out": {
        "other": 30
      },
      "score": 0.629
    },
    "twitter.com/home": {
      "out": {
        "other": 20
      },
      "score": 0.568
    },
    "plusone.google.com": {
      "out": {
        "other": 20
      },
      "score": 0.568
    },
    "pinterest.com": {
      "out": {
        "other": 19
      },
      "score": 0.56
    },
    "aurazi.co.kr": {
      "out": {
        "other": 11
      },
      "score": 0.475
    },
    "www.tumblr.com": {
      "out": {
        "other": 10
      },
      "score": 0.462
    },
    "linkedin.com": {
      "out": {
        "other": 10
      },
      "score": 0.462
    },
    "twitter.com/share": {
      "out": {
        "other": 10
      },
      "score": 0.462
    },
    "plus.google.com/share": {
      "out": {
        "other": 10
      },
      "score": 0.462
    },
    "www.stumbleupon.com": {
      "out": {
        "other": 9
      },
      "score": 0.445
    },
    "www.linkedin.com": {
      "out": {
        "other": 9
      },
      "score": 0.445
    },
    "brid.gy": {
      "in": {
        "other": 9
      },
      "score": 0.338
    },
    "facebook.com/862361713871819": {
      "out": {
        "other": 2
      },
      "score": 0.214
    },
    "gmail.com": {
      "out": {
        "other": 2
      },
      "score": 0.214
    },
    "naver.com": {
      "out": {
        "other": 2
      },
      "score": 0.214
    },
    "facebook.com/lee.myungsung.1972": {
      "out": {
        "other": 1
      },
      "score": 0.107
    },
    "me2.do": {
      "out": {
        "other": 1
      },
      "score": 0.107
    },
    "ko.gravatar.com": {
      "out": {
        "other": 1
      },
      "score": 0.107
    }
  }
}