{
  "domain": "dosch.it",
  "urls": [
    "http://dosch.it/"
  ],
  "names": [
    "dosch.it"
  ],
  "descriptions": [],
  "pictures": [],
  "hcard": {},
  "rel_mes": [],
  "crawl_start": "2017-06-09T17:38:52",
  "crawl_end": "2017-06-09T17:38:52",
  "num_pages": 1,
  "total_html_size": 9364,
  "servers": [
    "nginx"
  ],
  "tags": [],
  "endpoints": {},
  "links_out": 2,
  "links_in": 22,
  "links": {
    "stream.withknown.com": {
      "in": {
        "other": 10
      },
      "score": 1
    },
    "ta3m.org": {
      "in": {
        "other": 6
      },
      "score": 0.778
    },
    "indieweb.org": {
      "in": {
        "other": 4
      },
      "score": 0.604
    },
    "chat.indieweb.org": {
      "in": {
        "other": 2
      },
      "score": 0.301
    },
    "www.escrowdomains.net": {
      "out": {
        "other": 1
      },
      "score": 0.301
    },
    "javascript": {
      "out": {
        "other": 1
      },
      "score": 0.301
    }
  }
}